ano;codmun6;uf;codmun7;município;espvida;fectot;mort1;mort5;razdep;sobre40;sobre60;t_env;e_anosestudo;t_analf11a14;t_analf15a17;t_analf15m;t_analf18a24;t_analf18m;t_analf25a29;t_analf25m;t_atraso_0_basico;t_atraso_0_fund;t_atraso_0_med;t_atraso_1_basico;t_atraso_1_fund;t_atraso_1_med;t_atraso_2_basico;t_atraso_2_fund;t_atraso_2_med;t_fbbas;t_fbfund;t_fbmed;t_fbpre;t_fbsuper;t_flbas;t_flfund;t_flmed;t_flpre;t_flsuper;t_freq0a3;t_freq11a14;t_freq15a17;t_freq18a24;t_freq25a29;t_freq4a5;t_freq4a6;t_freq5a6;t_freq6;t_freq6a14;t_freq6a17;t_freqfund1517;t_freqfund1824;t_freqfund45;t_freqmed1824;t_freqmed614;t_freqsuper1517;t_fund11a13;t_fund12a14;t_fund15a17;t_fund16a18;t_fund18a24;t_fund18m;t_fund25m;t_med18a20;t_med18a24;t_med18m;t_med19a21;t_med25m;t_super25m;corte1;corte2;corte3;corte4;corte9;gini;pind;pindcri;pmpob;pmpobcri;ppob;ppobcri;pren10ricos;pren20;pren20ricos;pren40;pren60;pren80;prentrab;r1040;r2040;rdpc;rdpc1;rdpc10;rdpc2;rdpc3;rdpc4;rdpc5;rdpct;rind;rmpob;rpob;theil;cpr;emp;p_agro;p_com;p_constr;p_extr;p_formal;p_fund;p_med;p_serv;p_siup;p_super;p_transf;ren0;ren1;ren2;ren3;ren5;renocup;t_ativ;t_ativ1014;t_ativ1517;t_ativ1824;t_ativ18m;t_ativ2529;t_des;t_des1014;t_des1517;t_des1824;t_des18m;t_des2529;theiltrab;trabcc;trabpub;trabsc;t_agua;t_banagua;t_dens;t_lixo;t_luz;agua_esgoto;parede;t_crifundin_todos;t_fora4a5;t_fora6a14;t_fundin_todos;t_fundin_todos_mmeio;t_fundin18minf;t_m10a14cf;t_m15a17cf;t_mulchefefif014;t_nestuda_ntrab_mmeio;t_ocupdesloc_1;t_rmaxidoso;t_sluz;homem0a4;homem10a14;homem15a19;homem20a24;homem25a29;homem30a34;homem35a39;homem40a44;homem45a49;homem50a54;homem55a59;homem5a9;homem60a64;homem65a69;homem70a74;homem75a79;homemtot;homens80;mulh0a4;mulh10a14;mulh15a19;mulh20a24;mulh25a29;mulh30a34;mulh35a39;mulh40a44;mulh45a49;mulh50a54;mulh55a59;mulh5a9;mulh60a64;mulh65a69;mulh70a74;mulh75a79;mulher80;mulhertot;pea;pea1014;pea1517;pea18m;peso1;peso1114;peso1113;peso1214;peso13;peso15;peso1517;peso1524;peso1618;peso18;peso1820;peso1824;peso1921;peso25;peso4;peso5;peso6;peso610;peso617;peso65;pesom1014;pesom1517;pesom15m;pesom25m;pesorur;pesotot;pesourb;pia;pia1014;pia1517;pia18m;pop;popt;i_escolaridade;i_freq_prop;idhm;idhm_e;idhm_l;idhm_r;lat;lon
2010;350010;35;3500105;ADAMANTINA;76.13;1.4;12;13.92;42.86;94.72;85.06;12.61;10.39;0.96;0.93;6.14;0.73;6.44;0.97;7.42;79.36;80.75;83.53;12.11;11.46;13.65;8.53;7.79;2.82;90.56;98.24;72.68;90.83;41.34;85.97;91.93;57.34;80.84;24.84;31.76;96.79;80.66;29.33;8.8;89.34;90.24;91.95;92.66;97.55;92.48;8.42;0.24;3.6;3.32;2.72;3.56;92.91;95.25;77.86;85.86;89.36;60.79;55.88;70.3;70.57;46.11;71.85;41.9;16.49;335;509;685;1085;1800;0.51;0.5;1.22;2.57;6.66;11.34;25.23;43.03;4.79;57.23;13.4;25.24;42.77;68.1;12.85;8.55;975.43;233.59;4197.1;419.87;577.77;854.6;2795.03;975.43;55.26;106.31;184.73;0.45;18.74;4.17;7.05;19.01;6.5;0.12;72.97;71.94;55.53;47.89;0.59;19.67;16.83;2.16;14.04;68.4;80.89;91.51;1340.39;59.22;3.55;34.82;76.8;65.35;88.08;6.27;34.7;23.17;13.23;5.61;7.76;0.43;55.89;3.82;15.18;99.54;99.7;9.84;100;99.97;0;1.11;13.05;10.66;2.45;16.53;3.64;28.21;0;3.99;4.1;3.1;0.26;0.79;0.03;876;1162;1382;1350;1247;1185;1119;1233;1199;1079;917;987;779;583;535;378;16374;363;819;1060;1291;1410;1245;1206;1254;1325;1339;1211;1049;919;879;744;629;520;523;17423;17866;79;544;17243;343;1775;1329;1343;1001;27755;1499;5344;1519;26256;1629;3845;1671;22411;348;429;356;1910;4710;4263;1057;736;14562;11867;1849;33797;31948;30169;2222;1563;26384;33490;33490;608;833;0.79;0.75;852;772;-21.6866517;-51.0762975
2010;350020;35;3500204;ADOLFO;75.62;1.81;13.8;15.98;42.22;94.76;84.2;10.57;10.13;0;1.23;8.13;0.76;8.55;1.92;9.87;75.75;79.35;71.91;13.28;9.47;28.09;10.96;11.18;0;120.53;138.72;68.07;60.43;25.66;85.03;92.45;49.8;52.6;18.89;38.46;100;85.06;31.38;18.58;100;100;100;100;98.72;95.2;11.03;3.58;25.31;3.51;0.96;0;94.92;95.21;63.31;63.16;77.25;43.89;38.1;56.85;46.47;24.3;63.39;20.45;6.82;295.63;450;585;822.5;1056.67;0.38;1.31;1.83;3.43;5.72;13.36;24.74;30.76;6.32;45.15;17.77;33.48;54.85;74.95;6.92;5.09;661.65;209.11;2035.12;378.77;519.68;707.03;1497.34;661.65;40.35;91.83;176.66;0.27;17.44;0.76;31.35;8.82;4.98;1.71;69.81;53.07;30.92;34.78;0.19;9.91;12.68;2.51;13.34;71.19;88.66;96.31;1033.61;57.34;4.49;32.21;72.42;63.67;77.04;6.47;0;26.65;18.42;5.94;2.57;0.23;60.47;1.91;17.75;97.75;99.69;8.03;99.9;100;0;0;20.89;0;1.28;28.55;4.38;37.1;0;7.01;10.74;5.6;0.35;1.25;0;106;132;127;144;127;121;129;122;139;128;107;133;87;70;55;28;1787;32;88;123;141;144;133;118;122;143;130;138;99;98;102;57;57;37;40;1770;1798;11;49;1738;32;191;142;138;121;2877;162;556;152;2715;154;394;177;2321;41;52;45;243;545;376;123;91;1461;1176;357;3557;3200;3136;255;152;2729;3557;3557;439;788;0.73;648;844;0.71;-21.2356597;-49.6441918
2010;350030;35;3500303;AGUAÍ;76.49;2.14;12.5;14.5;43.68;95.22;85.44;7.81;8.57;2.58;1.91;7.73;2.14;8.17;3.25;9.43;58.46;58.74;77.35;20.43;21.23;16.7;21.12;20.03;5.94;96.46;107.61;66.06;61.2;16.93;86.49;92.61;46.27;53.16;9.85;9.06;93.78;79.88;21.18;7.21;84.32;87.91;97.38;95.14;95.79;91.52;19.24;0.72;25.41;6.18;1.58;0.93;81.73;84.8;60.93;74.21;69.8;46.66;41.75;35.91;39.45;27.32;37.47;24.75;7.65;236.67;363;506.67;737.5;1028.57;0.47;1.03;1.96;6.89;14.89;23.68;42.53;39.07;4.97;52.88;14.48;28.28;47.12;74.27;10.79;7.3;636.07;158.11;2485.19;302.43;438.88;599.27;1680.57;636.07;42.34;100.66;172.49;0.39;17.37;1.63;27.26;15.25;6.19;0.26;67.99;53.53;32.32;29.76;0.53;8.79;14.95;3.14;18.1;77.61;88.19;95.37;1014.85;58.86;6.95;33.44;80.03;66.65;81.37;7.09;19.83;24.81;11.88;6.3;8.4;0.32;57.79;1.61;19.55;98.9;98.31;25.98;99.55;100;0.54;0.48;30.31;15.68;4.21;28.26;10.32;35.92;0;8.68;12.32;7.74;1.11;0.72;0;1170;1391;1471;1533;1540;1342;1095;1081;1040;933;736;1146;620;382;313;217;16217;207;1127;1271;1369;1370;1441;1197;1145;1090;1003;947;777;1156;645;407;379;292;315;15931;16218;185;562;15470;435;2096;1554;1565;1366;24887;1727;5743;1678;23160;1699;4016;1777;19144;496;462;423;2406;5641;2512;1271;821;12377;9638;3147;32148;29001;27555;2662;1681;23212;32089;32089;467;0.69;715;606;858;703;-22.0592036;-46.979384
2010;350040;35;3500402;ÁGUAS DA PRATA;78.13;1.81;9.6;11.13;46.28;95.76;87.75;13.49;9.4;0.75;0.28;6.04;0.37;6.4;1.29;7.37;71.13;68.19;91.23;12.39;13.44;8.77;16.49;18.37;0;94.87;103.1;73.57;77.12;18.86;90.1;95.28;60.78;67.08;12.29;14.9;97.43;79.47;17.51;5.76;84.16;88.33;96.36;100;98.8;93.42;9.58;1.06;14.21;1.79;2.45;2.27;88.45;90.95;78.74;84.05;85.96;55.37;50.27;61.86;65.55;39.22;62.77;34.82;13.14;283.33;442.86;585;902;1300;0.52;0.6;1.29;3.56;8.19;18.43;38.78;45.34;4.36;57.86;12.94;24.96;42.14;65.26;14.01;9.03;853.39;186.22;3869.03;365.96;513.01;732.83;2492.73;853.39;56.45;106.9;179.27;0.49;21.09;2.15;20.48;13.63;8.79;0.09;61.47;61.9;44.13;43.52;0.46;13.3;8.88;1.52;13.93;77.48;88.97;95.14;1140.69;59.41;4.44;33.02;81.95;65.66;88.11;7.09;30.82;22.86;10.77;6.5;7.94;0.4;49.66;4.06;21.67;97.13;98.22;20.05;99.43;100;0.77;0;17.61;15.84;1.2;19.01;5.65;32.31;0;0;19.54;6.16;0.18;1.67;0;201;270;306;304;270;247;264;263;267;270;218;224;179;143;123;101;3747;97;214;240;276;288;277;255;262;256;305;256;225;222;191;161;146;114;149;3837;3997;23;110;3865;89;401;294;297;237;6155;357;1164;354;5798;329;807;339;4991;82;92;75;451;1079;1023;238;162;3136;2577;813;7584;6771;6728;510;332;5886;7510;7510;554;814;781;716;886;0.75;-21.9464285;-46.7192121
2010;350050;35;3500501;ÁGUAS DE LINDÓIA;75.76;1.52;12.5;14.5;44.06;94.51;84.54;10.77;9.92;1.24;0.5;5.96;1.18;6.29;1.63;7.15;74.84;78.15;72.88;14.55;12.67;21.73;10.61;9.18;5.38;91.42;98.65;71.24;89.02;20.7;85.66;91.5;51.42;71.59;11.13;31.47;94.15;75.37;17.75;6.04;87.47;92.06;96.71;98.54;96.26;90.76;11.97;0.52;9.79;4.34;2.14;0.7;88.83;90.6;73.52;84.4;82.68;50.99;45.63;51.46;55.45;33.17;56.21;29.4;10.74;299.75;433.33;600;900;1345;0.43;0.07;0.17;2.38;3.41;16.44;27.16;35.15;5.68;49.97;15.69;29.79;50.03;70.43;8.96;6.43;730.13;207.45;2566.13;365.23;514.93;738.66;1841.46;730.13;50;106.42;195.2;0.32;20.43;3.84;7.74;15.15;6.96;0.45;68.64;57.59;39.29;46.11;0.79;11;19.96;1.53;9.81;75.94;88.42;95.75;1010.56;59.58;7.52;49.69;77.77;65.5;80.22;4.28;22.11;13.67;7.44;3.65;2.54;0.22;54.55;3.1;16.8;98.11;98;20.62;99.12;100;0.98;1.13;26.22;12.53;3.74;24.12;6.9;32.57;0;5.64;13.21;8.05;0;2.43;0;514;698;638;693;735;692;618;595;569;512;420;571;365;256;231;176;8457;174;483;637;678;661;740;715;641;683;596;551;492;518;391;302;263;195;263;8809;9038;100;388;8550;207;1048;770;819;586;13845;798;2670;778;13047;779;1872;778;11175;204;210;236;1166;2750;1860;637;407;7171;5832;155;17266;17111;15170;1335;781;13053;17120;17120;0.51;776;745;675;846;725;-22.4718855;-46.6291034
2010;350055;35;3500550;ÁGUAS DE SANTA BÁRBARA;75.41;2.28;13;15.08;48.27;94.31;84.03;10;9.17;0.48;0.74;5.16;1.57;5.46;2.11;6.1;70.94;72.23;83.95;14.01;13.4;14.71;15.05;14.37;1.35;94.3;103.36;67.16;98.75;24.01;87;93.09;49.87;73.37;8.99;30.38;97.79;78.87;20.57;8.12;91.72;94.39;100;100;98.18;93.35;15.58;0.68;9.66;6.36;1.11;0;91.12;84.21;71.98;78.33;84.27;55.45;50.74;48.17;54.4;36.21;57.37;33.23;12.5;260.4;437.5;630;1080;1765;0.48;1.44;1.93;4.79;9.86;19.35;36.72;37.79;4.48;54.08;13.15;25.96;45.92;71.17;11.5;8.21;818.15;183.19;3091.47;354.55;524.09;816.64;2207.13;820.08;18.04;91.17;180.44;0.41;17.11;1.84;23.21;10.35;6.25;0.73;66.57;63.83;42.86;45.46;0.21;14.06;9.51;1.21;12.24;64.54;80.39;90.76;1241.01;55.41;0.38;25.78;73.92;64.42;86.16;3.11;100;27.75;4.71;2.35;6.01;0.31;55.32;5.81;18.75;91.34;97.45;17.82;100;99.94;1.56;2.67;21.21;8.28;1.82;22.15;6.79;31.5;1.4;6.92;11.81;5.64;0;0.26;0.06;191;248;233;195;211;188;208;205;164;190;142;199;139;95;60;55;2779;56;178;262;213;207;218;209;207;193;202;156;161;186;135;85;86;57;67;2822;2675;2;72;2601;72;415;295;313;223;4322;272;846;270;4050;264;574;258;3476;73;59;71;414;1009;560;261;135;2189;1769;1342;5601;4259;4828;510;280;4038;5583;5570;555;778;757;695;0.84;744;-22.8821912;-49.2383956
2010;350060;35;3500600;ÁGUAS DE SÃO PEDRO;78.37;1.32;9.3;10.79;52.77;95.88;88.06;18.58;10.83;0;0.84;1.45;0.43;1.48;1.16;1.61;70.32;74.51;70.47;20.21;16.64;25.19;9.46;8.85;4.34;94.3;103.61;75.06;111.85;64.42;92.01;97.25;65.63;79.93;22.27;59.63;100;94.08;29.4;16.24;91.24;95.5;100;100;98.43;97.01;13.13;0;0;2.88;1.18;0;96.67;100;74.17;89.64;96.01;75.07;72.83;74.64;78.73;63.27;93.3;61.62;30.38;470;745;1087;1922.5;3000;0.54;0.24;0;0.8;0.67;8.43;16.37;44.98;3.85;59.74;11.42;22.8;40.26;54.94;15.75;10.31;1580.72;304.27;7110;598.42;899.44;1379.8;4652.07;1580.72;50;84.78;206.65;0.52;31.74;3.25;2.22;12.07;3.48;0;68.33;78.45;66.96;70.37;0.49;29.43;5.98;1.89;8.8;48.58;66.99;83.18;1834.89;57.72;5.94;30.81;79.53;64.01;86.54;7.78;26.67;30.94;17.43;6.85;1.95;0.41;47.88;4.21;11.22;100;100;8.92;100;100;0;0;14.42;8.76;1.57;11.04;2.06;17.09;0;2.29;7.7;3.56;0;0.55;0;62;90;99;75;88;97;89;80;87;70;69;67;75;61;57;44;1262;52;54;90;102;75;85;89;92;113;109;98;85;69;95;90;69;51;79;1445;1409;11;45;1353;20;150;108;117;71;2275;119;351;122;2156;105;232;88;1924;25;18;28;148;370;503;90;61;1232;1055;0;2707;2707;2441;180;148;2113;2680;2680;751;864;854;825;0.89;849;-22.6000681;-47.8750887
2010;350070;35;3500709;AGUDOS;75.67;1.8;13.7;15.88;43.38;94.79;84.28;7.73;10.03;1.48;0.62;5.21;0.99;5.57;1.37;6.51;71.56;74.57;80.84;17.57;16.88;19.16;10.88;8.54;0;94.09;107.31;61.51;115.24;23.92;86.06;92.5;49.2;79.48;10.91;36.11;96.8;89.24;21.56;11.71;97.99;98.68;100;100;97.9;95.4;17.42;1.51;5.29;3.58;1.45;1.55;91.24;89.75;70.44;78.14;83.44;56.62;51.27;46.03;52.13;35.98;53.21;32.76;8.09;255;402.5;587.67;840;1259;0.41;1.99;3.3;6.61;11.28;20.07;32.66;31.5;5.22;47.31;15.43;30.91;52.69;75.38;8.16;6.11;642.59;167.6;2023.94;328.31;497.25;699.73;1515.19;643.11;40.57;93.1;167.6;0.31;14.66;0.83;9.85;13.94;7.39;0.05;76.05;66.87;43.8;45.94;0.75;9.81;15.56;1.5;12.33;71.91;86.45;95.89;1007.15;60.18;5.17;34.85;79.95;68.93;80.87;8.27;44.65;21.84;13.26;7.37;7.01;0.21;67.84;2.49;12.8;98.81;99.03;24.72;99.66;100;0.1;1.6;19.95;2.01;2.1;18.5;7.4;29.06;0;4.29;16.41;6.83;0.68;1.96;0;1177;1545;1584;1525;1500;1389;1289;1157;1091;947;853;1242;590;445;337;200;17076;205;1168;1443;1507;1551;1491;1436;1332;1193;1103;1041;839;1201;660;484;392;275;332;17448;17914;154;715;17044;459;2425;1799;1830;1403;26748;1927;6167;1825;24821;1750;4240;1774;20581;483;469;438;2537;6243;2670;1443;922;13636;10578;1531;34524;32993;29766;2988;2052;24726;34140;34113;566;769;745;694;845;705;-22.471162;-48.987822
2010;350075;35;3500758;ALAMBARI;73.27;2.19;17.5;20.3;49.56;93.41;80.68;7.86;10.52;1.31;0.39;6.59;1.2;7.06;0.68;8.28;72.65;74.06;83.49;16.24;16.61;13.22;11.12;9.33;3.29;101.46;104.82;89.41;61.78;11.93;94.57;95.52;60.89;51.75;9.85;16.99;99.51;85.8;17.26;1.6;70;77.84;92.27;94.2;99.25;96.32;19.74;0;18.25;6.02;2.93;1.08;96.17;96.34;76.2;85.07;80.46;46.78;39.38;47.7;50.66;25.88;57.21;20.43;4.36;225.6;335;444.33;706;1050;0.44;1.75;2.17;7.61;12.62;25.89;40.04;35.66;5.49;50.74;15.67;29.47;49.26;73.04;9.1;6.52;556.36;152.68;1983.81;283.24;383.74;550.57;1420.9;556.36;48.46;96.46;173.23;0.33;16.54;0.8;24.45;9.7;16.69;0.16;68.09;54.05;31.54;34.63;0.58;5.94;9.91;3.06;15.09;77.77;89.95;95.77;947.26;56.26;2.79;40.04;77.3;64.65;78.27;8.84;22.81;30.12;13.47;7.89;9.37;0.26;50.85;11;17.74;97.77;99.12;24.13;100;100;0.7;0.36;26.44;30;0.75;25.33;8.96;36.61;0;3.37;12.19;8.6;0.27;1.43;0;180;235;227;221;212;203;146;156;136;135;114;187;104;80;45;33;2456;42;179;236;189;208;234;186;169;149;137;140;118;216;83;55;53;38;38;2428;2326;13;90;2222;61;381;282;287;212;3643;259;842;236;3384;245;583;257;2801;84;61;82;432;995;384;236;124;1794;1399;1212;4884;3672;4134;471;226;3437;4863;4863;468;781;712;658;805;682;-23.550338;-47.897971
2010;350080;35;3500808;ALFREDO MARCONDES;75.41;1.64;14.1;16.33;47.61;94.65;83.9;14.93;11.04;0.98;1.13;10.13;1.42;10.66;1.2;12.15;81.28;78.36;92.5;13.33;14.89;7.5;5.39;6.75;0;91.59;96;81.44;87.79;29.14;89.22;93.27;66.16;87.79;23.77;17.31;98.14;84.66;26.91;3.82;93.68;93.78;90.94;94;98.7;94.44;3.75;0;5.89;2.51;4.35;1.06;89.37;94.88;88.68;88.22;90.23;48.43;41.91;74.94;73.55;36.81;80.53;31.08;6.95;253.33;380;530;755;1036.67;0.36;1.29;2.78;4.66;11.92;22.16;41.72;26.47;6.62;42.78;17.86;34.98;57.22;67.34;5.93;4.8;558.38;184.9;1478.1;313.65;478.2;620.7;1195.35;559.07;28.94;95.38;194.06;0.22;12.44;0.99;16.39;11.99;8.34;0;64;62.8;48.5;47.07;0.69;8.25;8.28;7.47;20.53;78.64;90.2;97.22;839.25;55;4.3;26.72;80.5;61.11;83.57;8.1;28.21;32.8;15.71;7.29;11.33;0.18;52.67;6.34;20.25;99.04;98.66;14.42;98.69;99.92;0.94;1.7;12.65;6.32;1.3;23.69;4.44;41.86;0;4.34;4.25;9.23;0.55;3.54;0.08;95;140;164;162;120;133;151;141;138;123;105;131;91;110;63;54;1981;60;90;116;129;145;130;136;126;139;141;127;117;102;118;86;79;60;69;1910;1907;11;52;1844;32;205;152;154;106;3217;177;600;174;3040;187;423;184;2617;47;45;41;239;554;581;116;73;1602;1328;636;3891;3255;3467;256;193;3018;3885;3880;484;0.86;741;0.71;0.84;682;-21.9527;-51.413956
2010;350090;35;3500907;ALTAIR;73;2.24;18;20.84;44.34;93.24;80.26;7.34;7.62;2.62;0.57;10.2;3.73;10.8;7.31;12.42;64.23;64.47;72.51;13.57;13.25;9.65;22.2;22.28;17.84;76.06;88.55;32.2;118.28;17.79;74.25;85.13;24.29;80.42;12.02;20.93;93.97;70.64;18.88;7.62;88.63;92.24;98.03;96.77;96.1;90.45;6.92;0;8.2;0.92;1.37;0;73.5;64.82;53.54;64.17;65.75;42.97;37.59;45.52;42.31;24.69;48.46;20.54;5.15;270;377.5;504.8;800;1133.33;0.42;0.51;0.66;5.38;9.92;17.13;28.58;33.64;6.08;49.06;16.67;30.68;50.94;79.96;8.07;5.87;616.38;187.39;2073.4;326.29;431.76;624.43;1508.31;616.38;20.34;101.61;175.02;0.3;8.17;0.32;55.36;5.75;1.6;0;76.97;46.99;28.28;29.07;0.14;6.91;6.35;1.72;18.83;67.85;85.99;95.64;1084.96;56.7;1.68;22.7;68.47;65.04;78.93;5.14;0;25.55;9.85;4.75;1.17;0.3;73.8;0.92;15.84;99.49;99.75;22;100;100;0;0;31.81;11.37;3.9;31.14;5.62;29.85;0;20.16;9.08;7.33;0.37;0.74;0;155;180;169;203;210;192;154;143;125;82;83;147;67;57;39;20;2051;25;136;142;169;143;173;142;128;134;105;88;62;132;71;49;31;29;30;1764;1838;5;36;1796;52;267;199;189;186;2923;174;684;203;2749;235;510;225;2239;53;53;62;281;658;280;142;87;1354;1042;793;3815;3022;3241;322;157;2762;3795;3795;0.43;676;687;581;0.8;698;-20.5238955;-49.0606135
2010;350100;35;3501004;ALTINÓPOLIS;75.57;1.84;13.9;16.05;44.42;94.74;84.13;9.93;10.6;1.16;1.01;6.08;1.01;6.43;1.35;7.43;77.09;79.91;81.44;12.68;11.93;14.34;10.23;8.16;4.21;114.41;119.95;98.82;84.38;26.34;87.28;91.12;51.2;72.74;17.08;27.03;99.47;84.23;31.77;12.35;85.81;91.33;96.78;100;99.31;95.36;15.25;2.07;1.36;7.05;3.55;1.08;88.13;88.23;68.79;76.1;82.7;47.49;40.95;40.47;50.78;31.2;46.04;27.56;10.87;286;425;566.67;916.67;1250;0.45;0.44;1.12;2.84;5.9;14.71;25.42;36.62;5.85;51.19;15.56;29.19;48.81;77.6;9.42;6.55;731.49;213.95;2678.51;355;498.78;717.52;1864.55;731.49;20.57;103.12;192.8;0.34;13.5;2.31;31.03;10.64;6.95;0;65.1;53.54;35.56;40.47;0.25;11.33;6.23;1.02;13.03;70.36;84.35;93.72;1144.19;60.55;6.01;37.53;73.23;68.23;85.73;5.03;15.39;33.39;12.03;3.88;4.45;0.32;55.75;3.07;24.64;97.54;99.09;20.66;100;100;0.29;0.19;23.45;14.19;0.69;24.94;6.17;34.43;0;10.07;13.7;4.41;0.78;1.43;0;464;677;644;651;683;619;510;522;498;441;454;531;376;269;191;135;7808;143;426;629;656;634;648;624;523;543;520;501;411;518;340;252;210;170;194;7799;8267;79;290;7899;167;1037;747;797;522;12329;795;2580;757;11534;741;1785;771;9749;199;187;201;1126;2682;1550;627;416;6211;4923;1971;15607;13636;13654;1306;772;11576;15527;15527;475;735;0.73;635;843;726;-21.021364;-47.3712
2010;350110;35;3501103;ALTO ALEGRE;74;1.93;16.3;18.89;45.78;93.85;81.79;13.82;10.8;3.67;0;8.56;1.27;9;3.87;10.34;75.19;81.08;72.66;15.98;13.91;20.95;8.82;5.01;6.39;96.98;103.02;78.57;76.8;16.81;89.87;90.28;53.54;76.8;10.61;19.94;92.13;89.97;17.07;4.16;76.8;84.3;92.5;100;95.2;93.91;23.59;0;0;4.1;3.76;2.04;88.56;85.81;68.4;76.82;79.12;41.66;34.97;49.93;46.42;25.58;49.11;21.86;5.35;262;400;510;762.5;1005;0.35;0.61;1.57;3.63;7.62;18.67;33.58;26.79;7.06;42.1;19.07;36.03;57.9;69.34;5.62;4.43;560.3;197.72;1501.19;336.62;474.99;612.74;1182.71;560.64;30.29;103.51;193.52;0.21;24.22;0.27;29.09;9.12;5;0.16;63.48;51.76;31.6;24.73;0.55;7.38;24.86;5.19;21.26;83.06;93.69;98.88;763.58;59.1;4.86;39.43;79.09;64.59;83.5;5.4;0;32.42;11.14;4.68;2.01;0.16;54.93;1.27;14.96;96.15;100;10.74;99.93;100;0;1.55;30.47;23.2;4.8;33.55;8.48;41.28;3.06;3.62;6.19;5.04;1.51;1.39;0;104;145;164;170;174;145;154;132;141;130;141;110;116;104;71;52;2109;56;114;129;133;171;138;126;122;135;157;121;125;113;110;100;86;50;63;1993;2160;13;58;2089;48;218;154;167;126;3341;162;633;173;3179;203;471;202;2708;41;38;38;232;553;567;127;64;1613;1312;868;4102;3234;3655;274;148;3233;4102;4100;417;748;0.7;616;817;683;-21.5820592;-50.1661976
2010;350115;35;3501152;ALUMÍNIO;75.47;1.93;14;16.22;45;94.68;83.99;6;10.54;0.58;0.56;4.6;0.83;4.91;1.48;5.78;71.54;76.08;78.13;13.9;13.81;12.2;14.56;10.1;9.67;100.63;111.33;69.22;87.68;30.79;92.57;96.61;53.03;68.92;13.56;27.3;98.57;88.95;22.98;11.62;97.15;97.46;98.28;98.17;98.76;96.26;24.25;0.24;24.04;5.12;1.18;1.49;93.57;96.08;67.04;77.82;87.32;63.93;58.98;54.49;64.76;48.05;66;44.52;5.97;297.5;487.5;666.67;997.5;1310;0.42;1.68;2.48;5.73;8.39;16.56;25.92;32.64;5;47.72;15.48;30.78;52.28;76.07;8.43;6.09;747.27;186.95;2438.82;391.41;571.52;803.52;1760.86;749.57;34.32;96.26;169.51;0.32;15.51;1.16;2.18;11.14;11.66;0;76.29;74.62;59.56;35.06;1.31;8.19;34.36;1.49;13.25;56.54;71.81;90.31;1399.36;56.65;2.18;24.41;78.5;66.24;78.92;11.45;32.28;52.25;21.11;10.2;11.69;0.33;69.95;1.65;11.07;94.94;98.88;31.11;100;99.88;0.43;0.08;13.47;2.85;1.24;13.87;4.79;27.29;0;6.47;9.86;5.71;0.86;0.69;0.12;626;775;736;785;761;771;687;632;546;407;327;726;229;206;153;62;8500;71;616;761;725;706;791;722;683;612;483;394;347;705;271;191;154;88;90;8339;8036;33;220;7782;243;1206;906;902;696;12575;887;2938;896;11688;854;2051;861;9637;295;282;264;1471;3244;1011;758;433;6234;4807;2716;16839;14123;14186;1536;902;11748;16753;16701;639;783;766;732;841;729;-23.5203479;-47.2575256
2010;350120;35;3501202;ÁLVARES FLORENCE;73.35;1.79;17.4;20.13;43.01;93.46;80.81;12.32;10.13;0.54;0;9.55;1.48;10.03;2.19;11.22;80.22;80.75;82;11.84;10.32;18;7.95;8.93;0;88.21;95.07;70.9;73.16;16.38;83.96;90.37;56.74;64.11;8.19;24.87;98.74;80.2;13.3;4.9;86.62;91.65;100;100;99.39;93.95;4.42;0;19.11;1.82;2.62;1.96;84.43;80.45;84.87;90.43;92.23;44.57;38.4;68.86;73.81;30.97;71.82;25.43;6.95;255;402.8;527.5;755;1020;0.41;1.85;4.52;3.15;8.32;20.26;39.73;33.74;6.08;47.83;16.76;32.09;52.17;67.41;8.05;5.7;627.14;190.79;2115.86;334.8;480.56;629.86;1498.77;628.05;35.59;70.38;190.79;0.3;23.9;1.87;31.25;9.28;6.83;0;57.83;58.55;42.6;30.15;1.13;10.18;16.42;5.42;20.98;79.71;88.84;96.26;927.37;53.5;3.52;33.81;83.48;58.83;80.68;5.54;27.07;29.31;15.02;4.69;2.74;0.27;47.8;1.19;20.2;87.75;99.66;6.49;99.6;100;0.27;2.66;16.1;13.38;0.61;27.41;6.62;44.75;0;3.54;11.01;8.77;0.17;1.91;0;86;145;138;127;127;110;139;170;149;154;134;90;135;99;99;51;1999;46;78;120;136;124;120;117;135;164;159;139;122;102;125;100;71;40;46;1898;1896;9;57;1830;16;186;136;143;95;2910;139;477;148;2771;152;338;134;2433;39;26;39;203;491;480;109;80;1430;1189;1249;3897;2648;3545;265;169;3111;3897;3891;446;845;728;683;806;701;-20.3205523;-49.9085255
2010;350130;35;3501301;ÁLVARES MACHADO;75.03;1.99;14.7;17;44.95;94.44;83.34;9.22;10.58;0.88;0.63;6.99;0.93;7.47;0.91;8.75;75.94;77.04;76.3;15.35;14.66;14.8;8.7;8.31;8.9;95.66;98.06;89.26;78.7;27.42;91.36;92.25;71.46;73.1;19.04;20.41;97.8;86.43;25.99;7.98;87.05;90.18;98.19;96.39;98.35;95.1;7.15;0.83;10.91;3.37;3.9;2.1;94.74;92.71;88.2;88.25;88.94;53.35;46.41;61.53;66.15;37.68;70.19;32.12;9.13;248;370;525;893.5;1373.33;0.46;1.57;3.62;5.37;11.05;22.36;42;36.45;4.97;52.66;14.03;27.66;47.34;73.3;10.39;7.49;672.03;167.03;2449.69;304.46;457.8;661.56;1766.21;672.03;30.86;94.51;176.64;0.38;18.53;4.54;9.92;19.99;11.56;0.17;64.31;61.4;44.16;41.71;1.33;11.49;13.14;3.51;20.73;76.19;86.68;93.73;1028.04;59.92;5.28;32.32;74.71;68.22;85.54;7.04;16.32;18.2;13.56;6.56;7.43;0.32;52.77;3.2;17.68;99.34;95.99;18.29;98.93;99.92;0.64;1.03;22.25;12.95;1.65;21.65;6.81;33.95;0;6.3;10.38;6.27;0.67;1.39;0.08;705;1024;1085;1035;879;846;855;873;800;647;538;856;501;357;281;175;11640;183;726;936;983;969;872;889;897;889;792;723;603;878;545;381;311;203;276;11873;12204;103;411;11689;262;1584;1129;1220;876;18388;1275;4072;1257;17113;1220;2797;1221;14316;293;331;348;1779;4214;2167;936;614;9333;7381;2330;23513;21183;20366;1960;1272;17133;23494;23494;534;857;758;732;834;712;-22.076415;-51.47224
2010;350140;35;3501400;ÁLVARO DE CARVALHO;73.31;2.46;17.5;20.23;32.93;93.43;80.73;6.97;11.27;0.75;0;8.84;1.85;9.24;2.5;10.83;80.1;79.73;87.94;14.27;15.51;12.06;5.62;4.76;0;88.01;90.42;79.41;81.89;6.56;84.68;86.95;58.67;78.75;4.09;16.49;100;88.22;18.23;10.93;83.18;89.77;97.17;100;99.31;96.89;6.99;0;2.08;2.11;3.05;0;86.99;87.41;85.57;89.45;57.56;37.8;33.41;36.46;32.53;20.16;30.99;17.41;2.87;220;340;506.67;677.5;905;0.38;1.4;1.96;4.59;10.55;24.62;44.33;29.14;6.4;44.39;17.48;33.46;55.61;70.24;6.67;5.07;512.99;164.18;1495.1;284.25;409.68;568.35;1135.69;512.99;27.95;78;179.45;0.26;9.92;0.16;41.72;7.29;4.34;0;74.89;50.38;37.01;31.82;1.13;6.08;8.37;1.78;13.85;82.65;90.08;96.82;821.75;38.03;2.03;30.22;46.32;41.42;26.35;7.56;0;15.33;13.08;7.37;17.26;0.19;59.05;13.72;16.13;99.6;98.54;23.88;100;99.86;0;1.49;23.48;16.82;0.69;26.16;7.24;37.06;0;7.56;18.41;7.6;1.52;1.38;0.14;118;159;149;398;592;439;275;160;124;119;86;115;72;57;41;26;2959;29;142;156;116;149;128;132;111;106;99;98;84;138;61;62;36;36;37;1691;1572;6;43;1522;55;268;210;186;162;3822;165;812;164;3657;194;647;234;3010;43;50;55;250;632;324;156;71;1255;990;1698;4650;2952;4134;315;144;3675;3294;3294;378;765;688;605;805;669;-22.0787992;-49.7194861
2010;350150;35;3501509;ALVINLÂNDIA;72.48;2.3;18.9;21.91;50.38;92.92;79.43;9.2;11.33;1.81;1.27;10.52;0.87;11.21;1.3;13.21;77.13;75.71;92.66;19.35;20.82;7.34;3.52;3.47;0;90.55;97.44;70.93;107.08;44.57;85.64;90.89;56.73;76.03;18.6;40.69;100;78.5;23.55;9.42;97.03;97.98;97.08;100;99.42;93.99;8.32;0.86;15.8;4.08;1.98;0;90.28;95.31;70.83;73.67;78.17;51.64;46.56;39.42;41.82;29.98;50.15;27.71;6.61;231.43;333.33;509.5;711;1117.5;0.53;1.98;3.7;5.36;11.18;26.91;43.52;45.47;4.8;58.91;12.6;24.44;41.09;80.32;14.43;9.33;710.49;170.68;3230.37;277.1;420.42;591.64;2088.84;710.49;49.62;85.79;190.35;0.5;15.98;0.84;39.4;10.53;5.39;0;73.99;57.88;33.83;39.5;0.63;6.8;3.45;2.09;9.88;77.29;87.64;95.11;1311.83;55.04;0.96;15.4;69.05;65.54;73.34;6.9;100;39.94;11.85;6.12;2.4;0.52;66.77;0.66;13.67;99.01;99.3;23.26;100;100;0;0.34;21.69;2.97;0.58;23.78;9.3;30.3;0;0;13.97;8.17;0.27;1.58;0;98;141;137;127;107;131;99;107;92;82;66;116;55;53;25;28;1482;18;123;149;116;120;123;134;99;89;88;88;69;102;66;53;43;27;29;1518;1407;3;25;1379;52;221;159;167;117;2271;157;500;140;2114;156;343;160;1771;52;51;44;236;567;276;149;63;1144;908;307;3000;2693;2556;290;162;2105;2993;2993;516;744;722;659;791;721;-22.4431852;-49.7643596
2010;350160;35;3501608;AMERICANA;77.55;1.34;10.77;12.49;37.26;95.69;86.73;8.73;10.6;0.93;0.79;2.74;0.53;2.85;0.73;3.26;80.85;81.77;87.89;11.44;11.76;9.92;7.72;6.47;2.19;95.54;100.64;82.53;93.02;48.79;88.22;90.92;62.88;78.4;25.24;41.18;97.82;85.18;32.74;15.54;93.25;94.79;97.15;97.77;97.98;94.38;10.1;0.64;9.08;3.17;3.28;1.87;88.84;88.2;79.29;83.65;88.62;65.09;60.93;62.94;67.24;47.29;67.53;43.76;15.4;427.5;650;913.8;1490;2250;0.47;0.32;0.79;1.39;2.92;7.1;13.92;37.13;5.01;52.71;14.3;27.63;47.29;78.91;10.39;7.32;1161.68;291.01;4313.44;539.54;774.2;1142.32;3039.07;1161.68;33.86;96.03;186.89;0.38;20.88;3.74;0.99;15.71;6.36;0.08;75.14;74.72;55.94;39.83;1.15;18.01;28.08;0.99;7.41;51.62;70.27;85.7;1700.8;64.03;3.64;40.67;81.45;70.82;89.12;5.72;17.25;27.7;10.19;4.92;4.8;0.35;61.51;2.04;11.1;99.64;97.72;18.82;99.89;99.97;0.07;0.22;12.39;6.75;2.02;13.84;2.39;24.23;0;3;6.9;2.98;0.11;0.6;0.03;6021;7506;8127;9272;9600;8648;8069;7974;7748;6875;5408;6192;4022;2698;2118;1483;103174;1413;5817;7052;7896;8734;9426;9068;8292;8445;8217;7357;5781;6182;4456;3349;2850;2108;2434;107464;119592;530;3898;115163;2330;11689;8637;8879;6991;171782;9335;34028;9538;162447;10223;24693;10442;137754;2515;2519;2387;12722;30539;18388;7051;4604;88369;71740;984;210638;209654;186763;14558;9586;162619;209811;209811;651;821;811;0.76;876;0.8;-22.7392463;-47.3306032
2010;350170;35;3501707;AMÉRICO BRASILIENSE;76.12;2.07;13.1;15.13;40.65;95.03;84.92;5.13;11.2;1;0.43;6.89;1.25;7.38;1.99;8.82;83.29;86.05;84.25;11.25;9.62;13.48;5.46;4.32;2.27;96.55;103.55;77.32;94.87;12.32;91.81;95.77;70.02;73.49;4.68;33.18;98.5;89.12;10.96;5.94;96.33;97;98.99;98.14;98.63;96.09;9.77;0.93;9.29;2.5;0.41;0.83;94.55;88.31;80.08;83.01;83.43;52.82;45.68;49.02;55.09;34.52;54.95;29.72;4.24;290;433.33;600;875;1110;0.39;0.96;1.78;3.72;6.77;15.04;25.04;30.14;6.07;45.13;17.04;32.74;54.87;80.64;7.08;5.3;659.67;200.15;1988.29;361.84;517.93;729.81;1489.02;659.88;35.77;90.05;181.39;0.27;11.7;1.1;10.8;11.32;6.68;0.32;82.22;59.9;41.33;30.07;1.89;5.11;35.1;1.1;11.26;65.21;83.89;95.65;1123.26;63.53;4.93;40.56;84.19;72.66;83.76;11.72;30.29;42.4;22.57;10.25;8.46;0.23;76.69;1.11;8.3;99.88;99.71;30.24;99.86;99.87;0.08;0;26.51;3.67;1.37;22.8;6.59;27.57;0.64;4.27;21.06;4.16;0.71;0.84;0.13;1306;1494;1489;1788;1713;1627;1435;1316;1044;833;695;1324;468;321;225;146;17333;109;1251;1577;1590;1627;1656;1568;1328;1306;1025;857;643;1245;506;382;246;173;165;17145;18665;152;758;17755;540;2499;1869;1888;1540;26281;1842;6494;1861;24439;1884;4652;1933;19787;477;496;509;2645;6354;1767;1577;927;13072;9855;261;34478;34217;29378;3071;1870;24437;34381;34370;528;807;751;701;852;709;-21.7297099;-48.1052092
2010;350180;35;3501806;AMÉRICO DE CAMPOS;74.04;1.9;16.2;18.79;46.73;93.87;81.86;12.15;11.61;0.29;0;7.88;1.73;8.34;2.05;9.4;86.94;90.03;87.42;9.28;7.72;9.86;3.78;2.25;2.72;95;99.78;82.37;81.14;29.05;92.33;93.92;70.32;81.14;20.86;17.65;97.9;89.16;25.8;4.21;92.39;94.12;94.8;96.16;98.25;95.75;10.3;0.69;9.15;2.22;2.86;0;96.97;94.33;85.56;90.09;88.18;46.42;40.04;72.4;70.84;31.68;74.5;25.69;7.49;255;411.6;555;880;1342;0.43;0.39;0.79;4.45;9.44;20.68;36.44;34.27;5.46;49.76;15.31;29.68;50.24;74.32;8.95;6.52;686.56;187.27;2353.04;338.46;493.15;705.76;1713.1;686.56;38.42;111.35;187.27;0.32;24.64;1.86;26.29;9.51;7.45;0.17;59.54;56.91;38.92;30.78;0.33;10.59;21.66;3.05;24.08;72.71;86.18;93.72;1063.55;57.19;4.54;29.63;77.28;64.4;86.13;3.72;14.31;3.99;11.44;3.64;5.84;0.35;44.36;4.17;22.86;95.24;99.9;12.67;99.8;100;0;3.44;18.4;7.61;1.75;26.65;6.22;41.03;0.95;5.2;7.93;7.46;0.85;1.72;0;148;232;207;222;200;199;184;197;219;219;152;184;144;143;90;59;2862;63;156;213;201;224;202;220;173;217;214;196;162;162;148;127;103;49;77;2844;2889;20;83;2786;61;341;254;248;172;4453;245;824;243;4208;241;579;260;3629;62;55;79;373;880;693;209;119;2234;1821;918;5706;4788;5051;445;281;4326;5697;5697;464;874;745;708;817;715;-20.298476;-49.735904
2010;350190;35;3501905;AMPARO;77.27;1.6;10.6;12.29;40.6;95.33;86.62;10.19;9.68;1.04;1.09;4.7;0.82;4.92;1.04;5.67;69.91;72.13;76.01;20.26;19.83;20.36;9.82;8.04;3.63;93.81;100.32;75.54;93.73;29.27;87.49;91.61;56.27;71.28;16.78;33.42;94.36;83.59;25.16;10.2;90.06;91.42;94.61;93.91;95.7;92.52;15.03;0.91;6.71;3.95;1.65;0.33;91.29;89.22;72.04;80.89;83.77;59.17;54.58;53.51;56.65;42.34;56.02;39.67;13.21;366.25;540;750;1183.33;1672.5;0.5;0.19;0.3;2.49;5.57;10.77;21.35;42.13;4.76;55.5;13.66;26.14;44.5;71.04;12.34;8.14;1027.6;244.36;4329.44;457.51;641.33;943.41;2857.01;1028.42;20.29;113.28;184.58;0.44;18.65;2.56;8.07;13.71;6.17;0.06;78.72;67.48;50.41;35.5;1.19;15.17;25.94;0.84;8.53;65.68;81.37;91.62;1341.92;64.37;4.15;34.7;77.61;71.61;92.35;5.62;37.14;20.35;10.68;5.05;6.72;0.34;66;2.47;9.61;96.39;95.09;19.8;99.92;99.99;0.72;0.23;18.58;9.94;4.3;17.26;4.48;25.22;0;3.7;9.8;6.66;0.06;0.54;0.01;1789;2369;2655;2924;2970;2668;2548;2353;2228;2007;1694;2055;1282;962;797;583;32442;558;1792;2332;2485;2749;2982;2583;2536;2371;2378;2182;1795;1959;1431;1167;951;748;946;33387;37521;195;986;36340;691;3745;2779;2832;2134;53519;3023;10809;3082;50496;3201;7786;3324;42710;755;722;781;4248;10010;6709;2332;1479;27295;22063;14018;65829;51811;58289;4701;2843;50746;65521;65469;592;779;785;711;871;0.78;-22.70111;-46.76444
2010;350200;35;3502002;ANALÂNDIA;76.66;2.3;11.4;13.22;47.73;95;85.78;10.18;11.46;1.1;1.34;6.61;2.01;6.99;2.93;7.93;68.37;74.66;71.63;15.08;13.76;16.81;16.55;11.58;11.57;100.88;112.17;70.51;80.9;28.47;93.07;95.3;53.26;69.63;14.37;23.54;99.29;83.25;21.55;8.49;97.81;98.5;100;100;99.66;95.21;28.55;0.66;24.49;4.44;1.96;0;89.01;93.51;60.13;73;80.48;52.87;47.58;50.82;49.19;37.34;48.49;35.07;10.52;252.5;416;574;980;1457.5;0.53;0.88;1.81;4.81;8.99;21.01;40.09;43.82;4.27;58.28;12.18;24.22;41.72;62.01;14.39;9.45;823.33;175.9;3608.17;325.47;495.66;720.36;2368.25;823.33;27.34;96.9;180.09;0.51;16.14;3.3;32.41;8.73;5.19;3.23;69.81;57.31;42.4;40.91;0.12;11.66;6.99;2.16;17.29;74.63;85.46;93.77;1023.51;64.83;7.8;29.66;78.18;73.45;84.06;8.04;26.37;31.28;12.82;7.17;5.59;0.28;59.26;4.4;14.84;97.74;100;22.22;100;99.8;0;0.21;28.92;2.19;0.34;26.47;9.16;27.89;0;6.61;15.2;7.29;0.25;0.89;0.2;151;172;214;169;209;141;162;147;150;123;105;150;95;67;73;41;2203;34;151;164;148;190;167;161;155;127;134;136;92;162;81;80;61;43;38;2090;2381;26;65;2290;55;273;207;204;184;3343;224;721;211;3119;201;497;211;2622;63;68;52;307;733;437;164;88;1613;1275;885;4293;3408;3673;336;219;3117;4254;4254;529;0.75;754;668;861;745;-22.128917;-47.661939
2010;350210;35;3502101;ANDRADINA;78.07;1.66;9.6;11.13;41.9;95.73;87.68;10.53;10.38;1.44;1.01;5.88;0.7;6.17;1.72;7.1;76.61;79.46;81.33;10.83;8.78;16.37;12.56;11.76;2.3;96.82;104.07;77.79;98.69;41.11;87.29;90.46;53.4;79.78;21.65;25.31;97.84;81.89;33.75;14.84;86.28;89.94;96.59;96.83;98.17;93.68;15.26;1.23;5.66;4.14;3.93;1.48;86.36;87.93;70.1;77.67;84.43;57.98;53.52;55.61;59.02;39.46;62.47;36.16;12.21;300;495;675;1033.33;1533.33;0.51;1.17;2.72;3.57;8.76;14.9;27.46;43.17;4.49;56.6;13.05;25.35;43.4;75.9;13.24;8.71;919.36;206.28;3968.91;393.45;565.58;829.79;2613.1;922.86;20.91;83.74;177.97;0.47;20.65;2.57;8.69;16.59;7.41;0.09;69.41;68.26;48.52;45.31;1.92;14.62;13.56;2.96;13.58;66.23;81.9;93.06;1446.31;58.42;6.09;36.67;73.96;64.74;77.03;7.08;26.67;22.2;13.41;6.39;6.54;0.48;56.03;3.45;14.81;98.86;99.35;15.45;99.64;99.79;0.46;0.8;16.78;13.72;1.83;19.1;4.93;30.53;0;4.41;8.51;5.62;0.25;1.13;0.21;1587;2014;2126;2353;2344;2284;2080;2020;1918;1671;1336;1683;1196;920;712;468;27190;478;1543;2028;2078;2122;2081;2202;2147;2045;2120;1876;1621;1657;1376;1110;873;581;684;28144;28590;246;943;27401;644;3273;2392;2487;1834;44822;2563;8679;2535;42259;2487;6116;2553;36143;652;636;650;3473;8478;5826;2028;1257;22916;18716;3685;55334;51649;48941;4042;2572;42327;54242;54037;0.58;772;779;702;885;762;-20.896505;-51.3742765
2010;350220;35;3502200;ANGATUBA;74.6;2.1;15.4;17.78;45.33;94.2;82.7;7.92;9.55;0.79;1.32;6.63;1.39;7.01;1.65;8.14;69.8;71.19;80.5;17.74;17.29;13.54;12.45;11.52;5.96;112.81;119.43;94.35;83.13;24.16;86.25;91.98;47.09;81.98;7.41;15.07;96.31;82.41;21.7;8.75;92.86;95.08;100;100;98.27;94.08;15.58;3.59;8.72;6.74;2.73;1.84;91.55;89.46;66.62;79.18;84.02;47.3;39.98;44.91;52.81;29.59;60.06;24.96;8.44;233.33;345.5;500;745;1033.33;0.45;1.55;2.78;6.84;12.08;23.75;38.42;36.28;5.29;51.07;15.11;29.31;48.93;71.7;9.6;6.68;597.99;158.31;2169.29;293.59;424.57;586.4;1509.2;599.02;45.87;102.88;173.08;0.34;17.88;1.46;25.05;13.96;6.57;0.2;65.52;56.37;36.51;34.6;1.39;9.98;14.59;5.63;20.08;77.83;89.91;95.87;927.44;58.91;7.38;36.14;76.75;66.81;81;5.37;7.42;22.04;9.83;4.68;5.9;0.3;54.46;2.09;18.93;94.82;98.88;21.79;99.62;99.94;0.6;0.74;24.86;7.14;1.73;27.41;10.14;37.79;0.86;10.78;12.04;9.92;0.38;1.24;0.06;795;995;973;927;920;839;784;819;796;686;562;845;431;318;224;168;11245;163;753;918;980;926;846;822;832;793;741;621;537;855;446;312;230;160;193;10965;11153;141;423;10590;309;1520;1118;1166;921;16999;1139;3798;1155;15860;1180;2659;1150;13201;313;312;321;1775;4044;1759;914;567;8417;6515;6257;22210;15953;18933;1913;1169;15851;22134;22096;473;758;719;648;827;693;-23.4938938;-48.4110675
2010;350230;35;3502309;ANHEMBI;76.78;2.33;12.1;14.03;52.08;95.37;85.85;6.92;10.19;1.43;0;6.54;1.06;7.06;2.33;8.1;74.53;77.61;86.71;12.58;11.23;11.61;12.88;11.16;1.69;92.42;103.29;63.03;86.67;16.12;88.84;93.88;55.64;69.8;5.17;34.97;95.5;86.89;13.66;8.37;86.51;90.62;96.15;97.89;97.25;94.45;19.58;1.31;4.98;3.82;0;0;85.03;84.3;72.41;80.05;78.86;46.82;41.28;43.56;47.89;27.68;46.01;24.18;6.79;237.5;340;500;704;1029.67;0.42;0.11;0;6.42;10.61;25.48;41.01;32.66;5.64;47.85;16.01;31.11;52.15;71.61;8.16;5.98;554.16;156.37;1809.7;287.28;418.33;582.9;1327.36;554.79;0;100.23;176.03;0.3;24.41;0.69;35.65;7.76;5.69;1.73;61.67;50.55;32.17;34.28;0.36;8.26;7.62;2.24;17.5;75.81;88.55;96.46;933.19;54.49;2.45;36.4;70.47;63.27;72.93;4.26;0;7.81;6.85;4.1;6.25;0.23;52.31;1.86;19.52;78.44;99.33;21.88;99.94;100;0;1.23;26.03;13.49;2.75;25.9;8.48;36.48;1.35;4.38;14.87;7;0.48;2.02;0;220;284;248;217;209;241;217;206;181;165;130;241;105;94;60;48;2909;43;224;250;241;199;224;216;199;184;169;155;129;229;102;72;64;38;49;2744;2577;13;122;2441;66;349;259;271;218;3440;251;724;228;3189;209;473;208;2716;85;72;81;407;935;391;203;126;1664;1314;1382;5653;4271;4728;534;336;3858;5554;5548;468;743;721;637;863;681;-22.7891096;-48.1316776
2010;350240;35;3502408;ANHUMAS;75.67;1.85;13.7;15.89;47.21;94.79;84.27;9.71;10.35;1.53;0;7.91;1.38;8.45;2.48;9.83;77.41;78.44;89.05;10.05;7.68;10.95;12.54;13.87;0;97.53;103.92;81.51;81.8;17.53;92.28;93.45;67.82;81.8;12.22;40.99;96.83;93;15.69;5.08;100;100;100;100;98.35;96.83;15.17;0;12.5;1.97;2.53;0;87.94;91.54;77.1;85.81;83.88;50.21;43.89;69.7;66.63;34.88;71.62;28.93;7.18;233.33;360;506;715;1000;0.42;1.75;3.88;6.9;14.79;24.84;42.31;32.27;5.54;47.76;15.78;31.42;52.24;71.92;8.18;6.07;561.82;155.68;1813.11;287.64;439.34;584.89;1345.33;563.06;36.35;91.34;173.63;0.31;22.75;0.87;24.05;13.7;8.49;0;62.05;57.92;40.73;35.42;0;9.42;8.8;4;20.22;77.73;91.23;97.96;867.08;56.8;7.43;24.59;77;65.23;76.33;3.96;9.78;15;11.53;3.56;0.83;0.19;49.21;5.59;17.74;97.23;100;15.26;100;100;0;3.54;23.25;0;1.65;25.07;8.49;35.45;1.74;5.59;15.92;6.85;0.52;0.68;0;108;166;166;167;153;130;117;133;141;106;82;145;74;57;58;28;1863;32;122;160;152;150;132;150;136;153;117;112;95;127;78;60;59;27;45;1875;1839;24;51;1763;37;262;203;197;137;2871;186;622;188;2685;206;436;190;2249;54;57;52;274;665;363;157;100;1448;1152;679;3738;3059;3237;326;208;2703;3710;3702;502;837;741;706;845;683;-22.2956478;-51.3873401
2010;350250;35;3502507;APARECIDA;74.67;1.52;15.2;17.63;40.61;94.24;82.8;8.23;10.5;1.06;0.95;3.43;1.05;3.6;1.53;4.11;71.47;75.25;73.58;14.96;13.01;20.44;13.57;11.74;5.98;103.88;112.13;82.17;74.29;22.44;87.34;91.83;53.66;55.59;9.43;38.59;99.37;90.04;25.73;14.77;88.28;90.36;94.13;93.94;98.45;96.14;16.49;2.72;25.3;5.28;2.03;1.76;88.59;86.26;69.5;74.51;80.72;63.5;59.96;45.91;55.3;43.85;56;41.49;12.82;265.71;423.33;631.67;1000;1587.5;0.46;0.49;1.15;4.54;9.77;18.68;33.25;36.44;4.86;52.24;13.93;27.28;47.76;78.8;10.47;7.49;775.17;188.47;2824.39;351.28;517.41;793.98;2020.9;775.17;41.09;97.33;183.24;0.37;25.11;4.17;0.86;28.41;5.82;0.62;58.21;73.41;53.01;47.36;0.96;14.85;6.9;1.48;18.75;70.63;82;90.94;1181.25;63.6;13.24;47.21;73.03;69.82;85.67;5.22;13.24;11.28;10.54;4.79;6.67;0.38;44.83;3.72;20.81;99.53;95.95;26.63;99.41;99.76;0.11;0.62;13.52;11.72;1.55;13.5;4.48;28.75;0;2.83;15.23;5.45;0.25;1.44;0.24;1140;1373;1517;1518;1579;1330;1287;1215;1090;1041;792;1194;638;456;306;205;16898;217;1086;1301;1523;1616;1487;1350;1321;1347;1323;1209;946;1135;768;539;466;293;399;18109;19417;354;810;18253;433;2167;1614;1644;1325;27778;1793;6174;1802;25985;1876;4381;1870;21604;468;444;473;2392;5762;2881;1301;903;14587;11448;509;35007;34498;30532;2674;1716;26142;34630;34630;635;745;755;706;828;735;-22.851552;-45.2340924
2010;350260;35;3502606;APARECIDA D'OESTE;73.25;1.85;17.6;20.34;47.8;93.4;80.64;13.87;11.48;0.73;0.99;12.12;1.8;12.77;2.41;14.41;85.75;86.94;86.84;11.25;10.04;13.16;3;3.02;0;87.54;94.46;67.86;96.58;38.86;86.03;91.86;57.06;86.88;32.3;21.7;96.59;81.16;37.74;5.62;94.98;96.31;100;100;97.79;93.46;5.49;0.41;2.04;1.76;2.42;2.01;91.51;90.95;84.2;90.44;88.18;39.64;32.35;72.89;67.08;29.39;72.23;23.73;7.6;225;350;510;710;1033.33;0.47;3.12;8.13;7.74;18.26;27.47;45.51;38.19;4.84;51.01;14.29;29.22;48.99;66.25;10.69;7.31;611.22;148.02;2334.29;288.74;456.29;604.1;1595.33;611.22;38.14;84.23;175.02;0.41;24.52;1.84;33.72;10.87;6.16;0;50.6;54.34;40.67;32.31;1.74;11.83;8.02;3.89;25.56;81.97;91.37;96.76;963.61;49.24;5.62;19.52;67.59;55.35;78.02;3.3;0;32.18;5.04;2.73;2.9;0.38;29.02;9.12;33.24;99.48;99.36;11;100;99.95;0.23;8.49;26.15;5.02;2.21;32.09;9.66;49.16;1.94;8.74;7.7;6.96;0.79;2.21;0.05;99;165;176;158;128;151;144;165;158;144;150;134;108;98;96;46;2177;57;112;177;162;151;121;154;170;187;157;151;159;135;117;97;110;58;55;2273;1950;19;39;1892;38;274;209;205;127;3623;202;646;206;3421;204;444;211;2977;46;46;46;289;702;617;176;105;1846;1534;805;4450;3645;3961;342;201;3418;4423;4423;396;872;721;0.67;804;697;-20.4498109;-50.8808706
2010;350270;35;3502705;APIAÍ;75.07;2.06;14.6;16.93;52.29;94.46;83.4;7.55;10.82;1.68;0.88;7.62;1.5;8.26;2.72;9.61;79.79;81.41;84.67;10.75;10.71;10.25;9.46;7.87;5.08;94.89;100.86;78.1;58.71;16.32;89.57;93.21;60.58;56.4;4.78;13.81;95.51;83.06;11.75;7.87;67.63;77.67;91.06;98.5;97.27;93.54;10.99;0.63;8.5;4;2.76;0.93;91.55;91.91;74.28;77.94;80.35;47.32;40.78;45.38;48.83;31.41;47.2;27.97;6.42;129;234;355;599.33;1000;0.55;8.82;11.84;21.67;30.49;46.6;61.06;42.71;2.83;58.69;10.24;21.89;41.31;69.72;16.68;11.34;492.43;69.68;2103.4;182.49;286.73;478.29;1429.71;501.17;23.69;75;143.82;0.56;18.73;2.01;25.2;13.33;7.03;0.53;53.54;56.84;39.68;36.15;0.83;7.64;10.83;7.33;31.6;79.11;89.69;95.22;856.86;52.42;5.43;28.51;64.8;62.35;75.86;8.49;29.35;24.44;15.98;7.5;13.01;0.39;43.52;4.31;24.53;90.5;91.42;26.63;97.59;98.23;3.49;2.98;26.04;32.37;2.73;25.14;14.82;43.25;0;3.63;28.91;20.39;2.24;3.11;1.77;924;1397;1281;907;979;910;880;783;757;677;567;1125;454;326;276;177;12577;157;872;1365;1208;996;970;938;983;837;783;661;534;1061;439;325;253;191;198;12614;11149;150;456;10543;342;2263;1668;1727;1077;18441;1591;4392;1489;16850;1294;2801;1212;14049;377;436;410;2249;5603;1903;1365;760;9315;7111;6973;25191;18218;21270;2762;1600;16908;25062;24625;473;756;0.71;647;835;662;-24.5076527;-48.8461582
2010;350275;35;3502754;ARAÇARIGUAMA;73.86;2.2;16.6;19.16;47.98;93.76;81.58;5.06;9.99;1.83;0.98;6.72;1.39;7.18;1.44;8.64;63.88;67.59;72.78;15.81;15.89;20.2;20.31;16.52;7.02;97.59;107.91;64.07;70.19;20.4;90.05;93.88;45.02;60.58;9.25;12.85;97.59;83.93;21.05;8.29;85.19;88.11;92.67;94.93;98.21;94.85;27.11;1.33;15.92;4.68;1.69;0;84.88;88.22;55.48;60.73;70.39;50.15;44.99;27.25;35.81;28.42;35.24;26.54;7.47;252.5;390;542.5;850;1240;0.46;0.57;0.59;5.2;9.15;20.52;31.68;37.82;5.09;52.58;14.34;27.86;47.42;81.17;10.55;7.35;691.69;175.97;2615.78;319.88;467.62;676.39;1821.86;692.34;33.37;103.79;178.63;0.37;16.8;1.88;4.31;10.94;11.88;0.83;65.48;54.17;31.96;43.18;1.08;7.76;20.29;1.47;11.53;69.34;86.19;93.93;1189.56;61.99;3.45;27.56;75.84;72.97;85.06;7.93;33.4;25.26;14.19;7.26;9.88;0.31;53.89;7.67;18.56;89.94;96.39;46.15;90.35;99.78;0.92;0.32;29.41;14.81;1.79;26.06;8.94;32.93;0;9.17;21.9;7.38;0.19;1.07;0.22;785;856;784;841;770;740;660;548;514;437;307;766;237;179;127;83;8697;63;729;802;793;810;762;708;659;567;464;403;293;736;245;153;106;67;86;8383;8749;57;241;8451;300;1308;971;980;886;12406;923;3228;922;11483;991;2305;1021;9178;328;296;273;1556;3476;864;802;478;6116;4513;0;17080;17080;14113;1658;873;11582;16922;16906;502;651;704;597;814;717;-23.438611;-47.061389
2010;350280;35;3502804;ARAÇATUBA;75.46;1.49;15.28;17.13;39.72;94.86;84.47;9.77;11.08;1.2;0.81;3.83;0.9;4.01;0.94;4.52;79.23;81.22;85.49;11.61;10.4;12.95;9.16;8.38;1.56;101.07;107.77;83.19;76.16;42.07;87.07;90.58;57.94;61.65;22.59;44.8;96.85;87.91;31.99;11.79;93.46;95.25;96.76;99.57;97.64;94.99;12.55;1.73;11.75;3.11;2.7;1.56;88.56;88.39;74.96;81.49;85.86;64.34;60.75;59.7;61.35;44.93;64.06;42.19;15.88;332.86;508.5;732;1195;1915;0.52;0.63;1.23;3.14;6.82;12.29;23.67;44.03;4.32;58.33;12.49;24.03;41.67;76.32;14.1;9.29;1036.09;224.01;4561.42;422.85;597.92;914.11;3005.74;1037.96;27.08;94.71;181.93;0.48;20.66;3.43;3.66;18.22;8.75;0.01;72.27;73.87;52.93;51.36;0.86;18.27;11.95;1.3;9.9;63.23;78.66;89.77;1542.29;60.27;5.49;38.19;73.37;66.61;83.11;6.36;25.28;26.3;11.67;5.57;6.97;0.45;58.69;3.56;12.58;99.59;98.25;16.42;99.91;99.71;0.31;0.21;14.43;6.54;2.36;15.76;3.75;25.54;0.22;4.7;9.9;3.78;0.17;1.41;0.29;5254;6713;6735;7285;7470;7251;6846;6806;6441;5707;4587;5290;3445;2625;2102;1384;87329;1388;5086;6261;6680;7299;7856;7614;7314;7254;7167;6316;5471;5253;4373;3342;2756;1935;2273;94250;97039;712;3043;93284;2125;10291;7608;7814;6121;147610;8065;27990;7895;139545;8278;19925;8502;119620;2092;2073;1984;11135;26867;17749;6257;3977;77595;63619;3502;181579;178077;160997;12974;7968;140055;180537;180211;643;0.8;788;744;841;782;-21.207992;-50.4390225
2010;350290;35;3502903;ARAÇOIABA DA SERRA;76.61;1.92;12.4;14.33;45.13;95.28;85.61;8.52;11.47;1.67;1.1;4.9;1.12;5.17;1.28;5.91;84.68;89.35;71.53;10.08;6.98;23.28;5.25;3.67;5.2;103.3;107.76;89.06;95.17;31.47;92.3;94.06;66.38;74.04;14.72;32.11;99.07;87.44;23.57;12.7;88.64;91.77;99.25;100;99.38;96.53;8.42;0.37;10.2;2.9;3.72;0.63;97.07;95.26;78.44;85.98;85.44;54.74;48.94;58.19;58.93;38.3;59.25;34.39;10.25;262.5;444.44;600;977.5;1455;0.52;1.07;2.39;4.14;8.57;19.19;32.22;44.17;4.35;57.5;12.67;24.71;42.5;72.98;13.95;8.86;853.87;185.86;3771.37;354.93;514.08;759.52;2394.59;854.96;50.35;96.43;183.29;0.47;22.67;1.92;10.89;15.29;10.22;0.08;61.1;62.76;45.73;46.92;1.29;11.74;11.07;2.02;16.23;69.71;83.09;91.47;1335.81;58.53;6.03;35.59;79.72;66.37;83.83;7.52;0;25.96;12.22;6.98;8.38;0.44;48.3;3.2;22.23;95.82;92.56;22.51;99.34;100;3.19;0.78;17.96;11.36;0.62;20.39;5.38;33.07;0.68;7.65;12.5;6.97;0.43;1.54;0;903;1223;1173;1084;1069;1004;1040;972;920;809;730;958;574;443;311;206;13607;188;905;1203;1110;1058;1056;1102;1037;1004;914;856;705;971;587;411;295;229;249;13692;13819;146;447;13226;372;1919;1465;1431;1063;21047;1363;4409;1295;19684;1345;3046;1330;16638;362;374;360;2033;4888;2326;1194;649;10570;8410;8535;27299;18764;23609;2426;1255;19928;27189;27154;547;832;776;723;0.86;751;-23.5045367;-47.6168158
2010;350300;35;3503000;ARAMINA;76.34;2;12.8;14.77;42.71;95.14;85.23;10.33;8.56;0.97;0;6.2;0.63;6.61;2.31;7.77;52.39;52.62;74.33;21.75;22.8;19.26;25.86;24.58;6.41;94.7;105.77;62.47;114.36;17.47;88.03;94.02;44.13;86.38;10.79;18.92;97.91;82.99;19.85;5.8;96;97.86;100;100;98.59;94.6;22.91;1.43;6.1;5.21;1.22;4.26;86.64;90.59;64.01;78.55;81.56;50.24;43.96;49.45;54.43;33.24;57.83;28.99;8.08;287.5;446;625.5;933.33;1333.33;0.43;0.48;0.76;3.04;7.59;16.78;33.89;34;5.58;48.92;15.86;30.48;51.08;68.79;8.57;6.22;721.56;201.37;2453.03;370.93;527.46;743.28;1779.25;723.41;14.07;94.21;188;0.31;9.68;1.37;11.88;11.24;2.7;0.37;69.74;61.52;43.7;37.77;0.22;9.72;31.86;2.76;15.45;62.41;83.29;95.63;1095.2;55.46;6.04;27.82;74.83;62.05;78.35;5.63;10.96;5.77;15.86;5.57;4.96;0.28;62.23;1.45;23.22;97.94;98.78;17.27;99.33;99.46;0.3;0;24.16;4;1.41;24.39;6.61;35.54;0;0;20.28;4.94;0;1.13;0.54;160;197;232;230;208;159;187;177;196;179;117;163;111;92;79;55;2589;47;137;197;203;220;225;205;165;202;206;142;146;156;100;90;80;48;41;2563;2521;24;64;2433;70;309;235;231;172;4142;254;885;250;3888;265;631;275;3257;55;56;76;348;817;532;197;112;2073;1650;336;5152;4816;4546;394;230;3921;5152;5139;502;0.75;0.74;656;856;723;-20.0876144;-47.789201
2010;350310;35;3503109;ARANDU;73.36;2.16;17.4;20.13;46.23;93.46;80.81;8.41;8.64;1.71;1.94;8.71;1.36;9.28;1.51;10.9;65;65.75;81.96;14.19;12.88;15.31;20.81;21.37;2.73;84.64;100.31;44.65;90.96;6.45;81.35;91.19;35.13;79.48;4.49;11.41;97.75;81.65;10.09;2.43;86.39;91.57;95.18;98.1;98.43;93.7;15.1;0.48;6.91;0.9;2.35;0.73;82.41;85.55;58.15;63.72;73.18;43.48;37.48;40.55;43.79;27.73;46.82;24.48;4.38;233.33;358.8;500;740;978;0.39;0.4;1.24;6.53;13.18;25.02;42.07;29.63;5.95;45.2;16.97;32.99;54.8;74.64;6.98;5.33;535.27;159.28;1586.12;294.98;428.55;583.81;1211.7;535.27;31.99;110.37;177.28;0.26;11.55;0.71;35.64;7.36;8.96;0;70.23;51.12;33.8;35.71;0.37;6.27;8.3;0.88;10.55;80.8;91.32;97.37;849.5;56.65;2.34;34.9;77.91;65.92;78.35;2.87;21.83;6.38;4.23;2.62;1.57;0.17;57.63;7.64;21.69;96.21;99.32;24.75;99.55;100;0.13;0.05;29.92;13.61;1.57;28;9.12;33.5;0;8.68;16.5;8.21;0.4;1.82;0;200;291;309;270;225;260;213;199;204;180;157;221;121;90;77;39;3088;32;186;294;287;236;239;247;218;183;191;182;155;227;113;98;72;47;60;3035;2986;14;132;2840;73;469;340;362;231;4694;360;1098;359;4334;346;738;327;3596;81;90;93;473;1180;515;293;181;2324;1803;1509;6123;4614;5271;585;377;4308;6074;6074;435;691;685;592;806;675;-23.1345103;-49.0545651
2010;350315;35;3503158;ARAPEÍ;73.72;2.18;16.8;19.41;50.7;93.69;81.38;10.63;9.83;0;1.44;7.68;1.09;8.17;1.16;9.47;70.65;74.42;93.29;10.46;11.25;6.71;18.89;14.33;0;89.76;106.2;46.42;95.67;13.46;86.98;94.19;38.23;77.84;7.22;9.24;100;75.04;12.64;3.51;82.51;84.86;83.13;88.59;98.75;92.22;26.74;0;4.68;2.68;1.14;0;90.75;86.78;60.66;70.48;73.04;43.36;37.85;55.91;52.06;30.61;52.79;26.63;3.99;168;274;400;573.33;770;0.39;3.75;4.36;15.5;26.85;37.93;59.74;28.39;5.2;45.07;15.74;31.65;54.93;68.37;7.22;5.65;414.19;107.73;1175.68;218.17;329.46;482.3;920.08;416.02;50.72;96.39;160.67;0.27;13.42;1.42;19.27;9.77;10.79;0;62.48;55.86;42.02;48.76;0.97;6.48;7.52;1.11;16.16;87.26;96.32;98.71;704.78;50.78;0;17.59;73.51;59.87;65.34;6.44;0;0;10.18;6.59;6.18;0.17;56.19;0.73;27.14;94.85;99.66;20.39;99.64;98.75;0;0.99;32.53;17.49;1.25;30.97;14.82;41.67;0;7.73;16.87;15.38;0.62;2.62;1.25;101;110;113;96;82;74;81;95;97;78;56;94;42;52;35;25;1255;24;65;112;108;100;93;85;87;95;102;65;57;94;43;35;31;36;30;1238;1077;0;25;1052;28;175;125;126;100;1902;139;413;141;1763;116;274;106;1489;34;38;33;190;460;265;111;68;959;754;618;2493;1875;2121;222;142;1757;2492;2481;434;726;0.68;612;812;634;-22.6738889;-44.4477778
2010;350320;35;3503208;ARARAQUARA;77.64;1.81;10.23;11.87;38.87;95.64;86.6;9.66;10.85;0.92;0.78;3.61;0.85;3.77;1.05;4.31;77.15;80.01;80.34;15.31;13.9;17.34;7.54;6.09;2.32;98.2;103.44;84.2;60.68;44.28;92.3;94.23;68.17;52.79;25.45;48.27;98.11;90.13;33.88;14.31;93.2;95.07;96.78;98.84;98.71;96.37;13.71;1.14;6.83;3.02;1.97;0.45;92.63;91.1;80.07;88.24;91.11;68.73;64.58;64.11;70.15;51.79;70.51;48.39;17.54;352.5;550;815;1347.5;2170;0.5;0.53;1.15;2.64;5.86;11.03;20.93;39.65;4.44;55.3;12.92;25.45;44.7;74.57;12.28;8.55;1080.66;239.93;4284.39;458.02;677.23;1040.07;2982.47;1080.81;41.37;101.66;185.58;0.43;19.59;3.45;2.92;17.11;7.5;0.12;76;76.75;59.28;49.28;1.37;19.18;16.21;1.28;9.88;58.24;74.4;87.29;1561;62.38;3.4;33.65;74.24;69.26;85.52;7.44;23.42;34.99;14.66;6.62;7.35;0.39;61.57;4.01;10.3;99.49;97.75;16.67;99.97;99.92;0.08;0.26;11.71;6.8;1.29;12.28;2.56;21.66;0.13;2.8;8.28;4.5;0.33;1.05;0.08;6026;7321;7940;9273;9484;8891;7621;7247;7023;6225;5209;6121;4039;2825;2172;1633;100655;1605;5744;7126;7933;9147;9450;9028;7983;7830;7924;7099;6002;5912;4897;3529;3046;2305;3052;108007;115314;491;3037;111785;2408;11655;8652;8810;6895;170398;9226;34287;9242;161172;10321;25061;10844;136111;2455;2400;2386;12413;30354;20165;7123;4623;89213;72139;5932;208662;202730;184871;14447;9027;161396;206646;206616;687;834;815;782;877;788;-21.7886713;-48.1773096
2010;350330;35;3503307;ARARAS;76.55;1.68;11.5;13.34;39.36;94.94;85.63;8.57;10.15;1.18;0.98;4.75;1.24;4.99;1.78;5.72;72.08;73.49;83.44;18.11;18.11;13.37;9.81;8.41;3.19;97.89;106.08;77.54;105.98;34.9;87.91;93.2;57.29;81;18.69;37.3;96.18;87.35;28.92;12.58;92.06;94.55;97.83;100;97.54;94.61;14.64;1.2;6.79;4.14;1.13;0.89;90.25;89.86;72.81;80.97;86.48;61.68;56.92;55.33;61.23;44.17;62.21;40.89;13.72;322;502.5;725;1160.4;1760;0.47;0.51;0.78;2.31;4.91;12.34;23.44;38.08;4.93;53.33;13.87;26.92;46.67;75.59;10.98;7.69;921.76;227.24;3509.89;411.98;601.32;910.44;2456.76;921.76;41.82;103.51;188.68;0.39;16.73;2.14;5.4;15.32;7.96;0.06;75.54;70.9;52.48;43.13;1.48;16.36;21.8;0.91;9.99;60.65;77.43;89.94;1413.76;60.39;3.24;25.52;73.71;68.4;85.68;7.73;32.21;38.02;15.45;6.88;8.61;0.34;64.27;2.34;13.84;99.45;98.57;19.21;99.93;99.98;0.08;0.84;16.67;7.94;2.46;15.34;3.96;26.44;0.28;5.68;9.24;5.13;0.29;0.95;0.02;3620;4622;4927;5381;5466;4991;4445;4261;4138;3670;2877;3719;2237;1579;1156;848;58688;751;3498;4352;4782;5256;5443;4874;4544;4344;4236;3875;3096;3572;2433;1848;1463;1196;1343;60155;63137;291;1504;61342;1480;7279;5351;5542;4163;95460;5728;20346;5732;89732;6109;14618;6268;75114;1475;1500;1474;7486;18587;10184;4352;2853;48733;38695;6399;118843;112444;104549;8974;5893;89682;117824;117824;617;791;781;728;859;763;-22.3569477;-47.3838889
2010;350335;35;3503356;ARCO-ÍRIS;73.52;1.47;17.1;19.81;45.05;93.56;81.06;12.42;10.37;2.02;0;15.3;2.39;16.34;0;18.7;80.02;82.95;90.27;9.55;7.79;9.73;10.43;9.26;0;87.85;103.57;51.21;72.94;25.75;86.23;96.28;45.25;64.31;19.14;32.98;98.45;77.76;23.33;5.96;80.45;85.73;100;100;99.27;92.81;14.73;0;4.1;1.45;1.21;2.37;95.79;94.01;78.39;87.38;91.76;44.55;36.61;72.19;73.37;31.98;66.75;25.02;4.91;228.57;350;505;650;883.33;0.4;2.07;5.89;9.52;19.32;24.8;46.33;31.25;5.28;45.46;16.53;33;54.54;68.56;7.56;5.51;520.01;137.28;1625.1;292.52;428.28;559.93;1184.98;520.98;26.6;89.08;159.81;0.3;23.2;0.75;37.17;5.56;3.38;0;57.01;55.19;40.66;40.76;0.48;6.91;11.39;3.9;29.9;87.87;93.8;98.34;741.93;57.61;7.68;41.34;73.41;63.4;87.58;6.61;15.54;45.19;13.72;4.84;5.05;0.27;32.3;17.13;22.71;95.02;99.56;9.4;99.79;99.78;0.1;1.48;22.38;19.55;0.73;28.23;9.2;43.05;0;5.14;11.04;12.94;0.61;1.88;0.22;54;67;92;65;64;68;71;65;67;72;52;60;52;45;32;26;971;19;53;72;73;80;79;67;60;80;57;69;49;50;44;50;29;18;24;954;985;11;40;934;15;99;74;75;57;1542;98;307;98;1444;88;209;76;1235;31;17;20;129;289;239;71;43;769;616;828;1925;1097;1710;139;98;1473;1917;1913;446;866;722;694;809;671;-21.7741308;-50.4668814
2010;350340;35;3503406;AREALVA;75.37;2.18;14.2;16.41;48.42;94.63;83.83;13.09;11.61;1.25;1.66;7.39;1.11;7.73;2.03;8.78;84.49;86.89;87.04;9.18;8.46;10.45;6.33;4.65;2.51;98.07;104.99;79.43;92.89;30.62;92.81;96.12;68.01;66.68;20.19;17.97;99.16;85.89;27.8;6.3;81.32;90.37;95.63;100;99.61;95.9;10.42;1.11;13.17;2;2.03;1.57;92.6;95.64;81.35;84.83;85.79;45.36;39.06;65.12;66.28;31.2;68.78;25.72;7.31;255;422.5;568.33;875;1232.5;0.45;1.15;1.92;4.87;10.07;20.48;38.52;35.89;5.15;50.37;15.09;29.51;49.63;69.74;9.51;6.7;697.3;179.57;2502.93;346.61;502.52;701.77;1762.46;697.55;45.48;101.24;179.57;0.35;28.01;1.82;30.73;9.66;5.57;0.3;59.45;55.38;38.02;33.27;0.79;8.7;15.16;3.09;17.93;77.48;88.94;94.71;962.92;60.93;5.14;38.41;81.72;67.91;84.13;4.14;11.56;12.14;8.16;3.8;0.63;0.27;44.37;3.96;18.92;98.5;99.51;17.08;99.76;100;0;0.48;22.23;18.68;0.39;27.55;7.31;38.89;0;5.38;12.69;4.63;0.47;2.34;0;243;295;295;298;272;265;245;276;307;283;226;252;227;172;133;103;3997;105;194;293;301;281;270;267;254;274;274;244;220;255;204;164;132;101;116;3844;4193;30;144;4019;85;480;349;367;271;6309;362;1175;352;5947;352;813;353;5134;81;99;101;516;1248;1026;293;188;3102;2520;1665;7841;6176;6882;588;376;5918;7817;7814;454;837;744;683;0.84;718;-22.0301906;-48.9111936
2010;350350;35;3503505;AREIAS;73.18;2.85;17.7;20.47;52.73;93.36;80.54;8.9;11.1;1.89;0.43;8.44;1.99;9.17;1.14;10.53;77.84;85.43;70.99;12.58;8.52;19.81;9.58;6.05;9.2;95.69;106.31;69.68;109.88;9.11;91.8;96.83;61.75;84.85;6.03;13.77;96.48;83.67;13.79;2.69;93.64;93.63;95.18;93.59;96.83;93.02;17.7;0;8.79;5.03;0;1.35;94.97;93.65;75.25;85.42;81.41;48;41.89;53.07;48.65;29.85;59.09;26.41;5.32;150;233.33;340;510;705;0.44;3.87;7.31;18.7;31.37;46.33;64.22;34.67;5.07;48.8;14.83;29.04;51.2;72.99;9.35;6.92;396.78;100.61;1375.74;193.58;282;439.51;1017.34;397.22;40.57;95.39;159.96;0.35;15.96;0.56;32.59;8.35;10.99;0.27;62.52;55.89;35.39;36.8;0.27;6.22;6.18;7.17;25.72;88.37;93.31;98.04;707.03;52.06;5.57;24.26;68.74;61.54;70.37;7.07;0;16.33;17.3;6.8;4.88;0.25;54.24;1.3;20.76;96.67;99.21;30.87;98.89;99.14;0.43;0.49;33.51;6.36;3.17;27.47;17.33;37.6;0;10.63;19.83;18.67;0.97;1.95;0.86;127;176;182;148;131;134;132;125;129;118;81;146;50;59;40;20;1831;33;141;187;167;135;132;151;132;133;99;99;72;170;70;49;45;28;55;1865;1619;20;59;1539;49;265;201;203;164;2749;230;632;216;2519;177;402;165;2117;55;72;51;342;762;329;187;123;1367;1065;1218;3696;2478;3109;363;245;2501;3636;3632;0.48;796;697;672;803;627;-22.5800929;-44.6975127
2010;350360;35;3503604;AREIÓPOLIS;74.37;2.42;15.7;18.2;45.2;94.06;82.35;5.78;10.94;1.89;0.52;10.33;1.6;11.11;2.13;13.56;70.8;76.33;73.45;17.02;15.78;23.76;12.18;7.89;2.79;95.21;105.64;66.22;75.63;11.11;87.21;91.38;50.65;72.21;6.12;10.39;96.05;84.71;16.25;7.01;84.35;88.73;95.5;97.88;97.33;93.99;22.67;2.25;12.14;4.69;0.82;0.82;80.58;82.42;60.63;65.03;68.6;42.84;36.36;43.28;42.96;25.88;47.96;21.57;4.11;266.67;398;540.33;766.67;1015;0.36;0.65;0.69;4.7;7.09;18.31;28.07;27.4;6.69;42.81;18.54;34.78;57.19;81.87;5.91;4.61;570.09;190.71;1561.92;337.87;462.81;638.91;1217.96;570.09;41.9;109.66;183.98;0.22;5.86;1.41;37.73;8.23;2.44;0.14;85.92;50.03;31.75;23.55;0.34;5.44;23.92;0.67;10.99;71.96;89.8;97.9;979.65;61.94;6.65;44.46;81.93;70.82;86.12;8.41;60.53;30.1;12.58;6.63;7.93;0.18;81.86;1.19;9.01;99.11;88.64;26.06;100;100;0.1;0.36;26.77;15.65;2.67;27.45;7.01;29.65;0;8.75;17.92;6.31;1.12;1.25;0;388;512;504;582;496;437;430;408;330;257;188;465;158;114;79;51;5453;54;394;473;478;518;443;389;426;351;306;249;205;443;133;119;89;63;47;5126;5526;66;270;5191;165;792;607;583;462;7863;579;2076;583;7284;608;1497;634;5787;153;182;181;913;2076;611;472;291;3799;2805;1178;10579;9401;8922;985;607;7330;10547;10547;428;0.7;695;594;823;686;-22.6758064;-48.6673653
2010;350370;35;3503703;ARIRANHA;73.75;2.29;16.7;19.35;42.9;93.7;81.42;9.25;11.75;1.2;0.74;7.87;0.87;8.33;4.42;9.77;83.99;87.59;81.05;11.63;8.85;15.75;4.38;3.57;3.2;101.16;109.4;77.81;89.66;22.63;91.71;96.65;57.98;77.31;15.04;26.45;99.15;80.78;22.41;3.51;98.36;98.87;100;100;99.62;94.71;11.3;0;17.73;4.05;2.97;1.98;97.49;98.92;78.82;85.59;82.88;43.51;35.76;50.78;57.22;29.64;64.09;24.21;6.83;340;508.33;666.67;955;1250;0.4;0.47;0.8;2.34;4.33;10.66;22.58;32.49;6.25;46.54;17.53;32.65;53.46;76.37;7.41;5.33;751.35;234.81;2440.96;423.78;567.81;782.02;1753.79;751.35;48.62;99.9;179.69;0.28;11.64;1.98;9.43;7.22;3.59;0;77.14;53.03;36.56;34.36;0.47;9.06;40.98;1.06;14.11;59.96;81.66;94.51;1180.16;61.32;9.33;36.38;75.27;68.17;85.38;6.86;40.31;37.09;11.06;5.4;1.79;0.27;68.88;2.41;14.02;95.76;98.9;22.33;100;99.9;0.1;0.53;27;1.64;0.38;27.51;5.32;33.19;0;10.29;14.22;3.89;0.34;0.48;0.1;293;347;331;412;419;368;329;307;273;245;210;295;176;108;99;88;4366;66;270;303;305;389;350;328;342;296;266;246;224;267;165;120;115;104;91;4181;4537;61;142;4334;118;499;367;385;322;6772;406;1437;393;6366;408;1031;427;5335;123;120;109;593;1355;791;303;202;3341;2647;453;8547;8094;7399;650;391;6358;8532;8532;435;818;733;663;813;0.73;-21.18716;-48.790418
2010;350380;35;3503802;ARTUR NOGUEIRA;74.63;1.64;15.3;17.72;42.08;94.22;82.75;6.65;9.93;1.38;1.45;5.55;0.64;5.83;1.35;6.96;71.64;74.51;81.1;17.06;15.01;18.9;11.3;10.48;0;91.49;103.72;57.78;76.35;24.73;86.14;92.75;46.54;65.92;15.38;23.54;96.59;81.1;23.54;7.69;81.92;87.98;96.59;100;98.29;93.71;17.81;0.55;11.54;2.88;1.3;0.4;87.39;83.38;65.41;72.54;82.04;55.42;49.85;52.72;53.73;35.78;57.79;32.02;7.95;317.22;484;650;993.8;1392.5;0.46;0.43;0.45;3.01;5.05;13.4;22.35;38.33;5.24;52.6;14.78;28.38;47.4;82.3;10.37;6.97;823.24;215.64;3155.65;392.84;559.7;782.71;2119.53;823.66;37.32;96.36;182.14;0.37;14.31;3;13.46;16.51;7.55;0.47;73.36;62.4;41.26;32.67;0.86;8.47;20.79;1.95;10.49;66.6;83.78;92.83;1302.26;66.65;7.38;49.29;86.41;75;86.55;7.95;40.27;29.77;10.37;6.5;5.63;0.36;61.39;4.74;15.04;96.64;99.65;24.98;99.83;99.94;0;0;21.88;18.08;1.71;20.67;5.22;27.94;0.7;7.53;15.06;4.24;0.53;0.93;0.06;1543;1902;1921;2132;2158;1860;1750;1565;1424;1138;916;1673;723;529;349;263;22075;229;1522;1874;1782;2017;2153;1925;1742;1611;1417;1182;951;1631;727;540;407;287;334;22102;25249;279;1165;23805;579;2966;2239;2236;1846;34032;2200;7852;2218;31832;2300;5652;2287;26180;640;651;645;3463;7931;2938;1874;1095;17075;13276;4179;44177;39998;37880;3776;2364;31740;44074;44052;554;755;749;681;827;745;-22.572737;-47.172679
2010;350390;35;3503901;ARUJÁ;76.95;2;11;12.76;43.05;95.16;86.18;5.23;10.75;1.27;0.98;4.91;0.92;5.21;1.07;6.13;77.75;81.44;79.97;13.74;12.21;15.73;8.52;6.35;4.3;100.35;108.62;76.04;86.69;28.99;87.43;91.54;52.6;74.2;15.59;22.89;97.96;88.64;27.85;13.45;89.58;92.54;97.05;99.26;98.2;95.77;16.17;3.28;9.85;4.68;2.25;0.22;91.43;88.24;73.38;79.38;83.79;62.43;57.86;54.04;60.56;44.65;62.64;41.25;11.44;252.5;403.33;590;1000;1700;0.56;1.89;3.17;6.21;10.52;21.4;33.09;47.4;3.6;61.51;10.8;21.62;38.49;81.16;17.56;11.4;910.67;163.73;4316.85;327.93;492.84;768.29;2802.74;912.42;36.75;85.63;169.99;0.56;21.74;3.42;2.9;15.16;8;0.57;66.34;69.26;52.12;43.86;1.18;13.57;21.87;1.68;12.28;62.87;77.67;88.43;1607.42;59.56;6.02;31.49;75.3;69.07;81.79;10.16;31.89;29.16;17.22;9.22;11.48;0.48;54.35;2.52;16.75;98.76;94.13;38.79;99.76;99.94;0.96;0.2;17.01;10.42;1.8;15.52;5.1;27.47;0;4.44;16.61;7.09;1.36;1.07;0.06;2737;3673;3483;3356;3221;3121;2720;2734;2256;2055;1683;3063;1110;728;425;304;36939;270;2605;3439;3235;3214;3477;3282;3053;2746;2555;2171;1710;3112;1180;747;560;401;479;37966;37736;428;1293;36015;1058;5689;4270;4280;3191;56276;4080;13288;4002;52196;3925;9208;3836;42988;1093;1206;1181;6392;14849;3914;3439;1947;28810;22361;2989;74905;71916;63359;7112;4105;52142;74649;74506;624;0.79;784;0.73;866;761;-23.396266;-46.3175449
2010;350395;35;3503950;ASPÁSIA;76.83;2.1;12.1;13.98;43;95.39;85.92;10.06;12.18;1.11;0.98;13.16;1.27;14.24;8.6;16.28;85.44;91.44;81.68;8.44;3.54;16.08;6.11;5.02;2.24;92.66;96.09;85.32;94.1;43.77;89.54;90.22;72.44;70.58;33.08;38.49;95.58;92.4;44.65;13;84.16;87.34;86.55;94.41;96.93;95.49;11.13;0;3.48;3.23;2.11;1.15;89.62;79.39;75.53;86.52;95.91;42.21;33.43;76.05;76.09;29.28;81.6;21.62;5.98;255;363.6;507.5;802.5;1100;0.44;1.71;3.53;5.08;10.44;21.32;37.04;35.08;5.67;50.54;15.98;30.12;49.46;66.17;8.78;6.28;619.43;175.63;2172.77;319.15;438.06;598.99;1553.89;619.43;33.89;95.73;175.63;0.36;32.47;2.51;43.43;7.43;3.64;0.22;49.48;54.01;37.72;29.19;1.21;9.36;10.03;5.59;26.27;81.34;88.84;97.08;831.98;57.96;11.92;24.76;84.32;64.56;77.98;6.22;0;20.58;11.47;5.94;6.02;0.23;22.82;12.33;24.29;84.96;99.69;8.66;100;99.89;0.1;0;16.26;15.84;3.07;25.76;7.22;46.42;0;5.58;10.19;2.43;0;3.67;0.11;42;65;73;73;61;48;63;84;71;63;51;60;43;50;26;19;907;15;47;63;78;69;50;58;71;78;68;56;56;49;48;37;30;19;25;902;934;15;24;895;15;90;71;64;45;1254;102;259;82;1152;61;157;76;995;16;19;18;94;257;182;57;50;630;504;552;1809;1257;1612;128;98;1386;1806;1806;422;819;735;657;864;699;-20.160028;-50.728046
2010;350400;35;3504008;ASSIS;76.91;1.77;11;12.76;40.99;95.14;86.13;9.95;10.41;0.66;0.86;4.11;1.11;4.3;1.39;4.9;75.35;77.04;82.43;15.93;15.67;14.19;8.71;7.29;3.39;96.66;103.51;78.3;98.75;42.77;91.13;94.95;62.07;80.63;24.85;40.25;98.8;85.4;32.73;13.23;93.03;95.13;97.18;99.2;98.93;95.25;13.31;0.92;8.89;3.28;2.05;2.95;93.08;92.97;76.37;84.05;91.14;68.89;64.68;65.72;68.85;52.16;72.04;48.99;17.67;325;505;724;1171.67;1900;0.5;0.33;0.86;3.24;7.15;14.1;26.49;40.66;4.47;55.86;13.1;25.38;44.14;74.23;12.41;8.53;967.39;216.19;3933.36;417.52;593.9;907.42;2701.79;967.64;40.12;103.11;184.42;0.43;19.82;3.9;4.95;20.01;8.29;0.14;69.84;77.24;61.95;52.92;1.2;19.86;8.86;1.93;11.45;64.11;78.62;89.43;1435.04;59.75;3.26;31.99;68.78;66.63;80.45;6.97;23.3;28.74;14.61;6.29;8.16;0.41;50.87;8.6;15.35;99.76;99.75;15.51;99.87;99.97;0.12;0.43;9.87;6.97;1.07;12.15;3.2;23.82;0.28;7.41;7.34;5.91;0.19;1.14;0.03;2919;3485;3797;4282;4145;3850;3470;3272;3179;2836;2374;2903;1847;1369;1048;755;46317;786;2767;3296;3577;4154;3920;3919;3533;3644;3541;3280;2736;2819;2128;1749;1401;1129;1234;48827;50029;221;1352;48456;1154;5425;4067;4061;3378;76955;4311;15810;4309;72644;4761;11499;4964;61145;1154;1125;1106;5953;14261;9471;3296;2091;39945;32214;4153;95144;90991;83733;6781;4227;72725;93038;93014;689;831;805;781;865;771;-22.6620892;-50.420623
2010;350410;35;3504107;ATIBAIA;76.03;1.81;12.77;14.81;44.19;94.91;84.6;8.89;9.68;1.51;1.08;4.92;1.27;5.17;1.71;5.9;67.6;70.32;76.37;19.1;18.09;19.16;13.3;11.59;4.47;108.01;117.07;82.13;84.33;32.49;86.27;91.52;47.02;67.36;15.14;28.27;96.3;84.72;30.54;17.62;80.79;85.45;90.05;94.93;97.31;94.04;19.09;2.66;7.35;6.7;1.82;1.32;86.95;86.38;66.31;74.12;78.15;58.02;54.22;44.56;49.2;38.32;51.19;36.26;14.24;320;504;746.67;1326.67;2175;0.53;0.95;1.93;4.52;8.95;14.3;26.59;43.05;3.87;58.94;11.61;22.96;41.06;77.75;14.84;10.04;1063.52;205.54;4578.4;411.59;603.8;962.61;3099.2;1064.06;39.85;96.65;172.63;0.5;23.22;3.89;7.69;15.6;9.6;0.11;64.76;62.85;42.54;44.4;0.83;15.14;15.09;2.07;9.73;62.52;76.23;86.35;1615.57;61.11;6.29;30.71;73.35;69.31;82.37;5.71;33.4;25.41;10.61;4.84;3.89;0.44;52.86;1.96;16.24;97.66;91.44;29.87;99.44;99.96;2.4;0.59;24.4;19.21;2.69;20.72;5.94;28.99;0;3.78;16.18;5.2;0.21;1.12;0.04;4145;5400;5226;5559;5347;5132;4731;4265;4150;3617;2936;4612;2234;1738;1328;889;62211;902;3840;5069;4945;5219;5455;5312;4916;4670;4525;3851;3141;4391;2606;2100;1566;1225;1561;64392;66960;659;1902;64400;1606;8263;6170;6234;4713;98613;6123;20792;6044;92490;6115;14669;6195;77821;1633;1780;1692;9350;21667;11260;5042;2997;50824;40717;11374;126603;115229;109571;10469;6191;92911;125501;125437;0.58;0.72;765;0.67;851;786;-23.1177393;-46.5547861
2010;350420;35;3504206;AURIFLAMA;75.41;1.5;14.1;16.34;41.05;94.65;83.89;10.93;10.26;0.9;0.54;7.43;0.94;7.9;1.28;9.19;82.23;81.51;85.23;10.44;9.71;13.73;7.33;8.78;1.04;93.8;95.86;89.11;88.87;27.63;88.47;91.88;67.79;81.94;19.95;18.85;97.3;81.57;26.99;4.52;89.12;93.2;100;100;98.78;93.53;2.82;0.68;6.01;4.7;4.43;2.03;93.77;90.85;83.75;86.68;90.58;54.84;48.16;64.96;66.61;40.12;69.52;35.16;11.09;333.33;468.83;620;905;1380;0.47;0.27;0.61;1.41;2.36;12.08;22.67;40.72;5.75;53.8;15.43;28.33;46.2;72.36;10.56;6.97;829.68;238.63;3378.21;401.28;535.22;741.61;2228.84;829.68;37.26;100.52;197.16;0.38;24.32;2.09;14.48;13.95;6.82;0;65.26;65.03;48.23;27.47;0.55;12.65;30.33;1.16;11.85;74.83;87.33;93.97;1116.18;64.8;7.6;56.94;82.6;70.4;89.16;4.94;30.96;23.13;8.91;3.71;2.58;0.31;49.04;5.14;18.56;98.67;99.06;12.05;99.08;100;0.11;0.13;11.82;10.88;1.22;19.49;2.74;32.48;0;5.56;7.28;4.79;0.49;0.61;0;365;508;640;647;534;534;488;563;521;429;360;457;314;259;192;145;7102;146;385;463;606;546;561;565;546;543;520;445;370;403;337;256;229;161;164;7100;8168;74;410;7685;152;781;564;593;453;11621;740;2439;749;10881;736;1699;718;9182;145;178;184;872;2145;1552;463;363;5849;4697;1254;14202;12948;12606;971;720;10915;14153;14153;548;856;773;738;0.84;746;-20.6840418;-50.5554616
2010;350430;35;3504305;AVAÍ;74.77;2.11;15.1;17.47;46.63;94.29;82.95;8.29;10.71;1.55;1.83;7.86;1.02;8.43;1.97;9.94;73.91;80.76;71.28;14.76;12;24.79;11.34;7.24;3.93;81.44;95.54;47.99;87.34;16.24;79.49;86.71;38.44;77.55;10.6;12.24;98.73;86.18;20.81;4.92;83.53;89.68;97.71;100;99.38;95.47;19.34;0;0;2.28;1.92;1.95;90.22;83.13;65.63;82.03;79.58;49.67;43.57;43.56;45.82;27.4;46.94;23.64;5.07;163.2;290;480;725;1067.5;0.47;4.44;9.95;14.95;28.77;36.14;58.25;35.3;3.97;51.75;12.23;26.51;48.25;72.46;11.54;8.46;531.2;105.34;1874.91;219.51;379.18;577.61;1374.1;538.85;21.06;88.68;150.25;0.4;19.88;0.79;46.37;7.68;5.03;0;64.24;54.15;30.98;31.71;0.9;6.13;4.31;6.05;16.96;75.77;88.04;96.42;900;53.04;5.2;23.8;59.92;62.22;68.81;7.15;0;26.4;15.51;6.53;11.01;0.26;55.38;4.08;14.28;89.12;99.08;26.22;99.9;99.63;0.38;2.37;24.25;16.47;0.62;24.74;9.29;34.69;1.04;14.46;23.68;12.24;0.76;1.24;0.37;180;255;254;213;172;186;174;154;171;138;126;188;110;66;51;30;2506;38;157;207;251;198;183;180;181;182;159;140;122;179;88;71;65;43;47;2453;2255;24;79;2152;69;387;298;286;205;3793;328;916;284;3465;269;588;264;2877;63;60;67;382;989;411;207;162;1910;1461;1629;4959;3330;4251;462;330;3459;4915;4845;497;743;714;0.65;0.83;674;-22.1564662;-49.3316395
2010;350440;35;3504404;AVANHANDAVA;74;2.29;16.3;18.89;46.09;93.85;81.79;6.45;10.13;2.04;2.51;8.75;2.39;9.24;3.57;10.78;69.65;73.31;79.24;13.87;12.66;17.84;16.49;14.03;2.92;100.82;112.99;65.4;89.96;8.66;88.23;92.7;43.3;75.37;5.03;27.51;97.46;77.83;16.24;6.65;92.23;92.78;96.45;93.69;97.21;92.26;23.72;2.79;7.38;3.94;2.81;1.02;87.97;91.52;59.58;69.39;75.87;51.82;45.14;29.75;30.34;26.28;34.59;25.15;5.8;237.5;362.5;510;760;1005;0.42;1.36;2.15;5.21;7.3;24.46;36.25;32.81;5.81;48.04;15.95;30.95;51.96;77.86;8.23;6.01;579.71;168.34;1902.29;293.95;434.8;609.05;1389.56;579.71;42.01;93.33;184.1;0.31;10.98;1.38;14.8;8.96;4.55;0;76.76;56.03;36.84;31.83;0.77;8.04;34.86;1.87;14.61;69.29;85.15;94.72;1052.39;48.33;3.16;26.17;48.39;54.87;56.78;8.6;28.08;20.95;18.96;8.09;11.05;0.32;68.32;2.66;15.69;99.58;99.8;25.61;99.86;100;0;0.2;25.94;7.77;2.79;26.8;10.56;33.1;1.1;3.44;13.83;12.38;1.13;1.62;0;416;458;510;903;777;566;451;428;353;299;216;384;173;113;81;63;6249;58;364;472;466;457;413;346;385;358;310;277;213;387;198;138;117;84;76;5061;4700;29;142;4528;160;735;547;542;435;7646;558;1857;588;7088;568;1299;525;5789;182;150;146;806;1906;730;471;285;3831;2911;1747;11310;9563;9724;930;542;8252;10128;10128;518;684;705;623;817;688;-21.4603331;-49.9465156
2010;350450;35;3504503;AVARÉ;76.97;1.84;10.49;12.17;43.01;95.2;85.37;8.81;10.1;1.35;1.04;4.81;1.33;5.06;1.7;5.79;71.15;74.27;76.37;17.13;15.28;19.91;11.73;10.45;3.72;94.64;103.8;68.34;83.83;21.63;88.12;94.06;50.33;70.38;12.03;32.65;96.87;80.78;20.27;6.63;88.55;92.21;97.13;99.38;97.88;93.47;17.04;0.89;7;4.09;1.28;0.29;89.51;91.27;69.44;76.34;78.94;58.22;54.04;47.68;50.32;40.32;52.39;38.3;14.15;302.5;477.2;665;1080;1666.67;0.47;1.08;2.51;3.83;8.92;15.09;30.14;37.48;4.74;53.39;13.79;26.91;46.61;74.49;10.87;7.7;854.42;202.41;3202.08;386.61;560.56;841.53;2267.7;854.55;36.35;90.73;176.63;0.4;19.86;2.27;8.46;17.04;7.39;0.03;71.97;66.41;47.13;46.64;1.01;14.84;15.3;1.32;10.68;66.97;80.15;91.4;1280.42;59.7;3.94;29.97;71.87;67.44;79.88;5.03;24.11;24.24;10.1;4.38;5.44;0.34;54.59;8.8;13.39;98.8;99.33;22.2;99.83;99.84;0.11;0.32;20.79;11.45;2.12;19.54;5.44;27.34;0.31;5.6;13.88;6.63;0.52;0.83;0.16;2737;3258;3447;3908;3750;3639;3120;2769;2597;2255;1971;2972;1542;1134;854;615;41136;568;2673;3232;3284;3507;3482;3464;3046;2826;2787;2641;2216;2757;1742;1275;1077;811;978;41798;42843;256;1150;41437;1082;5243;3913;3973;3195;65276;4028;14139;4015;61248;4126;10111;4317;51137;1130;1176;1145;5793;13695;7310;3230;1978;33123;26336;3543;82934;79391;71767;6490;3837;61440;80833;80821;582;759;767;695;866;751;-23.1045215;-48.9259103
2010;350460;35;3504602;BADY BASSITT;73.31;1.64;17.5;20.21;40.81;93.44;80.75;8.34;11.1;1.06;0.57;3.9;0.87;4.11;0.75;4.68;75.95;79.7;81.94;13.85;11.48;16.68;10.2;8.82;1.37;118.03;124.38;101.31;68.58;33.97;90.97;94.9;56.49;56.39;15.77;38.91;98.01;89.53;27.8;16.48;95.26;96.59;98.55;100;98.53;96.05;18.56;2.25;32.01;6.24;2.13;0;93.23;93.35;69.66;77.36;82.93;57.97;53.72;46.8;55.66;40.98;54.69;38.48;9.93;375;530;700;1040;1466.67;0.36;0.06;0.15;0.95;2.07;8.24;14.02;28.57;6.97;43.88;18.78;34.36;56.12;83.67;6.09;4.69;783.57;273.15;2238.86;462.46;610.63;852.45;1726.75;783.57;40;110.5;200.17;0.22;21.3;3.01;5.75;19.75;8.19;0.06;68.53;65.68;47.6;40.71;0.22;10.98;17.44;1.04;8.94;63.24;81.31;93.14;1207.98;65.48;3.92;32.87;83.31;74.37;86.89;4.37;20.98;23.44;6.51;3.71;3.56;0.24;56.36;3.88;14.59;99.07;98.44;15.85;100;100;0;0.1;16.29;4.74;1.47;19.32;3.03;28.09;0.82;1.94;5.93;3.81;0.16;0.52;0;440;607;607;599;570;647;594;584;518;431;337;484;252;214;171;109;7249;85;447;576;542;560;632;647;677;573;487;477;353;460;284;208;185;117;129;7354;8364;46;239;8078;177;939;707;694;527;11589;697;2308;683;10892;689;1611;680;9281;183;179;175;1009;2412;1218;576;321;5871;4769;944;14603;13659;12773;1183;728;10862;14593;14593;0.58;771;746;701;805;737;-20.9178969;-49.4517911
2010;350470;35;3504701;BALBINOS;73.55;1.9;17.1;19.75;47.52;93.58;81.11;4.46;11.4;2.6;1.79;10.68;1.27;11.17;2.46;12.96;86.38;89.06;90.86;7.31;5.05;0;6.31;5.89;9.14;101.51;106;88.2;105.97;5.67;95.61;98.91;72.95;83.9;3.88;10.53;97.46;85.86;6.21;2.42;100;100;100;100;98.91;95.61;12.91;0;16.1;1.37;0;0;92.09;91.43;87.09;95.5;28.08;25.87;25.34;29.93;18.95;17.25;22.56;16.84;1.27;211;400;575;825;1150;0.38;0;0;8.17;22.42;22.46;44.19;27.94;5.18;43.58;15.94;33.02;56.42;70.91;7.01;5.51;586.02;151.89;1637.52;315.12;500.63;685.65;1287.06;586.02;0;114.93;160.11;0.26;5.27;1.09;9.67;6.08;6.21;0;39.11;53.72;42.88;47.51;0.26;3.52;29.9;3.68;51.62;86.74;91.65;97.17;596.86;35.73;1.4;24.39;26.97;36.94;35;16.03;0;35.2;26.75;15.83;29.27;0.58;29.47;8.12;52.07;91.93;100;20.07;100;100;0;0;17.96;0;1.09;20.1;3.94;35.52;0;0;6.55;7.49;0.73;3.68;0;45;53;73;537;734;612;334;181;129;75;64;40;41;28;23;18;3002;15;40;46;45;66;70;42;48;50;36;53;44;50;21;27;21;20;21;700;1262;1;15;1246;17;77;58;60;51;1086;56;214;60;1030;51;158;49;872;17;19;15;91;209;165;45;25;559;449;2511;3702;1191;3532;99;60;3373;1365;1365;259;773;669;537;809;0.69;-21.9006253;-49.3583966
2010;350480;35;3504800;BÁLSAMO;75.08;1.49;13.4;15.54;42.23;94.12;83.56;11.99;11.08;0.86;1.2;7.59;1.03;7.93;0.46;9.02;84.24;86.92;86.24;8.96;7.63;10.86;6.8;5.45;2.9;140.44;140.38;140.56;91.31;28.68;87.65;93.38;62.01;75;11.53;31.63;98.02;87.23;26.24;25.44;84.36;90.36;95.22;100;98.99;95.5;9.07;2.53;5.28;8.85;1.24;0;90.09;88.39;82.2;82.14;93.96;51.52;45.13;55.3;64.43;34.94;70.05;30.5;8.88;345;506.67;700;987;1300;0.44;0.47;0.77;1.62;2.72;10.83;17.45;36.41;5.81;49.7;16.08;30.34;50.3;78.35;9.06;6.1;832.51;242.01;3031.54;427.38;593.51;830.81;2042.65;832.51;12.52;85.33;190.64;0.34;23.95;1.19;12.99;13.45;7.22;0;61.13;62.41;43.4;40.28;0.67;10.23;22;0.58;12.97;66.65;85.06;94.5;1264.37;60.1;3.31;43.1;80.97;66.15;90.2;1.89;5.36;11.71;5.06;1.5;0.58;0.35;49.05;1.44;23.79;98.84;100;13.28;99.65;100;0;0;19.96;15.64;1.01;21.24;4.62;35.99;0;7.34;9.73;2.55;0.17;1.32;0;220;288;309;322;334;305;284;320;318;251;241;213;167;146;111;84;3998;85;228;276;282;298;322;348;314;312;323;257;233;217;199;175;151;105;122;4162;4389;19;163;4207;78;467;346;368;263;6704;333;1207;332;6371;392;874;405;5497;106;83;86;443;1140;978;275;147;3435;2857;686;8160;7474;7302;564;379;6359;8145;8145;515;807;756;695;835;746;-20.7343722;-49.5807484
2010;350490;35;3504909;BANANAL;77.29;2.14;11.5;13.27;49.21;95.62;86.54;9.95;10.86;1.52;1.61;8.02;1.69;8.46;1.66;9.69;75.2;80.96;72.17;13.5;10.28;21.61;11.3;8.76;6.22;93.28;101.63;69.63;85.12;23.46;87.65;90.88;50.19;70.56;9.51;14.12;97.03;83.4;21.12;8.87;78.28;83.99;90.13;94.21;97.12;93.54;20.32;1.62;6.45;5.49;2.81;0.56;87.78;87.85;70.18;81.54;78.64;48.07;42.69;56.04;56.27;34.57;51.29;30.75;9.08;184;286.5;461.67;727.5;1130;0.51;2.06;4.53;11.21;21.25;36.45;55.24;40.99;4.26;56.18;12.11;24.54;43.82;62.29;13.54;9.29;595.74;126.89;2442.2;233.78;370.44;574.13;1674.7;598.85;31.85;96.53;171.59;0.45;25.09;2.3;15.34;11.05;10.57;0.96;57.51;54.06;40.05;43.84;1.83;10.1;8.62;2.75;23.19;80.77;89.57;96.88;819.53;56.69;6.94;21.26;71.85;65.34;74.64;6.46;0;7.63;18.88;6.51;7.12;0.3;44.7;3.56;21.82;91.68;99.07;20.76;100;98.28;0.06;1.27;31.67;21.72;2.88;28.92;12.63;38.98;0;9.41;26.43;13.67;0.43;2;1.72;395;439;438;392;409;411;330;358;329;267;238;371;227;144;121;96;5051;86;320;467;414;384;380;398;388;344;349;323;254;361;217;176;144;102;151;5172;4990;63;112;4815;129;725;533;550;418;7826;496;1622;483;7330;507;1126;509;6204;160;141;156;761;1832;1017;462;236;4007;3210;2066;10223;8157;8802;906;527;7369;10154;10101;481;0.76;733;653;872;693;-22.6828195;-44.3221095
2010;350500;35;3505005;BARÃO DE ANTONINA;74.22;2.31;16;18.48;53.53;93.98;82.12;9.47;10.57;1.44;0.67;9.32;1.4;9.98;0.6;11.43;76.96;78.35;88.55;15.38;15.2;11.45;7.66;6.45;0;100.76;108.53;76.19;54.24;24.64;94.56;96.36;62.89;51.3;9.61;23.37;100;87.4;14.06;8.97;83.04;88.04;100;100;100;96.97;17.51;0.65;31.74;1.08;2.68;0.89;96.88;97.21;77.63;80.06;79.01;39.42;32.37;58.59;50.61;24.09;57.46;19.37;5.62;193;295;450;630;1003.33;0.47;2.53;2.75;11.05;18.4;33.13;48.41;38.36;4.78;52.56;13.93;27.55;47.44;71.69;11.02;7.51;536.63;128.37;2058.36;245.28;365.51;533.76;1402.55;536.63;37.34;95.14;170.13;0.4;25.71;2.86;34.98;10.81;6.47;0;39.41;47.83;30.08;30.47;2.41;6.81;13.99;8.18;41.02;82.48;92.21;97.1;806.97;60.55;15.08;49.41;79.19;67.11;84.14;3.47;2.42;11.29;9.68;3.11;8.2;0.46;13.88;16.82;32.8;79.9;98.28;19.37;98.1;99.8;0.81;1.22;30.78;16.96;0;32.95;11.94;52.12;0;5.39;13.35;7.86;1.55;2.48;0.2;116;141;136;120;90;109;96;94;109;115;95;134;73;49;52;31;1591;31;108;141;116;114;100;124;96;99;109;96;73;119;64;62;42;26;36;1525;1603;43;75;1485;45;209;151;164;120;2124;150;436;137;1974;125;286;129;1688;33;44;57;233;547;295;126;67;1041;835;1203;3116;1913;2647;282;152;2213;3085;3085;394;833;711;649;0.82;676;-23.6295651;-49.5632104
2010;350510;35;3505104;BARBOSA;75.57;2.22;13.9;16.06;49.36;94.74;84.13;8.93;10.29;1.78;1.4;9.96;2.08;10.62;3.35;12.31;70.44;73.55;76.97;17.6;17.16;18.7;11.96;9.3;4.33;97.22;106.88;69.69;66.61;12.63;89.31;94.58;50.18;59.36;7.55;26.5;96.64;78.6;15.43;5.26;87.72;91.51;97.11;100;98.37;93.24;18.77;0.66;18.06;6.06;1.87;0.69;86.73;89.55;63.44;71.24;72.26;42.58;36.65;36.86;44.32;26.13;42.98;22.49;5.67;239.71;347.33;499;697.5;950;0.4;0.45;0.3;7.67;15.19;24.75;40.79;31.06;5.93;46.35;16.69;32.38;53.65;73.57;7.44;5.56;536.37;159.13;1665.9;288.42;420.72;570.61;1243.39;536.37;30.4;106.32;176.24;0.28;9.76;2.23;17.83;7.38;4.98;0.08;74.36;51.6;32.51;28.6;0.61;7.14;39.24;0.75;12.41;78.61;91.14;96.2;957.03;51.9;2.59;30.96;72.04;60.17;78.16;7.57;14.38;32.56;11.45;6.55;4.84;0.21;67.32;0.83;19.12;98.54;98.69;24.77;99.95;99.25;0.35;0;34.69;12.28;1.63;32.39;9.7;38.28;0;12.26;20.99;9.03;0.92;1.79;0.75;237;321;306;302;247;261;227;227;212;197;150;242;130;88;68;56;3323;52;223;307;264;255;230;239;215;248;234;173;161;259;137;113;98;60;54;3270;2917;16;110;2791;88;505;364;377;284;4999;356;1125;324;4643;329;769;349;3874;88;98;105;525;1279;589;307;166;2479;1961;1018;6593;5575;5621;628;354;4638;6414;6414;426;0.71;699;599;843;676;-21.265661;-49.951816
2010;350520;35;3505203;BARIRI;77.04;2;11.8;13.65;47.46;95.5;86.21;11.01;9.93;1.04;1.2;5.85;0.88;6.15;1.33;7.08;77.79;78.1;82.78;13.33;12.76;14.76;8.88;9.14;2.47;93.44;101.15;71.04;105.01;22.37;84.8;90.13;60.43;77.59;12.15;31.28;94.68;77.53;17.18;7.58;98.88;97.71;97.75;94.91;96.33;91.52;5.81;1.84;17.67;1.59;1.06;0;88;83.13;72.91;74.95;78.19;51.55;46.79;40.92;48.68;32.59;45.25;29.72;9.67;332;502;650;965;1400;0.42;0.25;0.32;2.58;5.71;12.9;24.99;34.23;5.66;49.23;16.26;30.67;50.77;72.26;8.42;6.03;781.34;221.08;2674.64;414.08;562.91;785.33;1915.01;781.97;8.94;94.39;180.39;0.31;19.88;2.22;12.03;16.16;7.12;0;73.58;58.65;38.51;33.08;0.92;10.23;26.29;1.28;10.65;68.62;83.63;94.23;1132.53;60.46;5.93;39.62;77.37;67.77;83.55;4.07;41.1;17.06;6.13;3.24;2.15;0.25;61.37;1.41;13.99;99.52;99.44;19.12;99.92;99.98;0;0.08;20.47;1.12;3.67;21.47;4.08;30.14;0.7;4.38;16.33;4.69;0;0.77;0.02;1009;1303;1257;1388;1364;1195;1108;1080;1106;945;813;1141;601;475;406;300;15816;325;932;1263;1168;1199;1262;1171;1070;1068;1084;1029;828;1040;691;592;480;414;486;15777;16568;152;583;15833;386;2021;1499;1533;1135;24891;1501;5012;1399;23390;1395;3511;1459;19879;420;426;402;2297;5334;3478;1263;702;12537;10170;1618;31593;29975;27402;2566;1472;23364;31448;31422;516;749;0.75;662;867;736;-22.0746355;-48.7394852
2010;350530;35;3505302;BARRA BONITA;77.12;1.3;10.8;12.53;38.22;95.25;86.41;9.65;10.77;0.83;0.44;5.58;1.2;5.87;1.32;6.67;78.96;80.09;86.98;15.22;14.64;11.89;5.82;5.27;1.13;105.35;113.39;84.38;100.85;32.26;91.74;98.4;62.28;83.97;19.59;34.67;99.59;87.28;30.52;12.01;97.6;98.17;100;100;99.8;96.34;10.46;0.59;12.44;4.34;0.62;1.14;96.83;96.86;77.48;86.46;88.68;58.45;53.24;57.97;65.11;42.97;66.71;39.16;12.37;337.5;520;752.5;1163.33;1700;0.45;0.3;0.72;1.54;3.51;10.45;20.5;36.22;5.42;51.19;14.81;28.67;48.81;76.08;9.79;6.89;915.28;248;3315.58;429.64;634.6;921.41;2333.32;915.28;44.57;102.41;196.78;0.35;17.23;3.38;3.4;13.92;6.22;0.18;74.56;67.65;51.62;40.71;1.13;14.7;29.04;1.54;12.48;64.71;80.57;90.54;1340.08;61.79;1.3;29.14;78.68;69.07;89.16;5.97;59.6;32.55;12.76;5.26;5.09;0.35;61.83;2.58;14.1;99.61;99.81;15.51;99.74;100;0;0;16.42;2.4;0.2;15.85;3.83;27.47;0.62;3.58;6.31;2.83;0.1;1.41;0;938;1207;1391;1472;1465;1497;1329;1369;1368;1124;872;1055;671;535;421;286;17252;252;904;1262;1314;1388;1497;1474;1464;1460;1360;1191;971;976;819;613;506;389;406;17994;19418;32;448;18938;364;1930;1438;1470;1111;28887;1575;5564;1611;27312;1667;3989;1706;23323;364;402;378;2165;5114;3403;1262;750;14845;12143;739;35246;34507;31427;2469;1538;27420;35157;35157;585;831;788;739;869;762;-22.490859;-48.558349
2010;350535;35;3505351;BARRA DO CHAPÉU;71.72;2.7;20.3;23.51;56.68;92.42;78.23;8.33;11.07;1.53;1.25;12.26;2.12;13.28;3.9;15.45;78.17;81.28;78.92;13.18;12.2;18.33;8.65;6.52;2.75;92.39;103.06;60.21;59.66;7.16;87.01;94.41;45.32;54.49;2.03;9.32;94.39;71.76;9.66;3.77;74.37;82.93;93.75;100;96.87;90.62;13.44;0.4;17.08;4.99;1.96;0;94.65;92.13;66.63;77.24;77.11;35.05;26.78;58.29;50.7;23.78;55.42;18.49;3.4;113.67;185;264;503.33;682.5;0.54;11.7;15.02;26.79;37.17;58.46;73.3;43.64;3.19;57.86;11.29;23.32;42.14;72.64;15.46;10.27;370.97;59.19;1619.05;150.24;223.03;349.13;1074.92;376.41;34.39;75.87;140.58;0.53;19.85;0.11;60.19;7.09;4.42;0;33.03;40.64;30.2;22.33;1.84;4.68;2.03;18.89;48.08;89.33;94.66;96.65;668.83;52.98;11.75;32.31;59.62;61.91;70.38;5.2;0;5.71;7.99;5.35;9.07;0.49;27.18;4.45;34.69;80.2;87.28;30.92;97.48;99.53;3.47;1.85;41.32;25.63;3.13;37.65;24.15;57.22;0;15.29;12.45;24.69;4.12;3.5;0.47;202;328;265;209;210;197;201;173;174;138;122;220;98;79;65;47;2770;42;211;263;220;190;200;182;184;151;129;133;95;236;76;76;59;38;31;2474;2313;69;102;2142;61;458;333;344;244;3784;319;884;289;3465;257;565;239;2900;108;81;91;508;1187;437;263;139;1764;1354;3700;5244;1544;4366;591;316;3460;5241;5165;351;783;0.66;599;779;617;-24.472203;-49.023784
2010;350540;35;3505401;BARRA DO TURVO;72.53;2.78;18.8;21.79;63.61;92.95;79.52;9.77;10.46;2.84;1.77;17.1;2.77;18.48;3.63;21.43;76.91;83.8;79.67;12.76;9.81;17.71;10.32;6.39;2.62;98.09;108.71;65.71;46.31;13.25;90.15;93.1;44.89;43.89;4.17;1.27;95.15;77.69;14.94;7.23;63.04;75.63;91.05;94.5;95.57;91.15;29.16;2.28;19.15;6.61;2.34;0.78;94.97;93.02;55.73;63.3;62.19;32.25;26.94;31.33;27.69;16.58;29.43;14.61;5.39;118.67;211;336.67;510;810;0.5;10.59;15.66;25.8;39.18;51.15;68.3;37.15;3.03;53.11;11.32;24.87;46.89;70.35;13.13;9.82;390.88;59.23;1451.95;161.96;264.8;430.47;1085.88;400.62;28.23;75.16;139.03;0.45;27.42;0;40.58;10.58;9.64;0.23;39.12;39.41;22.97;33.68;0.53;7.7;1.57;16.29;40.2;80.48;90.14;96.66;741.77;47.64;4.97;23.95;59.56;57.6;65.51;3.82;10.59;11.7;8.4;3.39;1.77;0.33;32.73;3.51;21.75;59.86;91;33.38;100;85.04;4.99;2.27;47.23;36.96;4.43;42.98;26.32;58.62;0;12.02;31.84;16.87;0.94;4.49;14.96;346;442;358;281;236;248;251;240;217;213;206;400;186;176;123;65;4050;62;293;446;356;252;260;277;235;199;213;193;178;323;125;114;105;63;47;3679;3033;44;119;2870;140;704;528;517;364;5479;452;1247;442;5027;386;795;328;4232;135;133;139;774;1797;755;446;234;2617;2009;4555;7729;3174;6368;888;497;4983;7667;7481;323;683;641;532;792;625;-24.756421;-48.5056942
2010;350550;35;3505500;BARRETOS;77.5;2.01;10.13;11.75;41.43;95.52;86.26;9.56;10.42;1;0.79;4.01;1.24;4.21;1.42;4.78;76.27;78.34;83.07;13.1;12.55;13.18;10.63;9.12;3.76;94.76;103.63;71.99;71.93;40.32;87.53;92.73;52.92;60.95;22.92;43.05;96.51;83.29;31.32;13.35;92.95;94.84;96.96;97.92;97.79;93.73;13.57;0.84;8.51;3.18;3;3.36;90.79;90.06;73.18;82.33;85.76;62.76;58.45;59.01;61.54;45.4;64.48;42.37;13.21;332;502.5;700;1100;1648;0.48;0.64;1.41;2.94;6.89;12.92;26.19;39.56;4.81;54.11;13.88;26.76;45.89;74.49;11.4;7.82;917;220.76;3627.39;415.6;590.76;877.06;2488.85;917;36.21;92.83;180.74;0.41;19.03;2.11;6.63;16.27;6.97;0.02;71.16;70.69;52.6;48.3;0.88;14.9;16.08;1.76;10.21;64.65;80.71;91.24;1355.46;61.7;4.61;31.98;73.35;69.15;85.72;6.34;23.59;30.79;14.35;5.5;5.58;0.36;58.64;4.11;14.56;99.61;96.57;20.16;99.59;99.94;0.28;0.4;17.49;7.05;2.21;16.61;4.21;25.54;0.34;4.47;9.78;6.11;0.3;0.91;0.06;3436;4211;4590;4984;4922;4506;3892;3787;3740;3185;2646;3704;2034;1581;1294;823;54169;834;3348;3983;4367;4883;4988;4641;4352;4115;4184;3736;3097;3378;2605;2087;1646;1164;1358;57932;60621;378;1744;58500;1409;6577;4871;5012;4012;89827;5300;18816;5311;84527;5596;13516;5759;71011;1363;1433;1362;7265;17389;10719;3983;2618;47157;37910;3415;112101;108686;98249;8194;5452;84603;111603;111603;628;0.8;789;738;875;762;-20.5531437;-48.5697509
2010;350560;35;3505609;BARRINHA;74.74;2.06;15.1;17.51;43.85;94.28;82.91;5.01;11.19;2.42;2.02;8.41;1.79;8.91;3.04;10.74;86.08;91.11;81.63;9.07;6.14;15.51;4.85;2.75;2.86;93.63;103.11;67.33;75.02;18.53;88.27;94.17;54.51;66.25;8.27;12.46;97.16;78.74;14.1;10.79;79.33;86.42;99.04;100;97.5;92.53;13.13;0.33;10.25;2.77;1.53;0;95.95;92.19;69.23;69.27;75.84;45.89;38.41;42.19;44.23;27.94;41.39;23.88;6.24;278;430;596.67;877.5;1200;0.4;1.02;1.81;3.8;6.81;16.74;27.54;30.95;5.86;46.62;16.65;32.13;53.38;80.27;7.44;5.58;668.32;195.71;2068.74;360.57;517.35;710.09;1553.15;668.65;46.55;98.05;182.23;0.28;10.41;0.64;9.75;11.68;11.95;0.26;72.25;54.29;34.5;40.02;0.56;8.57;20.32;1.32;13.32;62.26;82.91;93.52;1134.73;62;7.33;39.89;79.97;71.09;84.07;8.35;41.09;44.05;9.99;6.23;5.96;0.24;64.77;3.69;19.41;99.45;98.23;31.14;99.87;99.81;0;0;30.11;20.67;2.5;27.67;7.64;33.85;0;10.88;24.86;6.03;1.29;0.69;0.19;1174;1278;1302;1516;1513;1271;1119;969;815;719;468;1205;347;237;174;103;14321;111;1143;1317;1292;1449;1453;1267;1057;940;815;633;503;1139;362;265;201;177;162;14175;14784;190;655;13939;469;2065;1583;1482;1385;21221;1536;5557;1537;19685;1625;4021;1668;15664;460;509;445;2361;5432;1429;1315;755;10566;7827;316;28496;28180;23844;2595;1642;19607;28487;28473;459;766;725;646;829;711;-21.1898849;-48.1550642
2010;350570;35;3505708;BARUERI;76.96;1.75;11.34;13.15;40.35;95.36;85.81;4.4;9.83;1.36;1.06;4.04;0.87;4.27;1.12;5.05;67.12;69.49;76.02;19.5;19.61;19.38;13.38;10.89;4.6;99.41;108.25;73.88;81.12;30.47;86.09;90.64;49.36;70;14.04;31.75;97.1;89.64;29.79;14.42;89.84;92.04;97.33;96.97;97.76;95.67;18.35;2.07;10.33;4.53;1.81;1.47;86.72;85.12;69.58;76.5;82.52;63.1;58.62;46.55;54.92;44.23;55.81;41.77;12.18;264;425;643.33;1082.2;2000;0.61;1.54;2.87;5.65;9.94;19.19;29.96;52.37;3.21;65.88;9.46;19.05;34.12;82.96;22.15;13.93;1095.84;175.78;5738.4;342.33;525.76;825.56;3609.47;1095.88;39.1;94.51;172.31;0.67;15.59;1.76;0.3;12.83;8.15;0.11;75;69.93;51.25;50.62;1.14;13.85;16.07;0.88;9.92;61.33;76.68;87.24;1853.25;61.75;3.44;29.09;76.87;71.88;81.68;9.76;39.45;39.54;15.21;8.66;11;0.54;64.43;3.55;14.14;99.45;98.06;38.48;99.92;100;0.16;0.28;17.26;10.16;2.24;15.3;5.27;24.19;0.26;5.23;18.23;6.06;1.66;0.93;0;9018;11247;10566;11598;11599;10418;9052;8542;7132;6102;4601;9442;3183;1915;1201;679;117051;756;8796;10931;10792;11640;12102;11281;10261;9355;8223;6532;5059;9169;3498;2163;1537;1081;1278;123698;126179;763;3743;121673;3687;17603;13235;13156;10300;181930;12963;44543;12678;168967;12865;31580;13403;137387;3805;3611;3638;19526;45805;10598;10921;6544;94699;72291;0;240749;240749;204324;22178;12869;169277;240055;240045;631;0.75;786;708;866;791;-23.5112184;-46.8764612
2010;350580;35;3505807;BASTOS;75.86;2.15;13.4;15.54;44.02;94.89;84.54;8.73;10.92;1.5;0.58;6.84;0.92;7.27;1.25;8.49;76.6;77.74;85.01;13.76;14.5;13.45;9.64;7.76;1.53;95.01;98.79;82.87;83.83;33.38;92.02;93.72;64.35;82.33;21.08;19.16;99.55;89.62;25.3;8.06;92.92;95.66;100;100;98.52;96.41;14.02;0;3.89;2.97;2.54;1.83;94.53;92.07;75.6;80.64;87.43;53.9;47.08;61.28;64.63;36.96;65.76;31.33;9.02;266.2;395.14;516.67;777.5;1027.5;0.41;1.28;1.8;3.94;6.28;18.53;30.8;32.36;5.92;47.73;16.65;31.59;52.27;77.25;7.77;5.7;609.76;180.59;1973.32;327.15;455.52;630.37;1445.83;610.68;26.92;89.97;174.95;0.29;17.91;5.04;27.58;15.63;5.68;0;68.62;63.99;44.8;36.38;0.57;10.53;11.89;2.1;14.7;76.66;89.63;96.16;975.65;61.02;4.67;48.73;79.73;68;88.34;6.88;0;36.24;10.2;5.68;7.2;0.27;57.08;3.3;14.99;99.42;96.33;19.31;99.73;99.86;0.05;0.59;21.1;7.08;1.48;20.75;6.71;31.58;0;0;9.1;6.25;0.24;0.98;0.14;664;821;873;856;816;787;739;782;738;593;468;730;403;272;223;137;10032;130;676;842;879;823;786;735;766;799;747;657;539;730;410;337;262;195;230;10413;10713;78;436;10199;272;1331;966;1008;812;15965;1028;3431;1059;14937;1051;2403;1015;12534;254;273;307;1516;3520;1784;841;508;8156;6454;2837;20445;17608;17557;1663;894;15000;20415;20384;539;829;751;718;848;696;-21.9222474;-50.7317727
2010;350590;35;3505906;BATATAIS;75.41;1.77;13;15.08;42.63;94.31;84.03;9.67;10.42;1.12;0.76;4.98;1.17;5.27;1.91;6.05;77.03;78.93;82.44;14.48;13.59;16.27;8.5;7.48;1.3;97.74;104.65;80.06;70.1;31.34;88.51;93.13;61.39;61.01;17.98;19.28;96.85;84.84;29.79;11.53;79.88;85.94;93.71;100;97.67;94.06;11.38;2.59;8.94;4.55;1.54;0;88.85;87.83;72.73;77.43;80.67;56.26;51.66;47.12;53.55;38.93;52.93;36.18;13.37;322;500;703.33;1062.5;1625;0.5;0.96;1.78;3.88;7.93;13.78;26.91;41.99;4.44;55.82;13.22;25.85;44.18;75.66;12.71;8.46;941.79;209.03;3954.6;413.43;594.74;863.07;2632.93;941.79;37.56;98.67;172.5;0.45;18.6;3.17;10.93;11.9;7;0;72.45;64.21;45.22;39.82;0.74;15.54;24.68;1.6;11.05;59.71;78.01;90.89;1390.9;60.26;4.78;39.02;72.68;67.43;81.78;6.15;31.46;31.54;14.37;4.96;5.62;0.33;61.09;2.64;13.05;99.74;99.72;19.06;99.8;99.93;0;0.11;22.75;20.12;2.33;20.77;5.81;29.53;0;5.44;11.83;6.78;0.7;0.55;0.07;1726;2241;2360;2431;2465;2290;1926;1914;1873;1727;1452;1852;1144;792;637;451;27744;463;1634;2104;2398;2376;2392;2261;1930;2040;1964;1882;1567;1861;1205;951;805;629;733;28732;29749;207;1122;28419;662;3467;2562;2639;2012;45058;2881;9565;2833;42177;2843;6684;2842;35493;686;744;714;3847;9224;5461;2104;1440;23133;18359;6531;56476;49945;49369;4345;2877;42148;56264;56264;563;756;761;685;0.84;766;-20.892867;-47.592149
2010;350600;35;3506003;BAURU;76.26;1.87;12.18;14.13;41.3;94.98;84.78;9.12;10.58;1.45;0.91;3.08;0.78;3.21;0.87;3.66;75.85;79.36;79.79;14.27;12.46;17.52;9.89;8.18;2.68;95.28;103.03;74.21;97.7;43.68;88.17;91.73;57.38;74.16;21.94;38.37;95.87;87.34;30.97;14.88;92.4;93.94;95.73;97;96.94;94.36;16.12;1.04;8.41;2.92;1.82;0.85;89.13;87.34;74.25;81.35;85.43;67.21;63.85;58.77;62.17;50;61.87;47.76;17.7;335;518;787.5;1374;2180;0.55;1.08;2.35;3.71;8.36;12.95;25.45;45.58;3.7;60.22;11.15;22.25;39.78;71.44;16.35;10.8;1163.86;215.41;5304.54;433.4;646.03;1020.07;3502.08;1164.08;35.45;90;171.68;0.55;19.24;2.82;1.4;18.59;7.56;0.14;73.83;75.36;58.08;53.81;1.29;19.48;12.17;1.25;10.1;58.82;75.22;87.72;1632.43;61.81;5.77;36.5;75.14;68.99;83.29;6.64;32.19;30.53;13.12;5.64;5.83;0.45;58.91;5.64;12.41;99.58;98.49;19.48;99.46;99.9;0.1;1.06;16;7.6;3.06;13.86;4.05;22.97;0.72;5.45;10.98;4.85;0.34;0.98;0.1;10569;13185;13660;15254;15696;14398;12602;11896;11139;9796;8036;11499;6092;4521;3495;2421;166649;2390;10178;12734;13039;14488;15618;14716;13232;12668;12673;11440;9501;10979;7473;5778;4723;3739;4309;177288;186013;1495;5890;178627;4145;20800;15371;15851;12241;274670;15967;56410;15849;258703;16429;40443;16974;218260;4355;4448;4372;23125;54594;31367;12730;7746;143356;115839;5753;343937;338184;300962;25919;16136;258906;339422;339356;672;795;801;752;854;0.8;-22.3218102;-49.0705863
2010;350610;35;3506102;BEBEDOURO;76.16;1.49;12;13.92;42.54;94.73;85.1;9.47;11.18;1.55;1.35;4.82;1.18;5.06;1.23;5.77;81.22;82.39;90.71;10.72;10.62;8.81;8.06;6.99;0.49;96.96;103;80.12;65.49;38.42;90.39;93.36;63.12;52.05;21.63;40.2;97.64;86.5;31.91;11.58;86.58;91.21;98.33;98.7;98.5;95.33;12.59;1.64;13.83;3.29;2.3;0.99;91.76;91.32;79.32;85.62;87.3;59.39;54.19;57.38;60.69;41.96;60.94;38.46;13.25;297.5;468.33;632.5;1002.5;1575;0.51;0.59;0.92;3.7;7.3;15.67;27.69;42.3;4.65;56.46;13.25;25.62;43.54;73.85;12.77;8.5;881.64;205.04;3728.98;379.09;545.2;790.1;2483.92;881.64;29.81;102.58;184.71;0.45;20.42;2.92;10.59;18.21;7.68;0.03;68.59;68.88;50.26;48.12;0.81;16.09;11.29;1.28;13.38;69.02;82.11;91.56;1298.56;61.95;3.82;29.64;78.91;70.08;88.27;7.81;43.62;35.13;14.09;6.87;9.46;0.39;52.68;6.31;16.5;98.3;99.48;18.32;99.74;99.94;0;0.04;15.89;13.42;1.5;16.89;4.52;28.53;0.32;3.18;8.03;6.08;0.13;1.65;0.06;2262;2943;3081;3236;3093;2961;2789;2607;2362;2294;1781;2499;1548;1109;802;582;36529;580;2146;2922;3041;3100;3276;3022;2857;2709;2670;2412;2124;2363;1655;1291;1092;785;1041;38506;40741;224;1070;39448;855;4703;3504;3565;2569;58872;3713;12273;3650;55159;3593;8560;3571;46599;924;908;963;4959;12117;7104;2887;1857;30542;24489;3532;75035;71503;65763;5865;3609;56289;74728;74728;594;817;0.78;735;853;756;-20.949077;-48.479083
2010;350620;35;3506201;BENTO DE ABREU;74.17;2.31;16;18.56;44.85;93.95;82.06;8.94;9.68;2.19;1.56;7.87;1.97;8.28;2.85;9.44;76.12;79.77;72.95;11.37;6.08;25.21;12.51;14.15;1.84;97.37;101.09;85.92;121.64;14.08;91.83;93.42;67.18;83.16;8.51;25.6;97.74;90.74;16.88;5.8;83.16;91.25;95.36;100;98.01;96.23;13.09;2.95;0;4.82;2.16;0;89.66;90.75;79.17;91.83;88.27;54.45;48.13;60.85;60.92;39.26;68.79;35.21;5.9;322;427.5;580;850;1142.2;0.38;1.29;3.4;3.09;7.53;14.38;21.92;30.4;6.74;45.26;18.28;33.47;54.74;79.32;6.65;4.96;647.1;218.19;1967.43;373.19;491.66;688.23;1465.26;647.1;37.87;90.5;188.48;0.25;6.96;0.25;18.78;7;3.33;0;81.42;63.05;46.96;32.34;0;7.34;37.28;1.91;13.33;64.94;83.96;96.47;1119.25;62.86;4.06;43.44;85.73;70.85;82.9;14.42;21.38;34.38;31.46;13.61;11.66;0.25;76.99;2.41;11.48;99.88;100;13.94;100;99.65;0;0;16.43;16.84;1.99;20.64;2.45;28.18;3.71;12.79;5.14;4.54;0.41;0.25;0.35;85;116;109;121;137;114;104;114;90;54;73;96;50;37;25;18;1364;21;93;110;108;94;109;105;113;92;73;88;52;89;46;41;44;31;22;1310;1452;9;54;1389;46;183;141;137;107;2085;128;432;124;1957;127;304;124;1653;25;34;41;194;468;239;110;57;1018;816;230;2674;2444;2310;226;123;1961;2674;2674;545;813;744;712;0.82;706;-21.2707225;-50.8120444
2010;350630;35;3506300;BERNARDINO DE CAMPOS;75.26;2.11;14.3;16.59;49.84;94.57;83.68;12.78;10.69;0.58;0.86;6.19;0.5;6.57;2.15;7.64;76.29;78.27;81.62;12.62;12.01;13.45;11.08;9.72;4.93;91.37;100.32;70.38;87.95;23.17;87.83;95.41;55.88;82.35;15.55;40.79;98.09;77.88;22.78;8.91;88.24;90.01;93.49;96.54;98.35;92.23;10.75;0;1.33;4.07;1.45;0;91.36;92.87;70.47;79.2;82.38;47.85;41.8;56.19;58.57;34.03;63.3;29.73;9.75;255.5;400;510;800;1200;0.45;0.2;0.2;4.42;11.87;19.81;37.8;37.52;5.54;51.87;15.37;29.15;48.13;66.89;9.77;6.78;676.6;187.52;2538.35;332.3;466.19;642.08;1762.67;676.6;48;110.35;186.75;0.35;19.96;3.06;25.3;14;6.29;0.13;60.22;56.04;40.71;30.88;0.63;10.75;21.12;2.27;16.21;78.88;90.42;95.92;967.66;57.34;5.14;39.28;76.58;64.26;84.61;5.55;21.65;20.83;8.53;4.73;7.74;0.31;47.96;3.41;23.76;99.31;99.42;16.75;100;99.91;0;0.53;27.06;11.76;1.65;26.61;8.74;39.25;0;10.9;11.04;7.89;0.32;0.85;0.09;321;432;494;433;383;370;368;367;366;321;272;324;212;198;142;129;5250;118;337;426;434;416;361;378;368;352;398;310;317;367;271;240;197;157;196;5525;5416;44;229;5142;125;691;504;534;395;8568;579;1777;574;7989;519;1198;514;6791;138;134;121;724;1795;1377;426;269;4395;3545;1117;10775;9658;9445;858;584;8002;10650;10650;479;779;734;662;838;713;-23.0140216;-49.4760724
2010;350635;35;3506359;BERTIOGA;74.03;2.48;16.3;18.82;46.99;93.87;81.85;4.78;10.08;1.48;0.9;5.46;1.46;5.81;2.35;6.78;72.78;74.95;81.73;14.18;13.97;15.5;13.04;11.08;2.77;100.92;109.28;74.16;59.96;14.39;91.39;95.51;53.76;51.03;5.8;30.17;97.4;77.98;18.07;6.77;83.27;87.88;96.61;97.43;98.08;93.3;18.11;1.42;25.5;4.9;1.96;0;91.32;94.31;62.6;60.45;69.88;54.23;50.78;36.98;40.56;34.58;41.98;33.26;8.34;252.5;398;571.67;991;1400;0.48;1.44;3.14;5.64;10.67;20.73;35.48;38;4.57;53.73;13.46;26.33;46.27;76.23;11.29;8.02;736.03;168.27;2797.2;327.14;473.45;734.01;1987.13;736.15;36.46;95.94;171.22;0.41;23.17;2.03;1.46;11.66;17.08;0;55.87;56.58;36.41;60.5;0.89;7.2;3.83;1.02;15.53;67.45;83.36;92.36;1157.86;64.58;6.07;41.42;79.51;74.88;86.87;7.76;27.01;24.95;14.04;6.8;8.94;0.28;45.74;4.67;23.73;90.88;90.86;41.42;99.56;99.6;1.43;3.06;29.35;16.73;1.92;24.06;8.1;31.98;0;12.39;31.59;6.73;0.13;0.53;0.4;2031;2398;1957;2160;2105;2138;1955;1705;1368;1113;921;2139;680;507;316;164;23829;172;2010;2283;2007;2196;2229;2209;1943;1615;1379;1155;901;2092;678;415;285;213;206;23816;25443;284;1033;24126;834;3712;2809;2800;2395;34692;2432;8320;2351;32260;2352;5888;2467;26372;812;851;835;4349;9732;2278;2283;1240;17431;13228;778;47645;46867;39395;4681;2493;32221;47239;47231;542;719;0.73;654;817;727;-23.848568;-46.139586
2010;350640;35;3506409;BILAC;75.7;1.55;12.6;14.61;40.99;94.48;84.44;11.54;10.4;0.74;1.78;7.76;1.92;8.13;2.24;9.16;71.53;71.72;89.31;16.94;17.62;10.69;11.53;10.66;0;94.69;102.66;75.16;99.13;36.16;91.24;94.48;60.53;89.86;22.64;21.22;98.63;89.12;28.75;8.37;92.57;95.21;97.73;100;99.02;96.15;17.69;0.16;2.71;3.75;2.07;4.2;90.64;92.38;73.17;81.61;91.55;55.05;49.01;68.84;70.64;41.9;72.04;37.14;11.94;340;505;653.33;986.67;1423.33;0.43;0.85;2.46;1.43;4.22;8.5;20.04;35.37;6.26;49.97;16.58;30.5;50.03;72.66;8.53;6.04;816.06;255.55;2886.52;421.04;567.88;797.11;2043.11;816.06;55.7;82.32;194.18;0.31;22.55;2.85;14.79;16.54;6.05;0;66.84;64.83;50.22;34.19;1.13;14.18;24.76;2.02;11.73;73.19;86.32;93.82;1080.28;65.14;5.65;48.81;84.49;71.71;89.97;3.98;23.24;17.39;10.53;3.27;2.95;0.28;47.66;8.6;16.49;99.71;99.92;12.44;99.49;100;0;0.1;20.24;7.43;0.98;20.51;3.02;32.14;1.35;6.62;9.52;2.47;0.27;0.74;0;164;272;288;284;308;272;270;271;238;207;202;206;150;122;98;74;3491;65;162;240;262;284;273;264;278;260;252;254;205;192;177;142;112;95;105;3557;4121;29;166;3926;65;407;299;298;198;5812;337;1118;335;5475;332;781;338;4694;63;80;89;423;1069;813;240;156;2963;2417;567;7048;6481;6327;512;341;5474;7019;7019;551;826;768;722;845;743;-21.403962;-50.47464
2010;350650;35;3506508;BIRIGUI;77.14;1.57;11.7;13.47;38.86;95.56;86.37;8.59;10.62;0.88;0.51;4.5;0.74;4.75;0.88;5.45;81.71;83.42;88.84;10.77;9.49;10.33;7.52;7.09;0.83;90.83;99.32;69.26;97.98;27.77;86.17;91.29;58.24;80.17;16.28;38.62;97.18;84.69;23.52;7.52;92.79;94.52;98.07;97.75;98.04;94.27;10.84;1.17;7.68;2.17;1.59;0.77;89.07;85.91;77;83.69;89.74;60.77;55.69;58.47;62.97;41.39;62.41;37.6;11.5;352.5;506.67;667;996.67;1500;0.42;0.35;0.78;2.24;4.97;9.91;19.87;34.75;6.06;49.45;16.64;30.87;50.55;76.9;8.35;5.94;812.51;246.22;2823.67;429.86;578.04;799.44;2007.77;812.59;30.92;105.6;183.6;0.31;19.36;3.33;3.13;14.53;6.02;0.01;76.29;70.28;48.86;31.39;0.74;12.76;39.12;0.96;7.73;73.3;85.31;93.81;1133.9;65.32;4.83;44.7;84.68;72.44;89.41;3.87;12.34;18.55;5.62;3.25;2.98;0.27;62.75;3.89;9.92;99.46;99.29;16.74;99.69;99.98;0.09;0.19;15.18;7.21;1.96;16.3;3.38;25.81;0.22;2.84;10.82;2.49;0.08;0.76;0.02;3380;4046;4265;4503;4709;4646;4406;4151;3628;3202;2615;3329;2011;1574;1116;755;53075;739;3152;3872;4201;4511;4840;4658;4605;4477;4134;3502;2946;3305;2290;1777;1319;946;1118;55653;62346;382;2319;59646;1311;6346;4693;4800;3868;87644;5098;17480;4990;82546;5154;12382;5262;70164;1353;1315;1262;6891;16676;9344;3872;2531;45324;36612;3241;108728;105487;95444;7918;5187;82339;108248;108239;608;807;0.78;734;869;743;-21.2908491;-50.34144
2010;350660;35;3506607;BIRITIBA-MIRIM;72.7;2.17;18.5;21.44;49.01;93.06;79.79;7.55;10.16;1.61;1.75;8.79;1.19;9.36;1.92;11.1;74.37;76.33;75.97;13.8;12.96;19.89;11.83;10.71;4.13;92.63;100.23;68.41;65.98;10.28;85.87;90.74;50.34;61.9;4.17;20.73;95.55;77.86;12.78;7.34;78.44;83.31;86.04;97.04;97.72;92.98;11.61;1.14;11.01;2.76;2.63;0.64;88.84;83.55;69.15;74.09;75.73;48.38;42.32;50.54;53.47;32.58;60.12;27.95;4.87;204;336.67;500;707.67;1086.67;0.53;1.08;1.3;9.77;18.6;29.18;45.82;44.53;4.25;57.46;12.35;24.83;42.54;67.63;14.42;9.32;662.23;140.71;2949.12;268.37;413.16;586.25;1907.14;662.46;45.25;103.71;170.9;0.5;21.27;1.26;28.36;14.77;7.25;0.14;57.82;55.48;39.18;33.45;1.41;5.89;7.96;4.56;18.69;78.4;89.53;95.57;980.9;59.58;4.75;34.02;74.99;68.91;83.07;8.17;12.73;24.78;14.53;7.54;10.49;0.36;46.97;4.33;22.51;97.9;93.57;37.77;97.03;99.32;2.28;0.56;26.16;21.56;2.28;24.34;9.62;38.65;0;6.57;17.92;11.07;0.72;2.4;0.68;1105;1401;1286;1262;1239;1048;1055;969;875;694;615;1191;593;402;332;196;14413;150;1037;1326;1266;1242;1154;1108;1066;967;886;695;629;1183;527;384;300;203;189;14162;14370;130;487;13753;420;2170;1620;1610;1252;21332;1597;5056;1533;19735;1442;3459;1468;16276;470;470;463;2461;5732;2156;1326;797;10616;8108;4050;28575;24525;24118;2727;1433;19959;28531;28521;484;736;712;0.64;795;0.71;-23.5697765;-46.0407456
2010;350670;35;3506706;BOA ESPERANÇA DO SUL;73.63;2.46;16.9;19.6;45.72;93.63;81.23;7.06;9.45;2.34;0.68;10.63;1.6;11.39;3.88;13.48;75.17;78.35;88.28;14.76;15.11;11.72;10.07;6.55;0;87.4;100.37;50.85;55.37;10.51;82.82;89.32;41.03;47.93;7.14;28.11;97.37;73.53;14.52;5.27;68.42;75.8;82.98;86.8;96.02;90.13;19.2;2.05;7.1;1.96;1.51;0;86.08;86.62;56.39;65.71;70.72;41.74;35.62;35.51;40.93;23.48;44.26;19.79;5.01;248.8;362.5;505;733.33;1010;0.44;2.06;3.27;8.69;17.01;23.11;37.37;35.42;5.14;49.78;15.17;29.81;50.22;80.45;9.34;6.57;593.36;152.46;2101.66;297.63;434.44;605.45;1478.38;596;28.51;90.82;167.37;0.34;15.72;1.4;42.18;9.01;4.9;0;75.21;47.96;28.06;27.3;0.55;6.16;9.01;1.73;15.28;76.18;88.42;96.63;985.4;60.34;2.21;24.1;72.11;70.95;82.5;6.17;17.07;30.14;12.25;5.48;5.23;0.26;68.69;0.57;12.7;99.01;98.24;32.68;100;99.38;0;0.28;35.46;31.58;3.98;32.84;11.31;32.15;0;8.23;14.69;9.44;2.17;2.42;0.62;504;656;619;617;609;581;474;466;451;355;325;534;242;172;110;88;6875;72;501;618;604;579;602;532;490;483;439;361;317;504;218;189;116;102;115;6770;6985;28;182;6775;191;1027;739;785;603;10328;730;2419;752;9598;733;1689;716;7909;211;191;217;1094;2593;964;618;372;5147;3964;1461;13645;12184;11576;1274;754;9548;13617;13557;417;652;681;562;811;692;-21.9930206;-48.3917372
2010;350680;35;3506805;BOCAINA;75.41;1.9;13;15.08;43.37;94.31;84.03;8.75;10.44;1.57;0.72;6.37;0.71;6.76;1.22;7.92;72.6;76.64;78.8;15.4;13.07;21.2;12;10.28;0;91.26;102.11;60.66;104.33;22.87;86.6;92.65;47.58;80.65;15.27;31.2;98.44;78.22;24.54;6.14;94.07;96.15;98.06;100;99.27;93.76;19.54;0.72;9.04;3.99;0.85;0.98;83.97;80.58;66.54;80.49;80.64;50.86;45.12;49.02;53.06;34.72;46.36;31.18;10.15;336.67;504;658.5;982;1350;0.42;0.03;0;1.31;3.52;10.52;21.57;34.88;6.08;49.13;16.63;31.03;50.87;78.78;8.39;5.91;805.99;244.9;2811.29;425.28;580.27;799.75;1982.03;806.27;0;113.48;197.55;0.3;13.33;3.59;7.23;7.18;5.68;0;72.83;59.14;40.26;26.47;0.9;10.51;47.8;0.78;10.87;69.31;84.85;94.01;1168.11;66.66;7.71;54.08;83.34;74.01;91.47;4.36;31.28;13.04;7.67;3.62;3.67;0.28;63.59;0.59;18.49;99.31;99.68;23.17;98.76;100;0;0.03;21.64;5.93;0.73;21.23;3.65;29.05;0;6.12;14.96;4.17;0;0.58;0;338;438;459;479;521;453;397;378;384;314;260;396;206;138;108;78;5409;62;340;444;440;451;461;465;400;396;349;284;274;379;203;143;154;118;149;5450;6269;68;290;5910;132;701;500;531;418;8524;554;1829;536;7970;512;1275;518;6695;128;164;145;792;1850;950;444;268;4287;3396;853;10859;10006;9404;882;537;7985;10717;10714;509;744;742;656;0.84;741;-22.1421831;-48.522276
2010;350690;35;3506904;BOFETE;74.23;2.43;15.9;18.44;51.77;93.99;82.15;9.9;9.6;1.56;2.12;8.12;1.9;8.58;2.17;9.75;64.49;66.32;68.68;18.62;16.85;26.77;16.89;16.82;4.55;85.66;96.35;56.08;52.93;18.84;82.04;89.09;45.52;51.67;8.07;15.21;95.43;83.2;18;3.89;64.56;75.54;88.89;97.08;95.07;91.92;12.47;1.23;10.19;3.36;1.63;2.5;84.61;86.02;67.29;77.5;74.71;44.08;38.9;45.59;45.86;26.97;51.56;23.77;8.59;236.67;353;505;800;1125;0.46;2.45;5.14;8.21;17.5;25.04;42.35;36.73;4.74;52.11;14.13;27.73;47.89;69.76;10.4;7.34;622.11;147.59;2284.8;291.8;423.02;627.09;1611.76;627.98;28.18;81.74;168.14;0.37;21.78;0.86;29.95;8.04;8.06;3.22;62.4;52.15;33;32.35;0.71;10.66;7.29;9.45;21.32;79.37;88.96;94.91;921.92;58.57;8.99;41.37;77.8;66.49;80.91;5.31;5.38;15.34;4.74;4.8;8.47;0.29;54.67;0.92;12.96;95.39;96.87;22.62;99.55;99.49;2.35;0.65;37.06;35.44;4.93;32.91;11.65;39.8;0;4.17;17.82;4.37;0.38;1.83;0.51;336;470;415;375;355;344;338;328;277;283;288;367;241;208;132;83;4906;66;336;419;399;333;335;357;315;310;293;281;255;395;218;178;129;80;79;4712;4795;80;225;4490;142;707;507;521;392;7274;518;1518;485;6756;425;1000;400;5756;137;149;141;794;1846;952;418;272;3554;2823;3486;9618;6132;8187;889;544;6754;9618;9528;441;716;705;609;821;0.7;-23.1019554;-48.2610535
2010;350700;35;3507001;BOITUVA;76.67;2.14;12.3;14.24;40.94;95.31;85.69;6.55;11.02;1.17;1;4.93;1.02;5.2;1.8;6.11;81.28;83.9;87.54;9.61;8.57;11.76;9.11;7.53;0.7;97.8;106.05;73.68;78.06;27.28;90.19;93.74;58.79;65.35;14.54;31.1;97.63;82.35;21.01;8.05;90.31;93.44;98.93;100;98.66;94.5;14.81;1.96;18.02;2.39;2.12;1.63;91.09;89.88;74.6;79.61;81.33;58.66;53.67;59.26;58.82;40.69;62.12;36.69;12.09;317.5;470;688.4;1130;1593.33;0.49;0.94;1.78;4.2;9.14;14.51;26.53;38.91;4.49;54;13.3;26.33;46;77.89;11.7;8.12;889.51;199.88;3460.84;391.59;579.47;874.9;2400.77;889.94;33.31;95.24;168.22;0.43;17.13;4.12;5.88;13.48;9.15;0.16;70.55;65.72;46.89;35.33;0.86;13.33;26.92;1.71;11.06;62.23;79.61;90.5;1403.57;63.6;4.91;41.58;84.03;71.68;85.69;8.39;9.43;23.74;16.63;7.79;8.84;0.35;57.76;3.86;15.47;98.38;97.83;29.99;99.35;100;0.32;0.2;23.19;9.69;1.34;18.73;6.25;28.04;0.44;3.92;15.05;5.2;0.24;0.43;0;1728;2003;2086;2370;2432;2183;1924;1720;1501;1267;1071;1777;768;567;429;262;24313;225;1644;1962;1960;2258;2305;2135;1851;1707;1504;1299;1059;1742;880;598;451;313;333;24001;26343;195;970;25179;628;3154;2342;2407;2023;37305;2391;8642;2374;34914;2516;6251;2629;28663;706;715;661;3587;8351;3164;1956;1158;18575;14375;2866;48314;45448;41424;3965;2333;35126;48145;48122;587;0.81;0.78;728;861;757;-23.2838893;-47.6738231
2010;350710;35;3507100;BOM JESUS DOS PERDÕES;73.1;2.05;17.8;20.63;44.6;93.31;80.42;6.78;9.09;0.71;1.28;6.35;0.93;6.72;1.7;7.91;64.17;65.11;77.66;17.82;18.34;16.88;18.01;16.55;5.45;92.77;102.73;62.26;82.43;14.35;86.11;93.47;44.57;68.83;7.29;26.54;96.77;75.1;16.84;7.39;84.08;88.24;93.38;96.24;97.72;92.15;15.53;1.98;8.31;4.31;1.14;0;86.2;87.59;63.13;69.63;77.2;49.9;44.25;41.05;50.72;32.95;50.34;29.27;6.59;287.5;443.33;600;890;1255;0.41;1.64;2.56;4.18;7.73;16.67;27.67;32.36;5.61;47.51;16.24;31.34;52.49;80.78;7.97;5.86;688.02;193.14;2226.37;365.65;519.35;727.48;1638.61;688.02;28.74;77.77;177.9;0.31;24.53;1.74;3.41;12.07;10.75;0.38;58.24;55.88;38.28;36.15;1.35;7.5;25.38;1.16;10.69;71.06;84.46;94.44;1102.08;55.61;4.42;29.47;67.61;63.87;72.09;5.59;41.02;32.41;11.98;4.41;3.91;0.23;48.83;2.95;21.42;97.91;92.43;33.45;100;99.92;0.02;0.1;27.64;15.92;2.28;26.51;6.82;37.5;0;5.41;21.02;6.83;0.16;1.4;0.08;726;904;848;888;920;829;778;669;636;554;380;824;336;242;165;115;9922;108;680;857;831;826;915;802;782;707;657;541;381;755;341;255;174;130;152;9786;9325;78;290;8956;281;1406;1052;1058;804;14904;1013;3381;964;13891;955;2368;967;11523;309;307;329;1607;3700;1337;853;494;7466;5817;2332;19708;17376;16769;1761;985;14023;19689;19689;499;709;713;631;802;716;-23.1353864;-46.4648052
2010;350715;35;3507159;BOM SUCESSO DE ITARARÉ;71.49;2.82;20.8;24.01;55.67;92.27;77.86;5.46;10.48;0.91;1.82;11.33;1.72;12.51;4.3;14.93;70.99;73.27;76.76;13.39;11.06;14.56;15.62;15.67;8.68;99.15;104.69;84.87;74.71;9.68;93.44;96.74;65.89;54.77;5.98;14.71;98.01;82.72;19.19;1.87;69.24;81.65;94.32;96.59;98.3;93.94;15.01;0;14.46;8.89;1.56;0;93.5;95.23;78.44;88.37;83.44;40.79;31.43;34.2;43.89;22.07;46.16;17.28;4.4;124;200;303.33;493.33;677;0.44;6.02;9.3;21.85;30.57;52.47;68.02;33.84;4.83;49.17;14.49;28.79;50.83;74.86;9.34;6.8;344.32;83.13;1165.22;166.26;246.34;379.28;848.15;345.27;38.88;87.1;147.98;0.35;18.4;1.83;40.14;8.57;5.2;6.85;52.02;49.74;30.03;29.11;0.94;7.24;7.82;4.49;34.69;86.61;95.14;98.08;680.16;54.74;6.79;35.05;71.58;66.34;79.31;10.96;0;15.8;19.64;10.85;15.37;0.24;39.7;7.22;28.37;76.19;88.14;36.1;99.86;98.66;3.09;0.67;36.55;30.76;1.7;29.68;19.58;45.9;0;7.85;17.07;15.43;3.6;0.89;1.34;160;208;196;138;145;133;139;127;92;75;79;171;54;39;29;16;1816;15;157;212;200;147;134;143;129;105;93;75;50;174;40;34;27;10;25;1755;1597;29;99;1470;51;330;262;243;195;2489;274;681;247;2215;177;407;164;1808;71;56;71;379;889;195;212;136;1212;865;1141;3571;2430;2918;420;282;2216;3549;3539;408;751;0.66;613;775;605;-24.3190016;-49.1446207
2010;350720;35;3507209;BORÁ;76.77;1.27;12.2;14.07;37.37;95.37;85.84;7.58;11.92;1.96;2;9.58;2.13;10.22;3.66;11.73;79;95.41;67.24;8.05;4.59;32.76;12.94;0;0;100.02;118.18;60.03;59.6;21.39;89.75;93.56;41.75;59.6;12.64;3.12;90.2;93.45;23.32;10.83;95.8;96.59;100;100;94.65;94.28;37.2;0;29.78;6.48;1.09;0;97.11;100;48.3;51.15;84.42;51.18;44.56;64.4;72.84;39.38;85.78;32.71;4.77;313.71;436.67;580;725;987.5;0.4;1.86;5.07;2.86;7.78;9.41;20.23;34.92;7.14;46.99;18.39;33.67;53.01;75.75;7.59;5.08;670.27;239.2;2340.82;377.25;511.9;648.08;1567.1;670.27;66.67;82.18;168.19;0.3;3.45;0.48;17.5;3.82;7.06;0;82.96;64.77;52.2;42.33;0;7.71;5.92;2.56;13.03;76.68;92.46;99.21;982.09;59.92;3.13;20.95;74.14;68.47;90.52;2.32;0;13.57;7.48;2.1;1.35;0.21;82.11;0;13.47;98.74;92.19;16.84;100;100;7.19;0;8.45;4.2;5.35;16.11;4.34;30.73;0;12.52;6.06;0.69;0.47;1.85;0;28;31;48;37;40;35;37;26;24;33;15;25;13;11;9;5;422;5;22;33;36;23;42;36;25;27;33;24;20;19;12;10;8;6;7;383;432;2;9;421;9;51;42;30;25;647;50;144;51;597;46;94;42;503;16;11;11;46;128;61;33;24;309;250;178;805;627;721;64;42;615;805;805;512;775;746;675;863;712;-22.2701088;-50.544407
2010;350730;35;3507308;BORACÉIA;76.93;2.02;11.9;13.8;46.39;95.44;86.05;8.81;10.61;0.71;0.43;7.64;1.68;8.19;1.1;9.57;75.9;78;84.4;16.1;14.9;12.84;8;7.1;2.76;97.86;109.68;66.92;146.51;18.73;91.57;98.08;60.63;90.48;11.48;55.52;98.73;80.23;18.39;7.06;99.01;99.38;100;100;99.42;94.12;13.9;1.79;5.56;2.27;0;0;98.16;94.04;73.61;80.17;84.58;47.7;39.85;56.23;55.88;33.46;51.66;28.7;6.04;333.33;504;662.5;930;1267.5;0.38;0;0;2.45;4.41;13.59;24.63;30.56;6.23;44.62;18.27;34.09;55.38;80.3;6.69;4.88;719.42;223.94;2198.3;433.24;569.07;765.72;1604.27;719.42;0;118.63;187.03;0.25;13.69;1.31;17.97;8.74;4.94;0;83.29;55.92;40.36;26.94;0.75;7.02;38.76;0.62;7.42;70.67;87.28;94.1;1124.85;63.14;1.37;36.34;84.32;72.54;89.9;5.47;0;25.8;10.29;4.7;3.86;0.25;72.8;1.85;9.73;99.12;100;22.9;98.4;100;0;0.16;25.38;0.99;0.58;22.68;3.8;29.2;0;15.67;8.93;4.55;0.17;0.53;0;161;189;208;208;198;155;161;139;121;107;101;152;97;64;43;34;2178;40;151;176;185;170;168;155;152;141;143;119;99;146;88;64;54;36;43;2090;2312;5;85;2222;69;283;205;213;181;3273;231;766;235;3042;230;535;206;2507;61;51;63;323;770;376;176;103;1609;1255;441;4268;3827;3662;365;234;3063;4265;4265;477;0.82;754;685;866;723;-22.195355;-48.7801925
2010;350740;35;3507407;BORBOREMA;74.83;1.74;15;17.35;43.06;94.33;83.05;10.31;10.38;1.81;0.75;8.16;1.97;8.61;3.27;9.81;80.06;82.23;83.84;10.92;10.01;11.56;9.02;7.75;4.6;90.29;98.48;67.21;58.18;19.11;85.89;89.91;51.41;55.09;13.61;15.85;97.71;77.87;18.42;5.26;70.71;80.14;95.27;96.98;98.35;92.98;12.06;1.16;13.89;1.18;3.95;0.44;90.3;86.91;70.43;71.33;83.2;45.35;38.49;61.05;59.63;30.18;62.45;24.84;6.66;266.67;408;546.67;875;1190;0.42;1;1.75;4.54;10.64;18.5;36.41;33.5;5.72;48.66;16.07;30.71;51.34;75.8;8.34;6.06;664.64;190.18;2226.39;343.84;486.49;685.76;1618.67;665.01;30.2;100.92;183.64;0.31;22.74;1.8;25.48;14.27;4.75;0.56;66.53;54.88;37.18;30.73;0.62;8.04;21.16;1.61;14.35;76.77;89.57;96.18;967.11;63.95;7.22;44.77;82.65;70.54;90.65;5.13;20.55;22.61;9.55;4.31;4.2;0.27;53.63;3.89;16.83;98.87;98.53;15.74;100;100;1.43;0.06;24.96;29.29;1.65;26.76;6.46;37.1;0;8.43;13.25;4.86;0.19;1.88;0;416;562;539;686;619;581;501;503;548;464;394;519;304;231;201;148;7350;134;430;490;554;563;606;569;540;521;508;456;383;459;314;252;205;157;172;7179;8110;76;295;7739;169;829;628;637;497;11640;666;2341;641;10974;677;1675;715;9299;178;189;208;1007;2267;1498;489;350;5793;4677;1434;14529;13095;12681;1052;658;10971;14416;14408;454;793;0.73;658;831;0.71;-21.6212706;-49.074135
2010;350745;35;3507456;BOREBI;75.73;2.25;13.6;15.77;48.98;94.82;84.36;7.76;9.73;4.12;1.52;9.25;1.79;9.9;2.48;11.67;68.62;70.45;95.43;16.94;19.13;0;14.44;10.42;4.57;103.95;112.46;79.74;84.61;13.33;94.07;97.65;49.83;80.03;7.81;13.15;98.68;82.32;22.74;10;93.96;96.03;100;100;99.39;94.95;29.11;1.97;10.42;10.61;1.74;0;89.4;94.73;53.67;71.24;80.31;43.81;35.66;48.34;53.73;29.93;53.92;24.61;3.91;254;350;492;626.75;850;0.39;1.38;2.4;6.63;10.99;21.32;37.9;32.77;6.24;45.96;17.58;33.44;54.04;73.23;7.46;5.21;529.08;165.1;1733.94;299.87;419.61;545;1211.97;530.13;42.48;103.34;173;0.27;10.67;0.34;45.27;6.18;3.38;0;70.76;50.85;36.14;30.09;0.99;4.9;10.68;5.65;15.02;80.59;92.17;96.57;853.89;58.62;2.78;26.06;78.41;68.7;80.91;8.63;50.5;51.41;13.13;7.1;9.68;0.2;65.57;2.67;15.25;94.29;98.53;23.07;99.75;96.09;0.79;0.85;30.07;6.04;0.61;28.42;8.6;35.67;0;6.32;29.2;3.41;0.21;1.36;3.91;83;109;107;108;81;83;86;81;70;65;58;101;34;25;23;18;1143;11;91;105;111;94;84;93;72;85;84;51;60;83;32;36;18;26;25;1150;1138;6;33;1098;29;170;133;135;98;1697;132;412;123;1565;107;280;107;1285;43;34;40;192;452;178;103;70;861;658;293;2293;2000;1941;214;128;1599;2275;2271;438;729;705;615;846;674;-22.5700178;-48.9714871
2010;350750;35;3507506;BOTUCATU;77.13;1.8;10.8;12.53;43.43;95.25;86.43;9.36;10.45;1.57;1.35;4.11;0.84;4.29;1.07;4.94;75.13;78.8;78.88;15.39;14.16;16.9;9.48;7.05;4.22;95.22;103.22;72.98;96.09;43.15;89.29;92.48;57;77.55;18.72;41.23;97.02;88.06;27.58;17;91.24;93.24;96.25;97.69;97.84;95.26;17.4;0.9;8.31;3.61;2.17;0;91.19;88.52;71.93;80.04;85.78;65.27;61.46;60.02;65.56;50.5;68.28;47.7;18.8;324;508.33;755;1327.5;2060;0.54;0.74;1.59;3.3;7.33;14.34;27.76;44.2;3.85;59.16;11.42;22.71;40.84;66.99;15.48;10.31;1089.1;209.59;4814.06;412.52;614.39;987.53;3206.38;1089.19;33.67;93.52;178;0.52;18.21;2.89;5.51;13.87;7.51;0.03;73.64;73.55;59.36;50.94;1.15;20.97;16.85;1.75;10.76;58.06;73.83;87.92;1510.55;58.95;5.01;28.51;72.43;66.67;82.07;7.37;27.19;30.69;14.94;6.57;7.3;0.36;58.52;6.07;12.89;98.85;98.24;20.28;99.69;99.78;0.14;0.75;17.85;8.76;2.16;15.42;5.04;25.07;0.31;5.42;10.66;5.88;0.22;0.84;0.22;4156;4974;5081;5480;5585;5275;4603;4139;4028;3650;3072;4453;2362;1718;1249;1012;61761;924;3952;4954;4953;5425;5771;5416;4771;4527;4394;4043;3467;4151;2733;2108;1734;1371;1797;65567;65225;505;1733;62987;1604;7918;5896;6018;4823;100688;6005;20939;5922;94683;6205;14934;6337;79749;1681;1671;1640;8943;20897;11913;4954;2952;52510;42132;4650;127328;122678;110647;10087;6079;94481;126813;126804;653;798;0.8;746;869;0.79;-22.8879628;-48.4410712
2010;350760;35;3507605;BRAGANÇA PAULISTA;76.67;1.41;10.62;12.32;41.41;94.99;84.81;8.61;10.18;1.1;0.95;4.37;0.86;4.6;1.24;5.3;71.33;74.21;79.51;16.16;15.61;17.83;12.5;10.18;2.66;95.92;106.64;68.64;81.26;31.92;86.82;91.14;51.84;62.94;15.35;30.91;95.85;82.37;25.17;11.94;83.81;87.29;92.44;95.26;96.99;92.87;17.78;1.86;12.8;3.33;2.44;0.25;87.98;88.14;66;74.51;82.26;62.28;58.63;53.05;59.46;44.76;58.81;42.07;14.93;302;499.33;703.33;1125;1834;0.52;0.7;1.51;3.22;6.64;13.93;24.83;42.82;4.37;57.35;12.49;24.4;42.65;79.9;13.71;9.17;974.08;212.73;4170.78;395.52;580.07;888.82;2789.06;974.28;43.47;97.69;183.06;0.46;21.54;2.69;4.31;15.64;9.46;0.16;67.85;69.94;51.31;43.9;1.09;16.32;19.72;1.8;9.18;63.11;78.13;88.89;1539.49;60.36;3.61;28.35;76;68.83;84.43;6.39;28.31;25.53;12.83;5.71;5.92;0.42;57.16;1.61;15.51;97.92;97.7;25.09;99.51;99.96;1.28;0.17;18.3;16.19;3.01;16.69;5.07;27.89;0.17;3.48;10.73;5.83;0.24;1.42;0.04;4483;6200;6123;6275;6503;6190;5567;5107;4753;4267;3458;4821;2761;2038;1463;1042;72081;1030;4287;5707;5888;6250;6435;6493;5715;5162;5110;4700;3761;4780;3243;2238;1866;1347;1681;74663;77534;430;2181;74923;1725;9489;7050;7217;5065;115772;7389;24384;7171;108383;6990;16995;7068;91388;1926;1863;1797;10001;24458;12638;5667;3626;59553;47488;4489;146744;142255;128454;11907;7693;108854;145407;145377;623;749;776;704;861;772;-22.9520235;-46.5418586
2010;350770;35;3507704;BRAÚNA;74.77;1.96;15.1;17.47;47.81;94.29;82.95;12.27;11.35;0.96;0.9;8.97;1.3;9.44;2.73;11.02;84.63;87.24;84.39;9.02;6.83;15.61;6.34;5.93;0;95.56;98.02;88.94;83.97;19.6;90.61;93.25;65.57;79.72;12.6;9.73;97.08;80.71;18.12;4.48;82.65;88.91;100;100;98.53;93.69;9.13;0;2.93;4.34;3.28;1.26;85.12;87.35;79.16;80.88;81.64;47.46;40.99;49.85;54.84;29.47;49.54;24.67;8.42;310;448;583.33;807.5;1318;0.43;0.33;0.86;1.58;2.48;14.08;24.65;36.88;6.04;50.33;16.49;30.77;49.67;70.65;8.95;6.11;726.71;219.57;2680.33;379.64;518.82;686.79;1831.27;726.71;41.05;108.65;192.65;0.32;15.6;1.6;29.95;9.01;5.98;0;69.76;58.54;35.22;31.63;0.98;10.54;20.94;1.16;11.98;72.05;87.76;95.12;1041.02;59.96;6.11;46.53;75.87;66.24;85.1;4.42;44.48;9.76;7.86;3.81;5.14;0.27;60.71;2.5;18.43;96.91;99.79;18.71;99.72;99.94;0.07;0.07;24.66;17.35;1.47;25.29;5.54;36.79;0;9.87;14.06;7;0.79;1.47;0.06;137;186;207;258;222;196;172;176;154;164;130;157;97;87;90;58;2552;61;180;195;182;191;217;176;183;158;145;141;128;153;100;112;80;62;66;2469;2636;23;110;2502;58;314;250;236;182;4013;221;838;240;3792;246;617;254;3175;77;64;71;313;768;616;195;97;1941;1568;631;5021;4390;4395;381;237;3777;4997;4997;475;785;737;664;0.83;725;-21.5015319;-50.3175246
2010;350775;35;3507753;BREJO ALEGRE;74.54;1.72;15.4;17.86;43.76;94.17;82.62;9.06;9.08;1.27;0.93;11.7;1.54;12.38;2.25;14.32;62.49;63.47;100;20.86;20.08;0;16.64;16.45;0;65.08;83.26;12.05;77.58;15.19;62.18;79.17;5.65;64.12;7.61;28.33;95.65;89.41;14;3.46;71.32;84.39;100;100;95.97;94.3;6.99;1.17;7.21;0.98;0;1.32;83.56;84.62;67.69;68.78;82.01;46.57;40.45;33.36;51.75;26.74;41.75;22.41;5.53;322;407.5;516.67;670;1020;0.39;0.96;2.65;2.01;4.87;11.43;17.28;35.6;7.29;47.5;18.87;33.85;52.5;76.99;7.54;5.03;631.02;229.91;2246.4;365.6;472.41;588.42;1496.84;631.02;56;96.02;181.07;0.28;14.93;1.62;14.39;8.01;7.24;0.79;67.86;61;36.6;28.98;0.34;7.32;35.62;1.93;13.28;80.62;90.68;97.14;997.01;61.08;5.44;50.87;83.84;68.51;92.03;5.9;0;24.15;7.28;4.98;8.22;0.31;62.53;0.94;18.04;88.16;99.06;20.81;100;99.49;0.63;0.25;21.1;28.68;4.03;23.66;5.14;38.86;0;5.94;19;1.7;0;1.18;0.51;81;124;110;110;108;118;104;97;70;77;71;98;50;48;27;14;1330;23;69;101;97;94;107;129;95;81;82;68;55;92;48;47;27;17;34;1243;1364;12;69;1283;22;158;109;118;74;1821;108;368;104;1713;118;260;106;1453;29;23;28;156;385;233;83;49;889;720;463;2573;2110;2232;225;135;1872;2551;2551;466;712;0.71;618;826;702;-21.1671191;-50.1850393
2010;350780;35;3507803;BRODOWSKI;76.81;1.58;12.1;14.02;44.6;95.38;85.88;8.83;9.96;1.05;1;4.14;1.16;4.37;1.49;5.01;76.41;77.92;86.2;13.45;13.43;8.4;10.13;8.65;5.4;83.85;97.32;47.51;89.61;17.45;81.63;91.26;40.19;74.46;12.68;35.01;95.95;73.81;22.98;3.86;85.63;90.41;96.65;97.29;97.52;91.11;11.28;0.64;7.83;1.44;1.55;0.72;90.65;83.98;67.29;76.5;84.58;52.89;46.63;50.34;55.96;35.21;58.55;31.11;10.56;312.5;461.4;644;975;1520;0.44;0;0;3.8;6.98;12.33;21.43;36.4;5.68;50.94;15.7;29.32;49.06;82.82;9.27;6.43;787.91;223.69;2867.87;395;536.55;777.31;1987.64;787.91;0;117.92;183.07;0.33;25.11;3.01;7.12;17.54;16.8;0;55.07;59.01;40.68;32.52;0.3;11.33;20.74;1.06;11.62;67.25;82.16;91.35;1244.93;63.52;7.09;46.59;79.21;71.47;82.04;2.83;53.87;9.37;2.73;1.91;2.45;0.32;44.25;1.65;25.14;99.61;98.65;19.98;99.67;100;0;0.17;20.86;14.37;2.48;20.4;4.85;35.5;0.81;1.45;15.66;2.76;0.32;0.91;0;656;878;978;916;878;818;733;765;744;593;470;813;381;303;221;157;10465;161;641;933;886;898;863;820;821;774;701;613;547;726;398;315;275;191;240;10642;11602;128;538;10935;239;1429;1044;1112;768;16460;1100;3678;1118;15360;1113;2578;1112;12782;290;283;312;1638;3801;1863;933;518;8342;6558;510;21107;20597;18266;1811;1155;15299;21023;21023;529;762;755;675;864;738;-20.984532;-47.657217
2010;350790;35;3507902;BROTAS;73.9;2.1;16.5;19.07;45.65;93.79;81.65;9.08;9.19;1.53;0.35;6.52;1.16;6.98;1.91;8.1;67.5;68.51;72.27;17.63;14.93;27.73;14.87;16.55;0;94.79;100.73;77.35;86.91;14.19;88.9;93.5;57.63;78.28;8.49;17.99;99.14;86.55;17.67;6.47;86.37;89.01;97.76;95.04;99.12;95.93;11.31;0.36;5.44;4.61;2.21;0;92.49;91.31;74.02;85.27;78.88;50.85;45.21;55.77;51.15;33.87;53.32;30.39;8.37;302.5;466;600;930;1288.57;0.41;0.78;1.84;3.34;5.61;14.62;24.74;32.87;5.93;47.99;16.58;31.33;52.01;78.66;7.93;5.77;722.76;214.37;2375.52;384.76;533.05;747.36;1728.78;723.01;40.18;92.79;186.89;0.3;16.95;1.33;17.99;11.11;5.91;0;73.79;58.51;40.34;38.61;0.28;9.35;16.78;1.1;10.46;67.52;84.68;94.14;1146.79;61.95;7.12;48.26;77.18;69.13;85.19;6.31;20.51;28.31;6.9;5.15;4.53;0.28;66.72;0.96;12.93;98.23;99.55;20.49;99.21;99.96;0.13;0;24.26;13.63;0.88;21.33;4.97;30.65;0;0;15.07;4.94;0.33;1.07;0.04;728;890;914;958;955;901;763;742;684;629;487;758;417;316;215;189;10711;165;722;926;944;854;890;852;831;732;708;618;508;762;414;360;283;220;245;10869;11554;129;493;10931;306;1439;1076;1087;823;16594;1148;3644;1152;15446;1060;2496;1073;12950;298;296;302;1558;3743;1960;919;558;8364;6579;2981;21580;18599;18649;1816;1022;15811;21515;21507;509;0.8;0.74;688;815;724;-22.2840884;-48.1267265
2010;350800;35;3508009;BURI;72.94;2.82;18.1;20.95;54.73;93.21;80.17;7.11;10.52;1.96;1.75;9.31;2.5;9.98;3.07;11.58;71.27;74.52;85.17;14.55;13.8;12.84;14.17;11.68;2;94.62;108.79;51.55;65.82;14.35;88.23;94.41;39.98;61.35;6.3;13.56;99.07;78.45;12.81;4.75;77.02;83.26;92.39;96.64;98.49;93.53;23.33;2.52;10.81;2.21;2.03;1.6;95.28;92.38;55.13;61.24;63.64;39.35;34.11;37.35;38.75;25;40.78;22.04;6.01;147.5;217.5;327.5;530.5;801.67;0.5;4.69;7.32;18.74;31.04;48.93;66.06;40.32;4.47;55.13;12.79;25.12;44.87;75.08;12.61;8.62;435.15;97.28;1754.62;181.08;268.18;429.72;1200.13;435.94;40.36;94.4;158.08;0.45;20.03;1.37;35.95;9.86;5.45;0.15;55.18;48.67;32.39;33.03;0.23;7.7;9.21;1.84;23.01;81.86;90.68;97.09;858.36;48.48;2.75;23.67;56.35;57.79;67.09;4.87;12.26;21.34;8.17;4.22;5.93;0.3;47.56;3.01;26.61;96.24;97.64;32.69;98.83;99.7;1.15;2.03;39.45;22.98;1.51;36.83;22.93;46.73;0;7.27;26.81;21.64;3.89;3.47;0.3;779;1018;920;757;730;734;690;553;532;474;383;922;318;245;204;134;9501;108;805;894;806;762;736;690;661;585;547;457;374;828;288;227;165;114;123;9062;7385;53;254;7079;303;1530;1135;1133;934;13311;1088;3244;1056;12223;945;2156;876;10067;347;364;344;1765;4018;1320;894;501;6531;4964;3571;18563;14992;15234;1912;1073;12249;18489;18456;394;0.7;667;578;799;642;-23.79849;-48.598924
2010;350810;35;3508108;BURITAMA;75.31;1.97;14.3;16.51;41.52;94.59;83.75;9.7;10.59;1.21;1.39;8.71;1.77;9.16;2.73;10.47;80.45;81.13;88.64;13.76;13.43;10.08;5.79;5.44;1.28;92.94;100.24;72.02;78.35;29.16;87.53;93.65;57.85;74.34;19.85;17.96;96.6;77.56;24.72;5.51;91.98;94.27;97.29;100;96.68;91.73;8.94;0.49;9.72;3.08;1.12;2.9;91.39;89.65;81.28;85.51;85.42;53.73;47.91;63.08;63.93;38.78;61.96;34.16;9.99;291.43;480;625;1000;1525;0.44;0.38;0.6;4.57;10.03;16.47;34.09;35.81;4.99;50.65;15.02;29.04;49.35;73.26;9.53;6.78;779.78;194.67;2792.14;391.13;546.53;791.71;1984.82;779.78;25.65;105.35;178.39;0.35;23.38;2.39;13.65;16.52;9.87;0.06;61.77;64.31;47.67;38.91;1.2;12.76;17.98;1.61;13.99;66.83;82.56;92.71;1159.2;60.02;5.12;41.12;77.23;66.3;85.3;7.38;33.03;21.93;12.11;6.69;9.15;0.3;43.65;9.13;20.6;98.48;99.35;17.36;99.81;100;0;0.32;19.06;8.02;3.32;22.88;4.92;35.3;0;11.41;6.99;6.58;0.8;1.2;0;522;555;601;673;636;599;598;552;527;502;397;484;368;267;202;137;7732;112;462;565;613;587;612;592;612;589;573;492;395;436;374;273;222;132;157;7686;8110;57;268;7784;192;909;681;659;573;12367;721;2472;689;11646;757;1751;746;9895;216;176;189;952;2340;1496;564;354;6211;5012;892;15418;14526;13512;1120;652;11741;15350;15350;537;833;763;0.72;839;736;-21.0664017;-50.1448077
2010;350820;35;3508207;BURITIZAL;74.79;1.76;15.1;17.43;42.96;94.31;82.98;10.39;10.03;1.29;1.1;5.8;0.64;6.08;1.94;7.07;55.11;58.67;80.76;20.33;21.62;19.24;24.56;19.7;0;99.75;115.65;53.72;72.19;35.03;91.85;96.78;34.43;66.81;23.24;32.05;100;90.13;36.3;9.36;90.61;93.81;97.8;100;99.32;96.96;38.19;2.88;8.68;3.99;1.72;2.77;97.36;97.96;54.72;63.35;75.97;48.75;43.74;45.46;47.25;30.06;44.76;26.89;11.05;275;471;670;1040;1433.33;0.46;0.44;0;5.19;10.09;17.66;30.56;36.41;4.61;51.58;13.84;27.77;48.42;71.97;10.53;7.43;817.16;188.23;2975.47;377.08;569.47;843.4;2100;817.16;53.87;106.5;178.31;0.38;18.78;1.57;24.5;10.43;3.25;0;63.85;56.46;35.81;34.32;0.72;13.4;22.24;4.05;17.2;63.29;80.19;91.15;1205.33;59.8;9.52;33.88;69.7;65.88;80.97;5.82;75.6;32.47;9.72;4.14;4.24;0.34;51.94;4.51;19.15;98.18;99.49;9.79;100;99.82;0.51;0;34.37;9.39;0.68;31.72;8.4;37.55;0;4.64;8.61;7.3;0;2.03;0.18;131;149;172;169;187;173;151;134;131;127;101;134;108;70;57;38;2073;41;124;140;142;170;174;155;144;144;130;118;116;119;89;66;61;36;52;1980;2135;28;57;2050;53;232;165;181;144;3256;182;653;178;3074;203;471;204;2603;58;53;54;257;615;421;140;78;1597;1285;747;4053;3306;3570;289;169;3112;4049;4049;488;738;735;643;0.83;743;-20.1933264;-47.7097165
2010;350830;35;3508306;CABRÁLIA PAULISTA;73.68;2.17;16.8;19.49;47.02;93.66;81.31;8.29;11.25;0.93;1.88;9.67;1.6;10.34;3.55;12.05;82.62;87;77.34;11.08;7.74;22.66;6.3;5.26;0;93.52;95.8;87.38;113.95;15.16;87.79;90.19;59.13;96.12;10.59;16.81;96.91;77.97;21.64;7.17;98.33;98.86;100;100;97.43;92.17;11.38;0;2.21;6.51;4;0;90.83;88.63;69.65;71.95;76.95;42.89;36.03;37.16;41.6;26.41;45.22;23.35;4.96;222;325;465;675;950;0.4;0.58;0.75;7.01;13.28;30.22;49.68;31.1;6.12;46.45;16.67;31.86;53.55;80.22;7.46;5.6;507.41;155.23;1578.23;267.74;385.34;550.19;1184.54;508.17;14.86;106.19;185.1;0.27;14.28;1.72;27.08;7.48;5.11;0.13;69.93;53.17;33.84;28.57;0.14;5.45;14.91;2.3;13.39;81.7;91.1;96.34;878.94;56.4;1.46;26.83;78.21;65.71;83.83;3.62;0;12.69;7.88;3.33;3.39;0.22;58.7;4.33;19.29;97.17;96.81;18.9;100;97.03;2.83;3.31;30.3;1.67;2.57;29.78;12.21;38.49;0;6.41;16.68;7.84;2.1;1.99;2.97;140;215;220;173;192;177;162;144;130;116;111;193;80;65;42;35;2220;25;160;175;207;166;174;146;169;162;129;133;87;151;91;63;54;37;41;2145;2102;6;67;2030;61;323;236;246;177;3331;266;766;251;3065;224;500;204;2565;62;63;67;348;860;362;175;124;1659;1286;588;4365;3777;3727;390;248;3089;4356;4349;429;744;694;619;811;667;-22.4562909;-49.3385645
2010;350840;35;3508405;CABREÚVA;74.67;2.07;15.2;17.63;44.94;94.24;82.81;5.24;9.62;1.12;0.93;6.22;1.11;6.64;1.73;7.95;68.74;70.11;80.1;19.52;19.94;16.89;11.73;9.95;3.01;110;113.29;100.11;69.7;21.47;90.38;94.15;57.53;64.06;11.01;12.12;97.19;81.39;22.58;13.85;80.98;87.08;95.11;100;97.28;93.31;17.12;1.42;9.29;7.33;1.47;0.27;89.17;93.17;71.37;79.97;81.96;53.46;46.63;49.9;51.89;32.66;56.41;28.06;5.57;282.5;433.33;598;925;1336.67;0.42;1.12;2.09;4.5;8.75;16.33;26.63;32.11;5.61;48.08;15.92;30.63;51.92;82.14;8.07;6.01;694.03;194.72;2228.61;357.64;510.48;738.84;1661.19;695.24;34.78;96.62;177.63;0.3;15.62;1.6;5.26;11.69;9.43;0.81;74.29;59.11;36.82;35.57;0.93;6.75;32.36;0.87;9.79;65.69;82.36;93.54;1172.37;64.12;4.05;36.9;81;74.44;84.23;8.34;19.63;37.05;14.96;7.15;8.61;0.24;68.01;1.02;12.97;98.56;98.72;35.93;99.77;99.75;0.25;0.31;26.65;19.02;2.72;22.39;6.5;27.84;0;7.25;20.11;6.86;0.66;0.98;0.25;1762;2028;1924;2042;2039;1791;1650;1473;1273;963;779;1743;578;422;244;195;21080;174;1549;1884;1888;1919;1947;1740;1625;1472;1242;953;787;1751;623;412;279;222;231;20524;22315;158;824;21333;660;3117;2341;2369;1967;30864;2264;7766;2227;28600;2337;5502;2367;23098;681;711;682;3578;8238;2178;1884;1129;15330;11526;6343;41604;35261;34804;3912;2234;28658;41489;41417;535;764;738;678;828;717;-23.3075813;-47.1324417
2010;350850;35;3508504;CAÇAPAVA;76.5;1.9;11.6;13.45;41.92;94.92;85.57;7.64;10.94;1.57;0.87;4.16;0.84;4.38;1.12;5.06;77.78;79.82;83.65;13.11;12.24;15.56;9.1;7.94;0.79;97.33;104.54;77.12;86.22;30.23;89.26;92.38;59.23;73.32;11.89;18.82;97.16;87.68;21.05;13.49;86.5;89.88;95.56;96.9;98.01;95.3;13.49;1.05;11.82;3.51;2.78;0.53;91.8;90.39;75.98;83.96;86.09;65.9;62;59.87;62.97;48.61;62.23;45.84;12.45;273.43;445;665;1124.67;1875;0.5;0.97;2.25;5.17;10.8;18.06;30.81;39.02;4.21;55.64;12.4;24.9;44.36;72.29;12.59;8.98;871.87;183.55;3401.78;356.85;545.1;848.39;2425.86;872.27;38.7;96.02;174.38;0.44;16.38;1.78;3.24;13.46;6.98;0.82;74.24;75.46;59.06;41.62;1.3;15.46;25.74;1.25;12.02;60.67;75.56;87.8;1426.01;56.05;2.21;21.32;73.51;64.43;79.74;8.91;21.84;36.14;16.92;8.25;9.5;0.36;63.57;3.44;13.91;99.45;96.71;27.78;99.75;99.91;0.53;0.4;14.26;13.5;1.99;12.9;4.75;26.39;0.9;5.96;10.88;6.93;0.2;0.93;0.09;2966;3534;3517;3678;3863;3552;3205;2945;2767;2429;2046;3091;1592;1104;758;495;41996;454;2744;3404;3444;3562;3800;3636;3356;3040;2909;2608;2075;2818;1693;1251;904;681;831;42756;40910;153;891;39866;1206;5550;4149;4167;3340;66195;4236;14201;4167;61959;4160;9965;4235;51994;1164;1169;1169;6128;14445;6478;3404;2101;33790;26784;12235;84752;72517;72988;6938;4177;61874;84377;84338;659;808;788;755;858;754;-23.099204;-45.707645
2010;350860;35;3508603;CACHOEIRA PAULISTA;75.19;1.66;13.3;15.43;43.69;94.19;83.72;8.71;10.33;0.88;1.03;4.18;1.23;4.38;1.38;4.98;67.84;72.41;73.17;18.45;16.55;23.37;13.72;11.04;3.46;101.49;111.33;72.89;70.2;30.24;90.64;94.38;52.75;58.34;14.42;28.61;96.58;87.66;27.76;13.04;92.55;94.26;97.07;97.41;98.01;95.36;24.04;1.95;28;5.92;1.02;1.77;90.61;89.08;66.28;77.19;85.34;64.63;60.69;55.05;60.79;48.13;69.54;45.72;12.97;230.8;376.25;556;903.33;1450;0.52;1.2;2.33;7.63;14.94;25.48;42.15;42.19;4.04;56.9;11.82;24.19;43.1;60.76;14.27;9.63;764.6;154.6;3225.6;297.44;472.56;722.95;2175.85;765.31;52.68;103.9;175.9;0.48;17.03;0.99;6.24;15.26;10.55;0.72;68.98;74;57.54;50;1.77;15.25;6.46;2.57;15.52;72.63;84.02;92.79;1086.73;54.49;2.56;22.29;67.44;62.23;81.77;9.16;15.5;27.77;18.07;8.7;9.03;0.31;58.26;3.64;17.94;98.18;97.41;27.17;99.64;99.8;0.74;0.43;19.04;7.45;1.99;15.66;6.41;27.2;0.82;6.18;14.45;10.75;0.07;1.23;0.2;1038;1241;1326;1288;1321;1184;1076;941;971;927;748;1017;585;398;275;199;14749;214;968;1164;1128;1220;1295;1310;1084;1076;1101;942;785;1101;634;505;362;309;358;15342;14130;62;320;13748;368;1928;1424;1475;1216;23562;1458;4962;1475;22104;1460;3504;1468;18600;422;403;420;2192;5089;2620;1164;661;12109;9761;5519;30091;24572;25933;2405;1437;22091;29922;29894;646;773;764;728;837;733;-22.666498;-45.015384
2010;350870;35;3508702;CACONDE;76.45;2.06;12.6;14.59;50.85;95.2;85.38;9.9;9.92;1.66;2.14;7.79;2.27;8.23;2.98;9.33;72.62;75.08;83.58;14.67;14.27;11.21;12.71;10.65;5.21;92.37;103.07;60.87;73.36;19.21;89.29;94.39;48.98;66.02;13;10.11;96.86;77.66;21.57;6.61;74.34;82.29;91.72;98.41;97.74;92.65;19.14;0.99;2.96;2.65;2.09;1.49;89.99;91.29;60.81;69.57;80.36;43.79;37.07;52.77;57.49;30.25;61.73;25.24;8.71;200;321.67;503.33;774;1170;0.5;1.17;2.4;9;18.67;30.16;52.97;39.91;4.61;55.26;12.99;25.72;44.74;69.32;12.29;8.52;627;144.6;2502.5;262.64;399.21;596.18;1735.69;627.66;56.51;106.79;174.29;0.43;29.4;1.94;49.89;9.53;5.4;0.08;49.12;49.02;33.74;26.95;1.12;9.58;4.71;7.49;22.97;82.11;89.75;95.32;919.09;61.35;14.77;46.51;76.36;68.73;80.21;6.35;12.36;18.36;14.9;5.55;6.4;0.36;33.01;3.3;25.94;92.22;99.11;21.3;99.58;99.86;0.49;0.24;39.08;25.66;2.26;33.53;13.97;41.92;0;2.8;13.18;9.57;0.96;1.33;0.14;597;850;830;719;652;624;603;638;623;581;488;760;441;284;264;168;9285;163;599;908;794;712;655;667;588;639;639;514;461;696;419;316;258;177;211;9253;9760;260;473;9028;217;1383;1055;1039;691;14119;1026;3055;994;13093;890;2029;879;11064;288;263;280;1568;3640;1836;908;515;7046;5540;5899;18538;12639;15909;1758;1016;13135;18434;18414;438;738;0.72;0.62;858;701;-21.527995;-46.643659
2010;350880;35;3508801;CAFELÂNDIA;77.01;2.04;11.8;13.69;45.53;95.48;86.16;10.74;9.83;1.27;1.01;7.1;1.78;7.5;2.38;8.54;75.53;76.02;83.87;10.97;9.93;15.33;13.5;14.06;0.8;89.51;96.95;69.36;59.7;23.82;83.37;90.01;50.84;55.16;15.28;10.31;94.01;78.1;24.05;8.28;73.38;80.1;90.67;100;96.75;91.72;8.99;0.48;15.02;5.05;2.06;0.77;88.57;84.65;77.57;81.53;79.74;49.91;44.42;47.18;50.6;33.41;55.4;30.25;9.11;251.67;382.5;543.33;840;1250;0.46;1.14;3.32;5.8;13.33;22.18;39.58;37.19;4.98;52.12;14.3;28.06;47.88;71.85;10.41;7.26;680.71;169.52;2531.89;317.07;468.36;674.8;1767.33;680.71;43.11;99.81;177.95;0.37;17.98;1.44;20.86;12.29;6.42;0.07;70.31;56.93;38.74;37.1;0.43;9.59;19.16;2.28;10.94;74.77;87.78;94.59;1036.06;56.51;4.09;30.15;72.54;63.84;76.67;7.07;40.94;32.14;11.33;6.07;8.6;0.26;58.5;3.05;17.07;95.5;98.94;19.98;99.83;99.86;0.11;1.13;26.83;26.62;3.25;25.87;7.87;33.82;0;13.42;10.56;8.4;0.62;1.75;0.14;502;697;667;712;656;661;610;547;531;494;433;542;349;255;206;144;8174;168;527;626;702;644;695;647;591;592;550;521;461;507;357;307;278;215;213;8433;8190;54;243;7893;214;1020;744;765;585;13132;795;2701;799;12337;813;1906;798;10431;226;200;210;1139;2684;1783;623;424;6734;5401;2181;16607;14426;14491;1323;804;12364;16509;16509;499;0.76;742;661;867;714;-21.8054355;-49.6030627
2010;350890;35;3508900;CAIABU;74.37;2.06;15.7;18.19;46;94.07;82.36;11.37;11.78;0.78;1.9;12.48;0.79;13.21;3.09;15.69;78.64;83.44;84.06;12.96;12.14;12.36;8.4;4.42;3.59;99.22;107.12;78.14;68.07;36.3;90.81;93.61;57.86;65.66;14.06;24.38;98.87;91.9;22.47;16.21;83.91;87.8;96.41;100;98.92;97;20.59;0.9;10.94;4.57;1.84;1.11;91.46;90.09;66.95;82.83;92.94;49.75;40.96;70.61;74.61;37.47;71.67;29.91;2.59;265;396.67;510;682.5;901;0.37;1.3;2.3;5.09;8.51;19.55;32.88;30.52;6.36;44.24;18.38;34.93;55.76;73.8;6.64;4.82;559.13;177.83;1706.38;336.09;462.71;582.29;1239.61;560.01;32.6;93.82;175.7;0.26;8.73;1.58;30.94;6.35;2.94;0;79.15;65.52;51.2;25.06;0.2;4.51;33.8;3.03;16.28;73.94;90.01;98.11;981.66;52.14;4.92;21.83;79.46;59.1;77.35;8.34;50.98;36.04;16.34;7.3;8.35;0.26;72.51;1.91;12.23;98.78;98.82;12.87;97.11;100;0.22;0.84;23.12;16.09;1.08;24.51;6.74;37.05;0;3.02;11.75;6.52;1.12;3.19;0;112;167;187;197;149;131;129;177;158;114;109;147;88;75;70;37;2091;44;124;158;166;166;142;126;161;151;147;121;93;112;77;76;59;50;52;1981;1870;16;43;1811;53;258;196;208;132;3252;210;716;208;3042;235;506;235;2536;51;51;52;275;674;463;158;101;1587;1255;757;4072;3315;3586;325;198;3064;4055;4049;498;814;729;691;823;682;-22.0143038;-51.2356597
2010;350900;35;3509007;CAIEIRAS;76.68;1.6;10.2;11.83;40.7;94.92;84.61;4.91;11.08;1.33;0.98;3.93;0.75;4.16;1.01;4.88;82;85.02;82.81;9.91;8.89;11.08;8.09;6.09;6.1;94.47;96.4;88.71;96.27;35.26;87.51;88.44;63.19;75.99;16.42;29.05;94.93;87.34;25.21;12.16;91.2;92.64;95.37;95.72;94.83;92.95;12.36;1.3;8.68;5.04;3.08;2.25;87.04;87.46;78.11;84.92;87.31;64.44;59.48;62.86;67.74;48.56;66.31;44.4;11.05;271.67;443;655;1036.67;1502.5;0.47;1.01;1.97;5.08;9.12;17.67;29.24;36.94;4.65;52.29;13.61;27.16;47.71;83.66;10.86;7.68;800.15;185.96;2956;358.66;541.93;822.26;2092.26;800.27;38.27;97.21;175.51;0.39;17.34;1.75;0.26;14.07;6.54;0.15;72.34;71.86;56.22;48.68;1.21;13.28;23.7;0.38;11.27;61.09;77.94;90.14;1379.68;63.54;5.34;32.79;79.32;73.31;86.85;9.96;37.22;35.52;16.71;8.87;10.49;0.33;60.92;5.05;14.62;97.43;96.73;36.81;99.9;99.93;0.46;0.76;16.97;8.8;5.17;14.08;5.56;24.99;0.23;6.66;11.15;6.15;1.71;0.54;0.07;3211;4007;3871;3814;3702;3657;3311;3239;2982;2311;1786;3362;1250;760;488;275;42298;272;3054;3889;3722;3950;4049;3789;3672;3517;3042;2519;1909;3256;1403;898;609;467;486;44231;46706;421;1466;44819;1235;6324;4643;4831;3721;65588;4584;15304;4457;61004;4515;10720;4635;50284;1289;1266;1289;6888;16293;4246;3880;2243;33954;26312;2143;86529;84386;73504;7896;4472;61136;86294;86281;644;808;781;749;861;0.74;-23.3644621;-46.7484765
2010;350910;35;3509106;CAIUÁ;73.13;2.36;17.8;20.57;45.97;93.33;80.47;9.82;11.4;1.42;1.15;11.71;1.8;12.46;2.82;14.35;77.8;80.96;86.75;13.73;15.01;11.16;8.46;4.04;2.09;101.19;108.82;77.6;49.1;16.23;91.6;94.1;54.47;49.1;10.96;16.31;100;91.06;22.06;4.48;69.49;80.29;92.01;100;99.28;97.27;20.57;1.23;18.07;4.64;2.84;0;98.76;96.21;71.9;76.23;78.96;42.14;35.29;49.12;51.7;26.79;49.62;22.15;4.87;178.6;300;444;614;945;0.45;4.02;7.93;13.35;22.5;33.56;52.96;35.62;4.51;50.79;14;28.52;49.21;66.26;10.18;7.23;500.47;112.91;1782.48;237.41;363.25;517.75;1266.2;505.43;20.88;86.71;156.09;0.37;31.58;0.69;35.95;4.46;4.47;0;58.48;53.43;37.54;40.8;1.24;7.39;9.22;6.9;26.21;78.72;90.12;94.64;890.18;45.22;5.81;26.02;52.28;51.13;64.05;6.67;18.82;16.94;17.18;6.17;4.33;0.33;34.05;10.84;16.1;72.38;98.64;17.98;99.36;99.49;1.04;1.9;23.71;30.51;0.72;28.87;10.14;45.97;0;3.38;16.78;12.77;1.73;1.67;0.51;132;239;227;235;200;156;201;180;237;142;133;189;114;90;80;54;2652;43;153;204;188;169;155;158;195;192;185;149;142;175;94;83;69;39;37;2387;1988;26;61;1901;46;351;258;269;175;3947;262;819;219;3685;236;557;266;3128;64;67;79;389;923;495;204;123;1855;1498;3109;5039;1930;4398;443;236;3719;4871;4824;421;779;697;635;802;665;-21.8319357;-51.9887179
2010;350920;35;3509205;CAJAMAR;73.59;1.8;17;19.66;41.97;93.61;81.18;4.38;10.45;1.63;1.6;5.19;1.12;5.47;1.74;6.52;74.76;79;77.09;13.29;11.6;20.18;11.95;9.4;2.73;95.29;103.81;70.5;77.95;24.58;84.05;89.04;42.74;68.01;11.34;38.73;96.32;84.57;25.26;13.41;85.53;88.97;92.54;95.74;96.5;93.45;18.74;2.31;11.51;3.14;2.78;1.71;89.71;87.88;65.47;72.93;74.8;55.42;50.74;45.78;52.19;37.9;51.8;34.45;6.52;254.86;430;606.67;896.67;1268.67;0.43;3.14;4.91;7.21;11.54;20.93;31.25;32.64;4.61;48.01;14.73;30.07;51.99;84.06;8.87;6.52;676.5;155.89;2208.22;342.19;519.14;741.2;1624.89;677.2;30.88;75.11;160.51;0.36;11.81;0.82;0.97;9.44;5.37;0.45;77.72;64.63;47.86;41.72;0.63;8.09;20.45;1.36;9.41;67.12;83.27;93.53;1190.91;57.59;5.41;29.79;73.95;66.73;75.05;9.39;35.41;27.49;12.25;8.47;8.27;0.24;71.17;2.37;13.06;96.75;97.39;41.02;99.32;99.77;1.15;1.88;21.47;14.47;3.5;21.05;7.34;29.46;0;4.08;23.41;7.37;0.65;0.93;0.23;2562;2987;2946;3175;3160;2949;2623;2223;1896;1576;1154;2713;748;537;343;222;31997;183;2480;2951;2882;3143;3257;2985;2594;2266;2004;1585;1170;2447;821;594;404;265;269;32117;31053;321;1038;29694;1017;4671;3495;3475;2970;47768;3491;12083;3459;44277;3521;8592;3599;35685;1038;1078;980;5284;12243;2810;2935;1772;24144;18145;1291;64114;62823;53921;5938;3485;44497;64040;63974;554;734;728;668;0.81;713;-23.3561111;-46.8769444
2010;350925;35;3509254;CAJATI;74.89;2.66;14.9;17.24;55.06;94.36;83.14;7.37;10.39;1.47;1.26;9.94;1.38;10.75;1.88;12.68;74.12;76.6;82.18;15.96;15.54;14.46;9.91;7.86;3.35;92.93;104.27;61.58;63.93;20.33;83.84;90.59;45.06;61.39;7.38;7.71;98.2;73.87;16.29;11.97;86.01;89.55;95.63;97.55;98.37;91.86;15.04;1.32;23.3;4.95;1.85;1.77;86.98;83.59;63.08;64.82;73.52;45.12;39.4;38.92;42.33;28.04;42.97;25.16;6.18;170;265.5;395;630;864;0.47;5.14;8.72;14.4;24.04;38.28;54.94;36.84;4.24;52.24;13.43;27.08;47.76;75.9;10.97;7.71;481.48;102.11;1773.75;221.23;328.58;497.82;1245.87;484.5;34.98;79.91;156.53;0.41;16.15;1.65;15.23;15.05;12.59;2.57;62.17;55.7;38.04;36.7;1.24;8.6;9.45;3.88;23.01;75.14;86.49;95.53;966.01;51.06;2.71;24.67;67.55;61.74;72.19;11.06;33.41;44.02;17.48;9.59;11.72;0.33;54.62;1.84;22.32;90.63;95.37;32.03;99.42;98.93;0.88;2.26;33.86;13.99;1.63;31.82;16.8;42.09;0;7.07;28.14;16.99;0.78;2.29;1.07;1153;1587;1360;1097;1091;1152;1006;903;820;695;608;1343;457;388;294;206;14328;168;1176;1500;1322;1146;1148;1176;1017;862;792;669;562;1226;414;360;269;197;208;14044;11948;84;450;11414;429;2447;1810;1850;1378;20387;1744;4925;1638;18643;1414;3181;1371;15462;522;509;525;2700;6361;2090;1500;842;10142;7674;7652;28372;20720;23397;3087;1824;18486;28207;28032;451;712;694;611;832;658;-24.7272376;-48.1077914
2010;350930;35;3509304;CAJOBI;74.32;1.89;15.8;18.29;41.5;94.04;82.28;9.92;11.75;0.72;0.8;7.82;1.36;8.3;2.03;9.72;83.51;83.29;93.24;9.24;7.93;6.76;7.25;8.78;0;99.72;101.29;95.32;73.64;20.53;94.93;93.18;73.48;71.37;13.83;10.11;99.26;91.98;21.96;8.37;95.2;96.91;100;100;99.66;97.64;10.95;0;20.42;2.17;5.52;0;90.87;92.66;81.89;89.73;82.07;46.74;39.18;51.22;57.45;32.27;56.4;26.89;8.59;300;443.75;568.33;870;1132.5;0.4;0;0;2.77;6.34;15.13;32.24;32.61;6.19;47.17;17.37;32.14;52.83;73.06;7.51;5.45;679.75;210.27;2216.81;380.01;502.2;703.07;1608.52;679.75;0;102.58;186.92;0.29;13.6;2.12;39.33;10.18;5.57;0;71.53;55.39;39.94;31.36;0.45;10.91;11.01;1.39;16.48;73.24;87.53;95.81;971.28;62.66;6.37;41.96;79.64;69.22;86.34;5.36;19.48;15.97;10.44;4.85;5.7;0.23;64.08;1.26;17.63;99.42;99.6;16.81;99.9;99.94;0;0;28.02;4.8;0.34;25.24;5.97;33.39;0;5.47;12.85;5.8;1.17;0.43;0.06;283;368;442;509;500;373;341;317;366;282;263;337;202;146;138;87;5025;71;253;335;400;402;390;347;344;359;335;292;224;319;214;180;136;107;106;4743;5377;45;186;5147;95;557;425;437;331;7860;500;1751;500;7360;528;1251;521;6109;107;123;131;678;1561;969;334;241;3830;3029;635;9768;9133;8581;703;442;7436;9760;9760;467;0.81;734;674;822;714;-20.8776238;-48.8106972
2010;350940;35;3509403;CAJURU;74.52;2.03;15.5;17.92;47.05;94.15;82.58;8.87;9.92;1.19;0.68;5.97;1.96;6.39;2.81;7.33;73.15;77.06;82.94;13.36;12.02;14.35;13.5;10.92;2.71;95.73;108.98;64.65;87.95;18.68;87.82;93.35;48.79;80.35;10.46;17.47;95.02;79.36;23.29;6.04;87.69;90.61;95.41;96.98;97.11;91.81;20.33;1.97;2.08;4.1;2.44;0;93.05;89.75;61.24;72.1;76.63;48.23;42.51;40.17;46.5;30.78;45.1;27.61;9.52;256.67;393;520;780;1036.67;0.4;1.75;3.7;4.61;9.93;19.65;35.47;31.01;6;46.09;16.66;32.26;53.91;79.31;7.45;5.53;597.11;179.02;1851.9;318.46;465.53;646.44;1376.55;597.76;52.33;84.62;178.28;0.28;21.96;1.33;23.64;11.48;8.42;0;65.72;54.95;36.11;36.11;0.77;10.61;15.2;2.06;15.55;71.69;87.99;96.17;990.05;59.51;5.67;30.11;73.6;68.93;79.2;4.85;19.38;28.46;7.47;3.78;6.83;0.21;56.83;1.61;16.59;98.17;97.29;24.88;99.95;100;0.13;0;32.19;12.31;2.89;29.13;9.39;34.06;1.69;11.32;13.41;7.92;0.85;1.63;0;854;1056;1084;1067;971;867;850;820;736;636;526;876;421;303;242;199;11699;191;753;1024;1078;1003;953;919;804;791;747;669;502;843;449;356;306;213;262;11672;11917;118;442;11357;314;1682;1254;1285;973;17965;1325;4232;1285;16640;1235;2907;1261;13733;320;337;359;1780;4390;2072;1024;681;9052;6971;2576;23371;20795;20025;2080;1469;16476;23277;23252;482;725;713;633;825;693;-21.2759978;-47.3046035
2010;350945;35;3509452;CAMPINA DO MONTE ALEGRE;75.77;2.62;13.6;15.71;49.85;94.85;84.42;8.73;10.87;1.44;1.08;8.28;2.43;8.79;1.33;10.08;82.21;84.18;85.51;11.26;10.68;12.03;6.53;5.15;2.46;94.57;99.27;80.67;88.74;9;91.94;94.98;67.06;82.98;3.67;9.15;96;85.38;10.01;8.43;86.03;90.91;92.66;100;97.54;94.47;10.58;0;3.05;3.47;1.8;0;90.79;93.11;78.46;79.02;76.89;41.85;35.04;49.86;50.75;28.91;54.43;24.67;5.63;170;280;405;655;1000;0.53;2.15;4.97;11.03;21.93;36;57.94;44.21;4.44;57.75;12.3;24.28;42.25;67.68;14.38;9.39;575.66;127.93;2544.79;226.05;344.73;517.43;1662.64;576.26;48.27;100.14;166.48;0.49;21.15;0.58;30.64;8.76;8.46;0.15;51.6;51.25;39.06;35.22;0.69;8.27;10.93;3.09;21.44;82.61;91.35;97.45;878.58;53.16;4.29;29.71;73.05;61.37;81.16;10.47;38.17;29.95;18.75;9.49;12.97;0.32;41.21;5.77;28.32;97.57;99.26;23.42;99.35;99.87;0;0.33;35.01;13.97;2.46;30.73;14.02;46.23;0;4;16.47;14.2;3.74;1.17;0.13;204;281;240;241;225;197;198;178;191;143;144;237;126;67;94;36;2853;51;188;232;229;227;226;208;188;200;175;141;139;224;99;85;46;52;55;2714;2512;22;89;2400;78;418;321;324;228;4201;278;937;295;3923;285;659;274;3264;86;90;76;466;1073;486;232;140;2070;1614;857;5567;4710;4725;513;301;3911;5530;5525;419;779;717;634;846;687;-23.5935653;-48.4801876
2010;350950;35;3509502;CAMPINAS;76.59;1.63;11.81;13.7;38.41;95.17;85.3;8.47;10.1;1.44;0.94;3.26;0.8;3.4;0.94;3.89;72.41;75.32;79.49;15.08;14.48;15.3;12.51;10.2;5.21;100.21;108.01;79.1;75.82;48.63;85.69;89.4;53.07;59.53;21.46;41.17;95.83;85.27;34.26;18.32;86.63;89.42;93.61;94.57;95.95;93.07;17.01;2.27;8.58;4.25;2.06;1.23;87.2;85.61;69.52;75.83;83.04;67.71;64.84;53.2;59.8;50.47;59.55;48.72;21.31;360;598.33;942;1797.5;3000.5;0.56;1.06;2.3;3.16;6.75;11.39;21.85;44.13;3.34;60.74;10.17;20.89;39.26;77.1;17.36;11.9;1390.83;232.33;6137.8;474.71;745.83;1277.21;4207.44;1391.53;34.62;86.8;173.15;0.56;17.26;2.72;1.13;14.74;5.96;0.16;77.69;75.29;57.98;53.43;0.96;23.92;12.07;1.38;6.98;48.94;66.17;80.49;2052.99;61.53;4.86;31.31;71.31;68.73;82.65;7.01;30.66;29.25;13.18;6.25;7;0.45;64.66;3.65;10.67;99.42;97.3;22.07;99.81;99.98;0.32;0.55;16.94;13.37;4.05;14.59;3.64;21.66;0.54;3.97;10.72;4.92;0.65;0.83;0.02;32541;39891;41344;48225;51178;47315;40812;37955;34630;31354;25295;33570;19059;13766;10457;6832;520865;6641;31330;38690;40346;48593;52883;49301;43304;41355;38876;35795;29515;32214;23211;16986;13743;10260;12846;559248;584513;3818;15236;565459;13107;62795;46689;47698;38130;871747;48247;178471;48202;823500;51870;130224;54080;693276;12621;12986;12857;68563;163686;91518;38685;23834;456957;368035;18573;1080113;1061540;949924;78581;48664;822680;1071983;1071443;677;759;805;731;0.86;829;-22.90556;-47.06083
2010;350960;35;3509601;CAMPO LIMPO PAULISTA;75.4;1.87;14.1;16.35;40.92;94.64;83.88;5.93;10.4;1.06;0.8;4.22;0.73;4.47;1.2;5.26;75.06;75.75;85.09;14.35;14.35;14.46;10.59;9.9;0.45;95.9;102.94;77.56;86.24;30.95;87.08;90.47;58.27;74.53;13.84;23.76;95.61;88.28;24.55;13.25;88.15;91.35;97.44;97.34;96.67;94.35;12.44;1.41;11.15;3.75;2.9;0.81;84.82;84.24;72.59;81.38;88.6;63.74;58.54;63.44;65.77;45.55;66.35;41.33;8.13;294.29;466.67;680;1060;1500;0.43;1.19;2.47;3.64;7.09;15.35;26.54;31.8;5.14;48.08;14.97;29.87;51.92;78.82;8.5;6.42;767.85;197.23;2441.74;377.51;571.97;846.69;1846.14;768.03;39.79;88.16;173.53;0.32;17.05;0.89;1.47;14.07;8.89;0.05;74.5;71.39;53.73;45.49;0.72;9.92;23.74;0.98;10.13;61.12;78.77;91.64;1256.57;62.91;3.85;33.85;82.52;72.24;82.29;10.32;55.76;42.21;16.86;8.87;8.83;0.24;65.95;3.08;12.18;99.49;98.51;33.51;99.75;99.94;0.6;0.63;16.69;11.85;3.33;14.28;4.5;24.95;0.29;2.2;12.66;5.47;1.51;0.58;0.06;2688;3208;3293;3332;3385;2983;2827;2629;2347;2102;1645;2802;1229;777;529;334;36392;282;2644;3127;3227;3358;3425;3208;2960;2635;2566;2253;1909;2646;1250;874;656;443;501;37682;39778;244;1382;38153;1066;5079;3785;3825;3161;56959;3985;13210;3838;52974;3787;9225;3861;43749;1105;1091;1087;5613;13393;4396;3127;1998;29265;22680;0;74074;74074;63229;6335;4082;52812;73614;73597;637;796;769;739;0.84;733;-23.207791;-46.788919
2010;350970;35;3509700;CAMPOS DO JORDÃO;76.1;2.04;13.1;15.17;42.82;95.02;84.88;5.86;10.35;1.76;1.06;4.41;1.06;4.67;1.58;5.43;73.3;77.77;73.78;15.41;12.97;21.88;11.29;9.25;4.34;96.43;107.36;65.45;81.14;20.59;86.29;92.37;45.7;66.57;9.04;38.96;96.42;77.25;18.87;10.94;87.91;90.9;95.77;96.13;97.15;91.96;18.18;1.54;13.82;3.96;1.83;0.39;88.7;87.22;65.36;76.52;77.32;51.76;46.5;39.58;46;31.19;47.87;28.14;8.6;253.33;388;552;833.33;1265;0.59;1.63;3.43;5.41;10.59;20.91;35.02;52.89;3.78;64.13;10.76;21.13;35.87;84;19.67;11.94;911.4;172.18;4820.2;317.98;472.66;671.61;2927.22;911.4;39.31;92;178.31;0.65;20.94;1.74;1.67;13.65;11.92;0.08;67.25;57.19;35.43;57.41;0.73;8.39;4.82;1.9;11.03;74.95;87.46;94.71;1407.02;64.31;4.23;34.4;76.92;74.43;84.45;4.2;5.75;17.04;7.97;3.72;6.95;0.53;59.22;0.37;16.52;92.06;87.35;30.42;99.35;100;2.82;4.01;27.35;12.09;2.85;23.77;7.7;29.87;0;6.79;27.52;8.06;0.7;1.18;0;1729;2204;2212;2078;2068;1989;1808;1724;1529;1290;954;1835;737;451;344;244;23393;197;1620;2257;2137;2055;2055;2064;1992;1858;1645;1406;1072;1878;784;547;433;275;318;24396;26094;184;910;25000;658;3573;2665;2684;1973;36251;2648;8482;2563;33603;2551;5834;2522;27769;718;709;763;3892;9301;2800;2257;1313;18634;14442;298;47789;47491;40576;4340;2645;33591;47287;47287;518;724;749;648;852;761;-22.7395263;-45.5912829
2010;350980;35;3509809;CAMPOS NOVOS PAULISTA;74.41;2.48;15.6;18.09;52.42;94.09;82.42;10.09;10.47;0.63;1.25;9.98;1.76;10.64;2.75;12.11;76;77.84;74.95;18.49;17.07;22.76;5.51;5.09;2.3;96.2;104.25;74.31;81.36;28.55;90.71;94.93;66.29;67.42;12.83;35.58;96.52;78.03;14.82;8.56;92.14;92.89;97.64;94.85;97.9;92.56;7.18;0.67;21.79;1.32;2.13;1.99;96.65;94.4;76.9;74.23;73.7;42.76;37.81;40.54;47.49;29.75;41.57;26.91;7.72;200;315;465;686.67;1000;0.43;1.77;2.12;9.24;16.37;30.41;48.09;32.61;5.47;48;15.57;30.34;52;70.9;8.38;6.19;516.26;141.26;1683.39;260.59;381.26;559.13;1243.19;518.25;40.62;99.46;169.22;0.31;17.14;1.04;40.87;6.52;6.77;0;53.42;51.79;37.59;37.23;0.4;8.93;7.4;4.22;23.77;79.64;92.53;96.92;855.27;52.73;3.45;27.77;75.8;61.05;80.58;5.37;21.6;21.02;13.13;4.67;6;0.21;37;12.78;28.12;97.58;97.99;18.59;100;99.7;0.96;0.68;30.9;7.86;2.1;30.48;12.54;44.89;0;16.27;16.73;10.61;2.38;2.69;0.3;161;221;196;169;191;179;149;146;165;122;108;207;102;89;53;39;2339;42;165;185;174;156;173;160;152;163;145;105;129;164;94;86;54;47;48;2200;2023;14;71;1938;61;320;234;261;182;3436;240;695;220;3196;195;455;189;2741;83;64;78;393;876;458;185;112;1686;1356;1011;4539;3528;3837;406;257;3174;4537;4520;428;779;706;638;824;0.67;-22.601952;-49.998726
2010;350990;35;3509908;CANANÉIA;76.07;2.54;13.1;15.19;54.26;95.01;84.85;8.78;10.77;1.18;0.7;7.42;1.75;8.01;1.37;9.14;75.42;77.61;90.78;13.1;13.23;9.22;11.48;9.17;0;95.26;102.73;73.78;69.11;13.4;89.99;91.41;54.16;69.11;5.11;12.34;98.98;88.15;11.79;4.26;82.52;85.34;87.61;90.09;97.32;94.96;21.87;0.41;10.05;4.94;3.42;0.81;93.89;93.68;66.83;76.47;79.55;50.92;45.65;44.48;53.57;33.33;57.98;29.59;5.77;170;300;460;704;1020;0.49;5.67;10.09;13.88;25.5;34.09;50.96;37.77;3.68;53.37;12.41;25.73;46.63;70.88;12.17;8.61;540.54;99.59;2041.73;235.94;359.8;564.88;1444.05;551.62;28.52;73.26;148.66;0.42;28.84;1.84;21.12;14.52;8.06;0;52.62;58.16;39.99;45.05;0.48;7.26;3.43;6.04;25.11;77.9;87.68;94.7;920.39;53.63;1.42;23.28;66.19;64.44;76.02;5.15;0;4.98;13.37;5.18;7.23;0.32;34.39;6.11;23.59;90.61;94.03;34.54;99.05;97.87;2.69;1.01;30.5;17.48;2.68;26.19;12.91;36.62;0.69;2.21;24.36;11.36;0.96;2.76;2.13;467;647;558;435;459;505;441;347;359;343;299;524;257;191;126;102;6134;74;445;636;544;467;425;488;402;373;361;343;298;506;214;192;152;124;122;6092;5489;18;168;5302;173;1021;751;778;538;8909;715;1971;676;8194;532;1256;501;6938;187;209;195;1051;2565;1073;628;346;4468;3473;1790;12226;10436;10234;1283;723;8228;12144;11900;509;732;0.72;649;851;677;-25.0104609;-47.9315628
2010;350995;35;3509957;CANAS;72.83;2.38;18.3;21.17;49.76;93.14;80;6.25;10.27;4.23;3.77;6.15;2.88;6.34;1.29;7.15;71.05;70.05;88.55;15.68;18.63;6.25;13.26;11.32;5.2;103.68;107.8;90.17;59.86;12.52;93.49;93.76;62.27;58.61;5.75;10.93;97.75;83.46;21.3;6.91;77.37;81.89;93.39;94.29;98.37;94.88;16.59;4.59;15.49;4.71;4.2;0;90.58;94.15;72.71;77.16;79.75;51.81;45.09;52.98;52.1;34.78;54.71;30.61;4.17;171.75;260.5;385.71;610;899.5;0.43;2.19;3.36;15.21;28.79;38.69;55.52;32.07;5.31;48.41;15.22;29.53;51.59;73.88;8.43;6.37;444.72;118.08;1426.25;220.29;318.32;490.44;1076.86;444.72;35.31;104.75;166.2;0.32;15.9;1.6;8.14;13.34;9.29;0.88;60.2;59.82;41.39;42.75;4.2;3.78;16.17;2.76;23.99;80.28;91.23;96.77;807.22;56.54;4.97;36.83;70.45;65.18;77.23;11.7;0;17.93;20.63;11.57;16.03;0.28;48.75;6.74;24.84;99.09;92.97;32.89;100;98.8;2.38;0.28;32.86;22.63;1.63;24.72;15.96;37.88;0;3.26;19.99;15.14;0.94;3.89;1.2;209;211;202;210;199;164;145;158;145;113;97;184;55;49;37;22;2223;23;181;204;195;188;188;156;151;146;152;105;93;194;66;56;29;36;22;2162;2040;21;80;1939;73;331;223;260;240;3202;239;795;244;2963;230;556;233;2407;77;67;71;395;884;274;204;117;1583;1200;315;4385;4070;3608;415;218;2975;4384;4384;518;774;704;677;797;646;-22.7029347;-45.0526508
2010;351000;35;3510005;CÂNDIDO MOTA;75.71;2.05;13.7;15.82;44.12;94.81;84.33;9.9;10.75;1.26;1;6.94;1.28;7.35;1.73;8.51;84.51;85.53;92.99;9.9;9.79;5.79;5.59;4.68;1.22;94.47;103.43;71.25;86.48;20.52;88.88;95.74;59.72;78.16;13.9;31.04;97.41;87;22.41;7.45;89.23;92.41;100;100;98.18;95.06;9.34;2.12;4.69;3.44;0.79;1.08;94.76;92.86;74.93;77.35;82.71;53.23;47.53;53.97;53.37;35.02;51.6;31.47;7.34;255;390;537.5;830;1250;0.41;0.74;1.28;5.38;10.69;20.17;35.17;31.78;5.72;47.58;15.98;31.04;52.42;71.25;7.96;5.96;627.55;179.54;1994.45;321.74;472.57;670.97;1493.71;627.55;41.45;98.23;179.54;0.3;17.43;2.3;18.03;14.6;4.92;0;68.07;65.16;44.97;40.7;1.11;9.82;17.7;2.59;16.58;70.69;85.97;94.06;1030.56;53.98;2.04;28.74;70.87;61.25;75.65;7.2;20.04;30.94;16.11;6.4;6.14;0.26;55.61;3.47;19.25;99.68;99.12;16.69;99.98;99.89;0.56;0.49;20.21;10.77;1.82;21.99;6.29;35.86;0.53;6.78;8.12;10.08;1.05;1.81;0.11;957;1188;1273;1317;1163;1078;1028;1054;1049;905;749;973;592;470;360;268;14658;234;939;1175;1195;1307;1152;1129;1082;1139;1080;976;811;953;659;513;414;365;337;15226;14018;48;433;13537;390;1908;1437;1450;1096;23680;1507;5089;1477;22173;1483;3582;1521;18591;409;384;361;1995;4906;2960;1174;728;12151;9649;1788;29884;28096;25970;2363;1508;22099;29731;29731;532;809;747;704;845;701;-22.7434964;-50.38924
2010;351010;35;3510104;CÂNDIDO RODRIGUES;76.79;1.64;12.1;14.03;42.98;95.37;85.86;13.57;11.99;0;0;8.62;1.52;9.06;3.66;10.44;83.74;84.02;89.48;13.09;12.46;10.52;3.17;3.52;0;101.71;103.38;97.29;73.53;21.54;94.7;97.59;76.95;66.9;18.37;39;97.56;95.05;24.79;7.66;91.98;95.08;96.74;100;98.84;97.8;6.78;0.56;7.23;3.47;1.25;0;97.3;96.7;93.22;96.58;95.46;54.65;47.14;72.72;76.03;37.74;77.49;30.69;5.93;335.71;494.4;591.67;842;1175;0.48;0.21;0;1.97;1.81;10.37;19.99;42.65;5.79;54.72;15.57;28.21;45.28;67.51;10.96;7.01;837.17;242.26;3570.76;409.53;528.98;714.58;2284.18;837.17;5.5;112.19;191.89;0.42;22.07;2.64;32.42;15.23;2.7;0;64.71;65.91;45.71;28.72;0.32;8.42;19.74;0.9;8.66;74.58;87.79;96.28;1126.96;58.84;1.56;51.07;69.47;63.48;75.68;2.98;0;19.75;7.52;2.28;0;0.28;54.27;3.71;16.41;99.65;100;15.24;99.71;100;0;0;17.05;8.02;1.16;21.61;2.86;34.93;0;3.33;6.5;5.92;0;0.73;0;68;68;93;119;92;88;90;96;108;99;71;75;72;57;47;38;1315;34;57;88;100;125;99;89;84;100;109;86;57;84;89;58;49;38;41;1353;1398;2;56;1340;32;130;100;104;75;2228;109;437;118;2119;139;328;145;1791;18;28;33;157;352;362;88;56;1124;899;515;2668;2153;2375;156;109;2110;2668;2668;547;0.9;789;762;863;747;-21.3255615;-48.6308798
2010;351015;35;3510153;CANITAR;72.46;2.47;19;21.93;54.44;92.91;79.42;6.04;11.72;1.67;0.43;10.35;0.81;11.15;1.52;13.32;75.15;81.9;70.87;15.75;13.08;19.87;9.1;5.02;9.26;100.74;110.64;65.51;93.03;21.17;90.73;93.22;45.78;65.78;12.52;24.13;93.93;80.45;21.56;6.64;96.17;92.39;93.33;84.24;96.17;92.71;29.37;3.38;30.4;5.12;1.89;0.95;90.78;89.73;59.98;74.73;75.3;43.28;36.57;42.47;49.25;27.13;39.75;22.5;3.59;203.33;306.25;421.25;652.5;890;0.4;2.06;4.14;7.22;14.84;28.89;44.07;30.34;6.08;46.55;17.06;32.02;53.45;74.95;7.11;5.47;480.52;145.98;1458.02;263.98;359.32;514.98;1122.01;480.96;42.35;90.21;171.94;0.27;7.67;1.34;33.29;5.5;7.07;0;76.95;51.98;34.52;32.84;1.51;4.5;9.46;3.61;15.54;77.76;92.24;97.7;857.19;56.81;6.27;24.6;73.54;67.41;83.15;7.46;16.02;27.54;15.78;6.74;9.93;0.19;72.67;0.17;15.67;99.1;99.91;34.62;100;100;0;0;34.11;3.83;3.83;29.53;12.03;34.94;0.47;12.73;20.28;10.02;0.25;0.19;0;180;238;191;170;199;192;158;145;127;94;90;236;71;49;38;27;2216;11;181;215;181;186;195;186;162;101;128;96;88;226;69;48;45;24;22;2153;2016;28;57;1931;69;359;266;261;218;3093;233;728;225;2860;208;495;199;2365;74;95;85;461;977;264;215;107;1531;1164;231;4369;4138;3548;453;232;2864;4362;4358;433;716;0.68;605;791;658;-23.0066616;-49.7840632
2010;351020;35;3510203;CAPÃO BONITO;74.55;2.18;15.4;17.86;49.7;94.17;82.63;7.78;11.72;1.45;1.26;9.06;1.51;9.7;2.51;11.38;78.44;80.74;80.01;15.29;14.33;15.75;6.26;4.92;4.24;95.03;102.07;75.03;83.12;17.92;91.29;96.49;63.51;71.3;7.22;17.77;98.41;86.99;14.98;6.8;81.35;85.9;91.1;95.69;98.73;95.67;10.1;0.63;3.75;3.8;1.03;0.57;96.52;94.48;80.45;83.99;77.53;47.74;41.71;50.21;51.92;33.36;54.61;29.61;7.66;167.33;271;433;700;1111.25;0.5;4.62;7.64;14.66;24.66;37.57;56.26;38.56;3.97;54.42;12.17;25.11;45.58;73.45;12.67;8.98;534.75;106.04;2061.88;219.42;345.82;547.31;1460.89;536.02;40.57;87.34;155.97;0.45;17.13;2.16;24.18;16.72;8.77;0.24;56.81;57.91;41.49;36.66;1.49;9.51;8.42;5.94;26.96;77.23;87.73;94.84;919.55;56.8;6.33;34.33;74.74;65.93;79.41;8.15;7.82;23.67;16.31;7.46;9.85;0.35;48.48;2.24;24.75;97.03;94.68;30.73;99.45;99.58;0.32;3;28.35;18.65;1.27;26.23;13.34;40.94;0;5.05;22.62;12.62;2.22;1.55;0.42;1708;2366;2074;1921;1814;1826;1672;1549;1380;1174;1002;1994;868;644;461;287;23021;281;1603;2150;2171;1867;1857;1873;1719;1500;1392;1253;1053;1918;881;680;519;363;358;23157;22079;286;931;20862;644;3645;2673;2746;1928;34439;2611;8033;2505;31828;2393;5422;2342;26406;739;761;795;4022;9436;3593;2150;1367;17486;13448;8354;46178;37824;38871;4516;2713;31642;46014;45905;477;796;721;671;826;675;-24.0048759;-48.3489848
2010;351030;35;3510302;CAPELA DO ALTO;74.36;2.25;15.7;18.21;46.45;94.06;82.35;6.68;9.74;2.29;1.57;7;2.16;7.42;3.34;8.6;75.58;76.61;87.03;13.87;12.7;11.08;10.55;10.69;1.89;90.8;97.9;70.53;74.33;19.06;87.39;91.06;53.44;71.06;8.73;9.84;95.33;78.39;14.49;6.28;78.09;83.15;94.38;93.84;96.53;91.83;14.54;0.62;5.31;3.06;3.13;1.61;88;88.05;70.7;77.92;73.32;42.64;35.95;43.59;47.54;27.18;52.24;22.74;4.84;220;340;500;705;970;0.4;1.59;3.53;7.03;15.03;25.86;43.31;29.94;5.72;45.6;16.48;32.15;54.4;73.85;7.27;5.55;526.28;150.56;1575.92;283.17;412.27;585.49;1202.67;526.52;40.04;94.14;171.46;0.28;21.07;1.31;24.62;16.8;6.15;0.86;61.95;50.04;33.34;29.36;1.24;5.8;18.11;1.87;18.23;80.03;91.69;97.14;870.7;59.02;4.42;45.46;77.58;67.66;84.31;6.47;19.86;19.73;9.5;5.61;8.81;0.22;54.94;0.75;20.17;98.78;97.05;29.77;99.93;99.82;2.18;0.13;29.82;21.91;3.47;29.2;10.48;40.13;1.12;4.32;25.62;9.79;1.3;0.91;0.18;596;837;861;884;767;781;666;644;510;482;377;709;316;238;175;99;9038;96;638;840;733;707;699;679;637;562;545;415;360;766;349;204;164;105;91;8494;8767;74;456;8238;246;1352;1018;997;733;13134;955;3181;934;12179;939;2226;964;9953;255;282;279;1518;3512;1171;840;430;6247;4807;3010;17532;14522;14855;1677;1003;12175;17220;17212;426;742;699;617;823;673;-23.4704798;-47.7352309
2010;351040;35;3510401;CAPIVARI;75.89;1.73;12.4;14.38;43.16;94.58;84.71;7.39;9.08;1.45;1.14;5;1.07;5.29;1.75;6.18;65.85;65.56;84.42;17.57;18.38;12.56;16.58;16.06;3.02;90.29;101.28;60.83;69.06;24.66;84.75;91.03;47.03;59.71;11.32;22.7;96.59;81.31;22.42;11.25;76.09;83.08;94.67;96.64;97.29;92.95;15.16;1.31;7.09;2.96;2.14;0.47;82.98;84.04;66.52;72.88;77.55;54.65;49.83;51.94;52.11;37.13;51.82;33.98;10.24;303.33;477.5;660;990;1503.33;0.46;0.44;0.6;2.91;5.78;14.5;24.28;38.29;5.18;52.27;14.8;28.4;47.73;72.12;10.35;6.99;820.46;212.45;3141.51;394.86;557.92;792.77;2121.41;821.69;26.22;98.32;185.2;0.37;16.61;2.07;4.88;13.09;5.81;0.05;78.63;62.8;44.94;36.56;0.59;11.61;30.7;1.21;9.79;66.98;82.84;93.04;1170.73;63.12;7.63;38.7;80.7;71.33;89.94;6.63;36.65;29.87;9.46;5.32;5.35;0.26;65.7;4.16;10.39;95.85;96.28;25.78;99.26;99.85;0.52;0.06;23.04;23.91;2.71;20.22;5.26;27.83;0.54;7.87;16.34;5.16;0.19;1.51;0.15;1782;2016;2148;2298;2278;2116;1831;1770;1531;1370;1058;1833;743;558;419;302;24353;300;1643;2003;2080;2167;2075;2053;1832;1751;1564;1327;1092;1774;848;639;498;383;494;24223;26249;307;1014;24928;706;3235;2388;2465;2006;37509;2549;8692;2508;34960;2560;6143;2583;28817;712;719;696;3669;8686;3592;2002;1266;18793;14547;2672;48576;45904;41587;4019;2621;34946;47858;47786;547;0.74;0.75;669;848;744;-22.995144;-47.50715
2010;351050;35;3510500;CARAGUATATUBA;75.68;2.01;12.6;14.61;45.47;94.47;84.42;7.36;11.01;1.22;1.16;4.7;1.03;4.97;1.46;5.71;77.67;81.58;78.32;11.84;9.87;18.92;10.49;8.56;2.76;95.57;102.75;75.43;76.27;23.65;86.8;90.09;51.96;67.38;8.91;40.51;97.12;81.27;19.47;11.25;93.59;94.59;95.86;96.47;97.67;93.36;15.91;1.35;16.12;4.56;3.46;0.71;90.64;89.59;70.45;77.4;79.82;60.89;57.15;46.4;53.09;42.61;53.39;40.54;11.27;250;398.33;566.67;996;1504;0.5;1.67;2.85;6.41;11.82;21.63;34.91;40.12;4.25;56.2;12.42;24.75;43.8;74.25;12.92;8.82;773.99;164.39;3105.52;316.37;477.01;737.14;2119.56;774.62;39.74;91.28;170.95;0.45;23.29;2.29;1.76;17.26;12.98;1.83;59.47;66.92;48.53;50.38;1.46;12.18;4.75;1.88;16.01;68.31;82.33;92.1;1208.83;59.07;5.48;30;73.69;67.8;79.17;7.77;24.57;34;12.97;6.75;5.38;0.35;48.13;5.17;19.77;97.8;95.69;35.75;99.73;99.62;1.19;0.59;18.5;6.41;2.33;18;6.22;29.36;0.24;5.91;15.48;8.42;0.36;1.18;0.38;3682;4468;4265;4332;4275;4274;3831;3542;2929;2668;2442;3911;1873;1398;965;617;49959;487;3599;4457;4195;4038;4347;4405;3947;3487;3151;2946;2507;3837;2009;1448;1011;694;803;50881;50894;486;1586;48822;1457;7226;5418;5462;4313;76404;5336;16662;5026;71068;4697;11326;4799;59742;1509;1490;1545;7955;18801;7418;4457;2604;38979;30748;4167;100840;96673;86158;8861;5288;72008;99908;99827;609;758;759;705;845;735;-23.62028;-45.41306
2010;351060;35;3510609;CARAPICUÍBA;75.52;1.89;14;16.1;41.19;94.72;84.09;4.9;10.22;2.04;1.25;4.36;0.98;4.59;1.18;5.38;74.75;76.79;82.07;13.22;12.66;13.57;12.03;10.55;4.35;99.49;106.69;78.54;75.69;29.25;84.05;87.99;50.57;63.35;12.78;25.71;95.21;85.6;26.77;17.16;80.5;85.73;91.28;95.9;96.15;93.45;14.49;1.95;9.81;4.23;2.58;0.83;85.02;83.16;71.5;76.58;81.55;60;55.31;50.09;56.32;40.07;57.51;36.53;7.21;255;403.33;599;900;1275.13;0.46;1.77;2.98;6.12;10.57;20.1;31.45;36.47;4.83;51.48;14.23;28.16;48.52;82.09;10.25;7.24;712.78;172.01;2599.19;334.99;496.51;725.53;1834.1;713.1;31.21;90.25;172.01;0.38;14.54;0.57;0.18;15.01;7.94;0.04;74.65;68.62;47.9;50.12;0.73;9.11;13.08;1.09;9.23;66.02;83.51;93.82;1226.88;58.49;5.04;30.96;74.39;67.29;78.52;9.79;32.31;37.43;16.03;8.63;8.7;0.27;67.6;2.33;14.25;98.35;95.47;41.04;99.51;99.93;0.7;1.83;18.45;19.5;3.85;16.23;5.28;27.79;0.51;4.92;17.08;7.98;2.33;1.22;0.07;14040;16516;15691;17297;17754;16216;14353;12702;10385;8981;7611;14799;5356;3450;2069;1119;179284;945;13624;16369;15780;17219;18791;17319;15391;13422;11876;10547;8779;14395;6277;4048;2808;1756;1899;190300;182833;1656;6013;175164;5464;26037;19606;19535;16409;279813;19319;65977;18689;260494;18716;46658;19423;213836;5783;5797;5740;30231;69312;18093;16366;9643;145897;112904;0;369584;369584;312598;32885;19419;260295;368909;368746;0.6;745;749;693;842;721;-23.5234673;-46.8406808
2010;351070;35;3510708;CARDOSO;76.18;1.84;13;15.03;46.07;95.06;85.01;11.88;10.38;1.04;0.54;9.11;1.25;9.64;1.82;11.05;75.26;78.13;84.3;12.84;11.98;12.15;11.9;9.89;3.55;115.35;129;79.54;51.04;32.3;84.81;89.42;49.38;42.74;20;24.75;96.07;86.72;37.67;21.53;59.07;73.56;86.85;96.85;96.82;94.03;16.98;5.19;6.41;5.39;2.42;3.96;90.5;91.32;72.5;79.77;82.62;46.77;40.81;46.89;58.34;29.42;56.47;24.61;8.31;255;375;510;769.5;1166.67;0.42;1.72;4.45;6.96;17.37;20.99;38.12;32.52;5.63;47.46;16.25;31.44;52.54;69.39;8.01;5.91;605.99;170.59;1970.85;321.76;460.27;639.18;1454.85;605.99;25.26;89.99;170.59;0.32;20.01;1.13;22.73;11.62;4.54;0;54.81;57.68;36.64;37.32;1.1;10.25;17.08;4.05;21.34;75.88;87.41;94.88;956.49;53.35;6.96;37.25;68.11;58.83;77.76;5.98;31.53;15.26;15.87;5.31;2.55;0.27;43.08;4.84;26.99;99.64;98.25;13.42;98.62;100;0.68;0.08;25.57;40.93;3.18;29.11;8.33;42.02;0;13.12;16.55;3.24;0.89;3.11;0;360;454;451;469;482;418;368;394;405;383;351;364;283;232;180;115;5830;121;366;403;452;465;399;420;412;421;429;420;354;374;306;290;196;120;148;5975;5520;60;210;5250;143;673;470;540;422;9484;554;1837;514;8930;537;1283;573;7647;161;132;158;790;1838;1402;403;274;4832;3915;1075;11805;10730;10347;857;565;8925;11762;11762;468;742;722;636;853;695;-20.080447;-49.9139767
2010;351080;35;3510807;CASA BRANCA;75.08;1.92;13.4;15.54;41.34;94.12;83.56;9.05;9.25;1.5;1.78;5.02;2.05;5.22;2.71;5.82;64.11;63.99;86.33;18.2;19.57;12.96;17.69;16.44;0.71;93.95;103.09;69.06;81.14;20.21;88.13;90.58;51.53;66.48;7.89;43.93;95.21;87.15;19.87;7.53;87.34;90.48;94.72;97.04;96.94;94.31;21.89;1.73;11.56;3.22;2.95;1.25;81.86;88.5;62.56;69.83;66.16;55.13;53.07;36.57;37.37;36.61;39.84;36.47;11.51;225;382.5;580;990;1510;0.49;1.19;1.82;5.86;12.49;24;39.83;38.66;4.25;54.52;12.7;25.61;45.48;69.19;12.18;8.41;737.96;156.81;2853.14;311.85;476.23;733.28;1971.62;738.29;46.12;97.35;171.1;0.42;17.57;1.96;20.62;14.16;5.31;0.08;67.66;67.79;47.76;45.56;0.45;13.58;6.57;2;15.32;69.17;82.63;92.93;1104.23;50.26;2.4;17.81;53.48;57;65.37;6.55;18.57;17.93;13.79;6.28;8.21;0.32;51.59;8.17;19.14;99.59;97.56;21.79;99.63;99.53;1.53;0;23.54;12.66;3.06;20.49;8.57;30.27;0;1.96;9.63;12.07;0.2;1;0.47;847;1086;1104;1414;1642;1379;1045;1042;961;863;743;916;601;464;355;236;14997;299;798;1061;1108;1042;1053;1013;927;959;892;822;733;888;557;438;348;266;405;13310;12492;52;230;12211;324;1738;1295;1290;1018;22273;1350;4667;1293;20923;1308;3317;1351;17606;303;372;344;1841;4514;2562;1061;684;10513;8363;5153;28307;23154;24857;2147;1289;21421;25971;25960;551;689;0.73;0.64;835;727;-21.7743137;-47.0852175
2010;351090;35;3510906;CÁSSIA DOS COQUEIROS;76.81;1.91;12.1;14.02;47.98;95.38;85.88;11.28;9.75;1.75;1.38;10.11;2.5;10.77;3.92;12.17;70.47;69.06;88.11;15.59;15.79;5.87;13.95;15.15;6.03;94.23;106.23;63.56;60.72;33.73;87.16;97.4;51.32;49.94;18.73;43.12;98.63;75.83;31.41;17.34;85.05;90.62;100;100;99.48;92.83;8.41;0;30.47;6;0.5;6.73;94.44;96.58;73.29;85.8;88.3;46.23;39.23;57.6;66.72;31.93;69.84;26.14;7.31;203.33;351.33;500;673.33;1005;0.43;0.53;0.68;7.85;19.15;27.24;45.38;35.02;5.35;48.92;15.34;30.47;51.08;73.5;9.13;6.4;551.4;147.59;1930.89;275.31;417.09;568.4;1352.58;552.7;12.46;103.19;169.92;0.31;20.97;0.84;41.71;5.92;7.03;0;51.36;49.03;34.26;36.45;0.15;7.81;3.84;8.03;26.16;84.5;92.27;96.76;763.27;65.84;17.4;39.34;72.37;73.37;89.76;4.09;0;21.35;10.57;3.48;8.37;0.24;45.14;1.28;24.08;96.77;97.92;20.78;100;100;1.34;0;23.12;14.95;0.52;23.24;9.3;38.32;0;4.9;22.48;7.88;0.35;1.82;0;77;121;121;93;100;86;83;80;116;83;86;99;49;45;43;31;1347;34;70;96;123;88;104;77;103;100;82;79;73;94;54;46;36;32;30;1287;1510;38;59;1413;25;171;128;127;90;2077;145;425;149;1932;139;280;122;1652;32;35;36;204;470;297;96;69;1027;816;839;2634;1795;2293;217;150;1926;2624;2618;462;813;734;673;864;0.68;-21.280082;-47.164327
2010;351100;35;3511003;CASTILHO;74.63;2.17;15.3;17.72;45.3;94.22;82.75;8.8;11.28;1.52;0.85;8.67;1.02;9.24;1.95;10.79;79.18;82.24;87.21;13.27;12.66;8.09;7.55;5.1;4.7;95.02;103.43;73.05;84.94;25.03;91.77;94.05;58.66;78.75;18.56;11.52;98.22;81.65;24.44;4.05;89.11;92.89;99;100;99.08;94.26;17.88;0.66;9.39;2.19;3.55;0.5;96.4;94.19;71.04;80.17;80.86;50.64;45.03;53.07;60.26;36;59.71;31.49;9.69;198;340;510;752.5;1027.5;0.46;5.66;9.35;12.17;21.6;30.43;48.11;35.45;3.74;50.06;12.92;28.35;49.94;73.61;10.97;7.84;579.36;108.28;2054.1;266.13;446.91;625.44;1468.01;585.97;26.24;74.21;152.57;0.41;20.72;0.62;22.45;10.26;6.19;0.4;62.36;59.99;44.93;33.69;1;13.02;18.79;11.15;24.92;71.83;86.9;95.06;972.17;54.33;4.97;22.48;70.42;62.54;75.91;7.72;27.98;16.36;11.21;7.3;8.59;0.3;52.37;3;12.65;91.19;97.18;19.41;99.72;98.4;1.04;1.66;21.6;10.89;0.92;23.18;9.85;37.52;0.8;7.91;10.86;9.69;0.77;2.3;1.6;606;807;805;734;644;675;703;644;602;526;458;636;364;280;205;134;8975;152;649;735;738;732;688;745;706;639;615;550;455;596;367;274;220;157;162;9028;8445;77;218;8150;247;1249;911;948;767;13974;943;3009;903;13031;896;2066;862;10965;241;257;225;1268;3166;1584;735;448;7048;5578;4417;18003;13586;15543;1542;968;13032;17531;17334;506;799;731;686;827;688;-20.8695636;-51.4877792
2010;351110;35;3511102;CATANDUVA;76.2;1.49;12.43;14.42;40.69;94.98;84.79;10.73;10.71;1.25;1.06;4.67;0.84;4.88;1.28;5.57;77.56;79.73;84.31;13.3;12.36;13.23;9.14;7.91;2.46;100.04;106.07;84.74;92.78;30.54;90.59;93.54;62.9;68.91;17.99;36.71;97.58;89.94;27.1;9.9;89.88;92.08;96.52;96.61;98.12;95.81;13.94;1.06;5.96;3.27;2.47;0.93;92.01;91.21;77.72;83.1;87.58;61.08;56.48;59.48;64.42;43.6;67.38;39.98;14.86;366.43;524;748.67;1146;1752.5;0.46;0.62;1.29;2.35;5.11;9.28;19.14;37.75;5.34;52.56;14.98;28.27;47.44;75.95;10.08;7;945.05;252.26;3567.68;455.5;627.84;906.18;2477.49;945.13;46.53;96.45;182.97;0.36;20.26;3.39;3.09;18.76;6.77;0.04;74.57;71.45;52.02;42.43;0.8;17.07;20.89;0.83;9.16;62.05;78.28;90.62;1393.98;61.14;4.31;31.42;74.06;67.96;86.71;5.32;36.07;20;10.56;4.75;4.6;0.34;59.11;4.06;12.48;98.88;99.35;18.17;99.76;99.88;0.05;0.13;14.46;10.12;1.88;16.81;2.95;27.29;0.38;6.38;7.84;3.56;0.21;0.79;0.12;3263;3901;4375;4758;4920;4492;4112;4128;3857;3451;2894;3304;2242;1669;1406;1052;54776;952;3090;3902;4200;4618;4935;4615;4306;4410;4141;3802;3271;3020;2648;2129;1905;1374;1678;58044;61140;336;1594;59210;1289;6302;4626;4878;3694;91435;5017;17744;5011;86418;5201;12727;5320;73691;1270;1278;1162;6346;15993;12104;3855;2476;47600;38888;906;112820;111914;99996;7803;5072;87120;112210;112201;611;814;785;0.74;853;767;-21.1331035;-48.9712817
2010;351120;35;3511201;CATIGUÁ;76.12;1.96;13.1;15.14;40.13;95.03;84.91;8.45;10.72;0.99;0.93;9.05;0.82;9.54;2.71;11.18;78.67;81.85;90.7;10.82;10.76;7.05;10.5;7.39;2.26;95.03;107.73;56.98;83.8;10.68;91.27;97.57;52.56;73.88;4.5;15.59;97.94;90.28;8.31;4;83.24;86.05;94.5;92.24;98.42;96.39;19.84;0.68;9.37;1.12;0;1.03;93.77;94.72;66.98;71.74;83.05;47.28;40.39;68.15;62.42;31.1;67.3;25.06;3.95;317.78;473.33;625;925;1266.67;0.43;0.17;0;1.92;5.54;11.56;24.16;35.76;6.11;49.6;16.46;30.41;50.4;68.85;8.69;5.98;771.78;235.82;2759.8;399.34;538.22;771.34;1900.33;771.78;47.98;104.42;196.11;0.31;6.56;1.37;27.99;10.43;3.49;0;83.11;58.6;40.59;27.42;0.2;5.56;29.17;0.65;11.75;62.9;83.72;95.63;1126.57;57.17;2.07;36.93;74.08;63.52;78.03;4.15;26.94;26.24;5.19;3.36;5.81;0.21;76.95;2.45;12.02;99.69;100;21.32;99.65;100;0;0;22.32;16.76;1.58;23.85;4.66;32.76;0;1.87;4.87;3.12;0.14;0.82;0;215;247;287;338;343;318;270;279;259;223;180;240;153;87;73;57;3632;63;230;263;274;273;321;273;261;276;256;203;175;244;124;96;88;71;67;3495;3545;11;111;3424;93;403;295;315;265;5688;323;1172;322;5365;354;849;356;4516;87;111;94;480;1111;602;263;155;2758;2211;558;7127;6569;6201;510;301;5390;7080;7080;473;809;751;676;852;734;-21.0491485;-49.0578923
2010;351130;35;3511300;CEDRAL;77.3;1.75;10.6;12.29;45.45;95.34;86.66;12.61;10.47;1.78;0.63;6.31;1.51;6.6;1.13;7.43;71.67;75.65;85.64;16.62;17;8.78;11.71;7.35;5.59;94.35;105.76;60.82;100.41;23.9;90;93.78;49.51;93.47;15.54;29.55;100;84.75;21.99;4.23;100;96.79;95.4;90.13;98.73;95.18;26.2;0.71;6.53;2.92;1.08;0;91.23;88.8;58.58;79.5;87.68;55.81;50.58;60.95;64.46;39.27;63.65;35.14;11.16;340;520;728.5;1100;1530;0.42;1.06;1.34;2.77;5.63;11.89;22.77;33.03;5.39;48.24;15.92;30.42;51.76;75.45;8.3;6.09;845.41;227.97;2792.7;445.13;612.7;902.09;2048.43;852.25;16.8;75.65;174.15;0.3;17.04;3.25;9.98;13.2;8.08;0.18;62.51;65.54;46.27;44.04;0.53;13.62;19;1.47;10.3;64.76;81.67;91.46;1262.34;60.04;4.48;35.12;75.86;66.42;77.24;5.03;25.27;22.37;12.39;4.44;3.65;0.27;54.48;1.99;22.07;94.68;99.88;17.05;99.28;99.88;0;0;14.45;0;1.27;21.09;2.62;32.58;0;5.96;2.24;6.36;0.45;0.86;0.12;230;288;280;319;299;328;308;299;258;258;182;252;201;144;125;105;3977;101;203;279;272;309;323;339;289;296;262;251;216;234;192;151;146;109;124;3995;4225;25;110;4090;91;449;320;346;263;6486;320;1180;284;6166;358;860;361;5306;79;106;113;498;1185;1005;279;163;3279;2698;1665;7972;6307;7037;567;312;6158;7933;7869;558;765;766;689;872;749;-20.9028433;-49.2699665
2010;351140;35;3511409;CERQUEIRA CÉSAR;74.23;2.23;15.9;18.44;47.76;93.99;82.15;9.27;11.21;1.52;1.75;6.67;1.94;7.05;1.19;8.1;79.01;81.87;88.15;12.82;11.82;9.88;8.17;6.31;1.97;95.28;105.05;70.65;54.1;22.3;86.22;90.99;50.02;45.89;11.93;18.1;97.14;81.19;21.76;5.69;79.59;85.57;97.51;100;98.17;93.34;16.21;2.19;26.06;4.52;3.16;1.47;88.03;83.55;67.96;73.66;80.19;51.8;46.08;48.65;51.67;36.52;53.51;33.48;9.52;266.67;400;557.5;866.67;1250;0.43;0.68;0.93;5.64;11.85;19.45;33.67;33.61;5.35;48.94;15.55;30.18;51.06;75.85;8.65;6.34;665.36;177.9;2236.52;339.37;486.76;694.49;1639.62;666;29.23;108.9;174.97;0.32;16.78;1.88;23.75;11.25;5.95;0.07;69.6;61.33;45.05;39.1;0.38;11.11;17.67;1.9;12.6;69.02;84.26;94.13;1102.07;56.6;4.26;29.35;71.57;64.95;83.29;5.62;44.72;22.09;9.59;4.71;7;0.28;53.9;8.96;16.68;98.84;94.4;22.95;100;99.74;0.23;0.53;24.84;20.41;1.83;23.39;7.33;32.8;1.06;12.63;11.84;9.04;0.64;1.04;0.26;598;754;802;784;659;651;613;595;578;492;428;662;349;246;214;121;8673;127;617;712;795;710;684;667;658;570;547;514;424;699;345;290;243;183;201;8859;8449;62;294;8093;265;1185;880;877;690;13490;974;3091;974;12516;917;2117;891;10399;260;268;262;1374;3206;1625;712;490;6831;5326;1816;17532;15716;14928;1466;1002;12460;17288;17272;518;755;729;666;821;0.71;-23.0353135;-49.1650519
2010;351150;35;3511508;CERQUILHO;76.21;2.01;11.9;13.8;40.02;94.76;85.17;7.81;10.64;0.76;1.01;3.56;0.83;3.72;0.77;4.3;82.79;85.3;88.22;10.76;9.72;9.65;6.45;4.98;2.12;102.78;109.62;80.57;95.43;30.08;93.11;96.16;61.78;86.07;14.99;39.35;99.45;84.37;23.6;12.18;96.76;97.8;99.74;100;99.57;95.99;14.89;1.01;5.92;3.28;2.01;1.16;96.45;96.25;74.25;85.57;85.82;60.6;55.32;55.92;58.93;41.23;58.77;37.53;9.92;397.14;560;750;1095;1600;0.42;0.21;0.41;1.15;2.03;7.85;15.63;34.5;6.13;48.73;16.88;31.31;51.27;78.18;8.18;5.8;894.52;273.95;3085.83;480.81;645.46;892.69;2187.02;894.52;60;110.94;193.06;0.3;17.8;3.52;3.56;13.41;7.29;0.23;73.18;68.91;47.45;30.89;0.93;11;39.2;1.39;9.81;64.9;81.47;92.26;1284.68;66.24;5.01;43.51;86.78;74.02;87.83;4.74;27.66;21.13;6.63;4.06;4.08;0.3;60.51;2.65;14.25;98.51;97.88;20.58;99.44;100;0.18;0;15.06;3.24;0.43;15.35;2.34;25.6;0;6.3;9.14;1.94;0.04;0.47;0;1235;1614;1601;1855;1847;1745;1554;1414;1285;1107;957;1322;705;498;396;245;19635;255;1240;1573;1484;1804;1806;1780;1509;1455;1367;1254;1008;1243;757;565;444;324;369;19982;22873;160;693;22021;487;2507;1849;1912;1457;31390;1784;6744;1819;29606;2009;4960;2119;24646;531;483;508;2762;6442;3096;1573;869;15926;12638;2050;39617;37567;34529;3187;1592;29750;39409;39409;606;816;782;739;854;758;-23.1626556;-47.7433878
2010;351160;35;3511607;CESÁRIO LANGE;73.23;1.86;17.6;20.38;42.07;93.39;80.61;7.72;9.99;1.29;1.1;5.45;1.05;5.72;2.01;6.72;70.08;73.7;73.85;16.47;16.3;22.41;13.45;10.01;3.74;104.87;113.71;77.75;71.59;11.02;86.94;91.18;45.83;63.89;3.98;26.65;95.62;77.03;11.66;8.83;72.35;76.76;84.94;88.81;96.27;91.54;20.26;2.21;7.85;3.44;2.56;0.92;89.04;88.16;60.39;68.26;77.79;49.37;43.23;37.3;49.3;31.68;49.36;27.88;7;272.25;417;557.5;858;1202.5;0.43;0.75;0.89;3.82;6.85;17.2;28.59;35.27;5.61;49.59;15.66;29.92;50.41;69.79;9.01;6.34;684.95;192.17;2416.02;344.08;488.26;701.99;1700.22;686.05;27.22;98.33;180.43;0.33;16.68;0.88;13.69;12.12;7.16;0.14;59.62;59.09;39.29;36.95;0.99;8.32;25.6;16.09;25.95;76.65;89.37;96.01;891.06;61.77;11.12;38.54;77.24;68.79;85.77;4.91;19.88;17.58;7.74;4.21;5.35;0.24;53.82;0.76;24.75;98.25;88.08;27.43;99.43;99.91;3.85;0.51;31.05;27.65;3.73;29.2;8.17;36.75;1.63;11.6;17.29;7.56;0.24;0.62;0.09;538;641;614;812;830;749;621;544;482;407;361;533;349;218;169;108;8063;87;538;633;632;674;659;632;592;482;460;392;354;519;292;232;182;97;107;7477;8310;142;267;7901;207;1005;761;759;657;12138;725;2732;713;11413;788;2007;811;9406;212;228;170;1093;2604;1200;633;376;5787;4481;5048;15540;10492;13453;1274;694;11485;14493;14470;494;679;706;611;804;715;-23.226035;-47.954453
2010;351170;35;3511706;CHARQUEADA;74.18;1.87;16;18.55;43.3;93.96;82.07;7.81;9.19;1.55;1.26;7.03;2.14;7.45;4.15;8.65;70.88;70.76;82.81;18.96;19.22;16.09;10.16;10.01;1.1;89.18;98.4;62.29;74.01;18.86;86.27;92.71;53.32;68.8;12.15;17.74;96.99;81.07;18.59;10.54;75.85;82.96;92.15;97.75;97.93;93.62;10.16;0.9;3.48;1.56;1.37;0.63;88.54;83.42;80.22;82.84;75.77;51.53;45.91;48.39;50.84;33.12;50.14;29.02;6.69;307.88;466.67;626.75;906.67;1350;0.4;0.76;2.03;2.72;5.42;14.66;27.44;30.94;5.99;46.17;16.93;32.18;53.83;78.77;7.31;5.45;705.01;211.04;2181.32;385.91;537.58;762.9;1627.09;705.01;25.32;91.41;184;0.28;16.17;1.52;11.58;9.64;9.05;0.47;77.05;61.79;41.45;32.91;1.04;8.67;25.58;1.41;12.78;62.86;81.68;94.35;1171.16;59.24;3.95;36.52;78.23;67.18;85.89;6.77;17.64;20.28;10.09;6.2;5.26;0.24;68.2;1.95;11.18;99.75;97.42;23.81;99.28;99.96;0.09;0.09;21.96;24.15;2.07;20.58;4.43;32.01;0;1.4;18.69;4.4;0.51;1.15;0.04;525;649;678;753;741;636;611;485;464;417;345;553;282;195;144;115;7686;93;500;621;678;695;633;584;556;475;484;411;327;532;272;213;176;128;114;7399;7684;50;271;7363;199;1030;770;750;616;11705;793;2804;789;10912;858;2011;868;8901;210;199;202;1126;2701;1178;621;403;5746;4373;1399;15085;13686;12972;1270;742;10960;15029;15029;515;773;736;675;0.82;0.72;-22.50958;-47.775468
2010;351190;35;3511904;CLEMENTINA;74.25;2.32;15.9;18.42;42.1;94;82.18;7.49;10.46;1.75;0.55;9.14;2.56;9.75;5.79;11.69;75.81;75.57;86.03;17.16;17.86;13.97;7.02;6.57;0;90.02;98.61;68.09;113.19;16.44;84.81;93.49;51.43;85.71;11.17;24.87;95.87;75.79;17.48;4.5;94.92;96.61;98.63;100;98.05;91.78;7.39;0.57;5.47;3.69;1.51;0.81;87.94;85.82;77.09;77.41;72.9;49.82;43.57;40.53;44.58;32.39;49.42;29.09;7.64;296;432.5;600;866.67;1083;0.37;0.54;1.21;3.34;6.69;15.14;28.27;28.34;6.3;43.36;17.79;33.84;56.64;81.01;6.37;4.88;640.87;201.88;1816.23;368.22;514.16;730.56;1390.58;640.87;49.17;99.18;178.86;0.24;12.26;0.49;35.76;8.56;4.14;0.08;77.87;58.37;38.86;20.65;0.12;8.97;29.21;1.12;11.66;68.09;87.81;97.27;1023.96;63.41;3.66;33.2;81.16;71.28;87.39;5.27;0;22.9;7.12;4.73;6.12;0.21;72.91;0.65;12.89;99.81;99.78;23.57;99.67;100;0;0.39;28.47;5.08;1.95;25.73;5.96;29.72;1.34;6.85;11.76;5.68;0.99;0.37;0;263;242;330;463;414;289;267;238;216;180;142;256;113;72;65;46;3661;65;292;257;297;366;311;263;202;218;215;185;148;254;115;77;76;59;69;3404;3813;18;118;3676;116;399;325;284;332;5501;364;1456;369;5137;417;1092;467;4045;107;110;97;500;1131;529;257;171;2601;1938;331;7065;6734;6013;499;357;5157;7035;7035;498;0.76;725;0.66;821;704;-21.5594631;-50.448624
2010;351200;35;3512001;COLINA;75.71;1.85;13.7;15.81;42.65;94.81;84.33;9.15;10.29;1.45;1.23;6.2;1.34;6.54;2.06;7.59;70.65;72.36;86.26;17.91;18.74;11.26;11.44;8.89;2.48;96.95;107.17;68.46;78.41;25.69;92.63;96.67;60.62;74.55;16.63;27.49;97.86;90.04;25.01;9.73;91.84;94.57;97.96;100;98.34;96.15;20.16;1.08;9.83;2.17;0.21;1.23;93.86;93.58;74.02;84.64;84.21;54.49;48.28;59.32;59.25;38.19;64.27;33.79;10.16;255;400;562.5;915;1270;0.46;0.91;2.1;4.36;8.77;20.31;35.69;36.17;5.22;51.36;14.65;28.46;48.64;78.5;9.87;7.03;706.69;184.37;2555.78;333.26;487.95;713.01;1820.36;706.69;39.8;97.83;184.37;0.36;14.27;2.58;20.24;11.27;7.56;0;74.24;62.62;45.31;37.77;1.15;11.95;19.11;1.62;13.17;68.47;85.15;93.85;1161.57;60.59;5.09;30.57;73.96;68.49;82.72;8.33;44.03;22.7;19.75;7.63;8.08;0.31;63.42;3.87;14.57;99.4;99.69;19.97;99.78;99.98;0;0.06;21.73;8.16;1.66;20.09;7.05;28.52;0;4.27;8.86;10.12;1.06;0.95;0.02;524;743;705;844;759;664;617;613;626;486;406;590;348;246;178;135;8626;142;522;646;754;753;747;654;626;632;605;542;428;580;367;282;237;180;190;8745;9153;71;253;8830;212;1107;830;846;606;13760;893;3055;884;12867;882;2162;892;10705;228;248;210;1201;2926;1589;645;480;6995;5488;1148;17371;16223;15108;1389;827;12891;17279;17279;545;813;757;712;845;0.72;-20.711443;-48.53867
2010;351210;35;3512100;COLÔMBIA;73.13;2.19;17.8;20.57;41.7;93.33;80.46;7.22;10.29;1.17;0.88;9.95;2.1;10.67;3.01;12.5;71.57;75.87;82.8;13.54;12.21;14.15;14.89;11.92;3.05;100.11;112.23;71.28;81.94;22.87;91.99;95.51;51.75;80.36;13.2;29.1;98.86;82.73;22.66;10.18;92.43;94.33;95.57;100;99.17;94.3;24.65;2.29;7.24;5.69;3.03;0;91.18;94.05;62.78;75.79;85.97;46.97;38.84;53.9;61.58;31.9;68.09;25.72;4.32;255;375;510;750;990.67;0.4;1.35;3.43;5.04;8.89;20.54;31.24;32.15;6.16;46.6;16.94;32.24;53.4;79.79;7.59;5.59;582.53;179.28;1872.61;314.12;445.54;616.29;1378.29;582.53;30.57;91;179.28;0.29;13.99;1.14;44.33;5.2;2.93;0.69;71.04;53.68;38.03;30.79;0.1;5.77;14.21;4.2;16.55;70.49;90.3;96.18;999.75;60.15;6.18;24.22;74.22;69.72;80.29;8.78;14.95;31.6;18.72;8.05;7.3;0.25;60.57;4.2;16.36;98.95;97.41;21.37;98.73;99.61;1.98;1.38;22.39;7.57;0.83;24.28;7.06;33.87;0;6.94;9.62;6.07;0.27;1.22;0.39;200;273;288;279;279;269;237;192;211;167;126;211;110;94;68;31;3066;31;181;248;275;260;252;244;220;208;183;163;147;218;120;92;47;37;33;2928;3114;32;87;2994;73;428;306;327;226;4663;341;1102;338;4322;327;761;319;3561;82;80;80;442;1114;433;248;174;2281;1746;1662;5994;4332;5177;521;361;4295;5982;5982;0.47;759;0.71;647;802;689;-20.1774291;-48.6872822
2010;351220;35;3512209;CONCHAL;74.64;2.12;15.3;17.69;44.63;94.22;82.77;6.89;10.87;1.89;2.54;9.63;2.95;10.2;4.2;11.97;77.14;82.26;79.02;11.56;9.95;15.62;11.31;7.79;5.36;99.61;109.91;69.81;77.26;17.07;87.89;91.77;47.76;70.33;10.9;30.79;94.91;82.21;22.95;9.35;88.75;91.06;95.96;95.3;96.68;92.96;21.12;2.45;14.9;4.08;2.68;0;88.73;87.99;56.75;67.13;73.9;44.85;37.61;45.65;49.77;29.22;53.82;24.1;5.88;250;377.5;548.57;766.67;1116.67;0.43;1.72;3.89;6.76;13.12;21.23;37.81;34.39;5.23;48.93;15.44;30.2;51.07;81.02;8.91;6.33;617.76;161.58;2124.57;315.23;455.9;644.78;1508.42;617.76;50.61;93.65;165.99;0.34;14.02;1.64;29.7;16.26;5.1;0.05;71.23;50.49;35.55;27.43;0.58;7.38;16.88;1.26;11.72;74.81;87.03;94.78;1052.71;58.36;5.67;30.58;72.3;67.22;82.92;4.96;0;13.61;10.47;4.72;3.78;0.25;61.89;3.47;18.15;99.55;99.38;31.57;100;100;0;0;30.17;11.25;3.32;28.27;8.13;34.46;1.22;2.76;24.53;7.85;0;1.21;0;897;1146;1225;1360;1200;1078;877;859;753;647;538;992;412;300;242;114;12757;117;886;1150;1155;1176;1164;952;865;856;753;652;503;972;423;326;251;185;203;12472;12566;130;412;12024;374;1852;1376;1408;1051;19148;1420;4909;1383;17728;1428;3489;1468;14239;354;370;374;2032;4847;1738;1148;697;9449;7121;1390;25229;23839;21532;2296;1347;17889;25103;25103;449;718;708;614;827;699;-22.337512;-47.172927
2010;351230;35;3512308;CONCHAS;75.19;2.47;14.4;16.7;49.8;94.53;83.57;10.6;9.62;0.91;1.14;5.63;1.68;5.93;2.7;6.68;71.76;73.69;79.44;14.22;13.52;14.64;14.02;12.79;5.92;91.59;101.66;63.89;82.85;17.58;86.62;91.08;47.27;66.03;10.88;38.95;96.65;76.99;19.27;2.96;83.97;87.37;94.36;95.1;97.56;92.07;16.11;1.63;8.61;2.28;3.99;0;91.7;92.49;70.64;74.57;78.87;49.07;43.83;48;52.07;33.16;54.34;29.83;10.14;255;387.5;547.5;866.67;1333.33;0.49;1.01;2.35;4.51;9.16;20.59;36.62;40.11;4.9;54.55;13.65;26.68;45.45;74.26;11.75;8.04;730.42;178.99;2929.46;319.55;475.87;685.61;2004.48;731.36;20.65;94.08;178.99;0.41;21.77;3.82;12.06;12.75;6.41;0.16;65.38;58.69;39.8;35.98;1.21;11.21;28.84;2.31;13.36;73.43;85.04;93.02;1190.73;56.72;4.66;32.67;75.25;64.26;82.95;6.37;7.69;18.04;12.86;5.96;6.71;0.37;52.14;2.83;17.28;94.91;99.74;24.03;99.54;100;0.16;0.65;28.38;16.03;2.44;26.62;9.31;37.06;0;7.6;21.24;9.11;0;1.46;0;625;705;645;650;632;603;538;538;579;529;390;623;327;281;199;172;8191;155;530;631;622;655;629;599;548;588;536;494;421;574;350;293;250;156;221;8097;7906;62;263;7581;215;1093;825;828;710;12600;787;2572;769;11813;756;1785;787;10028;230;260;227;1180;2811;1727;631;383;6362;5085;3091;16288;13197;13938;1336;806;11797;16191;16171;491;762;736;658;837;725;-23.0133538;-48.0077595
2010;351240;35;3512407;CORDEIRÓPOLIS;76.45;1.44;11.6;13.45;42.28;94.89;85.5;7.93;9.26;0.81;1.47;4.78;0.68;5;1.49;5.89;69.08;70.62;84.35;16.08;14.74;15.65;14.84;14.65;0;91.81;105.11;53.87;105.03;35.46;86.17;93.27;43.24;89.18;13.11;40.18;95.01;77.8;22.48;15.21;99.52;99.69;100;100;96.69;91.79;17.71;1.45;6.77;1.85;1.75;0;87.32;87.07;65.82;80.38;75.51;53.43;48.87;49.59;51.77;36.68;46.84;33.56;10.32;326.67;517.5;742;1143.33;1650;0.44;0.7;0.76;3.05;6.51;13.34;22.76;34.72;5.1;50.25;14.59;28.86;49.75;78.77;9.52;6.85;873.87;222.76;3034.43;414.78;623.36;913.02;2183.74;873.87;47.14;101.5;190.12;0.34;17.13;1.51;5.46;11.49;6.77;0.47;78.61;62.93;44.08;35.07;1.65;13.14;33.51;0.71;6.72;53.8;77.4;92.1;1374.18;63.57;3.69;37.77;78.86;71.95;89.3;8.98;28.39;34.21;17.01;7.97;5.38;0.25;69.02;2.44;9.19;97.83;99.13;28.33;99.88;100;0.13;0.46;25.81;0.48;3.31;22.1;6.35;29.36;0;10.31;16.77;5.94;0;0.88;0;711;881;858;1004;993;977;813;784;653;592;465;769;353;274;175;156;10600;142;668;822;856;943;950;872;843;706;674;603;481;742;396;271;256;181;216;10480;11492;63;391;11038;275;1366;1029;1009;835;16487;1021;3661;1029;15466;1069;2640;1102;12826;269;310;280;1538;3607;1671;822;517;8248;6449;2146;21080;18934;18079;1703;1036;15341;20946;20946;534;757;758;674;858;754;-22.4768324;-47.4550551
2010;351250;35;3512506;COROADOS;73.96;1.85;16.4;18.97;41.69;93.83;81.73;8.53;9.65;0.94;1.48;6.84;1.17;7.22;2.35;8.34;70.32;72.39;74.32;15.06;13.81;20.59;14.63;13.8;5.09;94.68;99.95;81.67;59.75;23.79;88.13;89.02;59.64;59.75;14.08;27.13;99.12;77.05;22.39;5.47;79.25;84.77;98.12;100;98.36;92.21;14.75;0.42;17.39;4.64;4.68;1.55;90.47;87.6;73.27;76.32;76.75;48.6;43.34;37.52;46.59;28.57;38.37;25.21;8.31;283.33;423.33;573.33;824.8;1063.33;0.39;0.44;0;3.34;5.52;14.91;28.84;30.8;6.57;45.51;17.39;33.05;54.49;77.69;7.09;5.26;638.21;209.67;1965.66;345.18;499.88;683.99;1459.35;638.21;53.36;109.21;188.66;0.26;16.75;0.87;13.1;8.04;6.89;0.56;65.19;56.54;34.38;28.84;1.18;9.74;31.27;5.72;19.8;78.46;89.59;96.14;920.82;66.7;6.16;53.92;82.03;73.97;92.79;4.97;7.98;23.09;9.92;4.03;5.35;0.25;57.58;1.86;17.48;98.06;99.31;17.61;100;99.94;0.35;0.23;22.33;20.75;1.64;24.53;4.26;35.09;0;10.46;21.3;6.82;0;1.6;0.06;181;205;211;229;222;213;205;179;167;164;136;165;117;74;59;39;2610;44;178;203;230;208;210;220;214;182;186;166;144;157;92;70;65;58;45;2628;3033;25;145;2863;61;320;231;247;204;4081;271;868;254;3810;245;597;243;3213;87;72;50;324;825;447;200;140;2058;1624;996;5238;4242;4547;408;269;3870;5224;5224;486;748;719;648;816;704;-21.3554634;-50.2853589
2010;351260;35;3512605;CORONEL MACEDO;73.64;2.78;16.9;19.58;49.73;93.63;81.24;9.14;11.49;1.26;1.09;12.67;1.5;13.57;2.36;15.71;79.18;82.3;86.82;13.74;13.51;13.18;7.08;4.19;0;102.86;107.53;89.33;69.96;16.17;94.37;94.94;60.9;64.23;10.32;28;98.87;81.79;17.62;4.19;77.78;85.24;92.66;96.37;99.08;94.64;19.84;1.44;3.7;3.8;4.14;0;98.83;98.49;71.95;73.26;76.97;37.89;30.95;53.39;45.72;22.73;51.77;18.65;3.83;163.33;262.5;402;598.33;860;0.45;4.13;7.21;13.91;26.31;39.49;60.01;34.91;4.59;50.18;13.95;28.3;49.82;69.27;10.01;7.17;465.29;106.67;1624.56;217.98;333.81;500.65;1164.55;467.7;34.74;87.36;161.36;0.36;19.55;1.09;41.96;9.84;4.16;0;51.83;48.97;31.42;29.69;0.54;5.32;12.49;3.79;27.18;79.32;91.09;97.05;828.16;51.25;6.85;21.45;69.39;59.65;67.93;8.5;39.58;16.02;16.9;7.8;4.8;0.3;36.07;9.92;30.19;99.02;97.03;22.88;100;99.73;0.31;1.43;35.88;22.22;0.92;36.03;15.8;50.71;0;4.43;10.85;18.02;4.46;2.88;0.27;178;253;219;194;173;156;189;180;185;183;133;203;98;84;53;40;2565;44;167;231;200;193;166;176;166;148;190;154;122;172;115;74;81;49;32;2436;2197;33;59;2105;61;396;287;295;204;3797;274;806;251;3523;224;532;233;2991;80;71;69;392;961;457;231;131;1866;1473;1136;5001;3865;4287;484;274;3528;4991;4965;379;792;0.69;619;811;653;-23.6304001;-49.313234
2010;351270;35;3512704;CORUMBATAÍ;75.43;1.65;14.1;16.3;46.8;94.66;83.92;8.96;10.37;1.37;1.08;7.03;1.92;7.43;1.57;8.53;75.74;77.88;80.86;16.45;16.87;19.14;7.81;5.25;0;91.04;97.13;71.15;75.25;17.67;85.62;88.43;59.39;62.05;10.19;32.14;95.1;85.24;15.25;6.43;95.85;97.38;100;100;96.96;94.21;13.38;0.32;23.96;2.54;1.13;0;89.63;76.31;72.46;79.26;85.06;51.79;45.13;63.13;58.32;32.74;60.04;27.62;6.18;266.67;415.71;573.33;844;1340;0.48;1.04;1.86;5.24;10.83;19.22;34.38;39.41;4.88;53.28;14.28;27.68;46.72;71.81;11.04;7.46;741.32;180.98;2921.65;348.5;496.7;705.73;1975.38;742.6;26.69;99.2;176.73;0.4;16.31;2.55;23.86;7.78;3.97;5.89;72.23;58.27;38.08;33.96;0.33;7.78;13.69;2.53;16.43;72.7;87.28;94.6;1045.04;61.8;2.89;32.14;77.47;71.27;87.39;4.42;0;13.04;13.17;4.19;4.33;0.29;63.79;2.39;12.62;95.47;98.59;23.31;99.71;99.75;0.19;0.09;20.79;4.15;3.04;21.76;6.88;31.18;0;8.17;8.08;6.7;0;1.06;0.25;98;195;177;173;172;143;137;140;128;115;92;143;90;58;45;31;1974;37;134;164;140;164;147;156;155;123;121;101;89;154;76;59;44;35;38;1900;2075;10;59;2006;58;291;215;215;124;2986;186;654;199;2800;206;468;209;2332;50;53;57;312;727;347;164;83;1448;1144;1781;3874;2093;3358;359;185;2814;3869;3863;518;813;754;0.7;841;728;-22.2210521;-47.6249638
2010;351280;35;3512803;COSMÓPOLIS;77.57;2.16;9.19;10.66;41.36;95.36;85.83;6.21;10.4;1.23;1.06;4.83;1.15;5.09;1.53;5.94;69.81;74.82;70.79;16.8;14.38;24.86;13.39;10.81;4.35;105.64;115.69;75.7;74.19;18.36;91.45;94.64;53.8;70.58;8.63;21.23;97.37;89.51;20.82;10.13;87.75;90.98;96.14;98.4;98.04;95.9;23.13;2.01;14.22;4.25;1.69;0.53;90.34;89.9;67.81;80.65;83.38;58.11;52.58;51.25;59.7;38.59;58.85;33.97;7.25;333.33;501.67;730;1110;1510;0.42;1.03;2.1;2.83;5.22;13.18;20.48;32.65;5.38;48.1;15.5;30.17;51.9;81.28;8.43;6.19;829.25;223.02;2707.17;419.46;608.29;901.09;1989.19;830.61;26.94;83.18;183.93;0.32;17.61;1.24;2.23;14.64;11.21;1.67;76.91;68.32;47.63;35.71;1.16;9.79;19.77;1.06;9.19;50.51;71.33;88.87;1476.44;58.52;2.98;29.64;76.62;66.74;74.56;11.95;32.24;40.45;19.96;11.01;12.55;0.29;67.76;1.72;10.71;98.99;98.99;28.29;100;100;0.44;0.41;19.15;12.25;1.96;18.12;3.72;29.23;0;3.02;16.91;5.87;0.26;0.83;0;2151;2422;2504;2755;2829;2683;2332;2217;1941;1544;1197;2317;878;632;453;274;29410;281;2127;2397;2443;2731;2842;2576;2273;2108;1963;1585;1248;2143;965;727;500;379;410;29417;29305;143;832;28330;862;3835;2858;2847;2562;45255;2926;10429;2977;42329;3086;7503;3117;34826;854;862;924;4582;10405;3652;2397;1456;22743;17570;4193;58827;54634;50073;4819;2807;42447;58542;58446;581;764;769;697;876;746;-22.6437398;-47.1972086
2010;351290;35;3512902;COSMORAMA;75.96;1.73;13.3;15.4;45.21;94.94;84.69;13.43;10.92;3.32;1.36;9.08;0.98;9.48;3.34;10.72;82.09;84.55;90.44;10.33;9.34;9.56;7.58;6.11;0;92.01;99.35;71.03;71.99;27.17;89.41;93.27;56.3;64.7;19.11;7.82;97.78;90.45;22.98;8.09;72.76;77.46;89.07;88.42;97.88;95.96;15.22;0.51;1.63;2.49;2.41;0;92.74;90.99;65.15;76.22;81.58;42.77;37.14;58.66;63.9;30.74;63.25;25.93;7.21;274;426.67;550;790;1100;0.4;1.38;2.35;3.62;7.06;17.66;32.98;32.42;6.1;46.67;17;32.53;53.33;71.71;7.63;5.45;643.1;196.27;2084.99;350.36;499.34;668.96;1488.54;644.16;35.86;79.68;186.89;0.29;23.72;1.43;32.08;11.84;5.34;0.1;51.51;52.62;38.79;28.25;0.08;9.65;16.74;4.14;22.71;78.44;90.82;95.94;959.11;56.16;11.22;43.43;76.3;60.86;80.89;3.67;10.27;13.5;9.86;3.19;4.07;0.29;44.04;0.8;26.28;98.13;98.78;9.93;99.75;100;0.91;0.45;30.22;27.24;2.12;32.42;7.31;46.16;0;4.32;8.95;5.21;0.3;1.25;0;185;256;253;279;337;237;233;259;233;254;232;207;204;155;155;85;3652;88;172;253;228;251;261;257;244;267;272;244;220;204;203;163;137;92;94;3562;3630;57;128;3445;71;422;314;331;201;5937;295;1011;290;5642;281;716;282;4926;85;86;86;412;1044;969;253;142;2933;2454;2269;7214;4945;6464;509;294;5661;7188;7176;428;764;722;0.63;849;705;-20.475472;-49.782747
2010;351300;35;3513009;COTIA;76.05;1.78;11.93;13.84;42.05;94.77;84.22;5.02;10.48;1.48;0.97;4.42;0.94;4.67;1.24;5.43;73.62;77.49;77.2;13.56;12.8;16.06;12.82;9.71;6.74;106.19;112.87;86.14;71.93;29.05;87.09;91.05;48.6;59.02;13.03;26.75;96.81;85.25;30.85;16.59;79.19;85.3;92.46;96.35;97.51;94.45;19.36;2.98;12.89;6.73;2.41;0.83;88.97;86.52;68.34;77.14;82.13;63.93;60.22;47.4;53.18;44.47;51.69;42.7;15.62;282.5;467.78;694.8;1244;2250;0.57;1.43;2.65;4.72;8.61;16.83;26.87;47.68;3.46;62.62;10.31;20.73;37.38;83.15;18.49;12.14;1085.66;188.05;5176.23;371.87;565.35;903.79;3398.2;1086.24;38.56;88.99;172.94;0.58;18.11;3.44;2.08;12.28;7.9;0.07;69.19;69.54;50.8;47.63;0.76;17.14;15.24;2.06;11.1;59.61;74.24;85.87;1754.87;64.16;5.33;32.68;76.68;74.12;84.5;8.2;25.89;27.85;13.38;7.4;8.25;0.48;58.34;2.97;15.57;99.03;95.26;33.78;98.8;99.82;1.26;1.22;18.21;20.81;2.49;15.63;5.41;24.22;0.24;7.05;15.61;4.92;1.18;1.1;0.18;7589;9299;8560;8713;9142;8769;7860;7225;6274;5396;4172;8100;2881;1844;1208;729;98455;694;7392;9081;8416;8603;9734;9484;8494;7734;6800;5736;4413;7899;3119;2040;1430;1008;1312;102695;109117;981;3391;104746;3037;14567;10953;10951;8826;151481;10330;34267;10042;141151;9991;23937;10156;117214;3118;3083;3151;16721;38323;10099;9079;5085;78156;61149;0;201150;201150;170079;18380;10375;141324;199437;199329;639;743;0.78;707;851;789;-23.603889;-46.918889
2010;351310;35;3513108;CRAVINHOS;76.44;1.67;12.6;14.61;42.75;95.19;85.36;7.73;10.21;2.41;1.72;6.38;1.82;6.71;1.88;7.73;67.94;68.53;77.42;20.55;21.5;17.97;11.51;9.97;4.61;113.33;123.35;84.85;77.79;25.26;89.26;92.45;56.07;65.4;14.94;28.26;96.97;85.37;33.73;14.38;87.58;91.84;95.34;100;98.12;94.8;14.6;3.88;12.44;4.88;3.35;0;89.89;91.14;71.69;72.82;79.12;54.51;49.33;48.66;52.83;37.06;53.41;33.74;7.7;327.5;484;675;993;1355;0.42;1.08;2.7;2.46;5.52;13.94;29.19;34;5.59;48.49;15.99;30.52;51.51;78.16;8.5;5.95;784.4;219.06;2666.9;408.08;569.78;823.24;1864.83;784.4;44.41;91.67;182.92;0.32;18.91;2.1;8.73;13.43;8.41;0.43;74.46;62.74;43.32;41.28;0.92;9.18;18.08;0.54;7.63;64.4;82.31;93.33;1213.35;61.97;3.75;38.53;77.73;70.39;84.47;4.88;20.18;22.85;7.9;4.12;4.16;0.24;61.48;4.06;12.92;99.58;99.65;25.39;100;99.85;0;0;21.47;12.42;1.88;19.48;5.26;29.64;0.7;10.71;13.93;4.75;0.12;0.07;0.15;1061;1390;1414;1489;1520;1294;1212;1083;1032;916;717;1134;571;382;297;185;15889;192;990;1314;1319;1372;1356;1299;1155;1149;1010;980;733;1147;577;456;374;266;305;15802;16974;101;609;16264;373;2195;1615;1654;1200;24626;1627;5588;1647;22999;1655;3961;1644;19038;477;478;414;2306;5612;2451;1310;807;12339;9651;789;31691;30902;27390;2704;1580;23106;31565;31565;545;764;756;683;857;737;-21.340278;-47.729444
2010;351320;35;3513207;CRISTAIS PAULISTA;73.11;1.99;17.8;20.62;43.47;93.31;80.42;7.84;10.44;2.15;1;8;0.84;8.52;1.93;10.13;76.28;78.63;81.99;15.78;15.18;16.86;7.94;6.2;1.16;93.49;101.99;70.76;102.69;18.23;91.57;96.18;62.23;90.74;12.65;20.23;98.51;82.92;19.14;3.5;90.74;93.02;97.61;97.26;98.18;94.03;13.63;0.54;0;2.25;1.27;0;93.94;94.58;73.45;76.13;83.43;50.33;43.47;52.53;55.68;35.03;56.82;30.75;8.31;255;401;550;810;1250;0.48;0.19;0.35;5.54;12.93;19.87;37.2;40.32;4.97;54.06;14.18;27.56;45.94;74.25;11.38;7.62;721.31;179.35;2908.62;331.95;482.64;663.07;1948.33;721.31;61.43;115.96;179.35;0.4;17.21;2.19;33.37;9.83;5.41;0;65.17;57.65;40.52;31.15;0.4;9.66;15.25;1.23;11.55;74.64;87.65;95.12;1069.26;62.46;6.47;42.72;75.63;70.47;84.38;4.87;28.96;16.53;8.21;4.08;5.46;0.29;52.18;5.36;22.07;97.1;100;21.39;100;100;0;0.08;28.18;9.26;1.82;24.68;8.96;33.45;0;4.99;7.76;7.35;0.08;0.65;0;243;327;354;330;343;318;273;249;265;237;205;277;149;110;90;46;3874;58;248;311;329;339;329;279;257;235;254;251;173;298;120;96;71;51;73;3714;4076;41;176;3859;83;512;384;372;304;5884;401;1352;418;5483;406;951;401;4532;104;104;120;597;1382;595;311;202;2857;2189;2060;7588;5528;6525;638;411;5476;7565;7565;503;794;734;682;802;723;-20.403569;-47.420915
2010;351330;35;3513306;CRUZÁLIA;76.18;1.55;13;15.03;41.86;95.06;85.01;10.82;11.28;2.82;0;7.63;0.4;8.13;1.32;9.44;92.48;93.83;94.84;5.62;4.51;2.37;1.9;1.66;2.79;95.24;101.35;81.51;73.79;25.68;91.58;94.94;75.32;70.98;11.54;34.65;97.6;89.82;12.29;9.6;95.75;97.41;100;100;97.93;95.43;5.33;0;17.34;0.75;1.5;4.41;96.59;94.61;90.49;94.85;94.62;55.03;48.57;83.3;83.05;45.1;80.19;38.91;6.05;253.33;377.5;510;755.33;1066.67;0.43;1.23;2.35;7.83;13;22.05;36.05;34.6;5.41;48.64;15.62;30.84;51.36;76.35;8.86;6.26;614.17;166.15;2124.83;313.42;467.61;629.89;1501.6;614.17;26.69;103.36;176.01;0.34;12.27;0.41;32.45;7.01;3.04;0;62.44;66.94;54.6;43.09;3.03;8.39;7.38;6.68;22.22;77.46;89.71;95.74;981.29;57.48;3.78;29.62;78.11;65.03;81.76;5.22;0;12.02;13.92;5.03;6.64;0.34;54.02;1.99;25.09;99.36;98.66;8.82;100;99.83;0.5;1.04;18.12;4.25;2.07;20.79;6.63;34.18;0;4.72;4.71;9.51;0.39;3.18;0.17;61;87;87;98;83;80;71;97;100;75;65;62;39;33;29;23;1110;20;62;91;92;89;69;83;76;98;105;81;70;62;45;45;38;31;27;1164;1165;7;37;1121;25;142;95;119;72;1849;115;366;103;1734;106;251;108;1483;26;19;24;141;364;246;91;55;949;768;764;2274;1510;2026;178;124;1724;2272;2272;0.55;926;774;778;853;698;-22.7434438;-50.7911037
2010;351340;35;3513405;CRUZEIRO;77.28;1.67;11.5;13.28;42.89;95.62;86.54;8.38;10.7;1.11;1.01;2.86;1.01;2.99;1.24;3.36;74.02;77.48;80.99;13.93;13.11;16.67;12.05;9.41;2.34;101.45;108.93;80.48;83.68;32.24;89.87;92.81;56.58;69.77;16.97;22.21;96.79;89.29;30.54;13.65;84.9;89.49;97.13;98.5;97.64;95.44;19.46;2.17;13.53;4.71;1.99;0.7;90.38;90.68;72.17;78.36;89.49;68.29;64.27;59.96;66.26;49.91;67.76;46.81;12.56;247.5;400;596.25;972;1450;0.53;2.84;6.78;6.44;13.14;22.57;37.03;43.68;3.86;57.75;11.84;23.84;42.25;67.36;14.76;9.76;809.24;156.33;3534.86;322.54;485.89;744.62;2336.22;809.34;36.34;78.36;167.81;0.52;19.06;2.41;3.22;16.72;8.21;0.21;70.19;77.56;60.69;43.69;0.67;15.42;22.37;3.11;16.82;64.89;80.36;92.46;1248.63;56.39;5.04;21.52;71.59;64.41;78.93;10.81;36.78;33.38;23.45;10.08;9.8;0.38;59.08;3.09;13.46;98.56;99.2;26.93;99.46;99.77;0.08;0.4;12.64;15.1;2.36;11.38;4.9;25.19;0.31;4.95;12.18;9.11;0.14;2.57;0.23;2572;3189;3272;3201;3343;3120;2607;2573;2602;2385;1833;2725;1414;992;780;471;37505;426;2519;3090;3125;3204;3255;3203;2860;2790;2811;2506;2131;2575;1681;1247;1006;733;798;39534;37608;317;814;36477;969;5060;3771;3852;3021;60369;3878;12802;3827;56491;3742;8924;3742;47567;1101;1026;1012;5493;13141;6453;3090;1856;31350;25021;1963;77039;75076;66693;6279;3783;56631;76867;76857;683;799;788;758;871;742;-22.5783685;-44.9642044
2010;351350;35;3513504;CUBATÃO;74.23;1.98;16.17;18.34;41.35;94.02;82.24;5.11;10.1;1.43;1.2;5.32;1.09;5.62;1.45;6.63;65.97;71.04;71.74;18.49;18.52;20.82;15.54;10.45;7.44;101.34;110.15;75.21;75.03;20.26;90.77;94.22;47.64;68.65;10.03;20.66;97.93;86.87;23.77;10.63;83.4;87.86;94.81;98.1;98.05;95.23;28.11;1.77;9.75;5.82;1.62;0.88;90.99;90.85;59.97;70.21;78.56;59.32;55.03;45.63;53.42;41.6;53.02;38.96;6.71;249.86;400;596;935;1343.33;0.45;2.36;4.23;7.29;13.09;21.95;35.13;34.23;4.54;50.29;13.94;28.22;49.71;76.23;9.82;7.21;689.21;156.55;2359.11;323.69;492.06;740.86;1732.05;691.96;30.9;84.23;166.22;0.37;13.02;0.66;0.53;11.44;11.14;1.59;80.91;69.12;50.89;43.66;1.22;8.51;18.3;0.69;11.19;59.95;79.92;92.8;1219.18;57.99;2.64;22.45;74.9;67.3;79.62;13.69;41.52;28.96;23.49;13.19;14.95;0.25;71.77;3.9;10.09;87.94;96.22;33.85;98.66;99.99;2.13;5.3;23.78;16.6;1.95;18.97;7.7;27.57;0.45;8.4;19.59;8.74;0.86;1.31;0.01;4501;5299;5058;5707;5886;5181;4566;4488;3884;3213;2495;4846;1566;1017;742;405;59229;375;4332;5028;5198;5390;5604;5279;4591;4458;4000;3295;2409;4646;1728;1365;943;608;617;59491;58273;273;1343;56657;1716;8130;6169;6016;5197;90040;6102;21349;6126;83938;6222;15247;6377;68691;1920;1925;1830;9761;21946;6069;5027;3091;45472;34886;0;118720;118720;100493;10327;5982;84184;118004;117535;593;729;737;681;821;716;-23.8857982;-46.4241869
2010;351360;35;3513603;CUNHA;74.54;2.03;15.4;17.86;47.11;94.17;82.62;9.55;10.3;1.31;1.6;10.45;2.16;11.15;3.05;12.79;75.12;76.87;85.18;15.46;14.85;14.82;9.42;8.28;0;97.81;111.43;64.87;50.06;15.64;87.33;93.31;48.89;44.68;4.9;17.39;95.89;77.56;15.2;9.02;66.32;78.8;86.86;100;98.05;92.05;14.82;3.12;12.2;2.7;3.79;1.47;94.06;90.07;67.74;66.78;70.67;34.7;28.41;48.13;43.07;22.67;50.31;19.11;7.45;152.5;252.5;375;593;965;0.54;3.96;4.34;17.12;26.98;42.8;62.12;44.85;3.88;59.02;11.37;22.96;40.98;64.04;15.78;10.24;525.19;101.94;2355.66;196.7;304.18;473.2;1529.08;530.18;28.49;94.35;156.59;0.51;25.24;1.84;39.25;7.94;8.38;0;36.15;39.05;25.01;35.28;0.85;7.86;3.88;12.52;42.23;86.06;92.94;96.65;724.17;58.48;11.09;41.8;69.67;66;74.42;5.94;6.93;21.14;8.86;5.09;3.89;0.37;26.7;4.04;30.24;85.51;97.22;18.85;98.39;99.9;1.04;2.96;43.44;33.68;1.95;39.06;19.14;54.55;0;3.3;21.36;15.28;1.23;2.79;0.1;643;1004;1088;825;826;785;799;851;752;601;538;858;491;419;307;197;11164;180;601;1001;962;804;788;810;803;800;719;658;516;798;452;400;254;157;179;10702;11112;222;565;10324;243;1597;1147;1210;749;16917;1251;3663;1206;15666;1145;2412;1063;13254;250;318;310;1740;4185;2089;998;611;8284;6525;9699;21866;12167;18999;2005;1351;15643;21721;21516;347;742;684;576;826;672;-23.07753;-44.9567436
2010;351370;35;3513702;DESCALVADO;76.92;1.54;11;12.76;41.7;95.14;86.14;9.94;10.53;1.35;0.67;5.5;1.42;5.8;1.04;6.63;76.19;78.33;82.16;13.04;12.76;12.19;10.77;8.9;5.65;102.14;109.68;81.57;75.76;32.17;89.7;95.53;55.52;58.68;17.16;22.09;97.57;85.68;28.9;14.33;77.04;85.8;95.74;98.21;98.6;95.13;13.24;1.45;11.44;5.75;1.84;2.53;95.39;93.38;73.72;77.35;80.35;55.02;50.22;42.11;51.52;36.59;51.17;33.76;12.04;300;474.29;650;1000;1530;0.45;0.91;1.34;5.24;10.29;14.96;28.99;35.76;4.96;51.21;14.61;28.52;48.79;75.24;9.79;7.01;798.74;198.09;2856.57;385.51;555.37;809.47;2045.24;800.56;28.33;96.35;167.65;0.36;19.84;2.84;14.78;15.65;6.86;1.63;72.99;64.46;44.63;39.49;0.5;14.61;15.78;1.65;13.94;66.33;81.94;92.21;1227.61;59.83;2.63;28.18;75.86;67.53;82.72;7.54;36.96;38.23;17.37;6.63;6.83;0.32;60.91;1.63;13.13;98.14;96.79;21.83;99.92;99.69;0.23;0.03;18.97;22.96;1.4;19.53;5.63;30.45;1.02;5.32;8.9;6.15;0.32;0.81;0.31;894;1191;1252;1369;1430;1185;1209;1086;1036;905;812;1000;603;467;359;271;15329;260;897;1167;1236;1359;1346;1264;1144;1086;1116;1000;807;903;671;525;429;349;428;15727;16366;62;414;15890;340;1927;1426;1486;1063;25004;1494;5216;1461;23510;1523;3722;1543;19788;388;357;401;1977;4923;3088;1167;748;12760;10165;3344;31056;27712;27355;2358;1468;23529;30629;30559;0.55;767;0.76;687;865;0.74;-21.9090404;-47.6203241
2010;351380;35;3513801;DIADEMA;75.65;1.7;13.94;15.83;39.52;94.81;84.32;4.78;9.59;1.62;1.14;4.36;0.95;4.59;1;5.39;71.29;73.89;77.49;16.45;15.69;17.88;12.26;10.41;4.63;102.4;108.58;84.44;65.2;26.05;86.85;91.1;53.83;58.12;11.47;22.47;96.13;85.59;25.26;15.3;82.44;87.31;94.62;96.85;96.84;93.96;16.16;2.14;8.66;5.21;1.55;0.79;87.71;85.57;71.59;78.23;83.81;62.7;58.02;51.91;57.8;42.16;57.42;38.69;7.12;266.67;424.25;602;949.75;1302;0.43;1.44;2.72;5.51;9.69;18.67;30.15;32.66;5.16;48.57;15.07;29.78;51.43;82.53;8.67;6.43;694.55;179.34;2268.06;344.04;510.96;751.81;1681.35;694.57;36.46;94.48;172.93;0.33;13.9;0.89;0.21;13.14;4.98;0.02;73.97;70.87;50.26;41.31;0.78;9.16;26.66;1.27;10.78;66.97;82.71;93.78;1154.39;62.46;4.65;34.32;78.25;71.53;83.55;10.13;36.28;37.99;16.83;8.96;8.93;0.23;67.07;2.39;14.82;99.52;95.8;39.43;99.52;99.99;0.24;0.94;17.55;17.56;3.16;15.57;5.06;25.56;0.24;5.15;17.27;6.92;1.25;0.8;0.01;14029;16878;16229;18559;18811;17029;15050;13903;11498;9673;7431;14902;5154;3203;2120;1262;186803;1072;13785;16673;16365;18533;19525;18178;16635;15186;13083;11084;8661;14522;6234;3981;2950;1943;1948;199286;205249;1558;6774;196917;5534;26606;19913;20021;16626;294757;19706;69475;19400;275051;19728;49769;20590;225282;5631;5710;5646;30615;70385;18472;16666;9823;154206;119326;0;386089;386089;328590;33551;19735;275304;385473;385461;627;765;757;716;844;717;-23.681347;-46.62052
2010;351385;35;3513850;DIRCE REIS;75.54;1.96;13.9;16.11;45.1;94.72;84.09;13.74;11.28;1.16;1.12;13.9;2.2;14.77;1.83;16.8;86.8;87.54;90.58;9.23;10.24;6.91;3.97;2.22;2.51;103.32;111.67;88.15;134.26;60.99;93.85;96.92;76.97;71.09;33.26;51.43;100;90.79;37.06;17.71;95.94;96.99;100;100;100;96.73;5.71;0.86;24.85;2.95;3.08;5.18;100;100;88.6;89.36;88.4;44.07;37.1;67.05;71.64;32.8;71.51;26.68;7.39;266.67;395.5;510;675;1033.33;0.37;2.06;3.11;3.74;8.97;17.33;31.97;29.72;6.43;44.62;18.12;34.57;55.38;71.8;6.56;4.94;570.51;183.44;1695.57;333.5;469.08;593.63;1278.06;574.88;17.22;58.38;172.53;0.25;20.25;0;29.76;8.3;6.06;0;53.83;56.09;42.3;36.42;1.09;12.11;17.1;5;24.11;82.25;91.3;96.93;858.02;57.88;8.57;34.54;76.76;63.49;80.95;6.59;22.28;34.77;10.62;5.32;15.77;0.25;39.71;9.51;26.06;100;99.56;11.27;99.68;99.81;0.35;2.49;23.22;4.06;0;28.12;3.96;44.21;0;4.39;6.12;7.15;0;0.88;0.19;53;57;63;72;49;63;69;62;68;59;38;53;51;40;41;18;875;19;45;47;73;63;60;56;55;63;59;51;47;38;43;49;35;17;13;814;869;9;32;828;19;86;66;69;54;1396;89;271;76;1307;89;182;93;1125;25;22;16;87;233;232;47;48;684;548;410;1689;1279;1502;104;94;1304;1689;1676;441;889;741;704;842;686;-20.4664067;-50.606276
2010;351390;35;3513900;DIVINOLÂNDIA;75.97;1.47;13.3;15.38;40.52;94.95;84.7;10.71;9.59;0.65;0.87;6.32;0.86;6.69;1.05;7.73;70.76;69.89;85.61;14.97;15.79;9.96;14.27;14.32;4.43;92.01;102.06;69.23;79.89;20.3;86.51;92.66;55.01;76.8;13.28;7.76;98.11;74.18;20.2;8.47;89.73;92.39;97.83;100;98.61;91.14;11.48;0.62;12.93;3.49;2.68;1.66;92.72;88.85;70.46;77.23;76.58;44.54;38.8;49.58;49.96;27.2;49.65;23.13;8.3;253.67;403.33;533.33;816.67;1202;0.48;0.67;1.25;5.51;12.5;22.52;41.63;39.91;4.83;53.89;13.83;27.6;46.11;70.91;11.55;7.76;707.97;171.08;2825.51;318.37;487.41;655.4;1899.19;709.44;30.85;96.55;182.87;0.4;32.3;1.29;38.88;10.65;4.68;0.24;47.98;51.9;33.56;35.23;0.63;10.89;3.4;4.83;21.61;79.09;90.64;95.85;937.7;62.68;13.4;46.06;81.09;68.44;81;3.2;0;12.34;4.47;2.86;4.79;0.33;33.77;1.91;26.25;94.47;99.5;13.81;100;99.77;0.28;0.3;35.58;10.27;1.39;31.18;10.49;43.09;0;4.58;9.78;6.32;0.6;1.42;0.23;257;423;485;437;464;424;399;427;387;370;364;302;258;200;166;109;5587;115;297;397;490;464;421;406;433;397;396;384;333;319;268;200;166;127;123;5621;6292;110;259;5923;115;620;469;467;321;9065;576;1856;572;8489;579;1280;557;7209;117;125;110;689;1705;1200;394;296;4532;3589;3708;11208;7500;10037;820;563;8654;11026;11003;445;776;734;645;0.85;0.72;-21.6604584;-46.7371151
2010;351400;35;3514007;DOBRADA;74.1;2.46;16.2;18.7;45;93.91;81.94;5.96;11.18;2.21;2.74;15.11;4.33;16.01;7.88;19.08;80.88;83.28;78.05;9.98;7.57;20.6;9.14;9.15;1.35;96.28;100.35;83.25;77.32;18.12;91.59;94.27;70.67;69.8;10.51;26.49;98.96;88.56;17.26;11.72;88.24;92.09;98.55;100;99.5;96.9;7.61;0.35;16.62;2.58;1.47;1.1;89.41;86.28;77.28;77.47;71.34;44.35;37.12;52.77;49.31;30.68;51.7;25.69;6.63;266.67;375;510;800;1108;0.38;0.75;1.47;4.6;9.59;17.53;33.11;29.21;6.31;45.36;17.47;32.77;54.64;79.58;6.69;5.22;589.47;186.04;1721.66;328.82;450.87;644.77;1343.68;589.47;42.51;99.75;177.15;0.26;7.15;1.12;42.15;8.46;2.49;0;87.99;48.92;33.55;21.53;0.31;7.97;23.52;0.68;14.47;71.52;88.08;96.78;999.25;62.33;1.74;33.52;75.55;72.12;87.05;9.51;40.91;45.32;17.22;8.26;8.06;0.19;83.21;1.12;6.72;99.92;98.63;32.89;100;100;0;0;35.85;11.76;0.5;30.11;9.04;25.82;1.87;6.8;20.64;5.52;0.11;0.4;0;322;386;372;461;466;380;276;260;207;175;142;335;126;74;56;39;4116;39;314;328;346;377;372;320;268;242;241;173;152;306;119;90;74;35;66;3823;4142;12;129;4001;139;588;440;445;373;5948;402;1556;443;5546;477;1154;468;4392;124;140;120;627;1482;473;328;207;2875;2152;177;7939;7762;6646;714;384;5548;7939;7939;444;795;718;655;818;691;-21.5180904;-48.3938897
2010;351410;35;3514106;DOIS CÓRREGOS;76.17;1.95;13;15.05;46.78;95.06;84.99;9.62;10.45;1.87;1.67;8.26;3.26;8.7;5.63;9.81;77.27;81.86;76.18;10.38;8.53;19.08;12.35;9.61;4.75;99.8;107.19;79.99;72.53;26.95;87.62;91.12;52.54;66.54;14.74;11.17;97.85;79.85;29.05;8.17;83.78;86;87.71;92.26;96.69;92.11;16.48;2.88;13.47;5.36;3.43;0;92.06;93.96;67.8;74.32;74.02;47.75;42.42;32.56;40.33;30.43;37.82;28.41;8.01;255;408.33;596.67;932.5;1400;0.46;0.63;0.92;5.37;12.64;20.96;40.48;36.6;4.95;51.9;14.31;27.78;48.1;78.57;10.23;7.27;727.28;180.11;2661.65;340.25;489.77;739.03;1891.02;727.28;48.85;108.14;180.11;0.38;17.28;1.54;22.86;9.5;6.42;0;76.55;53.72;35.76;34.28;0.89;9.45;23.38;0.54;9.83;68.89;83.8;93.48;1207.15;58.4;2.34;44.75;69.38;65.35;79.38;4.48;0;24.14;6.64;3.6;2.84;0.31;65.68;2.31;12.64;98.37;96.34;25.19;100;100;1.35;0.28;35.57;16.22;3.31;29.21;9.58;31.69;0;7.34;20.2;7.29;0.5;1.63;0;932;977;1043;1133;1185;1017;921;841;738;680;561;879;463;338;265;237;12417;207;891;975;1025;1061;1054;989;837;788;795;660;570;854;509;372;356;281;327;12344;12412;46;541;11826;369;1550;1117;1201;1082;19253;1197;4262;1210;18056;1326;3065;1315;14991;372;374;314;1761;4103;2383;975;586;9624;7538;1315;24761;23446;21255;1952;1208;18095;24650;24650;478;0.7;725;616;853;725;-22.3697554;-48.3845315
2010;351420;35;3514205;DOLCINÓPOLIS;74.5;1.52;15.5;17.95;45.93;94.14;82.55;13.17;12.24;1.69;1.11;12.23;0.9;12.85;1.79;14.77;90.57;93.94;94.44;4.33;3.4;5.56;5.09;2.66;0;95.05;100.65;80.37;129.07;39.66;92.84;92.67;72.84;89.58;32.77;40.47;100;97.33;34.07;6.58;100;100;100;100;100;99.26;12.92;1.3;6.41;0;2.87;1.86;91.16;89.73;79.97;83.47;90.42;45.13;38.09;84.57;85.14;34.72;87.18;26.88;8.82;294.75;442.75;552.5;824;1110;0.36;0;0;2.37;6.57;15.09;27.71;28.8;6.92;44.1;18.72;34.87;55.9;67.68;6.15;4.69;620.98;214.76;1788.65;366.61;501.21;653.22;1362.89;620.98;0;117.06;196.55;0.23;17.59;2.05;23.72;8.29;6.33;0.17;60.15;55.59;44.33;36.9;0.45;14.09;20.38;3.08;19.3;79.65;91.31;97.26;864.54;58.55;8.03;27.2;77.18;64.98;91.5;3.25;0;7.2;12;3.19;0;0.22;53.73;1.17;22.89;98.35;100;10.61;100;100;0;0;17.36;0;0;26.39;4.09;40.03;0;10.47;15.73;4.39;0.63;0.66;0;54;84;93;85;55;85;66;71;87;70;73;75;46;52;45;30;1091;20;45;61;72;65;60;90;82;65;79;70;65;62;56;47;41;23;22;1005;1088;12;27;1050;24;118;92;89;56;1685;90;311;96;1595;107;221;105;1374;18;24;33;131;308;276;59;39;824;689;147;2096;1949;1858;145;98;1615;2094;2094;451;889;742;709;825;699;-20.1230736;-50.513261
2010;351430;35;3514304;DOURADO;73.66;1.65;16.9;19.54;42.51;93.65;81.27;11.12;10.97;1.44;0.68;7.76;1.72;8.24;2.29;9.39;81.13;81.38;90.6;8.8;8.76;8.14;10.07;9.86;1.26;93.74;109.51;55;106.59;31.48;84.88;96.7;44.33;69.73;17.89;21.06;100;82.52;33.3;12.75;100;100;100;100;100;94.94;6.96;2.83;30.27;2.56;1.85;1.07;95.46;92.53;64.28;71.76;85.3;50.6;44.32;61.82;60.99;35.12;63.48;30.43;6.87;333.33;480;602.5;870;1146;0.37;0.39;1.39;1.93;5.44;10.27;23.63;30.73;6.97;44.91;18.67;34.04;55.09;75.46;6.58;4.78;697.37;243.17;2143.33;407.98;535.81;734.05;1555.19;697.37;55.83;97.32;189.19;0.24;16.48;2.21;20.52;10.52;6.39;0;76.55;59.92;41.74;34.2;0.87;9.21;21.24;1.51;14.29;72.58;86.92;95.84;1043.99;61.05;3.89;36.86;77.93;67.84;88.46;5.33;20.02;18.13;15.53;4.81;7.02;0.25;68.8;0.87;10.12;99.58;100;16.8;100;100;0;0.05;19.1;0;0;20.96;4.32;30.33;0;5.68;9.01;5.51;0.69;0.29;0;268;293;369;391;360;323;307;302;328;271;219;290;204;142;121;82;4364;94;208;310;341;330;339;326;317;293;278;301;236;242;206;140;143;110;125;4245;4647;23;155;4468;90;486;380;351;307;6998;444;1431;421;6554;422;987;439;5567;79;93;114;556;1340;957;310;226;3485;2814;740;8609;7869;7612;603;422;6587;8575;8575;506;804;738;689;811;718;-22.1124638;-48.3151079
2010;351440;35;3514403;DRACENA;75.51;1.46;12.9;14.96;42.71;94.37;84.18;11.88;10.16;0.94;1;5.88;0.98;6.17;0.79;6.97;77.43;75.75;86.23;14.93;16.26;12.35;7.65;7.99;1.42;94.91;100.13;81.97;78.89;36.11;89.01;93.6;68.74;72.44;21.97;38.06;96.71;84.51;26.62;8.3;84.74;89.9;97.92;100;98.19;94.26;4.17;0.5;5.45;2.76;1.91;1.52;90.05;90.91;82.68;83.45;81.9;57.99;54.14;61.53;59.93;41.48;60.99;38.51;15.56;341.5;506.75;697.5;1076.67;1565;0.44;0.1;0.19;2.4;5.38;11.62;23.32;35.89;5.51;51.08;15.46;28.89;48.92;72.8;9.28;6.56;862.86;237.51;3096.42;429.5;579.51;864.22;2186.7;862.86;26.67;116.81;189.82;0.33;22.34;3.79;6.68;19.79;7.53;0.06;68.95;69.24;51.76;48.61;1.41;19.32;11.44;2.22;14.77;67;80.93;91.81;1250.95;58.68;3.38;42.83;71.62;64.3;78.49;5.29;14.09;15.49;12.65;4.86;5.42;0.36;52.32;5.05;14.45;98.97;99.4;13.61;99.88;99.81;0.28;0.68;16.39;15.26;1.81;19.85;3.32;31.08;0.92;5.49;6.51;6.53;0;1.4;0.19;1096;1468;1618;1875;1942;1707;1671;1565;1528;1390;1112;1226;920;743;621;480;21405;443;1115;1424;1572;1550;1670;1681;1585;1623;1635;1564;1333;1164;1078;896;808;526;629;21853;22710;98;822;21790;430;2346;1733;1794;1298;34640;1896;6306;1867;32744;1914;4410;1893;28334;467;465;475;2455;6060;5140;1421;941;18132;15013;3312;43258;39946;38699;2892;1920;33887;41992;41992;0.58;0.83;776;737;842;752;-21.4835523;-51.5334408
2010;351450;35;3514502;DUARTINA;75.24;1.65;14.4;16.64;44.98;94.55;83.64;12.06;11.26;0.72;0.99;6.86;0.66;7.24;2.33;8.36;82.77;86.26;85.27;9.72;7.4;12.04;7.51;6.34;2.68;93.42;100.07;77.47;99.95;31.1;90.25;92.78;63.33;79.66;17.79;25.85;97.64;90.27;24.44;10.22;86.46;89.46;94.82;95.22;98.3;95.94;12.95;0.37;6.8;1.58;3.29;2.19;93.55;94.5;78.51;80.74;85.54;52.48;46.9;54.93;60.96;36.64;64.08;32.53;9.85;279.67;422.5;550;836.67;1380;0.43;0.42;0.38;4.24;9.93;15.27;32.02;34.55;5.74;50.21;16.17;30.46;49.79;74.6;8.55;6.19;688.4;197.5;2378.54;359.16;491.68;665.39;1722.07;689.06;24.43;102.13;175.36;0.31;20.16;1.14;15.67;13.39;7.88;0.08;69.59;62.58;45.23;42.65;0.86;11.85;15.59;2.37;11.89;73.63;85.9;93.59;1052.01;59.65;5.21;41.82;71.53;65.84;86.43;5.71;20.95;18.78;14.8;5.05;4.69;0.29;58.33;3.31;14.93;99.18;98.27;15.85;99.95;99.68;1.2;1.32;23.55;13.54;1.7;22.72;6.39;33.2;0;3.29;7.92;6.03;0.58;1.51;0.32;354;446;531;470;465;441;410;439;388;378;343;388;279;209;185;126;5970;118;325;412;481;485;481;472;452;443;446;401;362;395;284;244;197;180;221;6281;6444;45;259;6140;126;692;500;536;410;9916;607;1965;618;9309;578;1358;560;7951;143;158;149;790;1888;1477;412;285;5144;4179;1254;12251;10997;10803;858;619;9326;12211;12199;525;805;748;698;837;716;-22.414562;-49.408355
2010;351460;35;3514601;DUMONT;75.91;1.72;13.4;15.48;41.12;94.92;84.62;6.67;10.79;2.43;0.8;7.21;2.89;7.63;4.28;8.77;80.7;84.67;80.98;8.09;6.94;16.83;11.21;8.4;2.19;95.16;100.5;79.49;80.28;18;88.76;93.84;54.36;69.89;10.75;28.12;97.58;84.91;17.77;9.2;87.79;91.49;94.94;100;97.62;94.39;14.81;0;6.24;3.93;1.61;0;89.25;90.58;76.63;87.86;80.44;51.25;44.37;48.23;53.72;34.16;50.85;29.55;7.1;295;460.67;633.33;993.33;1350;0.39;0;0;0.85;1.35;14.89;26.49;29.16;6.19;45.23;16.94;32.3;54.77;80.52;6.89;5.32;705.3;218.3;2056.67;378.93;541.7;792.46;1587.3;705.3;0;98.88;201.76;0.25;14.94;1.08;15.2;15.16;5.71;0;72.09;59.25;41.62;29.53;1.4;8.47;27.35;1.34;12.21;64.1;83.15;94.22;1148.73;63.05;6.03;37.86;79.17;71.19;84.79;7.76;0;36.42;14.86;6.81;5.33;0.26;64.93;1.4;16.44;96.22;98.64;26.63;100;100;0.58;0.26;24.48;12.21;2.38;22.2;6.79;30.83;0;7.66;5.27;6.16;0.56;0.77;0;258;339;359;429;419;341;294;279;262;249;176;293;139;90;67;47;4096;55;264;335;334;414;400;333;282;279;254;218;204;311;114;92;77;71;65;4047;4433;41;151;4241;93;536;398;408;302;6100;374;1482;393;5726;444;1108;473;4618;108;113;100;590;1381;543;323;177;3019;2300;289;8143;7854;7031;674;400;5957;8143;8143;513;773;744;674;849;0.72;-21.2391417;-47.9747665
2010;351470;35;3514700;ECHAPORÃ;75.01;2.11;14.7;17.03;48.9;94.43;83.31;11.03;10.59;0.46;0.59;9.8;1.23;10.47;3.56;12.21;73.2;77.39;68.27;18.01;17.34;23.41;8.79;5.26;8.33;94.65;100;80.37;91.28;34.87;92.21;94.72;67.11;76.47;16.16;20.22;98.35;84.44;24.01;13.68;84.6;87.87;95.11;95.02;98.79;94.88;12.22;0;3.99;2.86;2.32;0.76;97.83;95.78;77.25;87.67;86.82;49.61;42.56;55.43;61.5;35.78;56.98;30.9;9.52;226.67;340;495;746.67;1172.5;0.53;1.63;2.94;6.25;12.62;26.96;46.86;45.71;4.43;59.07;12.48;24.16;40.93;64.08;14.65;9.46;703.55;155.99;3215.95;282.95;410.94;589.79;2076.73;704.89;30.66;93.54;179.5;0.5;15.41;3.2;29.34;15.76;5.67;0;57.1;57.36;41.84;38.14;0.57;9.96;9.08;4.73;23.82;78.66;89.3;95.06;980.69;58.44;9.02;30.28;76.36;66.41;85.7;7.7;16.93;28.76;14.71;6.85;11.48;0.39;41.79;6.88;28.61;97.27;98.65;16.67;100;99.95;0.13;0.2;24.47;15.4;1.21;24.23;10.23;38.27;2.34;1.92;10.55;7.68;0.76;2.48;0.05;204;287;293;249;253;199;204;223;207;174;162;204;129;100;92;79;3115;56;215;263;267;257;225;232;218;208;248;174;169;205;152;112;81;84;93;3203;3199;50;101;3048;83;434;313;343;243;4940;337;1066;360;4603;320;729;301;3874;93;74;81;451;1101;697;263;164;2520;1996;1286;6318;5032;5474;550;335;4589;6298;6286;496;814;745;0.69;834;719;-22.4325855;-50.2037693
2010;351480;35;3514809;ELDORADO;75.82;2.82;13.5;15.64;62.91;94.87;84.48;8.84;9.81;3.03;1.89;11.23;2.19;12.19;3.33;14.18;67.03;69.36;77.04;16.3;14.47;19.26;16.67;16.16;3.7;94.92;104.73;65.24;61.47;14.86;88.04;91.83;48.67;61.47;6.26;8.19;95.32;80.47;18.04;7.49;80.93;86.63;96.74;98.6;97.3;93.12;20.56;1.59;12.85;4.9;2.43;0.79;82.74;84.7;67.62;73.54;78.92;45.24;38.67;40.05;43.19;28.04;43.64;25.08;7.06;128.67;200.4;327.5;510;860;0.49;6.08;9.86;23.26;37.56;49.78;67.72;38.73;4.16;54.48;12.34;25.1;45.52;72.1;12.56;8.94;411;85.45;1591.95;168.12;262.14;419.79;1133.14;412.54;36.02;91.77;147.39;0.44;19.23;0.25;36.88;6.95;5.4;0.24;47.24;51.32;33.61;32.96;0.5;8.83;3.22;12.75;32.63;83.39;89.75;95.38;760.68;52.14;8.94;30.86;65.19;62.6;67.19;7.13;23.75;21.51;13.6;5.94;6.42;0.31;36.77;5.73;25.79;84.43;89.16;36.03;99.93;99.16;6.01;3.72;28.87;19.07;2.7;27.59;15.67;44.49;1.27;10.28;19.81;15.95;1.67;3.39;0.84;609;914;757;534;519;490;462;465;410;359;307;715;278;247;182;118;7478;112;569;861;680;533;532;531;472;422;392;308;298;692;238;220;157;115;143;7163;6301;159;303;5840;233;1450;1079;1099;683;10281;951;2504;892;9330;702;1553;664;7777;262;263;276;1469;3570;1294;861;446;5041;3828;7436;14641;7205;12085;1775;981;9329;14608;14553;452;718;691;615;847;633;-24.522583;-48.1093489
2010;351490;35;3514908;ELIAS FAUSTO;74.32;1.79;15.8;18.29;43.72;94.03;82.28;6.94;9.54;1.04;1.14;7.41;1.39;7.85;1.64;9.32;68.61;69.53;87.79;15.53;14.68;12.21;15.85;15.79;0;88.78;100.23;54.36;75.91;13.38;81.74;89.48;39.51;70.46;5.84;14.89;96.93;80.33;17.61;8.5;82.69;86.78;96.32;97.22;97.29;93.06;16;2.91;6.93;3.9;0.99;0;81.42;82.5;68.99;78.26;70.02;40.2;33.47;33.89;38.06;21.26;37.72;17.47;4.81;265;396.67;525;783.33;1150;0.42;2.42;2.84;4.87;6.72;18.95;29.08;33.73;5.51;48.65;16.06;30.82;51.35;80.51;8.4;6.06;625.66;172.39;2110.17;329.91;461.72;642.39;1521.42;633.46;12.32;64.16;168.25;0.31;15.02;0.87;24.65;9.21;4.62;0.07;70.87;46.44;25.55;28.38;0.57;5.92;25;1.98;12.02;69.56;88.25;95.76;1042.35;59.97;3.87;33.52;78.43;68.97;80.63;5.99;27.73;22.97;10.57;5.25;6.33;0.21;65.43;0.73;16.56;93.65;95.57;27.46;100;99.94;2.13;0.16;29.83;17.31;2.71;29.73;8.35;37.75;0;8.11;30.37;8.11;0.19;1.63;0.06;532;749;730;833;784;684;638;591;483;427;332;619;252;198;145;82;8168;89;538;682;611;703;683;637;570;550;446;432;320;585;265;187;168;110;120;7607;8104;55;268;7781;232;1149;828;874;617;12044;788;2871;778;11256;837;2083;879;9173;218;245;206;1232;2912;1094;681;355;5791;4480;3217;15775;12558;13513;1431;800;11282;15563;15371;402;702;695;583;822;701;-23.0416538;-47.3718002
2010;351492;35;3514924;ELISIÁRIO;74.51;2.01;15.5;17.93;40.67;94.15;82.58;10.19;11.93;1.15;1.35;9.82;2.64;10.34;1.03;11.8;86.43;84.37;94.77;9.04;10.88;5.23;4.53;4.74;0;98.19;98.68;97.08;54.52;9.12;94.45;95.86;81.67;51.9;6.56;31.3;96.96;85.33;15.2;1.71;93.39;95.83;100;100;98.49;94.45;3.67;0;6.93;3.39;2.63;0;100;98.43;83.77;82.61;86.57;49.27;42.51;58.06;55.86;29.43;54.1;24.64;3.05;355.5;476.67;605;910;1040;0.33;0;0;1.4;3.51;6.45;12.27;26.29;8.01;41.18;20.54;36.59;58.82;76.98;5.12;4.01;666.93;267.03;1753.55;418.04;534.94;741.48;1374.3;666.93;0;110.36;191.34;0.19;10.41;0.13;22.84;8.88;1.08;0;81.37;60.49;37.49;34.78;0.3;4.21;27.56;2;12.09;65.26;87.36;98.29;1021.18;60.51;2.08;31.37;86.65;68.07;89.9;5.86;66.95;22.44;7.75;5.16;9.61;0.2;71.73;4.22;11.78;100;99.91;22.19;100;100;0;0;19.87;6.61;1.51;22.24;2.97;31.97;0;13.94;3.72;1.75;0;1.08;0;97;128;132;159;161;151;138;117;82;86;95;80;69;49;51;31;1650;24;94;100;110;126;129;132;118;89;98;91;75;85;60;45;48;26;44;1470;1678;5;51;1623;32;174;120;127;110;2536;148;527;148;2388;149;379;157;2009;49;45;33;174;446;318;100;64;1191;955;262;3120;2858;2773;228;161;2384;3120;3120;493;855;747;712;825;711;-21.1673392;-49.1111015
2010;351495;35;3514957;EMBAÚBA;75.42;1.96;14.1;16.32;41.86;94.65;83.91;10.57;10.75;0;0.96;8.15;1.06;8.55;2.68;9.9;79.39;83.46;75.37;12.03;11.03;24.63;8.58;5.51;0;88.53;104.57;48.02;88.64;17.04;85.45;96.79;37.65;80.85;12.31;16.91;100;81.82;16.4;7.19;91.5;94.13;94.17;100;100;94.84;12.37;0;8.43;1.41;2.68;0;95.36;98.15;56.04;70.76;85.22;43.99;36.72;64.08;60.41;30.33;68.96;25.03;3.1;343.33;510;673.33;913.33;1197.5;0.36;0.27;0.97;1.96;4.46;11.44;23.23;29.23;6.65;43.38;18.85;35.1;56.62;77.01;6.2;4.62;717.97;238.84;2098.58;437.86;583.36;772.61;1563.04;717.97;40;101.45;189.55;0.23;10.44;1.25;29.49;6.96;3.64;0;71.29;53.16;37.59;28.43;0.44;3.96;28.55;4.32;18.26;68.34;86.66;97.51;1053.65;62.93;4.97;38.92;82.38;69.36;86.59;4.33;0;22.68;6.69;3.75;6.23;0.28;57.21;9.52;17.66;99.63;99.48;13.16;99.78;99.89;0.41;0;18.15;8.5;0;26.09;2.92;34.85;0;10.27;8.02;5.56;0.95;0.45;0.11;79;76;87;117;119;96;87;98;82;78;72;84;54;38;46;27;1259;19;59;85;90;94;105;91;77;95;90;67;60;76;49;49;27;18;32;1164;1341;8;43;1290;22;128;87;91;86;1964;104;388;112;1860;108;284;109;1576;30;40;37;153;351;256;85;56;944;760;363;2423;2060;2131;161;109;1860;2423;2423;0.44;774;0.73;641;0.84;723;-20.9819513;-48.837455
2010;351500;35;3515004;EMBU;75.33;2;13.09;15.18;42.28;94.42;83.28;3.99;9.98;2.09;1.37;4.96;1.08;5.25;1.33;6.2;70.68;74.39;76.09;17.58;16.35;19.91;11.73;9.26;4;103.34;112.68;76.8;63;21.77;87;91.11;48.75;53.73;9.04;26.23;96.45;84.69;25.36;17.31;79.15;83.95;91.86;94.8;96.78;93.63;20.01;3.27;14.12;5.46;2.31;0.99;90.28;88.77;66.41;74.73;79.09;57.45;52.54;44.74;49.72;35.37;50.07;32.11;5.58;248.5;373.33;510.67;766.67;1040;0.45;1.58;2.8;7.05;12.11;22.4;33.78;36.31;5.14;50.7;14.94;29.2;49.3;84.09;9.72;6.78;622.77;160.04;2261.41;305.2;444.05;625.85;1576.34;623.04;37.34;95.91;171.04;0.36;15.87;0.5;0.8;15.27;9.75;0.14;70.13;63.16;40.39;49.5;0.52;6.95;11.53;1.23;12.91;72.96;88.38;95.67;1083.74;61.36;5.59;33.12;75.23;71.55;79.28;11.04;33.07;35.44;17.89;9.86;11.25;0.25;64.04;1.79;16.79;98.54;96.86;43.3;99.49;99.95;0.61;0.66;22.72;20.85;3.22;18.53;6.87;28.29;0.45;4.27;23.3;7.61;3.12;1.29;0.05;9570;11753;10837;10990;11431;10592;9451;8280;6505;5517;4416;10057;3172;2007;1120;553;116728;477;9092;11459;10891;11390;12032;11863;10096;8864;7272;6534;5110;9732;3607;2323;1430;885;922;123502;123707;1297;4510;117900;3695;18321;13742;13646;10963;176809;13432;43688;12778;163377;12355;30256;12660;133121;3864;3865;3656;20422;47778;9578;11362;6770;92317;70247;0;240230;240230;201615;23212;13619;164784;239841;239739;575;733;735;676;839;0.7;-23.6495294;-46.8528497
2010;351510;35;3515103;EMBU-GUAÇU;75.01;1.93;14.7;17.03;46.68;94.43;83.32;6.31;10.22;1.44;1.33;6.07;1;6.45;1.24;7.61;74.62;76.23;82.83;12.17;11.72;14.5;13.21;12.05;2.67;96.36;103.92;72.95;54.26;24.6;87.42;91.09;52.49;46.55;10.73;31.8;97.22;89.31;21.18;10.1;84.13;86.14;87.5;91.12;97.07;95.18;14.83;1.75;20.32;4.34;2.82;1.37;93.58;93.56;70.73;80.63;83.35;60.1;55.11;55.42;54.81;39.64;59.06;36.39;7.51;233.33;350;508.75;833.33;1170;0.5;2.89;5.7;8.98;16.18;25.12;37.59;40.56;4.21;55.12;12.93;25.75;44.88;81.78;12.55;8.55;676.52;142.43;2743.69;294.98;433.5;647.19;1870.84;677.58;35.44;85.56;163.88;0.46;22.09;2.02;3.48;12.88;8.9;0;61.79;68.81;47.88;44.05;0.54;8.97;15.82;1.73;14.8;70.72;84.94;93.76;1242.72;57.76;2.98;26.52;74.36;68.06;80.95;9.9;28.78;42.92;17.36;8.78;9.93;0.38;53.58;2.26;18.86;97.2;95.82;40.7;97.69;99.9;3.74;0.68;16.42;15.87;2.93;17;6.79;30.98;0.5;4.43;18.38;10.27;3.14;1.7;0.1;2280;3194;2800;2736;2689;2542;2319;2119;1830;1712;1305;2687;1048;803;504;322;31186;296;2263;3048;2760;2764;2713;2733;2428;2155;1999;1729;1357;2541;1055;728;536;374;400;31583;30658;186;897;29575;807;5007;3769;3771;2722;46756;3465;11060;3261;43291;3226;7595;3264;35696;1014;1005;987;5458;12830;3963;3048;1726;23731;18207;1674;62769;61095;53079;6242;3380;43457;62320;62223;601;768;749;708;834;713;-23.8317997;-46.8156204
2010;351512;35;3515129;EMILIANÓPOLIS;73.28;1.97;17.5;20.27;44.29;93.42;80.7;11.82;11.12;0;0.67;11.55;1.15;12.26;3.35;14.23;78.49;76.88;95.36;11.42;12.94;4.64;10.09;10.18;0;97.05;102.74;83.34;66.04;26.01;93.55;96.02;72.77;62.98;16.78;45.83;94.27;91.42;24.78;13.31;96.9;97.97;100;100;97.29;95.57;11.74;0;7.92;3.34;1.28;0;92.04;94.37;80.94;89.95;83.96;46.86;40.34;62.35;63.54;35.1;64.4;30.1;5.43;250;405;540;770;1005;0.38;1.08;1.88;4.81;8.38;22.08;39.19;29.79;6.11;44.04;17.44;33.72;55.96;72.09;6.83;5.11;584.76;178.65;1742.14;331.25;476.03;650.23;1302.56;585.49;17.74;92.91;182.7;0.26;17.23;1.92;33.72;7.25;5.95;0;55.99;54.73;41.95;41.07;0.16;6.9;9.91;4.07;27.13;79.57;90.25;96.93;858.09;58.45;5.11;19.86;76.27;65.98;76.37;3.67;0;0;7.07;3.77;4.04;0.31;49.73;1.63;25.62;96.06;98.69;9.19;98.94;99.79;0.97;0;21.3;3.1;2.71;24.74;5.74;38.21;0;13.66;8.58;4.94;2.36;1.25;0.21;85;110;124;129;107;115;106;126;116;93;71;88;72;58;48;37;1517;32;82;103;126;117;102;107;125;100;113;87;80;102;77;69;58;28;27;1503;1554;11;30;1513;24;170;135;121;99;2450;149;496;144;2301;143;347;159;1954;44;38;38;195;465;357;103;82;1216;973;523;3020;2497;2659;213;153;2293;3001;2997;469;838;727;691;805;0.69;-21.831436;-51.483168
2010;351515;35;3515152;ENGENHEIRO COELHO;73.87;2.11;16.5;19.13;44.14;93.77;81.6;5.17;9.68;2.28;2.09;8.78;2.27;9.25;3.31;11.23;63.44;67.67;62.94;21.57;19.25;31.95;14.99;13.08;5.11;98.69;109.49;64.57;62.48;48.31;91.02;94.59;51.01;53.43;18.71;17.36;99.32;85.46;25.7;18;79.49;85.1;93.06;98;98.49;95.36;22.9;1.55;19.68;2.13;1.85;5.02;91.94;91.32;67.06;69.91;72.78;51.58;45.61;51.99;50.73;37.2;59.46;33.39;10.75;256.67;397.5;577.5;933.33;1413.25;0.45;1.57;3.01;5.92;11.12;19.64;33.22;35.28;4.94;51.52;14.07;27.69;48.48;81.58;10.03;7.29;707.37;174.86;2495.69;322.73;481.83;735.18;1813.55;707.85;33.02;94.9;173.6;0.37;15.73;0.84;26.53;14.75;4.35;0.07;67.4;53.87;39.4;29.35;0.51;9.43;18.44;2.16;14.09;72.54;84.52;92.35;1143.91;65.42;6.12;37.17;80.82;75.19;85.15;6.21;12.57;14.66;10.13;5.84;6.22;0.29;59.78;2.86;19.19;91.87;98.37;38.12;99.5;100;0;0.24;34.84;20.51;1.51;28.6;8.63;26.23;0.5;4.33;24.22;5.9;0.98;0.48;0;646;748;728;942;1000;736;577;537;476;311;243;693;195;141;113;75;8233;72;622;680;672;844;810;663;522;494;416;298;247;612;196;151;119;75;67;7488;8602;87;291;8224;250;1140;849;864;741;11720;766;3186;810;10954;975;2420;1002;8534;277;272;251;1321;2969;813;680;392;5574;4058;4223;15721;11498;13148;1428;783;10937;15658;15647;516;0.76;732;668;815;0.72;-22.4896659;-47.2119005
2010;351518;35;3515186;ESPÍRITO SANTO DO PINHAL;77.31;1.67;11.4;13.22;42.08;95.63;86.57;10.06;10.03;1.23;0.85;5.71;0.66;6.02;1.15;6.98;74.49;75.99;87.38;15.79;15.64;10.08;9.72;8.37;2.54;92.88;105.49;60.88;91.43;30.18;86.03;93.65;50.11;69.9;21.63;36.98;96.11;84.34;27;7.85;91.84;94.19;97.63;98.89;97.91;94.08;14.27;0.65;15.56;2.66;0.9;0.86;93.64;90.1;72.53;81.8;85.28;57.54;52.62;52.95;58.05;38.4;62.13;34.92;14.06;302.5;500;661.5;1017.5;1600;0.57;0.35;0.7;2.94;6.55;14.7;28.88;49.8;4.04;61.59;11.81;22.69;38.41;64.16;16.87;10.39;1048.6;212.04;5222.39;407.18;570.43;824.33;3217.51;1048.6;29.27;93.94;185.8;0.58;16.37;2.38;14.42;12.53;6.24;0.13;73.66;65.16;43.98;34.47;0.76;15.72;25.27;1.99;9.22;69.27;83.84;92.57;1305.51;62.28;3.84;32.74;78.06;70.29;90.41;6.25;34.19;31.86;11.06;5.3;5.7;0.36;63;2.1;14.86;98.92;99.1;21;99.88;100;0;0.1;21.43;8.16;2.09;18.98;5.73;27.94;0.62;6.78;8.15;4.18;0.05;1.44;0;1166;1624;1692;1767;1707;1647;1573;1497;1439;1302;1030;1331;891;614;511;343;20507;373;1148;1658;1635;1759;1698;1591;1603;1677;1480;1396;1161;1269;950;706;626;503;540;21400;23057;126;684;22246;493;2605;1946;1986;1329;33711;1999;6853;1971;31712;2008;4854;2103;26858;492;510;498;2767;6703;4216;1658;964;17325;13931;4662;41907;37245;37020;3282;2090;31648;41568;41568;575;792;787;712;872;784;-22.190871;-46.74767
2010;351519;35;3515194;ESPÍRITO SANTO DO TURVO;74.12;2.64;16.1;18.65;46.24;93.92;81.99;6.2;9.18;1.33;0.43;8.88;1.77;9.55;1.36;11.41;69.74;69.75;88.4;18.67;20.7;6.2;11.58;9.55;5.4;83.75;94.8;51.13;94.54;27.31;82.11;88.58;47.54;75.79;13.14;39.2;95.12;78.36;20.88;11.24;83.5;89.7;96.33;100;97.33;92.53;13.57;0;3.44;0.48;0.65;0;76.57;78.38;73.46;75.38;78.73;43.01;34.41;43.26;50.86;25.89;52.5;19.88;3.35;233.33;345;500;670;1000;0.38;0.55;0.8;3;4.87;23.43;34.59;29.94;6.83;44.9;17.88;33.48;55.1;78.12;6.7;5.04;533.76;182.15;1598.14;294.95;416.34;576.96;1201.55;534.2;52.62;107.62;191.42;0.24;13.72;0.81;44.44;8.4;5.02;0.45;82.5;52.08;32.76;27.1;0;5.16;12.82;1.16;11.35;77.45;92.12;97.74;885.23;61.06;5.86;32.33;76.65;70.49;85.59;7.15;19.78;31.72;10.41;6.12;6.47;0.17;75.13;0.8;8.51;95.5;99.36;23.78;100;99.92;0.08;0.97;22.97;16.5;2.67;25.86;8.3;31.71;0;5.3;19.59;8.85;0.47;2.37;0.08;170;191;198;205;189;175;144;142;142;109;99;191;63;53;42;10;2145;22;165;189;196;200;179;159;143;132;147;111;94;173;75;52;29;30;25;2099;2161;22;75;2064;64;301;214;229;198;3165;233;799;239;2932;253;566;233;2366;73;77;72;366;822;263;189;121;1572;1176;614;4244;3630;3540;380;231;2929;4233;4230;0.43;724;696;609;819;675;-22.6939723;-49.4295067
2010;351520;35;3515202;ESTRELA D'OESTE;77.4;1.67;11.3;13.1;41.37;95.68;86.7;10.86;9.75;0.64;0;8.21;0.97;8.65;0.58;9.97;74.81;74.75;91.5;13.08;11.45;6.02;12.11;13.8;2.48;92.22;101.51;66.33;123.95;27.23;87.66;94.37;56.57;81.9;20.14;35.02;100;83.34;25.56;1.81;94.48;96.71;100;100;99.02;94.88;12.39;0.74;12.57;3.12;0;2.96;83.89;87.86;82.22;94.06;88.22;49.78;43.28;69.38;67.01;36.84;68.11;31.74;10.24;300;464;587.5;833.33;1168.75;0.39;0.66;0.53;4.95;11.47;14.63;28.06;31.34;6.09;45.99;17.65;33.19;54.01;80.16;7.1;5.24;670.65;204.09;2101.82;387.74;521.05;698.08;1552.05;673.25;23.15;97.26;176.18;0.26;15.86;2.04;17.99;11.52;3.74;0;64.07;61.32;45.68;33.25;0.45;13.05;29.73;2.81;13.04;74.21;88.37;94.21;1030.19;61.47;2;45.57;76.45;67.7;89.14;2.75;43.77;0;6.91;2.75;5.18;0.24;53.6;5.78;20.46;99.52;97.55;13.76;100;100;2.31;0;21.4;5.52;0.98;24.9;6.22;35.77;0;3.94;12.77;7.66;0;1.81;0;239;276;310;346;349;335;308;299;296;283;228;247;199;133;128;80;4133;77;201;295;280;335;335;318;308;288;304;270;207;253;208;137;137;97;102;4075;4468;11;161;4295;89;467;349;358;274;6697;340;1271;338;6357;383;931;384;5426;77;87;100;517;1221;891;295;157;3326;2711;1377;8208;6831;7268;571;353;6344;8183;8152;498;839;0.76;705;873;712;-20.2860692;-50.3986216
2010;351530;35;3515301;ESTRELA DO NORTE;74.1;2.26;16.2;18.7;45.4;93.91;81.95;8.62;11.93;0.55;1.25;9.33;0.29;10.02;2.09;12.14;86.85;89.41;91.21;8.51;7.26;8.79;4.64;3.33;0;94.97;99.97;83.62;78.6;16.9;90.12;91.93;61.8;78.6;11.38;38.68;100;79.77;17.69;7.65;95.16;96.54;100;100;98.89;93.05;11.22;1.28;8.89;3.02;5.72;1.14;97.81;95.97;78.8;85.68;85.61;52.79;45.65;55.83;66.06;38.28;67.19;32.25;4.47;245;348.57;510;742;1023.33;0.43;1.45;2.31;3.82;6.73;24.41;37.36;35.13;5.89;48.95;15.61;30.59;51.05;78.44;9;6.31;597.74;176.18;2099.86;290.38;447.75;611.49;1471.86;598.9;39.64;89.93;189.72;0.33;10.56;0.74;16.41;6.53;14.63;0.33;75.16;62.16;44.83;37.38;0.17;6.91;22.43;5.9;14.21;71.9;89.26;95.27;1117.52;54.06;3.15;17.74;69.55;63.3;77.2;8.1;22.46;29.13;14.04;7.5;4.32;0.34;53.11;17.44;14.89;98.5;99.41;19.67;99.49;99.88;0;0.13;13.3;4.84;1.11;18.2;5.83;32.57;0;5.68;7.88;5.9;1.14;3.17;0.12;99;130;144;124;110;84;81;113;110;72;51;95;48;35;31;23;1370;20;93;97;121;111;81;100;107;98;96;77;52;87;48;42;28;25;25;1288;1232;7;29;1196;37;183;140;141;112;2057;160;500;154;1897;165;340;157;1557;43;47;30;179;479;229;97;76;1011;779;559;2658;2099;2279;227;163;1890;2619;2614;528;831;0.74;714;818;693;-22.4886301;-51.6606857
2010;351535;35;3515350;EUCLIDES DA CUNHA PAULISTA;73.13;1.97;17.8;20.57;51.11;93.33;80.47;8.32;10.49;0.99;1.25;13.78;1.68;14.85;2.75;17.59;77.07;78.6;83.22;11.97;11.76;13.76;10.96;9.64;3.03;92.36;100.54;67.98;78.71;17.47;86.3;93.87;44.95;74.74;6.9;7.56;98.92;73.91;19.75;12.52;82.16;86.39;95.19;96.21;98.52;92.33;11.34;1.6;3.83;5.71;2.51;1.77;88.93;94.72;68.11;77.33;86.13;49.01;41.15;50.73;59.12;33.54;56.91;28.12;6.99;180;298;433.33;660;1003.33;0.45;5.16;9.57;14.46;25.95;35.48;53.72;34.01;4.19;49.98;13.69;28.25;50.02;73.52;9.94;7.25;493.91;103.56;1679.61;234.49;359.7;537.58;1225.05;494.85;31.12;79.21;155.04;0.39;21.15;1.93;37.2;7.87;6.35;0;55.25;56.53;39.98;28.82;0.64;9.56;17.68;14.79;35.27;76.89;90.02;97.17;816.36;58.61;8.39;39.41;71.88;67.47;75.33;9.71;6.29;12.56;23.38;9.64;10.11;0.33;37.22;10.98;14.59;88.73;96.28;20.46;98.62;99.3;2.24;2.62;27.65;17.84;1.48;26.01;12.65;39.92;0;6.53;19.11;15.44;2.3;2.62;0.7;366;498;474;380;345;348;368;346;284;241;210;397;162;140;116;86;4832;71;327;466;446;396;347;370;361;359;316;239;200;389;150;167;107;58;55;4753;4764;81;212;4472;130;806;600;600;417;7135;562;1695;543;6573;532;1133;489;5440;146;155;141;788;1967;797;466;281;3569;2727;3474;9585;6111;8129;964;538;6627;9456;9438;0.49;757;704;655;802;663;-22.55452;-52.592779
2010;351540;35;3515400;FARTURA;77.02;1.71;11.8;13.68;46.34;95.49;86.18;10.08;9.53;0.69;0.64;6.3;0.98;6.7;1.9;7.76;66.92;69.52;78.96;18.02;15.89;19.57;15.06;14.6;1.47;90.19;104.1;56.07;89.56;32.31;83.54;90.6;45.09;69.44;18.88;29.01;96.49;80.98;26.62;10.06;84.82;88.98;92.02;97.34;97.38;92.63;18.19;1.16;10.27;2.61;1.2;0.42;87.24;84.07;59.56;69.64;82.85;51.32;45.7;52.87;56.82;33.52;54.43;29.37;8.35;255;383.33;510;782;1140;0.43;1.47;3.54;6.9;14.87;20.95;37.94;34.31;5.3;48.93;15.78;30.8;51.07;70.57;8.7;6.24;618.77;164.03;2122.93;324.23;464.57;627.28;1523.74;619.95;46.32;93;164.03;0.32;20.48;2.57;20.41;11.42;6.49;0;62.24;61.6;40.63;34.24;0.64;9.34;21.57;2.33;14.81;79.1;89.74;96.57;901.24;58.89;3.28;42.69;78.29;66.45;87.2;3.32;0;7.36;7.18;3.14;3.02;0.24;48.82;4.52;21.64;96.31;99.54;14.66;100;99.85;0.07;0.35;23.22;15.18;2.62;23.98;7.28;37.57;0;5.9;15.45;5.99;0.17;1.14;0.15;464;612;654;619;602;544;501;532;490;469;419;488;314;287;188;135;7426;108;520;660;632;623;610;565;544;542;548;500;390;548;349;283;222;172;186;7894;7819;42;359;7418;193;1013;781;759;597;11976;786;2528;746;11190;733;1742;726;9448;193;209;190;1085;2644;1544;660;387;6138;4883;3082;15320;12238;13276;1272;840;11164;15194;15165;513;729;732;648;867;699;-23.390039;-49.5109023
2010;351550;35;3515509;FERNANDÓPOLIS;77.31;1.64;12.82;14.37;41.56;95.88;87.26;11.35;11.22;0.91;0.94;5.91;0.73;6.2;0.9;7.13;80.97;82.44;84.24;11.02;9.46;14.9;8.01;8.11;0.86;95.26;99.08;85.1;96.7;44.9;89.86;91.92;64.58;75.67;26.67;45.95;99.35;89.87;32.74;11.75;97.35;97.52;98.33;97.9;99.39;96.79;9.44;0.5;8.01;3.42;3.89;2.56;92.18;91.07;83.43;90.9;91.64;59.54;54.1;68.07;71.53;44.22;75.98;39.59;16.42;350;507.33;673.33;1040;1662;0.49;0.35;0.96;2.46;6.37;10.2;20.52;41.72;5.23;55.44;14.42;26.69;44.56;69.5;11.58;7.71;944;246.92;3938.81;433.52;579.35;843.61;2621.99;944;34.15;108.67;187.53;0.42;19.79;3.78;6.71;18.95;7.89;0.08;65.19;70.12;53.21;44.02;1;19.34;15.8;1.63;12.78;67.63;81.75;91.47;1285.65;61.68;4.04;36.68;78.5;68.29;86.24;5.99;13.06;21.42;13.09;5.49;6.35;0.35;49.05;5.72;20.1;99.68;99.47;11.58;99.87;99.95;0;0.7;12.92;2.65;0.61;17.16;2.91;30.46;0.57;2.84;7.28;3.05;0.17;1.06;0.05;1620;2363;2499;2604;2676;2410;2321;2381;2210;2106;1714;1922;1383;1163;923;622;31518;601;1688;2172;2445;2591;2541;2563;2429;2494;2499;2282;1962;1860;1559;1338;1060;790;905;33178;35557;183;1046;34329;667;3628;2653;2768;1950;52927;2883;10133;2834;50044;3105;7250;3177;42794;685;724;728;3946;9597;7344;2165;1441;27392;22359;1982;64696;62714;57653;4535;2851;50266;64444;64444;595;855;797;758;872;767;-20.2825647;-50.2500762
2010;351560;35;3515608;FERNANDO PRESTES;76.55;1.71;11.5;13.34;45.86;94.94;85.63;13.77;10.54;0.71;0;7.79;1.01;8.22;2.84;9.37;76.49;81.89;80.29;16.27;15.47;19.71;7.24;2.63;0;95.41;103.9;72.41;110.67;22.78;90.65;93.49;55.7;81.22;15.58;40.46;94.94;83.89;20.95;7.41;95.16;96.12;100;100;96.57;93.16;22.24;1.11;5.06;4.26;1.85;0;94.47;92.84;70.3;85.51;88.49;46.74;39.91;63.78;66.58;35.43;68.36;30.33;7.57;375;510;691;980;1450;0.41;0.42;0.87;0.42;0.87;8.57;18.05;34.77;6.36;48.46;17.25;31.72;51.54;73.68;8.06;5.63;832.72;264.77;2895.21;453.5;602.43;825.4;2020.32;834.49;32.9;32.9;186.38;0.29;18.76;3.82;38.09;15.47;6.28;0;58.8;54.68;42.05;24.69;0.44;8.91;14.22;0.93;14.68;70.93;85.46;94.89;1163.18;62.56;7.67;28.89;76.63;68.8;81.64;4.27;26.79;19.45;10.39;3.74;5.98;0.3;45.48;6.99;24.04;99.35;99.82;12.01;100;100;0;0;24.3;4.84;3.43;26.16;3.64;39.34;0;5.67;8;3.13;0.12;0.84;0;158;182;187;217;204;209;186;184;199;171;150;161;160;114;89;77;2726;78;154;176;205;224;218;199;214;231;168;164;163;147;141;131;112;86;75;2808;3082;27;64;2990;59;280;201;218;194;4556;238;833;222;4318;250;595;267;3723;59;63;59;323;767;762;176;118;2331;1902;836;5534;4698;4927;358;222;4347;5518;5506;467;821;758;0.68;859;746;-21.266061;-48.687384
2010;351565;35;3515657;FERNÃO;75.55;2.35;13.9;16.08;48.15;94.73;84.11;11.07;11.92;5.61;0;8.55;1.2;9.1;2.44;10.44;88.83;87.16;97.98;8.3;8.87;2.02;2.87;3.97;0;103.38;101.84;108.28;103.55;16.27;97.17;92.41;85.66;86.17;10.15;47.51;97.78;91.58;18.5;13.47;97.21;98;100;100;98.93;97.17;5.92;4.44;11.04;0.73;6.51;0;90.23;96.92;88.43;79.2;74.94;37.24;30.58;39.52;43.85;21.31;52.24;17.33;3.73;225;335.5;466.67;610;900;0.4;1.21;2.13;5.17;10.19;30.98;49.91;33.33;6.38;47.18;17.05;32.37;52.82;71.55;7.82;5.55;510.09;162.79;1699.96;272.13;390.66;521.54;1207.16;510.59;21.4;95.2;192.6;0.29;24.15;0.65;48.23;8.87;3.54;0.52;59.08;43.44;26.38;24.16;0;5.32;3.47;9.21;22.61;86.07;92.8;97.69;725.01;60.21;8.18;31.6;67.93;67.46;72.64;3.76;0;8.31;7.57;3.68;2.37;0.21;37.7;14.36;14.76;94.16;99.68;16.4;100;99.74;0;0.26;23.31;2.79;1.07;29.71;9.53;43.63;0;0;5.26;14.66;1.53;2.68;0.26;43;59;68;57;60;76;59;49;38;51;38;52;48;35;32;12;794;17;51;67;50;66;63;53;56;52;50;42;41;63;38;27;14;15;21;769;817;10;21;786;15;107;80;79;52;1228;74;241;70;1154;69;167;66;987;27;27;26;107;267;173;67;31;588;472;713;1563;850;1357;126;66;1165;1561;1559;372;795;703;617;843;668;-22.3595388;-49.5209504
2010;351570;35;3515707;FERRAZ DE VASCONCELOS;74.65;1.9;15.49;17.58;43.57;94.26;82.86;4.31;10.77;1.64;1.28;4.91;1.08;5.23;1.3;6.22;77.69;81.49;78.26;11.81;10.51;16.72;10.5;8;5.03;98.2;104.38;80.87;63.36;19.92;87.28;89.64;56.18;56.41;8.39;23.83;96.84;87.67;20.05;11.73;80.89;86.87;94.77;98.14;97.59;94.98;15.34;1.86;15.01;4.66;3.27;0.4;89.78;86.86;71.74;75.49;83.68;58.51;52.54;51.56;56.57;38.83;56.48;34.63;5.21;233.33;356;509.4;770;1100;0.43;2.02;3.7;7.58;13.28;24.65;37.06;33.14;5.19;48.95;15.22;29.88;51.05;80.07;8.71;6.41;587.83;152.54;1947.96;294.86;430.92;622.22;1433.43;588.19;36.16;91.09;170.1;0.34;16.97;0.63;0.51;17.03;9.12;0.05;68.93;65.96;45.56;44.88;0.82;6.53;17.88;0.91;13.52;73.26;87.59;96.23;1001.34;59.74;3.59;30.25;76.89;70.61;81.74;10.45;35.13;38.98;15.43;9.2;10.43;0.21;60.94;3.55;17.28;99.18;96.99;44.01;99.78;99.86;0.42;0.53;17.9;19.11;2.41;16.02;6;28.79;0.17;5.11;17.13;7.45;4.8;1.17;0.14;6643;8495;8064;7982;7611;6693;6315;5916;4890;4146;3158;7106;2102;1336;854;450;82143;382;6294;8400;7924;7965;7895;7447;6862;6305;5458;4559;3501;6884;2434;1616;1158;704;757;86163;84426;607;3029;80790;2599;13491;10124;10202;7654;124484;9913;31935;9554;114571;9184;22022;9207;92549;2684;2733;2718;14661;34908;7257;8400;4897;64585;48696;7552;168306;160754;141331;16895;10012;114424;168022;167918;585;0.77;738;703;828;691;-23.541056;-46.37097
2010;351580;35;3515806;FLORA RICA;72.74;1.85;18.5;21.36;51.3;93.08;79.85;15.53;12.45;2.54;0;14.41;2.86;15.48;5.45;17.39;81.73;81.14;92.32;9.96;9.05;7.68;8.31;9.81;0;99.64;101.7;95.18;72.85;33.78;94.54;91.26;75.44;66.38;22.11;9.62;98.64;94.06;29.57;16.08;81.21;86.97;100;100;99.31;97.65;11.61;0.94;10.77;1.65;6.75;3.15;89.69;92.04;88.39;97.82;91.2;49.75;43.65;70.5;74.11;36.8;77.41;31.31;9.21;202.5;340;482;700;1013.33;0.4;1.22;1.45;7.92;17.31;30.4;55.49;30.83;5.86;45.87;16.5;32.42;54.13;65.54;7.47;5.59;511.8;149.92;1577.94;272.36;407.39;555.42;1179.34;511.8;28.9;105.41;180.46;0.28;14.59;0;34.85;6.92;5.57;0;65.62;66.14;51.68;40.83;0.59;13.65;6.84;2.76;23.22;78.51;92.19;97.06;834.15;47.56;1.46;7.07;71.61;56.06;68.28;8.55;100;0;19.29;8.36;8.7;0.21;60.07;1.41;21.78;96.95;99.56;10.18;99.29;100;0;5.32;17.79;18.79;0.69;26.45;6.94;40.37;0;0;5.14;5.92;2.32;3.96;0;42;84;85;58;52;47;54;71;70;45;46;48;44;35;31;33;880;35;34;69;68;63;58;45;56;80;68;52;50;45;46;48;29;27;34;872;752;2;7;742;9;118;93;92;46;1430;99;274;86;1331;81;175;80;1156;21;20;14;108;293;272;69;46;724;593;334;1752;1418;1581;153;104;1324;1750;1750;498;871;727;723;796;668;-21.6760063;-51.3804532
2010;351590;35;3515905;FLOREAL;73.49;1.27;17.2;19.85;42.63;93.55;81.03;15.22;9.89;0.66;1.53;8.79;0.32;9.18;0.97;10.49;80.01;75.65;94.58;10.8;13.45;5.42;9.19;10.9;0;94.24;95.92;90.3;55.6;44.02;91.08;91.47;74.6;41.48;31.49;35.35;91.12;82.58;34.82;9.52;78.99;88.93;90.3;100;96.13;92.08;4.63;1.23;9.56;2.11;4.66;1.58;97.95;95.16;85.06;86.12;87.99;54.61;49.77;61.64;62.56;36.05;67.59;32.21;10.63;286.67;450;603.33;902.5;1260.75;0.37;0.37;1.27;2.41;7.93;15.13;35.56;28.3;6.54;44.13;17.52;33.15;55.87;69.07;6.46;5.05;663.83;217.06;1878.34;364.6;518.57;754.26;1467.53;663.83;22.5;112.78;200.14;0.24;23.88;2.07;17.08;10.16;5.16;0;59.61;66.94;47.2;43.93;0.91;15.27;20.26;1.51;18.36;71.68;86.79;96.43;962.8;54.96;2.49;39.63;69.22;59.68;91.9;3.16;0;19.51;10.26;2.56;4.02;0.26;35.32;9.95;27.59;99.35;100;11.03;100;100;0;0;10.28;21.01;3.87;21.87;2.27;36.72;0;4.65;6.35;5.23;0;0.61;0;56;96;121;115;115;91;91;122;107;115;83;89;88;74;57;33;1496;43;41;83;110;97;91;95;112;112;130;111;110;75;90;67;74;58;51;1507;1507;4;54;1449;20;151;115;112;57;2559;131;442;131;2428;136;311;140;2117;20;31;27;160;398;457;83;60;1307;1100;564;3003;2439;2743;179;136;2428;2999;2999;546;837;747;726;808;0.71;-20.6767063;-50.1455638
2010;351600;35;3516002;FLÓRIDA PAULISTA;73.44;1.95;17.3;19.96;47.37;93.52;80.94;9.69;10.76;1.41;0.86;10.22;1.38;10.86;2.97;12.58;81.86;81.47;94.3;8.25;8.54;2.85;9.89;9.99;2.85;93.61;100.45;74.64;78.97;16.8;89.4;94.35;56;77.59;12.42;9.68;98.28;83.75;17.27;2.44;90.18;93.03;95.28;100;98.87;94.86;9.53;0.29;8.06;2.42;3.66;0.77;97.05;93.74;69.89;79.8;74.84;45.94;40.25;44.21;39.68;23.8;48.93;20.68;5.43;265.63;405;550;843.33;1136.67;0.41;2.01;3.53;6;10.42;19.02;31.66;31.79;5.48;46.71;16.23;31.7;53.29;74.25;7.84;5.71;632.97;173.34;2012.52;340.3;489.66;683.3;1465.48;633.94;30.02;84.5;167.9;0.31;12.76;2.15;25.33;11.6;4.47;0;67.11;57.03;32.56;34.22;0.76;7.31;18.48;3.12;22.79;68.66;85.65;95.61;1010.52;50.21;3.12;23.44;59.41;56.35;63.85;6.24;35.12;36.66;11.23;5.35;7;0.49;58.61;2.75;20.88;99.04;99.55;15.99;100;100;0;1.39;25.37;9.82;1.13;27.05;6.27;37.3;0;7.71;15.08;10.61;1.03;1.68;0;392;462;473;742;912;732;546;454;438;369;271;419;274;190;160;107;7055;114;359;490;481;479;425;418;412;438;373;330;272;372;270;208;186;147;133;5793;5670;30;133;5508;156;778;570;601;442;9107;582;1891;524;8525;530;1309;579;7216;151;156;132;805;1992;1245;488;303;4566;3608;2711;12848;10137;11294;952;567;9774;11568;11551;459;766;715;646;807;702;-21.614061;-51.1729548
2010;351610;35;3516101;FLORÍNIA;74.19;2.09;16;18.52;44.78;93.96;82.09;10.07;7.92;0.54;1.3;9.29;1.38;9.88;0;11.25;68.37;62.59;94.72;12.25;12.41;5.28;19.38;25;0;92.29;98.24;77.84;99.2;35.64;89.1;92.7;67.48;91.5;14.39;36.7;94.71;95.13;21.53;5.23;96.43;97.71;100;100;96.59;96.16;8.83;0;4.93;3.5;1.66;0;97.37;94.61;84.96;84.29;74.01;43.66;38.85;36.11;38.33;20.58;49.02;17.76;8.05;200;330;492.5;681.5;969;0.46;5.44;11.97;14.89;29.64;31.74;52.01;36.73;4.03;51.09;13.55;28.59;48.91;68.82;10.84;7.52;544.03;109.62;1998.31;258.96;409.16;552.77;1385.98;545.17;28.56;86.96;155.47;0.43;13.98;2.86;22.43;10.27;3.55;0;67.31;59.69;30.59;47.1;1.02;11.41;11.69;1.57;17.76;75.61;87.12;96.02;1008.19;47.27;0;21;62.55;54.32;76.68;12.4;0;51.41;25.67;11.26;9.28;0.33;50.38;10.15;21.45;96.82;98.15;13.09;100;100;0.27;0.18;22.7;3.57;3.41;28.13;10.45;45.3;0;0;10.67;15.86;0.37;3.59;0;78;109;122;106;101;100;94;107;89;86;74;107;78;45;45;21;1383;21;89;114;115;100;110;103;97;108;102;94;87;93;81;52;40;30;31;1446;1165;0;33;1132;34;184;129;135;104;2239;154;443;141;2085;120;289;114;1796;29;35;37;204;497;285;114;80;1150;935;317;2829;2512;2465;223;158;2084;2829;2823;437;796;713;652;0.82;678;-22.9016004;-50.7268005
2010;351620;35;3516200;FRANCA;75.5;1.59;14.3;16.03;42.34;94.75;84.16;7.6;11.19;1.07;0.83;3.44;0.71;3.62;0.8;4.22;82.47;84.75;84.96;11.07;10.07;11.98;6.45;5.18;3.06;96.13;101.69;80.7;72.27;28.19;90.37;93.78;65.35;64.84;16.93;21.27;97.6;83.84;23.9;9.57;80.99;86.69;97;98.55;98.16;94.36;10.27;0.64;10.06;3.35;1.91;0.96;93.39;90.82;79.61;85.77;88.63;63.09;57.8;58.98;63.23;44.49;63.47;40.61;13.15;327.5;499.25;672.86;1004;1502.5;0.46;0.65;1.33;3.34;7.07;12.87;24.51;37.67;5.17;52.2;14.85;28.38;47.8;79.21;10.14;7.02;846.57;218.68;3188.69;410.09;572.52;822.13;2206.01;846.58;34.51;97.7;177.18;0.37;21.05;3.34;2.45;16.89;5.64;0.04;69.62;70.54;51.01;33.16;0.92;14.29;35.45;0.92;9.86;68.64;82.7;91.83;1289.46;64.78;5.51;44.83;81.15;72.94;87.86;5.58;21.05;22.77;8.87;4.71;5.04;0.33;57.14;2.28;15.4;99.79;99.13;20.57;99.93;99.98;0;0.08;15.49;19.01;1.84;14.67;3.34;25.1;0.18;5.13;12.19;3.89;0.22;0.83;0.02;10541;13536;13893;14391;13430;12243;11498;11295;10683;9024;7203;11801;5570;3886;2920;1843;155464;1707;10425;12943;13401;14226;13701;12977;12268;12074;11329;9989;8093;11297;6577;4672;3604;2655;2945;163176;177759;1458;7233;169067;4040;21020;15591;15854;12474;248097;16342;55911;16210;231755;16818;39569;17165;192186;4452;4464;4427;24093;56132;24232;12943;7990;128511;100884;5594;318640;313046;274418;26479;16134;231804;317558;317553;631;822;0.78;753;842;749;-20.5381768;-47.4009795
2010;351630;35;3516309;FRANCISCO MORATO;73.91;2.21;16.5;19.05;46.69;93.8;81.66;3.8;10.32;2.08;1.49;6.94;1.3;7.45;1.71;9;74.39;76.62;77.47;14.97;13.72;17.67;10.64;9.66;4.86;93.38;100.35;72.75;72.62;12.83;84.35;88.15;51.81;60.56;5.48;17.28;94.92;85.88;16.88;8.45;78.22;84;91.78;93.77;95.79;93.29;12.87;1.41;12.11;4.11;2.83;0.8;86.93;84.64;71.74;77.51;78.08;50.78;43.92;41.87;47.98;30.11;48.79;25.62;2.8;203.33;316.67;449.33;660;916.67;0.4;2.75;4.6;9.32;14.93;30.04;43.92;29.68;5.59;45.78;16.31;31.86;54.22;83.31;7.28;5.6;483.98;135.38;1436.66;259.29;376.41;540.99;1105.39;485;36.26;89.67;168.6;0.28;15.01;0.32;0.48;15.52;12.81;0.12;70.8;57.61;35.77;49.41;0.96;4;13.19;1.21;13.7;78.14;90.69;97.15;908.78;56.96;4.95;29.85;72.05;68.03;77.61;10.21;27.75;34.04;14.41;9.03;10.02;0.17;64.43;3.48;15.8;98.81;96.67;49.97;97.89;99.85;1.83;0.59;23.64;21.78;4.21;21.66;9.03;33.08;0.4;7.07;25.74;10.5;6.98;1.36;0.15;6602;8296;7666;7507;7130;6324;5436;4995;4086;3838;3040;7094;2014;1181;709;383;76636;335;6442;8039;7345;7343;7279;6544;5692;5245;4662;4079;3140;6822;1939;1382;835;524;524;77836;72819;827;2819;69172;2568;13137;9927;9810;7703;111177;9405;29861;8948;101772;8524;20456;8596;81316;2773;2755;2715;14359;33841;5873;8039;4588;56533;41845;314;154472;154158;127838;16719;9443;101675;154059;153736;508;731;703;647;815;659;-23.2817308;-46.7448996
2010;351640;35;3516408;FRANCO DA ROCHA;76.09;1.8;13.1;15.18;41.28;95.01;84.87;4.59;10.2;2.1;1.23;5.97;2.08;6.33;2.49;7.32;75.75;78.02;82.7;12.6;11.97;13.88;11.64;10.02;3.42;93.65;101.65;70.78;77.33;18.08;84.24;88.61;48.94;68.57;7.31;18.86;94.67;84.48;16.77;11.09;82.09;86.45;92.58;96.59;95.7;92.79;14.66;1.1;9.26;3.39;2.86;1.24;86.69;85.11;67.81;74.4;69.74;52.73;48.69;44.06;47.19;35.12;46.29;32.26;5.81;238.75;377.5;536.67;852.5;1212.5;0.44;1.75;3.27;6.83;12.12;23.54;36.08;33.36;5;49.49;14.72;29.22;50.51;81.23;9.07;6.72;632.42;158.08;2109.76;307.24;458.74;673.19;1562.76;632.7;37.93;94.58;172.56;0.34;14.73;0.39;1.2;14.19;9.05;0.08;72.59;65.34;46.08;52.28;0.76;7.96;14.72;1.31;11.76;67.73;84.7;94.58;1099.71;56.06;3.94;28.46;66.04;64.78;70.53;10.21;38.98;41.16;18.46;8.97;10.95;0.24;61.1;7.63;15.31;97.81;93.95;43.6;98.51;99.9;1.55;0.8;21.91;17.91;4.3;19.55;7.43;29.75;0.26;5.93;21.38;8.68;4.55;1.33;0.1;4878;6059;5934;7352;7442;6542;5200;4474;3642;3299;2742;5231;1973;1142;742;428;67462;382;4622;5813;5585;5917;6323;5815;5071;4378;3836;3515;2873;4982;2054;1249;863;600;646;64142;62694;467;1983;60244;1914;9450;7070;7103;5624;97191;6927;23942;6729;90264;6980;17015;7218;73249;1960;1993;1970;10640;24769;6046;5813;3443;48719;37219;10360;131604;121244;111836;11872;6966;92998;123427;123372;527;728;731;654;852;702;-23.3328038;-46.724446
2010;351650;35;3516507;GABRIEL MONTEIRO;73.54;1.27;17.1;19.77;41.14;93.57;81.09;12.08;10.07;2.29;3.06;8.88;1.06;9.16;1.86;10.42;76.04;73.82;90.55;17.27;17.99;9.45;6.69;8.19;0;96.02;101.96;80.18;97.41;31.54;92.71;96.08;71.04;81.03;18.05;39.46;98.89;88.81;21.11;4.7;100;100;100;100;99.5;96.59;7.67;0;12.81;1.66;1.88;5.56;98.36;94.31;86.38;90.91;97.21;54.89;48.51;73.95;79.71;42.33;85.33;36.7;9.4;338.67;480;630;927.67;1255;0.37;0.59;1.44;0.88;1.86;8.66;20.79;29.68;7.13;44.75;18.82;34.01;55.25;68.72;6.31;4.76;712.72;254.03;2115.38;416.8;541.18;757.06;1597.98;712.72;18.98;54.54;196.63;0.24;21.05;3.41;24.84;5.33;6.06;0;70.13;64.56;51.99;35.59;0.37;12.38;25.89;3.82;15.87;78.39;89.6;97.13;904.74;65.92;12.89;40.02;82.13;71.48;93.05;5.84;0;30.83;9.59;5.19;12.84;0.22;54.26;2.71;14.88;94.17;99.73;4.72;99.82;100;0;0;9.87;0;0.5;18.61;1.21;31.74;0;3.58;5.29;0.73;0;0;0;76;83;98;113;115;87;99;125;90;97;77;85;72;48;48;33;1375;29;66;86;90;90;102;86;111;113;113;91;79;62;67;62;45;37;33;1333;1590;22;45;1524;23;131;91;101;88;2184;98;380;116;2086;120;282;108;1804;26;28;35;141;333;327;81;44;1088;916;451;2708;2257;2412;169;112;2131;2708;2708;549;897;763;762;809;721;-21.5299436;-50.5533059
2010;351660;35;3516606;GÁLIA;74.36;2.15;15.7;18.21;45.07;94.06;82.34;11.55;11.09;3.09;2.13;10.6;2.21;11.2;2.88;12.63;81.69;82.43;87.99;10.62;9.5;10.59;7.68;8.07;1.42;90.59;95.5;78.94;89.46;24.45;85.14;85.54;57.64;70.04;13.73;16.37;96.42;71.21;20.13;7.62;83.08;86.52;93.95;95.39;96.94;89.32;9.98;0;8.86;1.84;6.97;0.85;88.38;89.5;74.6;80.31;81.8;42.88;36.63;51.04;50.73;28.16;53;24.54;6.47;227.13;338.5;507.5;752.5;1010;0.42;1.79;3.46;5.68;12.86;28.04;49.83;32.55;5.64;48.88;15.43;30;51.12;68.43;8.44;6.2;565.41;159.48;1840.41;276.6;411.97;597.1;1351.42;565.41;42.62;93.16;185.21;0.31;14.41;1.87;33.44;10.99;5.08;0;72.05;49.25;32.89;33.01;0.39;7.39;11.51;2.87;16.87;82.42;92.1;96.67;840.89;58.45;6.61;32.45;76.96;65.71;83.55;10.15;48.35;28.45;18.61;9.11;15.84;0.22;60.5;4.57;16.33;97.21;97.14;17.73;99.78;99.69;1.29;0.1;29.36;16.92;3.06;29.91;9.27;35.37;0;7.71;11.92;10.95;0.87;2.21;0.31;182;277;311;265;272;286;249;222;204;260;190;226;177;130;99;77;3506;79;211;269;256;268;283;255;273;234;216;242;195;203;175;132;101;92;100;3505;3600;36;122;3443;81;453;327;357;239;5643;376;1100;358;5267;296;724;299;4543;73;85;81;437;1138;810;269;170;2822;2298;1786;7011;5225;6160;546;375;5239;6935;6935;429;0.77;709;634;823;684;-22.2936976;-49.5516228
2010;351670;35;3516705;GARÇA;75.93;1.79;13.3;15.43;44.49;94.93;84.64;10.28;11;1.43;1.02;7.33;0.85;7.76;1.26;9.01;79.26;81.02;84.63;11.8;10.75;13.31;8.94;8.23;2.06;94.94;101.05;79.47;103.62;35.06;89.64;92.49;66.95;81;20.53;26.88;97.33;87.91;27.85;14.27;94.98;96.68;100;100;98.12;95.23;10.92;1.47;11.16;2.52;1.79;1.12;87.9;85.38;80.44;83.47;87.27;55.91;50.31;64.1;64.64;40.01;67.11;35.6;12.64;255;423.33;598;923;1475;0.5;1.23;3.14;6.94;15.22;20.04;38.36;41.28;4.27;55.77;12.84;25.7;44.23;69.4;12.86;8.68;786.83;167.94;3247.8;337.27;505.71;729.03;2191.87;786.99;44;105.75;167.94;0.44;15.26;3.89;13.67;17.17;7.5;0;76.25;66.81;49.22;38.06;0.74;15.36;15.78;1.46;11.01;72.25;85.28;93.37;1135.46;58.38;4.03;30.53;77;66.06;83.34;6.77;43.54;16.62;12.71;6.21;8.74;0.31;63.2;3.99;12.48;99.19;98.56;17.91;99.88;99.68;0.3;1.57;18.42;5.02;1.88;18.72;6.75;29.64;0.7;3.53;13.41;6.01;0.22;1.18;0.32;1333;1720;1727;1826;1717;1733;1465;1418;1373;1281;1124;1470;857;646;526;353;20970;401;1298;1660;1753;1785;1714;1797;1579;1613;1446;1384;1253;1364;992;737;649;502;619;22145;21975;136;683;21156;555;2727;2037;2069;1510;34239;2153;7085;2127;32086;2023;4932;2067;27154;563;560;544;2914;7046;4433;1657;1107;17808;14273;3923;43115;39192;37643;3380;2236;32028;42771;42762;559;831;769;728;849;737;-22.2125766;-49.6547994
2010;351680;35;3516804;GASTÃO VIDIGAL;74.03;2.53;16.3;18.83;39.77;93.87;81.84;8.85;10.31;1.52;1.32;9.57;2.61;9.97;6.02;11.92;79.01;77.29;93.4;12.48;14.56;3.71;8.51;8.15;2.89;96.43;100.17;83.95;77.17;17.16;90.63;92.26;64.41;77.17;11.19;12.18;97.57;78.36;13.91;4.66;93.85;94.03;97.7;94.58;96.55;92.37;8.33;0.44;15.43;1.47;3.72;2.4;91.67;92.99;73.8;68.54;65.7;42.61;36.48;46.89;37.19;27.46;37.86;24.88;8.67;300;458;633.33;1000;1375;0.42;1.23;2.94;2.39;4.86;15.12;30.61;31.88;5.61;47.06;15.81;30.63;52.94;79.22;8.06;5.97;736.47;206.46;2347.78;375.83;545.72;821.44;1738.51;736.47;28.67;68.59;184.38;0.31;9.1;1.56;46.56;6.53;3.13;0.1;75.22;47.85;30.26;25.11;0.29;9.34;17.29;0.69;13.84;69.54;88.23;94.53;1102.78;63.84;9.29;40.66;79.79;69.33;86.55;4.35;0;9.38;9.6;4.27;3.81;0.26;62.69;8.78;17.37;95.77;99.42;27.75;99.67;100;0;0;29.1;6.15;3.45;26.13;6.16;30.11;0;9.23;5.53;5.99;0.55;2.02;0;136;133;140;369;333;201;132;136;122;106;95;132;91;68;47;36;2298;21;152;133;132;178;165;132;122;129;119;105;105;128;90;78;54;30;43;1895;2325;25;57;2243;52;198;141;150;166;3270;151;803;157;3119;218;652;259;2467;63;54;52;248;542;371;126;71;1427;1125;437;4193;3756;3641;266;140;3235;4185;4185;426;775;723;635;817;727;-20.7952902;-50.1905016
2010;351685;35;3516853;GAVIÃO PEIXOTO;73.14;2.34;17.8;20.56;43.15;93.33;80.47;7.29;10.91;1.97;0;8.83;1.69;9.54;2.21;11.36;71.13;76.3;79.75;17.71;15.65;18.6;11.17;8.05;1.65;156.59;151.99;168.64;67.43;15.58;97.24;98.19;66.08;60.63;6.25;44.9;98.89;96.01;31.47;23.37;92.73;94.12;97.46;96.74;98.73;97.98;27.28;3.77;18.12;16.68;0.54;0;97.61;100;71.13;85.75;85.1;48.51;39.84;53.15;52.58;28.46;59.76;22.74;4.01;266.67;442.5;566.67;775;1002;0.35;1;2.99;7.38;17.38;17.5;32.53;25.9;5.88;41.14;18.34;35.9;58.86;81.78;5.65;4.5;575.08;169.08;1489.32;358.18;505.11;660.08;1185.53;575.08;14.8;95.06;156.05;0.24;8.37;0.8;33.18;7.16;6.29;0.23;81.92;56.46;34.25;23.9;1.03;4.28;19.3;1.79;15.45;73.78;89.31;96.52;939.22;63.39;4.17;26.95;83.84;72.96;85.09;7.45;35.44;37.76;10.93;6.4;6.17;0.16;76.39;2.88;9.96;99.47;99.32;25.75;100;100;0.68;0;30.98;7.27;1.27;23.11;7.98;27.73;0;7.29;13.32;2.96;0.63;0.82;0;162;187;200;230;212;185;174;172;148;116;89;178;68;44;53;38;2284;28;148;174;207;211;196;164;169;153;128;100;87;161;78;47;44;30;38;2135;2385;15;65;2305;62;304;227;221;185;3409;255;848;237;3154;248;593;278;2561;63;66;68;330;808;322;174;123;1652;1234;844;4419;3575;3763;361;243;3159;4419;4419;485;798;719;676;802;687;-21.8377536;-48.492853
2010;351690;35;3516903;GENERAL SALGADO;73.5;1.98;17.2;19.85;40.73;93.55;81.03;10.63;11.26;0.51;0.59;8;1.93;8.46;1.95;9.62;81.32;83.52;82.05;12.08;9.84;16.87;6.6;6.64;1.08;96.96;102.31;85.14;68.52;38.85;91.87;94.45;70.58;64.6;21.82;25.33;96.98;86.04;28.37;7;87.85;93.2;95.75;100;98.55;94.65;8.03;0.99;16.39;2.59;3.43;4.8;95.51;95.03;82.95;84.91;82.61;50.73;45.28;56.37;60.65;36.21;64.85;32.03;12.7;300;446.67;600;906.67;1333.33;0.45;0.5;0.91;2.29;4.45;14.06;25.87;38.19;5.77;52.1;15.32;28.75;47.9;74.32;9.97;6.81;771.92;222.54;2948.18;368.86;518.24;739.18;2013.74;771.92;54.9;98.64;196.97;0.35;15.06;2.89;22.42;10.72;4.3;0;68.52;59.83;44.28;38.2;0.65;15.36;20.28;2.02;17.44;68.85;83.62;93.83;1171.88;59.86;9.31;41.03;67.6;65.71;85.51;5.53;27.12;23.35;10.41;4.49;9.18;0.33;49.25;11.77;19.28;99.67;99.67;11.01;99.81;100;0;0.1;20.37;12.15;1.45;22.84;4.91;34.15;0;8.08;7.01;4.96;0.47;1.17;0;303;396;403;467;433;381;358;415;385;367;294;321;266;185;173;110;5352;95;302;344;433;449;389;390;393;406;442;349;319;288;242;200;153;100;118;5317;5674;69;228;5377;130;589;431;452;375;8715;509;1752;503;8206;509;1243;524;6963;100;111;120;649;1578;1134;344;274;4383;3501;1585;10669;9084;9479;740;556;8183;10616;10616;507;826;747;702;808;734;-20.6488139;-50.3608101
2010;351700;35;3517000;GETULINA;73.76;2.17;16.7;19.35;48.79;93.71;81.43;9.6;10.66;1.68;2.87;9.11;2.74;9.54;3.1;10.81;77.6;79.57;85.88;13.84;11.96;12.51;8.56;8.47;1.62;97.52;103.63;80.93;82.03;16.16;89.5;93.53;57.69;68.53;10.08;14.39;99.41;79.95;18.31;3.78;92.69;95.71;96.94;100;99.43;94.18;14.45;0.8;21.34;5.55;2.37;2.21;87.18;87.35;75.24;86.53;75.16;45.46;39.95;52.46;47.18;29.85;54.85;26.64;6.35;248.4;345.71;506.67;770;1200;0.45;1.76;3.65;6.15;12.57;23.37;40.83;35.76;5.35;51.31;15.05;28.88;48.69;71.88;9.5;6.78;608.58;162.87;2176.31;295.17;420.68;602.73;1553.67;608.93;28.68;88.55;176.38;0.36;18.11;0.84;28.08;11.04;5.56;0.11;71.55;58.82;40.77;33.97;0.4;8.1;18.04;2.99;17.89;75.59;88.11;95.53;976.97;48.53;5.32;31.28;58.34;53.93;55.37;7.15;15.05;27.88;11.33;6.33;11.1;0.29;59.51;6.08;12.71;97.83;99.15;20.5;99.26;99.33;0.48;1.96;27.12;7.31;0.57;24.52;8.87;35.46;0;5.46;12.07;11.16;0.32;1.37;0.67;282;390;422;584;748;691;453;382;345;307;243;356;190;168;126;86;5861;88;323;427;408;363;358;365;361;303;303;300;247;349;232;175;152;114;124;4904;4590;43;157;4390;120;653;485;498;365;7468;487;1582;488;6981;477;1095;469;5886;118;152;142;715;1681;1033;426;235;3797;3027;2431;10765;8334;9459;817;503;8140;9585;9580;455;0.78;717;652;813;696;-21.7988557;-49.9288096
2010;351710;35;3517109;GLICÉRIO;76.47;2.37;12.6;14.56;46.6;95.21;85.41;9.55;10.97;1.28;0.41;8.85;1.05;9.46;3.58;10.87;76.64;80.11;89.67;13.35;11.4;10.33;10;8.48;0;97.9;109.28;68.7;76.41;18.16;92.63;97.27;57.15;62.22;13.62;40.61;96.78;80.63;20.69;3.08;92.07;94.78;94.87;100;98.45;93.45;21.6;0.57;18.82;5.26;0.76;0;93.23;91.82;65.61;68.8;75.66;45.34;40.42;43.57;52.64;28.12;59.25;24.14;5.53;264;400;525;828.67;1046.67;0.52;0.13;0.44;5.82;12.25;19.21;36.51;45.34;4.72;57.38;13.35;25.56;42.62;61.07;13.59;8.62;777.37;183.6;3524.73;335.19;474.84;662.83;2236.73;777.37;48.5;117.46;179.93;0.49;20.32;2;19.03;8.64;6.82;0.61;71.9;54.04;35.23;27.71;0.13;7.02;35.03;2.37;14.24;76.48;89.59;96.16;981.22;58.71;2.58;40.11;75.56;66.72;86.55;2.66;0;2.62;7.97;2.67;5.23;0.31;61.87;0.56;12.88;99.44;99.71;18.08;100;100;0.05;0;26.52;7.93;1.55;26.43;6.27;35.31;0;8.69;11.98;6.78;0;1.12;0;156;196;197;170;181;176;170;178;132;151;131;153;99;77;50;40;2289;32;153;193;190;159;182;171;182;140;160;129;118;164;98;77;62;41;57;2276;2321;10;102;2209;55;313;243;221;193;3550;241;716;231;3309;203;475;192;2834;61;73;50;320;800;436;193;118;1766;1417;1203;4565;3362;3954;389;253;3311;4545;4545;453;743;735;0.63;858;735;-21.3814805;-50.2100452
2010;351720;35;3517208;GUAIÇARA;76.16;2.18;13;15.07;45.01;95.05;84.97;8.04;10.73;2.02;2.71;6.76;1.24;7.03;2.29;8.28;73.73;78.13;80.84;14.17;12.07;14.01;12.09;9.79;5.15;100.94;108.75;76.89;68.41;16.01;93.57;95.64;56.73;60.82;7.57;8.45;96.62;87.69;15.17;8.29;86.92;90.16;98.86;100;98.44;95.8;24.97;0;21.56;4.81;1.78;0;91.43;91.39;68.17;79.6;82.63;56.37;50.58;39.72;49;36.03;49.3;33.17;6.62;285.71;407.14;555;767.5;1025;0.38;1.15;2.51;4.47;9.27;15.27;24.97;29.82;6.51;44.55;18.08;34;55.45;76.14;6.6;4.95;610.2;198.72;1819.68;353.05;485.57;654.32;1365.8;610.2;27.88;94.82;176.15;0.25;14.05;0.86;7.21;10.04;6.68;0;77.12;66.07;43.21;31.88;0.97;7.66;39.45;2.18;13.08;72.42;88.58;96.57;977.62;61.78;4.29;24.99;83.86;71.07;84.07;8.61;13.8;38.86;13.94;7.89;9.87;0.21;66.12;5.02;11.93;98.95;99.52;23.54;99.64;99.62;0;1.05;17.19;13.08;1.56;18.15;4.49;28.73;0;3.39;11.22;6.42;0.08;1.36;0.38;397;457;462;494;449;436;387;380;356;297;241;415;167;151;132;69;5367;77;355;471;443;489;469;402;402;391;341;305;244;359;203;140;127;82;80;5303;5642;40;124;5478;151;741;556;555;453;8216;517;1888;526;7699;594;1371;572;6328;148;153;140;808;1903;858;471;257;4118;3186;976;10670;9694;9133;928;497;7709;10619;10619;564;745;739;679;853;697;-21.619537;-49.801287
2010;351730;35;3517307;GUAIMBÊ;74.77;2.06;15.1;17.47;50.44;94.29;82.95;10.14;10.49;0.8;2.17;11.33;1.85;11.98;1.75;14.02;71.7;73.26;83.62;16.13;14.18;16.38;12.17;12.56;0;95.6;106.22;64.15;84.04;14.46;88.99;94.75;50.97;69.48;11.41;9.81;99.17;72.14;19.94;6.67;88.47;91.34;96.81;97.35;98.95;92.18;16.4;2.37;16.45;3.13;1.54;0;91.31;90.07;74.61;84.12;85.43;48.76;41.31;64.81;63.28;33.5;62.33;27.46;5.93;225;346.67;486;675;892.5;0.4;0.47;1.32;6.49;13.26;25.57;42.78;31.19;5.95;46.21;16.75;32.59;53.79;76.43;7.45;5.54;532.14;158.37;1659.87;287.18;421.48;564.12;1235.14;532.14;21.67;106.51;178.31;0.28;15.51;2.09;26.32;7.66;6.29;0;75.01;58.06;40.25;29.14;2.51;6.85;26.44;0.19;11.4;78.59;92.68;97.07;909.9;58.41;3.26;32;74.21;67.05;85.3;8.72;32.42;12.39;17.68;8.46;10.74;0.23;64.78;4.6;12.83;98.88;98.01;23.22;99.9;99.49;1.15;0.67;26.88;11.53;1.05;25.22;9.28;32.98;0;13.58;16.43;10.97;0.43;1.9;0.51;192;232;253;232;245;186;184;185;153;149;130;210;105;97;59;45;2697;40;196;247;222;219;213;207;186;187;179;144;125;192;102;115;75;57;62;2728;2706;16;87;2604;75;377;280;290;237;4156;276;926;260;3880;289;650;293;3230;76;90;82;414;988;550;247;114;2093;1652;685;5425;4740;4634;479;271;3884;5414;5414;488;819;728;689;0.83;675;-21.909072;-49.89861
2010;351740;35;3517406;GUAÍRA;74.46;1.72;15.6;18.02;41.02;94.12;82.5;8.08;10.21;0.88;1.23;5.59;0.82;5.87;1.48;6.78;74.67;75.33;79.94;14.79;14.79;17.6;10.55;9.88;2.45;89.82;97.52;67.44;76.47;33.92;84.34;90.21;49.36;65.45;19.73;32.82;97.8;81.42;26.93;10.34;91.22;94.41;97.47;100;97.84;93.64;8.88;0.81;9.67;2.9;3.11;2.5;88.7;86.16;72.16;79.69;85.37;51.2;44.88;57.15;60.05;34.73;63.7;30.05;9.28;290;452.5;638.33;952;1340;0.53;1.58;3.68;4.08;8.08;16.34;30.35;45.87;4.3;58.18;12.52;24.64;41.82;73.79;14.65;9.29;901.23;193.92;4133.83;370.39;546.21;773.83;2622.11;901.23;30.84;83.92;176.18;0.52;20.1;1.57;9.87;14.63;5.2;0;69.31;58.77;41.59;39;0.36;11.42;21.75;1.47;12.51;59.25;79.69;92.47;1363.65;59.04;7.28;46.74;68.74;65.28;80.47;7.38;19.98;20.2;11.54;6.67;8.46;0.37;57.6;2.16;17.16;99.72;98.79;18.17;99.9;100;0.05;0.18;24.12;8.78;2.16;22.37;6.84;34.26;0;10.18;14.15;6.23;0.16;1.18;0;1175;1540;1454;1611;1637;1613;1461;1366;1252;1117;935;1298;714;529;366;239;18520;213;1193;1410;1417;1554;1738;1579;1446;1424;1284;1145;959;1238;818;594;455;311;319;18884;19176;215;791;18170;429;2386;1777;1828;1447;29496;1786;6029;1729;27710;1700;4243;1768;23467;489;514;519;2571;6164;3024;1406;911;15015;12050;1345;37404;36059;32478;2950;1693;27835;37339;37339;512;789;753;683;824;759;-20.3245873;-48.3148818
2010;351750;35;3517505;GUAPIAÇU;76.93;1.68;11.9;13.8;38.97;95.44;86.05;8.76;8.67;1.63;0.74;7.02;1.04;7.39;1.74;8.63;56.89;58.38;73.87;24.36;25.52;22.21;18.75;16.09;3.93;90.51;105.18;52.89;85.81;19.52;85.03;91.77;38.46;73.65;12.08;25.82;97.44;82.56;19.21;6.38;85.34;89.2;91.11;100;98.02;93.69;22.66;1.48;6.23;2.68;2.58;0.73;84.49;84.37;59.81;66.17;72.79;46.78;41.83;39.93;44.54;28.34;45.35;25.25;7.77;311.25;465;645;995;1340;0.41;0.24;0;3.52;7.61;14.28;25.22;32.97;5.76;47.86;16.26;31.15;52.14;79.12;8.11;5.86;741.42;213.69;2444.68;389.13;552.08;778.04;1766.24;742.05;21.58;112.4;185.24;0.29;18.96;2.35;12.89;11.87;9.23;0.14;65.77;55.58;34.52;37.27;0.36;8.99;16.8;0.82;11.83;69.27;85.59;94.04;1152.93;62.75;6.6;36.38;80.57;69.81;85.82;7.12;26.72;23.43;10.92;6.4;5.69;0.26;54.27;3.66;20.45;93.49;99.8;20.96;99.83;99.68;0;0.14;26.09;14.66;1.98;26.33;6.39;36.58;0;4.76;19.52;5.67;0.43;1.23;0.32;541;634;717;902;790;772;720;724;640;519;450;544;344;272;213;141;9029;106;503;666;648;763;763;751;710;689;600;534;440;558;382;279;234;149;171;8840;9858;86;313;9459;212;1043;774;778;619;14423;808;3030;787;13615;878;2222;933;11393;213;201;202;1158;2739;1565;666;398;7113;5702;2064;17869;15805;15711;1300;861;13550;17809;17794;468;688;725;605;866;728;-20.79663;-49.2253917
2010;351760;35;3517604;GUAPIARA;73.37;2.35;17.4;20.09;53.65;93.47;80.84;8.78;9.55;0.72;1.22;12.68;2.28;13.77;3.8;15.93;68.96;66.33;84.64;19.77;20.45;14.23;11.27;13.22;1.13;95.41;100.58;80.72;77.49;9.8;88.15;90.95;61.18;64.34;4.63;12.47;95.8;77.78;12.95;6.82;73.98;82.26;95.42;96.83;96.7;91.77;8.72;1.83;9.65;4.31;3.63;0;90.78;95.32;80.84;87.19;74.23;36.55;29.3;41.8;47.41;22.17;47.3;17.31;3.48;112.5;186;332.5;510;733.33;0.55;11.13;16.65;28.17;42.22;50.35;71.05;43.52;2.73;57.09;9.93;22.45;42.91;67.3;17.52;12.18;412.51;56.26;1795.21;148.65;258.06;422.16;1247.73;423.54;27.85;76.81;127.51;0.55;26.65;0.6;49.58;9.29;5.42;2.49;43.52;44.66;30.06;27.29;0.41;5.65;3.66;17.03;48.35;87.39;93.64;96.86;729.59;51.43;7.7;33.43;64.71;59.86;67.89;9.34;4.88;23.14;15.14;8.72;13.39;0.54;32.66;2.06;22.39;82.07;87.02;25.68;99.45;99.56;7.3;6.5;37.36;26.02;3.3;33.65;20.77;53.54;0;5.14;23.22;20.13;1.72;4.03;0.44;636;954;885;663;617;653;646;646;577;478;396;834;359;293;220;160;9153;136;623;931;857;672;647;623;620;598;598;468;390;725;321;251;224;148;149;8845;7800;145;372;7283;255;1524;1117;1138;734;13295;1150;3077;1065;12145;866;1927;787;10218;270;276;300;1644;3964;1581;931;556;6566;5037;10765;17998;7233;15166;1885;1113;12167;17832;17367;366;772;675;602;806;634;-24.18921;-48.529549
2010;351770;35;3517703;GUARÁ;74.55;2.45;15.4;17.86;47.62;94.17;82.63;7.21;10.74;1.25;1.82;9.53;2.68;10.11;4.34;11.62;79.32;83.43;90.07;10.2;10.61;8.59;10.48;5.96;1.34;97.45;108.56;65.1;77.49;17.18;89.61;95.05;48.22;68.18;11.31;26.2;95.88;77.71;22.35;7.94;92.45;95.1;98.32;100;98.02;92.83;21.82;1.27;13.23;5.03;1.28;0.47;93.46;90.81;63.51;69.35;73.42;46.26;40.75;38.69;43.71;30.51;46.42;27.83;8.85;222.22;355;510;796;1200;0.49;3.03;5.45;8.09;14.67;25.61;41.84;40.55;4.37;54.74;13.06;26.41;45.26;71.93;12.42;8.39;664.56;145.14;2694.83;288.95;443.34;626.57;1821.76;664.56;41.3;86.92;165.71;0.45;15.75;2.49;15.31;13.26;8.68;0.51;68.25;56.57;39.42;37.16;0.73;11.21;19.27;0.97;18.39;69.08;83.92;94.47;1103.99;56.39;3.83;36.45;76.06;64.56;80.71;9.56;56.47;34.19;16.29;8.14;7.57;0.32;59.02;1.52;20.31;98.89;99.17;23.99;99.8;99.85;0.12;0.02;30.6;7.55;1.98;29.08;10.26;38.08;2.25;13.11;18.13;10.72;1.99;0.87;0.15;765;868;888;857;900;872;683;647;604;530;445;862;366;237;163;100;9884;97;771;870;826;822;874;803;730;636;590;523;479;838;378;282;226;146;180;9974;9358;67;388;8903;268;1361;1036;1005;940;14876;1044;3392;1003;13832;977;2348;997;11484;327;340;319;1735;3774;1431;869;522;7492;5844;635;19858;19223;16595;1738;1066;13791;19801;19801;463;735;718;0.63;826;0.71;-20.4290496;-47.8250067
2010;351780;35;3517802;GUARAÇAÍ;73.2;1.76;17.7;20.45;45.51;93.37;80.56;12.31;11.09;0.79;0;8.93;1.23;9.42;1.66;10.74;86.87;86.66;97.82;8.28;8.66;2.18;4.85;4.68;0;87.12;96.89;57.75;109.74;21.17;80.64;88.19;46.28;85.51;11.38;27.21;95.98;79.83;19.14;7.98;94.31;96.46;100;100;98;93.47;6.04;0.45;8.8;2.3;1.88;4.89;83.59;79.2;70.09;78.31;84.19;49.5;43.93;53.49;54.45;33.17;56;29.75;8.09;255;400;515;780;1150;0.42;1.59;2.42;7.02;17.52;21.08;39.06;33.29;5.43;48.01;16.13;31.47;51.99;71.2;8.26;5.9;619.41;168.1;2062.25;331.35;475.09;635.68;1472.38;624.84;19.91;92.99;168.1;0.3;25.79;1.4;32.11;13.26;4.83;0;58.23;58.71;40.92;34.68;0.45;10.05;10.54;6.79;20.37;75.79;87.96;95.89;915.63;57.2;4.89;40.08;71.71;63.2;81.3;5.52;38.13;33.99;12.54;4.28;5.31;0.24;43.03;4.91;19.61;94.34;94.18;11.43;100;97.65;3.7;3.57;19.67;5.69;2;25.36;8.13;38.56;0;3.89;6.78;6.86;0.3;2.37;2.35;230;293;304;333;300;301;325;318;322;271;231;268;181;177;138;92;4195;111;219;335;291;326;306;312;319;306;325;251;263;248;211;168;172;90;98;4240;4279;31;142;4105;93;504;372;374;272;6795;352;1245;363;6443;344;893;358;5550;81;95;106;537;1282;1038;335;160;3420;2807;1781;8435;6654;7480;628;356;6496;8371;8298;495;768;719;663;803;699;-21.031027;-51.2064201
2010;351790;35;3517901;GUARACI;75.37;2.12;14.2;16.39;44.95;94.63;83.84;8.78;9.67;1.44;0.96;8.25;1.16;8.78;3.63;10.45;76.04;73.33;91.54;12.09;13.88;2.87;11.87;12.8;5.59;89.83;96.34;73.69;96.17;24.78;82.66;88.57;56.01;84.09;12.96;18.08;96.62;86.07;22.08;14.3;92.85;95.38;98.05;100;96.97;93.85;5.56;1.33;7.11;3.81;2.57;1.75;82.3;78.84;71.52;77.26;79.57;51.33;45.23;62.39;60.8;37.41;59.07;32.36;10.49;250;392.5;510;818;1240;0.42;1.27;1.89;5.7;11.04;22;38.32;32.15;5.58;48.35;15.93;30.86;51.65;77.18;8.07;6.07;615.78;171.68;1979.6;318.94;459.51;639.96;1488.81;615.78;54.63;99.06;179.67;0.3;17.39;0.59;28.05;10.93;4.17;0.2;66.97;59.15;44.81;34.64;1.03;12.22;16.02;1.58;19.91;70.55;88.46;96.08;983.44;63.16;13.65;39;79.66;70.4;83.49;9.13;70.91;46.14;14.69;6.27;6.05;0.27;53.28;9.55;17.62;98.48;99.94;24.87;99.68;100;0;0.34;24.93;7.15;3.03;23.91;7.4;31.33;1.57;6.74;15.55;7.55;0.84;1.6;0;352;388;424;483;499;418;346;359;310;271;239;379;192;155;113;86;5084;70;373;396;453;458;410;359;339;350;287;253;226;325;207;149;116;98;93;4892;5370;107;212;5051;139;625;455;480;435;7742;523;1816;541;7219;527;1293;510;5926;151;153;138;707;1693;876;395;276;3788;2878;1049;9976;8927;8503;784;543;7175;9946;9946;513;786;737;682;0.84;698;-20.4976771;-48.9452074
2010;351800;35;3518008;GUARANI D'OESTE;73.34;2.06;17.4;20.15;50.08;93.46;80.79;13.35;10.92;2.52;0;11.01;0.95;11.69;0.7;13.48;77.81;78.16;92.29;12.07;12.29;5.61;10.12;9.55;2.1;95.42;102.04;78.47;119.5;31.18;91.62;91.33;74.22;81.17;20.67;45.07;96.7;92.99;22.19;9.28;100;100;100;100;95.65;94.9;15.6;0;13.48;0.8;1;0;93.81;92.46;79.29;77.3;82.27;47.76;42.17;76.07;69.63;35.91;71.33;30.44;7.37;232;367.5;505;700;1157.5;0.4;0.99;0.43;6.43;11.88;22.63;40.65;31.12;5.82;47.55;16.85;32.34;52.45;67.33;7.39;5.63;557.58;162.21;1735.37;307.69;431.79;560.48;1321.86;557.58;48.54;103.61;171.4;0.28;11.73;2.31;15.43;5.25;9.18;0;47.06;64.03;49.23;41.76;1.08;11.82;18.33;2.16;14.81;77.18;88.89;96.97;884.27;53.67;9.49;18.33;75.47;60.29;94.21;8.97;31.61;65.45;12.77;7.5;6.95;0.21;35.1;10.35;38.34;99.01;99.8;10.73;100;100;0.08;0.12;20.51;0;4.35;26.74;7.9;43.12;0;6.5;10.12;7.3;0.43;2.39;0;59;78;75;89;63;67;53;70;59;73;55;60;37;37;40;27;963;21;64;66;70;69;79;73;71;82;83;60;46;67;39;43;39;23;33;1007;922;14;18;891;21;119;98;96;73;1571;91;302;82;1480;92;211;102;1269;29;23;23;127;313;263;66;45;808;669;235;1970;1735;1718;144;97;1477;1966;1966;478;873;732;714;806;682;-20.0737613;-50.3379634
2010;351810;35;3518107;GUARANTÃ;74.93;2.59;14.8;17.17;48.07;94.39;83.2;7.9;11.74;3.1;1.74;9.96;2.31;10.59;3.05;12.32;83.38;89.55;81.46;11.2;8.36;11.37;5.42;2.1;7.18;94.05;107.07;58.43;66.48;13.11;89.31;96.33;47.71;66.48;8;14.51;98.56;74.51;18.2;5;80.34;85.73;96.92;97.22;98.9;92.37;19.04;1.98;12.48;2.91;1.24;0.59;96.7;95.05;65.85;77.59;76.99;44.73;38.21;34.9;44.67;28.5;39.59;25.22;5.09;233.33;327.5;453.33;739.67;1019.5;0.48;1.08;1.48;5.71;10.52;26.32;42.66;40.6;5.34;54.74;14.34;27;45.26;76.25;11.33;7.67;615.97;164.6;2500.76;276.93;390.08;562.44;1692.29;615.97;45.27;97.48;184.53;0.41;14.53;2.02;35.01;10.09;5.64;0;70.79;52.76;34.89;34.07;0.74;5.86;12.42;1.94;16.68;80.58;90.49;95.99;1042.48;58.96;4.88;34.42;73.31;68.19;83.02;8.17;28.64;18.8;18.16;7.52;9.86;0.39;57.24;6.11;18.16;97.53;99.32;22.06;99.8;99.77;0;0.49;28.53;19.66;1.1;28.82;10.02;35;0;8.95;23.46;9.39;0.9;2.01;0.23;233;318;294;290;271;264;226;192;167;180;157;266;126;91;64;37;3218;42;233;274;267;272;287;231;218;215;186;194;163;249;125;96;68;43;65;3186;3197;29;128;3039;86;451;339;337;283;4831;345;1123;346;4486;316;778;302;3708;97;91;122;565;1248;506;274;166;2430;1891;942;6404;5462;5422;592;373;4457;6387;6387;447;736;713;623;832;698;-21.8950705;-49.590107
2010;351820;35;3518206;GUARARAPES;75.39;1.79;14.1;16.35;42.79;94.64;83.87;10.41;10.72;1.7;0.78;6.76;1.35;7.12;2.02;8.17;77.99;79.27;86.26;12.4;11.26;12.56;9.61;9.47;1.19;98.38;108.34;73.76;96.56;26.46;87.11;93.32;54.58;69.92;12.82;42.77;99.25;89.79;19.91;12.16;98.69;99.16;100;100;99.59;96.77;11.26;0.97;15.18;2.95;2.4;1.82;94.91;92.48;74.06;82.94;82.29;54.75;49.89;65.38;62.48;37.19;62.16;32.73;10.59;305;445;615;935;1410;0.43;0.37;0.36;3.29;6.69;14.35;27.36;34.4;5.79;49.67;15.86;29.97;50.33;71.68;8.68;6.26;739.89;214.09;2544.95;372.6;522.08;753.12;1836.87;740.17;30.3;106.61;186.42;0.31;16.47;3.54;15.06;14.07;6.43;0;66.71;64.96;44.52;38.99;0.77;12.68;20.6;1.5;15.32;70.96;84.18;94.01;1104.92;59.29;6.73;36.07;74.44;65.97;83.12;6.94;40.27;33.35;13.1;5.66;8.2;0.3;56.44;3.2;19.03;99.52;94.93;11.87;99.71;99.86;0.04;0.07;18.17;1.31;0.41;21.24;3.94;32.83;0;6;10.75;7.3;0.66;1.05;0.14;960;1205;1200;1264;1309;1181;1068;1112;1137;929;725;1005;591;478;401;273;15091;253;858;1061;1183;1331;1212;1158;1179;1175;1172;977;823;896;702;575;490;341;373;15506;15932;153;548;15231;403;1828;1358;1416;1063;24612;1410;4978;1420;23202;1496;3568;1457;19634;352;363;391;1976;4719;3184;1061;711;12691;10177;2279;30597;28318;26873;2266;1520;23087;30494;30482;548;836;763;726;0.84;727;-21.2537115;-50.6441746
2010;351830;35;3518305;GUARAREMA;74.03;2.06;16.3;18.82;44.62;93.87;81.85;7.63;10.67;0.91;0.45;7.17;1.03;7.65;1.33;8.99;76.38;80.12;88.28;11.97;12.04;7.8;11.65;7.84;3.92;114.27;119.39;98.38;75.08;19.54;87.25;90.18;45.01;62.49;9.24;33.23;97.34;78.27;23.89;12.68;91.17;92.55;93.15;95.17;97.35;92.69;23.67;4.42;14.7;6.55;3.07;0.84;84.52;82.88;55;60.87;76.28;55.14;50.78;53.59;54.54;38.14;58.73;34.77;10.21;264.25;410;590;950;1316;0.47;1.73;3.63;5.51;11.19;19.34;34.1;38.24;4.74;52.48;13.87;27.24;47.52;75.13;11.03;7.59;748.79;177.46;2863.17;341.87;500.37;759.48;1970.45;749.65;24.52;87.73;173.88;0.4;17.18;3.51;10.97;10.99;10.13;1.07;65.51;64.09;44.18;44.24;0.71;10.93;15.15;2.49;12.08;72.27;84.27;92.68;1185.75;56.08;3.68;22.54;72.15;65.09;81.52;6.27;38.13;43.67;10.06;5.15;6.26;0.34;54.37;2.03;20.41;98.62;85.46;33.21;98.39;99.8;4.96;0.78;24.46;8.83;2.65;22.71;7.63;33;0;7.14;16.38;7.78;0.71;0.71;0.2;852;1244;1156;1128;1081;1062;962;922;785;698;613;1044;517;358;231;188;12998;157;803;1128;1120;1040;1178;1052;932;923;862;703;631;932;505;332;250;199;256;12846;12447;87;288;12072;289;1878;1417;1416;1006;19841;1330;4444;1346;18511;1370;3114;1355;15397;360;374;373;2096;4836;1971;1128;646;9983;7823;3604;25844;22240;22197;2372;1278;18548;25691;25662;551;716;731;656;817;729;-23.4133724;-46.0379249
2010;351840;35;3518404;GUARATINGUETÁ;78.17;1.66;8.72;10.11;40.72;95.7;86.78;8.73;11.02;1.27;0.94;2.91;0.75;3.04;1.08;3.46;75.7;78.76;81.84;14.24;13.52;15.76;10.06;7.72;2.4;100.29;105.48;86.68;77.5;34.1;89.55;91.32;59.22;67.75;13.14;27.93;97.52;89.02;26.21;14.6;89.44;91.57;96.8;96.51;97.82;95.39;17.19;1.43;13.94;5.99;3.25;1.34;89.39;86.49;72.34;81.4;87.05;67.32;63.66;58.55;61.4;50.02;62.5;47.9;15.99;266;416.67;638.33;1160;1925;0.54;1.52;3.23;5.95;12.32;18.96;34.12;43.67;3.76;59.26;11.1;22.27;40.74;71.48;15.73;10.69;926.78;174.18;4047.63;340.38;517.57;855.68;2749.24;927.3;38.48;94.13;169.76;0.52;19.81;2.39;3.41;16.92;8.74;0.23;70.1;74.86;58.21;55.33;1.17;17.89;10.36;1.42;14.55;65.93;78.47;88.07;1434.59;57.57;3.52;22.52;67.8;65.49;80.77;8.67;43.74;40.84;18.35;7.75;9.62;0.45;53.18;8.32;15.1;99.09;97.2;25.48;99.76;99.85;0.56;0.06;15.45;10.56;2.18;13.51;5.43;24.72;0.17;2.13;8.5;7.48;0.33;1.08;0.15;3380;4422;4740;4584;4593;4341;4108;3911;3905;3340;2693;3677;2161;1483;1121;732;53946;755;3240;4305;4548;4824;4802;4565;4395;4322;4265;3857;3166;3622;2522;1972;1415;1042;1264;58126;56556;307;1244;55005;1268;7000;5178;5264;3971;89426;5543;18696;5491;83883;5595;13153;5622;70730;1381;1425;1415;7601;18279;9784;4305;2681;46959;37587;5310;112072;106762;98246;8727;5524;83995;111540;111477;673;793;798;751;886;764;-22.8057839;-45.1908926
2010;351850;35;3518503;GUAREÍ;73.27;2.08;17.5;20.3;45.87;93.41;80.68;6.62;10.29;1.73;0.61;7.67;1.43;8.22;2.34;9.59;75.79;77.69;80.39;14.25;12.63;19.61;9.96;9.68;0;89.63;96.79;69.11;50.31;6.49;85.67;90.56;51.4;49.34;3.4;11.87;93.73;73.5;8.69;1.3;54.43;65.63;79.02;93.48;96.32;90.42;12.22;0.67;2.78;2.69;2.8;1.05;86.12;85.86;67.92;68.63;68.25;44.74;39.49;33.13;31.22;19.54;37.15;16.94;4.59;253.33;358.83;496.67;715;995;0.44;0.66;1.64;4.37;8.81;22.97;39.18;36.34;6.06;50.44;16.14;30.3;49.56;72.84;9;6.22;594.42;180.1;2159.97;299.72;420.6;572.45;1491.39;594.42;55.02;104.74;190.74;0.33;16.5;0.28;24.51;8.47;5.35;0;53.98;48.93;28.44;32.16;1.16;5.78;22.41;2.28;29.3;82.73;91.56;96.86;808.08;51.74;6.74;40.36;60.91;56.67;55.25;4.23;15.56;18.24;6.94;3.56;3.35;0.55;45.12;5.19;31.62;95.8;98.72;26.09;98.99;99.32;0.58;1.04;41.13;45.57;3.68;36.63;13.38;41.71;0;3.7;10.09;7.78;1.14;1.26;0.68;387;560;609;1099;1333;1175;792;622;463;409;296;456;234;176;150;81;8927;85;390;520;509;443;448;482;430;386;348;298;284;427;198;161;135;94;85;5638;6696;73;245;6378;134;865;666;655;460;8993;652;2047;666;8341;646;1395;592;6946;181;193;159;904;2208;964;519;314;4298;3346;6152;14565;8413;12942;1080;607;11255;11720;11720;447;665;687;583;805;692;-23.3718195;-48.184685
2010;351860;35;3518602;GUARIBA;73.63;2.19;16.9;19.59;42.58;93.63;81.23;6.34;10.37;1.66;1.61;9.91;2.27;10.55;3.72;12.49;71.35;73.83;84.81;13.37;14.04;10.92;15.28;12.13;4.27;95.73;103.32;76.11;100.99;22.23;88.39;91.08;50.06;78.44;11.67;18.07;96.69;84.75;22.93;9.82;90.94;92.69;94.87;95.51;97.28;93.79;21.57;1.63;6.96;6.4;3.78;0;87.64;89.95;62.84;71.27;79.85;52.09;45.68;41.91;47.1;33.45;45.71;30.3;6.8;268.33;408.5;577.5;840;1201.67;0.43;1.27;2.45;5.39;10.07;18.48;31.03;34.17;5.27;49.08;15.47;30.05;50.92;81.6;8.83;6.33;671.34;176.75;2293.79;342.58;489.47;700.49;1644.93;671.5;38;92.57;169.56;0.33;13.39;2;10.33;10.27;6.55;0.07;74.32;62.55;42.71;33.97;0.54;8.46;34.22;1.4;12.5;63.16;81.74;94.27;1237.8;59.22;7.31;38.79;77.35;67.05;81.42;10.84;56.38;41.21;19.06;8.85;7.43;0.3;67.58;2.02;13.86;99.8;97.86;26.37;100;99.97;0.13;0;21.33;9.06;2.72;20.43;5.64;31.62;0.51;7.92;21.59;8.15;0.29;1.08;0.03;1371;1564;1607;1838;1918;1484;1294;1278;1095;904;709;1376;490;339;276;219;17912;150;1281;1449;1563;1718;1710;1478;1287;1201;1149;952;680;1307;533;383;373;252;258;17574;17876;220;776;16880;523;2411;1801;1820;1585;27138;1927;6726;1850;25211;1944;4799;2033;20412;544;544;532;2741;6429;2250;1449;963;13537;10256;738;35486;34748;30187;3013;2000;25175;35344;35336;521;718;719;645;811;712;-21.35938;-48.23158
2010;351870;35;3518701;GUARUJÁ;76.23;2.21;13.19;14.8;43.68;95.13;85.2;6.03;10;2.08;1.33;5.1;1.23;5.39;1.47;6.25;70.26;75.01;73.59;15.75;14.1;21.93;13.99;10.89;4.48;97.69;107.5;69.9;69.67;19.48;86.81;91.34;47.61;59.58;9.57;20.47;94.69;82.82;23.91;10.66;75.97;82.59;92.83;95.86;95.85;92.45;21.73;2.69;9.69;5.73;1.64;0.42;88.08;86.84;63.06;71.78;78.96;59.41;55.36;46.31;52.25;39.65;52.48;37.03;8.67;244.89;392;570;933.33;1366.67;0.5;2.25;4.09;7.04;12.33;22.83;35.89;40.24;4.2;54.98;12.58;25.42;45.02;74.17;12.79;8.76;745;156.41;2997.9;312.36;478.15;730.12;2052.04;746;38.65;89.58;168.24;0.45;18.86;1.41;1.61;16.34;10.43;0.24;64.76;65.43;46.03;57.47;0.8;9.91;5.69;1.09;14.05;65.98;82.09;92.5;1231.31;58.71;5.59;31.42;71.36;67.76;78.21;11.25;56.08;38.14;20.35;9.79;11.63;0.32;55.16;3.37;20.41;93.6;96.49;37.64;98.95;99.99;1.68;4.97;19.86;24.03;4.15;17.49;6.84;29.28;0.4;6.15;18.96;10.27;0.96;0.94;0.01;10920;13408;12785;12803;12431;11892;10986;10416;9035;7720;5991;11619;4258;2947;2095;1245;141711;1160;10519;13168;12677;12604;13248;12747;11941;11001;9908;8464;6506;11209;4947;3549;2762;1816;1975;149041;144627;1485;4983;138160;4063;21001;15744;15727;12855;219755;15768;50842;15350;203987;14601;35074;14899;168913;4506;4466;4548;23897;55506;17537;13158;7899;114071;88800;56;290752;290696;246323;26576;15860;203887;290055;289668;594;726;751;679;854;729;-23.9927768;-46.2558332
2010;351880;35;3518800;GUARULHOS;74.83;1.68;13.34;15.47;42.13;94.06;82.33;5.2;10.15;1.92;1.26;4.1;0.97;4.31;1.22;5.02;74.36;77.37;77.88;14.68;13.52;17.77;10.97;9.11;4.34;101.22;107.87;81.22;75.79;32.37;87.02;90.17;53.34;61.69;14.2;31.05;96.29;87;29.73;15.63;86.34;89.86;94.48;97.14;97.08;94.57;16.27;2.33;14.47;4.47;2.64;0.96;88.6;86.16;71.48;78.78;82.39;63.85;59.87;48.96;55.15;43.53;54.28;41.03;11.21;253.33;422.5;632.5;1031.5;1601.43;0.51;1.95;3.36;6.5;11.36;20.63;33.01;40.65;3.97;55.92;12.05;24.59;44.08;81.18;13.49;9.26;829.91;164.85;3373.56;335.35;520.03;808.98;2316.67;830.29;35.01;89.17;169.16;0.47;17.44;1.51;0.35;14.85;6.11;0.09;71.34;71.23;51.22;49.95;1.06;13.66;18.05;1.45;11.46;61.54;78.15;89.68;1403.12;61.21;5.21;33.05;75.18;70.53;80.87;10.4;37.42;39.97;17.02;9.13;10.28;0.36;61.67;3.07;15.45;99.05;96.18;40.47;99.69;99.91;0.56;1.39;17.42;13.66;2.92;14.86;5.32;24.96;0.54;5.24;16.01;7.06;1.66;0.92;0.09;45627;56147;52067;55830;56313;52763;48030;44291;36673;30694;24026;49370;16924;10918;7379;4261;595043;3730;44079;55415;51801;55222;58231;56093;50938;46970;40797;35020;27113;47883;19877;13672;9941;6681;7203;626936;633058;5813;20738;606507;17600;88094;66517;65779;53334;922311;63563;214691;61689;858748;61514;151128;63258;707620;18685;19327;18622;101178;232256;63556;55349;31857;478939;372034;0;1221979;1221979;1034230;111562;62749;859919;1213492;1212934;639;759;763;717;831;746;-23.4430602;-46.524459
2010;351885;35;3518859;GUATAPARÁ;74.34;2.29;15.8;18.24;46.28;94.05;82.32;7.42;10.28;1.82;1.29;9.85;2.07;10.53;4.96;12.24;76.44;75.72;87.69;10.35;9.5;8.9;13.21;14.79;3.41;94.78;99.87;80.83;105.86;19.08;90.08;93.44;64.54;81.18;13.46;41.51;97.99;85.88;22.78;5.69;98.73;99.17;100;100;99.07;95.54;9.27;0.64;10.15;3.32;2.59;0.9;92.53;91.23;79.83;89.95;86.78;49.75;42.32;51.06;55.12;29.89;52.33;24.83;5.56;233.33;355;510;827.5;1207.5;0.53;2.59;2.92;8.23;13;24.61;38.13;45.2;4.01;57.85;12.17;24.24;42.15;71.01;14.86;9.55;723.83;144.95;3271.81;295.36;436.91;648.16;2101.9;732.31;22.27;82.28;163.8;0.5;16.66;1.1;20.38;9.21;8.07;0.88;70.74;57.22;35.45;30.29;1.84;7.23;14.91;4.44;15.91;70.77;86.68;95.61;1113.81;58.26;11.78;30.78;74.81;66.27;78.52;10.58;20.83;33.16;21.88;9.52;11.93;0.32;62.22;2.25;13.43;94.37;98.93;28.04;97.57;99.85;0.81;0.27;18.44;1.27;0.93;19.6;7.05;33.52;1.05;16.92;16.49;8.51;0.63;1.95;0.15;260;309;328;314;316;272;231;230;230;220;180;283;156;92;61;34;3579;63;250;304;307;261;289;263;263;184;188;229;172;281;129;79;54;53;81;3387;3441;72;120;3248;88;495;369;371;324;5279;389;1210;385;4890;360;821;348;4069;98;115;117;567;1309;517;304;198;2552;1984;1850;6966;5116;5906;613;391;4902;6947;6867;498;809;743;688;822;724;-21.496092;-48.0360685
2010;351890;35;3518909;GUZOLÂNDIA;73.49;2.32;17.2;19.85;45.52;93.55;81.03;8.77;9.68;0.61;1.28;13.6;1.42;14.44;3.27;16.98;88.56;92.63;80.54;7.03;3.01;19.46;4.41;4.36;0;82.25;88.37;64.19;69.52;13.3;75.01;79.7;38.5;61.45;9.04;14.63;83.21;55.17;14.94;2.84;89.04;91.24;97.07;94.46;85.3;77.68;9.08;2;27.59;3.9;4.59;1.5;84.04;87.32;69.99;77.72;82.4;42.92;35.19;47.98;52.11;27.6;53.7;22.8;5.43;233.33;333.33;489;627.5;900;0.41;0.92;2.28;6.14;12.01;25.61;43.05;34.97;6.31;48.22;16.79;31.69;51.78;72.53;8.33;5.72;537.05;169.5;1877.94;281.44;400.13;539.31;1289.33;537.05;37.76;106.2;187.82;0.3;12.65;1.75;36.63;8.07;4.67;0;66.59;53.35;34.91;26.57;0.12;6.55;21.9;0.56;13.59;84.02;92.38;98.05;845.01;56.59;11.9;39.39;74.26;62.84;81.44;3.55;20.18;5.61;9.87;3.11;0.8;0.24;58.12;3.04;24.02;99.67;99.57;18.39;100;99.86;0;0.05;22.33;10.96;14.7;28.07;8.44;39.15;0;19.19;20;11.53;2.78;1.85;0.14;158;212;192;197;222;181;190;152;149;149;134;192;98;73;58;47;2436;32;167;182;210;199;175;194;145;158;148;160;122;159;92;72;68;27;40;2318;2311;47;91;2173;69;329;237;257;204;3684;235;798;246;3449;250;563;238;2886;52;76;71;340;815;417;182;118;1810;1401;733;4754;4021;4083;394;232;3458;4708;4708;429;748;697;621;808;676;-20.6491637;-50.6622974
2010;351900;35;3519006;HERCULÂNDIA;73.52;2.14;17.1;19.81;47.34;93.56;81.06;9.5;11.56;0.9;0;9.02;0.82;9.67;1.25;11.32;87.81;87.61;93.18;9.12;9.76;6.82;3.08;2.63;0;99.33;104.44;84.08;74.68;21.26;90.38;93.21;68.51;69.31;12.98;15.2;97.59;83.54;19.02;4.44;88.42;91.85;100;100;98.42;94.69;4.77;1.86;17.25;2.22;2.91;2.62;96.74;92.22;84.43;84.07;84.82;45.49;37.83;64.31;61.61;31.5;61.94;25.63;6.93;202.5;320;483.25;729;1074;0.44;1.53;2.69;8.78;17.22;29.45;48.92;33.69;5.23;50.09;14.81;29.07;49.91;73.52;9.1;6.72;549.27;143.56;1850.54;263.17;391.64;572.44;1367.17;549.77;48.48;99.48;173.6;0.33;21.5;1.87;23.6;15.82;5.6;0.17;55.15;55.09;40.75;32.59;0.19;10.37;13.74;2.8;21.93;73.62;88.34;95.32;973.88;54.56;13.66;37.47;68.01;60.3;75.79;9.73;23.86;30.18;20.07;8.55;9.34;0.31;45.16;4.56;24.72;99.28;91.28;17.98;99.45;99.74;0.61;0.35;25.34;11.58;1.58;25.15;10.53;43.21;0;6.4;18.63;13.55;0.6;1.53;0.26;290;373;369;382;365;361;325;288;268;283;161;316;178;121;106;84;4351;81;284;344;364;324;357;340;306;333;292;246;200;357;162;146;107;88;95;4345;4063;98;153;3813;105;557;414;414;313;6717;452;1432;452;6265;416;980;404;5285;155;127;148;706;1572;826;344;233;3352;2668;775;8696;7921;7448;717;408;6323;8696;8688;455;864;727;698;809;0.68;-22.004508;-50.3862746
2010;351905;35;3519055;HOLAMBRA;77.66;1.88;10.1;11.71;38.86;95.52;87.13;5.85;10.44;1.33;0.9;5.42;1.25;5.72;1.66;6.61;73.84;76.68;77.39;17.7;16.15;19.43;8.46;7.18;3.18;98.61;106.05;77.3;87.74;30.21;90.41;95.21;55.39;80.23;18.16;41.69;97.98;81.01;25.69;10.46;94.99;96.69;97.56;100;98.81;94.2;15.25;1.36;8.97;3.06;2.11;0.94;90.67;91.15;65.19;75.33;80.02;58.25;53.95;52.07;55.39;42.79;51.25;40.3;17;398.13;552.5;787.5;1575;2833.33;0.54;1.7;3.45;2.86;5.36;5.43;9.15;44.83;4.4;61.02;11.93;22.16;38.98;79.9;15.03;10.23;1274.53;280.4;5713.2;479.69;652.27;1071.73;3888.83;1274.53;40.09;72.18;132.68;0.52;15.34;5.91;31.41;13.2;3.52;0;79.47;62.64;46.91;36.89;0.22;16.99;7.65;1.12;8.29;62.53;74.72;83.41;1787.54;69.75;6.65;42.62;81.92;78.77;87.4;2.95;11.84;13.54;4.31;2.48;2.95;0.5;63.48;2.88;11.37;97.24;95.31;18;100;100;4.15;0.17;22.47;5.01;1.19;19.48;2.62;20.24;0;3.23;7.67;2.2;0;0.29;0;392;490;491;503;517;504;496;447;372;348;243;411;188;128;76;62;5725;57;327;440;443;481;506;536;470;434;373;329;274;441;182;108;93;60;77;5574;6769;62;241;6466;153;751;553;572;419;8798;553;1918;559;8245;588;1365;600;6880;147;178;152;853;1959;661;440;262;4366;3442;3115;11299;8184;9704;930;566;8209;11254;11254;583;764;793;698;878;815;-22.6332028;-47.0545305
2010;351907;35;3519071;HORTOLÂNDIA;76.51;1.64;12.18;14.13;39.6;95.17;85.31;4.84;10.97;1.44;0.87;4.65;0.91;4.94;1.36;5.89;76.01;80.39;78.32;13.4;11.63;17.21;10.59;7.98;4.47;98.02;106.64;74.09;72.29;21.67;87.21;91.06;53.1;62.84;9.51;32.12;96.68;87.83;21.28;11.53;92.34;93.77;96.35;96.44;97.54;94.97;17.93;1.42;20.26;4.28;1.98;0.52;89.21;87.15;72.24;79.4;81.88;58.99;53.63;48.89;54.25;38.4;57.83;34.69;5.85;280;437.33;623.33;933.33;1252.5;0.41;0.82;1.38;3.95;7.47;16.92;26.62;30.92;5.71;46.6;16.15;31.35;53.4;83.29;7.66;5.77;686.96;196.12;2124.04;358.58;522.13;757.27;1599.31;687.06;33.68;98.16;182.72;0.29;16.47;1.02;0.93;13.52;9.72;0.09;74.68;67.7;47.35;45.71;1.1;7.24;17.24;1.54;10.07;64.64;82.68;93.94;1156.03;61.67;5.44;37.5;76.38;70.59;78.9;9.78;22.55;35.5;15.21;8.61;9.95;0.21;65.74;3.53;12.24;98.8;97.11;29.9;99.8;99.93;2.08;1.06;15.9;7.66;2.46;15.12;4.56;26.42;0.19;5.42;15.44;5.69;1.19;1.36;0.07;6989;8676;8813;10186;9896;8825;7811;7180;6017;5091;3844;7421;2528;1636;1134;709;97439;683;6513;8580;8545;8879;8774;8510;7777;7134;6385;5238;3932;7068;2689;1907;1330;950;1042;95253;101557;939;3912;96706;2653;13645;10126;10239;7967;146251;10388;36172;10239;135863;10581;25784;10992;110079;2741;2869;2770;15013;35672;9335;8508;5135;72489;55189;0;192692;192692;164679;17256;10433;136990;188117;188088;0.59;767;756;703;859;716;-22.85833;-47.22
2010;351910;35;3519105;IACANGA;76.03;2.1;12.2;14.15;43.45;94.66;84.92;9.64;9.7;1.12;0.42;6.9;2.18;7.31;2.64;8.29;78.03;78.26;92.63;12.27;11.24;7.37;9.7;10.5;0;88.08;96.23;67.54;119.97;19.03;82.38;87.18;54.61;72.41;8.68;40.47;96.06;86.09;14.22;8.21;94.62;94.4;96.69;93.97;96.64;93.64;11.91;0.18;22.2;2.03;1.47;0;87.66;81.55;66.12;75.85;84.08;50.01;43.82;63.03;58.56;34.05;61.32;29.6;8.91;307.5;478.67;624.33;933.33;1383.33;0.4;0.64;1.03;3.57;8.96;15.59;30.92;30.5;5.77;46.76;16.82;32.12;53.24;75.46;7.26;5.55;712.15;205.45;2172.38;393.33;544.99;751.82;1661.26;712.15;51.54;99.73;183.23;0.27;14.35;2.83;16.08;10.49;5.85;0.17;71.37;56.67;40.56;28.1;0.28;10;36.8;4.04;13.14;72.11;86.02;95.37;1043.33;65.64;7.11;44.5;86.2;73.33;89.52;6.8;8.93;25.61;10.85;5.96;4.27;0.21;62.78;1.7;14.41;98.71;94.68;19.05;99.81;100;5.14;0.37;18.68;5.38;3.36;20.05;4.45;31.34;0;12.37;12.91;6.04;0.29;0.49;0;318;401;433;486;467;482;393;353;339;285;258;313;187;156;115;86;5164;92;312;382;378;377;403;386;370;326;307;268;272;342;210;173;125;94;124;4849;5738;56;237;5445;130;626;461;472;365;7945;479;1674;474;7466;502;1195;508;6271;135;125;113;687;1641;965;382;226;3813;3058;1287;10013;8726;8741;783;533;7426;9808;9808;0.5;784;745;675;851;721;-21.8928341;-49.0226082
2010;351920;35;3519204;IACRI;76.42;2.1;12.6;14.61;45.69;95.19;85.34;10.83;11.51;1.4;0.66;9.81;1.99;10.41;3.74;11.9;85.19;87.78;91.28;10.47;10.16;7.01;4.34;2.06;1.71;97.09;104.12;80.48;63.62;24.97;93.28;95.84;66.79;60.02;14.78;17.41;98.64;83.55;18.07;7.32;76.04;82.4;92.76;100;99.38;94.67;12.97;0;9.55;2.91;3.17;0;98.07;96.07;76.39;79.97;83.33;43.89;37.1;52.85;55.57;26.54;58.7;21.54;6.48;245;402;510;705;1025;0.44;1.58;2.84;5.43;12.62;22.82;43.57;37.16;5.26;50.33;15.64;30.44;49.67;66.78;9.5;6.45;628.14;165.11;2334.31;326.19;464.73;603.84;1583.47;628.14;29.55;87.16;176.43;0.36;21.9;1.74;36.45;12.65;5.07;0;60.39;53.88;33.75;31.16;0.54;8.6;9.99;3.55;22.63;78.05;89.23;96.23;882.39;59.37;4.16;38.35;81.13;66.21;83.59;6.35;0;22.87;11.93;5.73;7.74;0.27;49.88;2.33;21.24;96.25;99.62;16.83;100;99.9;0.19;2.55;29.43;23.96;0.62;30.91;10.34;41.42;0;8.21;8.34;8.09;1.61;0.73;0.1;217;235;259;283;253;228;242;227;237;202;157;234;142;112;101;64;3249;56;185;234;245;250;237;220;217;259;229;183;187;187;154;121;110;73;79;3170;3327;20;127;3180;86;357;268;265;231;4972;302;1007;305;4670;273;705;305;3965;75;105;71;405;961;695;230;153;2499;2016;1369;6419;5050;5603;469;331;4803;6419;6419;439;0.8;733;655;857;701;-21.8583385;-50.6892931
2010;351925;35;3519253;IARAS;75.87;2.66;13.4;15.54;47.56;94.9;84.56;4.14;11;0.27;1.52;7.47;0.76;8.22;2.45;10.21;65.67;76.08;73;14.97;15.1;20.18;19.36;8.82;6.83;103.89;122.27;64.65;73.18;13.34;87.63;92.06;34.95;63.12;3.88;17.84;100;86.95;27.89;5.08;82;84.76;88.89;93.68;98.54;94.84;37.85;7.27;18.88;11.51;2.51;0.9;89.19;85.5;50.94;61.53;66.27;37.72;31.99;31.21;33.45;19.53;41.77;16.74;4.02;110.44;270;445;713.8;1016.67;0.52;14.84;16.72;23.43;30.57;38.8;52.38;37.46;1.73;53.67;9.42;23.33;46.33;75.21;15.91;11.39;497.81;43.07;1864.92;191.38;346.18;572.52;1335.76;524.29;24.67;56.39;113.99;0.5;15.29;0.53;37.81;12.35;5.57;0;62.03;49.83;34.21;38.39;0.38;6.21;3.56;15.45;27.37;75.85;87.26;96.21;881.05;37.89;5.98;24.56;44.96;42.16;58.42;5.67;22.6;21.74;14.99;4.68;5.86;0.26;54.8;3.41;10.51;74.89;81.29;33.48;98.27;91.76;12.9;18.65;25.1;18;1.46;25.96;11.75;37.77;2.23;20.16;19.07;14.84;1.3;3.16;8.24;210;275;473;295;375;416;411;364;322;281;200;221;157;86;63;27;4196;20;201;200;204;188;186;166;146;131;139;136;96;189;71;44;33;25;25;2180;2108;28;91;1988;87;369;283;281;241;3521;396;1052;447;3125;361;656;280;2469;82;79;72;435;1041;264;199;114;1584;1192;3539;6376;2837;5564;475;372;4717;4512;4284;377;651;674;543;848;664;-22.8742567;-49.1593923
2010;351930;35;3519303;IBATÉ;73.81;1.88;16.6;19.24;42.66;93.74;81.51;5.97;9.72;1.72;1.06;7.33;1.86;7.79;3.08;9.25;68.37;71.61;72.65;14.38;13.57;17.88;17.26;14.82;9.47;94.68;105.81;63.17;59.61;17.14;84.99;89.8;42.26;50.63;8.8;20.94;96.97;80.27;17.42;8.93;82.83;86.68;92.45;95.53;97.57;93.05;19.29;0.78;29.82;3.4;3.48;1.05;87.71;86.27;66.66;73.25;77.45;48.33;41.12;39.14;44.7;27.83;45.27;23.66;4.07;252.5;383.33;510;750;1003.33;0.37;0.89;1.76;5.05;8.62;21.12;32.67;27.96;6.24;43.31;17.57;34.2;56.69;79.75;6.36;4.96;552.79;172.52;1545.64;313.17;459.6;621.65;1205.62;552.79;47.63;97.99;178.51;0.24;14.02;1.22;13.66;11.59;8.54;0;78.84;57.11;34.93;32.05;0.62;6.06;22.43;1.87;12.77;72.62;89.57;97.21;961.81;56.73;5.47;32.34;71.18;64.92;78.29;8.85;28.21;32.23;15.01;7.79;9.78;0.17;72.71;0.47;9.94;99.74;99.59;33.02;100;99.73;0.17;0.2;29.65;17.17;2.43;24.52;8.51;33.24;0;5.46;19.09;9.36;1.3;1.66;0.27;1204;1437;1423;1653;1636;1379;1139;1054;963;767;603;1242;453;299;267;159;15814;136;1074;1286;1313;1512;1388;1285;1117;1046;1005;789;586;1112;433;328;298;163;185;14920;14785;149;512;14124;447;2146;1586;1625;1306;23379;1601;5901;1632;21778;1753;4300;1797;17478;525;503;459;2428;5638;1835;1286;777;11448;8623;1226;30734;29508;26061;2723;1584;21755;30672;30672;483;715;703;627;814;681;-21.9554092;-47.9989614
2010;351940;35;3519402;IBIRÁ;75.48;1.85;14;16.22;43.86;94.69;83.99;11.55;9.17;0.67;1.74;8.55;1.43;8.92;3.44;10.42;70.29;71.23;75.55;19.83;19.18;21.81;9.89;9.59;2.63;85.2;96.67;54.18;85.99;16.91;82.73;90.56;45.51;68.32;10.08;21.91;98.1;82.76;16.19;5.35;78.76;84.06;94.23;94.07;98.44;94.21;9.47;0.77;6.74;0.7;2.43;3.01;90.05;88.17;71.54;77.86;74.94;47.55;42.12;48.12;48.07;31.97;40.9;28.77;7.69;296.67;453.33;606.67;925;1215;0.48;0.88;1.79;3.88;9.1;16.48;32.91;40.86;4.83;53.86;13.96;27.23;46.14;73.02;11.71;7.74;803.36;194.12;3282.48;366.68;532.97;759.41;2169.16;803.82;42.39;95.16;178.35;0.42;18.12;3.35;20.02;11.88;7.5;0;67.98;55.97;38.97;33.69;0.3;8.57;21.59;1.91;13.61;71.35;87.09;94.61;1154.69;62.18;7.52;54.23;80.87;67.51;84.99;5.75;57.97;24.2;10.8;4.41;4.56;0.34;57.54;1.79;17.6;99.2;99.39;20.38;100;100;0.22;0;32.2;21.24;1.56;29.11;7.45;34;0.65;9.68;9.97;7.34;0.18;1.02;0;346;339;417;535;548;434;383;368;347;345;252;320;218;188;146;107;5414;121;327;411;424;477;439;418;328;376;361;351;296;321;257;211;171;136;178;5482;5971;56;252;5663;122;594;440;457;410;8832;459;1853;489;8373;587;1394;612;6979;141;146;122;651;1544;1258;411;227;4423;3522;851;10896;10045;9603;750;464;8389;10864;10857;476;0.76;0.74;0.65;841;741;-21.0815104;-49.2424619
2010;351950;35;3519501;IBIRAREMA;74.03;2.23;16.3;18.84;48.72;93.86;81.84;9.86;9.61;2.27;1.12;6.83;2.24;7.25;2.52;8.18;67.56;71.23;67.74;16.95;14.81;22.16;15.49;13.96;10.1;90.71;106.44;48.82;74.45;22.9;84.28;93.87;40.93;63.97;13.22;26.38;95.91;76.7;23.05;8.26;91.46;94.52;98.32;100;97.35;91.71;15.03;0.87;23.71;2.12;1.05;0;85.83;90.82;68.49;74.75;77.73;46.31;40.55;40.3;46.74;29.94;42.97;26.86;7.78;254.5;362;505;765;1008;0.43;2.49;4.06;6.41;12.69;21.68;36.14;33.95;5.44;48.99;15.86;30.37;51.01;76.47;8.56;6.13;593.7;161.54;2015.87;309.32;430.55;612.94;1444.19;594.89;30.76;78.79;170.19;0.33;14.91;0.66;15.38;8.25;5.21;0;69.54;57.34;38.55;33.87;3.06;8.85;28.13;0.47;12.93;71.04;87.57;95.94;1070.01;53.66;6.4;29.71;72.15;61.27;78.5;6.65;49.14;23.76;3.49;5.46;10.13;0.28;60.32;2.81;20.95;99.77;99.68;21.75;100;99.95;0.05;0.19;28.96;8.54;2.65;27.88;9.83;37.98;0;6.26;15.09;7.15;0.46;1.99;0.05;228;303;301;282;252;249;236;276;239;168;149;270;123;109;83;72;3395;55;221;282;296;237;263;250;221;276;211;187;146;236;160;115;91;62;76;3330;3091;37;110;2943;78;485;352;359;276;5185;357;1116;373;4828;352;759;332;4069;95;100;103;506;1232;663;282;186;2591;2058;513;6725;6212;5760;585;371;4804;6702;6689;463;732;708;628;817;692;-22.8138003;-50.0737669
2010;351960;35;3519600;IBITINGA;75.76;1.64;13.6;15.73;39.83;94.84;84.41;8.7;9.61;1.28;0.92;5.47;1.28;5.76;2.31;6.66;77.67;79.74;82.68;12.7;11.76;13.7;9.63;8.5;3.62;90.44;101.98;60.3;85.82;18.42;81.88;90.55;44;65.18;11.62;31.43;94.15;71.51;21.11;8.15;79.98;87.05;95.15;100;95.77;89.05;10.5;1.56;9.17;2.85;1.82;1.09;90.42;87.38;72.44;75.61;77.6;51.59;46.39;45.13;49.25;32.72;48.53;29.41;9.01;336.67;500;637;926.67;1310;0.43;0.42;0.41;2.33;5.13;12.19;25.01;36.4;5.87;50.21;16.45;30.69;49.79;78.85;8.85;6.1;791.99;232.25;2883.01;419.2;563.69;756.51;1986;792.19;39.56;108.63;190.37;0.32;22.34;1.65;6.17;15.93;4.57;0.03;75.69;58.16;37.65;26.23;1.17;9.28;35.34;1.6;9.26;75.35;88.51;94.9;1102.01;66.77;6.86;55.92;81.8;73.3;89.75;3.15;0;8;6.83;2.94;5.1;0.28;63.46;1.37;10.26;99.66;95.15;20.13;99.63;99.88;0.22;0.11;27.44;20.02;4.23;23.99;5.4;27.66;0;5.73;16.48;3.96;0.12;0.61;0.12;1652;1971;2210;2531;2458;2253;1982;1857;1759;1528;1276;1693;972;739;571;382;26212;378;1603;1940;2100;2416;2395;2166;2076;1996;1991;1625;1299;1655;1093;857;686;529;519;26946;31158;268;1434;29456;673;3128;2335;2373;1928;42566;2505;9244;2602;40061;2739;6739;2801;33322;652;654;637;3454;8274;4624;1934;1223;21722;17209;2101;53158;51057;46663;3911;2564;40188;52956;52942;516;758;747;667;846;738;-21.75623;-48.831903
2010;351970;35;3519709;IBIÚNA;74.91;2.15;16.03;17.97;47.51;94.54;83.6;7.35;10.2;2.21;1.88;8.7;1.97;9.23;2.7;10.71;77.48;79.86;84.72;13.46;13.41;12.61;9.06;6.72;2.68;93.24;102.2;66.59;65.86;16.36;85.47;90.55;50.15;57.92;6.37;15.47;93.99;72.16;15.42;8.4;69.32;78.91;91.26;96.97;95.76;89.82;14.59;2.25;8.94;3.71;1.89;0.5;90.25;87.4;65.51;71.93;71.95;43.28;37.46;45.46;47.11;28.11;49.5;24.26;6.43;218.33;340;500;756;1103.33;0.48;1.94;3.43;8.3;15.05;27.26;42.31;39.74;4.61;53.9;13.65;27.03;46.1;78.08;11.65;7.93;624.55;144.04;2482;282.17;417.8;595.44;1689.42;627.83;30.98;93.97;170.82;0.41;26.3;2.57;24.77;13.97;8.98;0.1;46.43;48.8;32.63;38.53;0.53;7.32;8.06;4.55;22.79;79;89.65;95.07;966.75;63.51;10.94;43.14;79.16;72.33;84.89;5.59;14.13;12.87;9.86;5.08;6.3;0.34;38.93;1.75;27.18;95.36;89.16;31.42;98.81;99.74;6.53;1.51;35.25;30.68;4.24;31.96;13.37;44.47;0.6;5.89;18.07;9.12;0.85;1.73;0.26;2638;3408;3241;3024;3058;2906;2654;2475;2311;1836;1610;2987;1408;1028;738;522;36216;372;2400;3432;3021;2955;3098;2765;2626;2304;2195;1876;1629;2831;1289;977;707;444;452;35001;38363;748;1665;35950;971;5472;4070;4150;3024;53503;3840;12236;3831;49663;3669;8396;3546;41267;1042;1048;1133;6138;14171;5237;3432;1876;26329;20356;46284;71217;24933;60403;6840;3860;49703;70850;70480;433;731;0.71;614;832;0.7;-23.6548363;-47.2210116
2010;351980;35;3519808;ICÉM;73.34;2.13;17.4;20.16;42.29;93.45;80.79;7.34;10.32;1.13;1.17;6.92;1.16;7.3;2.06;8.69;68.14;71;73.06;18.09;16.55;24.43;13.78;12.46;2.51;98.26;104.75;80.26;85.72;19.76;91.83;94.11;60.23;82.15;10.29;24.67;97.89;91.05;19.55;7.23;88.24;90.71;94.32;96.81;98.51;96.53;18.49;1.76;4.74;4.7;2.45;1.39;84.83;85.43;68.89;79.44;74.37;49.61;44.2;46.83;51.22;35.95;51.56;32.62;8.95;255;400;583.75;893.33;1250;0.45;1.11;2.75;5.11;11.25;19.89;34.7;35.19;5.27;50.26;14.89;29.17;49.74;78.18;9.45;6.75;690.78;182.02;2430.92;332.38;493;710.46;1735.01;690.78;32.45;96.77;182.02;0.35;17.57;0.63;20.88;8.61;6.82;1.39;70.58;56.85;43.24;35.89;2.24;9.94;18.11;0.42;16.34;65.65;84.59;93.58;1156.15;60.4;5.61;30.78;78.65;68.37;79.02;8.75;16.37;39.75;13.09;7.73;11.31;0.3;63.02;1.57;16.79;93.71;97.81;23.84;99.6;99.78;0.09;0.04;27.78;11.76;1.49;25.78;9.46;32.23;0;4.8;8.62;4.64;1.16;1.53;0.22;273;303;294;413;387;319;264;253;231;195;173;295;142;86;67;54;3795;46;247;290;312;332;327;299;265;256;234;213;195;238;133;115;92;57;62;3667;3881;33;115;3733;95;444;322;317;300;5480;343;1293;328;5137;378;950;401;4187;96;75;93;528;1209;548;273;170;2733;2118;1058;7462;6404;6426;593;373;5460;7448;7448;496;737;0.72;646;806;716;-20.3413103;-49.1970982
2010;351990;35;3519907;IEPÊ;73.85;2.02;16.6;19.17;48.12;93.76;81.57;11.44;11.12;1.23;2.38;8.27;1.59;8.71;1.22;9.93;83.33;87.78;76.29;8.89;6.33;17.66;7.79;5.89;6.05;88.51;96.83;67.4;96.88;30.47;86.05;90.93;52.46;77.96;20.64;21.4;97.81;75.64;22.53;5.63;90.28;92.66;94.88;97.32;97.9;91.61;10.11;0;8.6;1.09;4.36;2.75;95.62;89.6;69.81;80.42;89.31;51.04;44.4;67.84;69.27;38.03;69.91;32.6;8.3;243.33;366.67;510;800;1100;0.44;1.84;3.36;7.4;13.07;23.15;40.46;35.04;5.08;49.76;14.93;29.5;50.24;71.24;9.39;6.78;623.96;158.63;2186.61;307.24;454.4;647.27;1580.24;625.65;22.1;91.48;171.25;0.35;17.67;1.91;23.97;11.39;6.39;0.09;67.36;63.23;49.51;42.31;0.91;12.12;11.03;4.55;20.61;73.55;87.06;94.73;1034.87;52.88;3.8;31.5;70.52;59.83;76.74;8.3;31.31;21.14;16.75;7.65;11.23;0.33;47.81;10.55;18.38;98.25;95.05;19.18;99.61;99.78;3.83;3.69;23.27;9.72;2.1;23.67;8.6;36.8;1.33;14.67;12.95;9.18;2.42;1.92;0.22;241;302;324;294;293;270;260;274;258;232;199;255;149;139;114;75;3779;100;248;313;327;294;283;285;263;282;280;234;189;246;160;150;112;87;96;3849;3506;23;129;3354;99;486;357;369;273;6023;421;1239;403;5602;331;818;331;4784;117;97;88;533;1298;873;313;209;3042;2421;855;7628;6773;6630;615;410;5606;7580;7560;0.51;0.82;736;0.7;814;0.7;-22.660165;-51.077881
2010;352000;35;3520004;IGARAÇU DO TIETÊ;75.3;2.01;14.3;16.53;40.51;94.59;83.73;7.08;10.5;1.91;1.99;9.52;1.5;10.05;2.93;11.88;79.95;82.12;84.45;12.63;10.89;13.67;7.41;6.99;1.88;95.02;105.01;66.49;67.12;16.93;89.77;95.64;56.88;58.2;9.69;20.7;98.14;77.27;17.71;6.8;83.06;88.5;94.46;100;98.83;93.24;11.71;0.66;19.31;1.98;1.55;0;96.39;93.24;73.48;79.72;79.7;46.1;38.83;54.5;50.8;30.4;53.25;25.98;5.45;266.67;400;552.5;785;1053;0.36;0.68;0.98;4.13;8.69;18.67;34.15;27.75;6.51;42.99;18.08;34.35;57.01;74.67;6.14;4.75;590.77;192.29;1639.22;341.89;480.44;669.35;1269.28;590.77;31.19;99.56;186.58;0.23;10.42;0.82;17.69;12.59;7.79;0.46;77.92;53.07;36.3;32.48;1;6.08;20.88;2.6;12.27;73.54;90.39;97.72;927.43;61.19;5.36;36.06;81.56;69.16;88.67;8.27;29.8;35.34;17.77;7.12;6.25;0.15;71.82;1.55;13.48;99.94;99.6;24.53;99.73;100;0;0.09;27.84;16.94;1.17;25.23;7.58;30.84;0;6.83;17.12;7.53;1.19;1.5;0;792;930;1056;1080;1051;979;857;934;835;702;489;860;373;261;197;136;11653;121;767;943;970;1104;999;964;925;925;836;681;502;789;365;304;243;208;184;11709;12293;102;417;11774;339;1519;1140;1132;913;18281;1206;4210;1200;17075;1231;3004;1226;14071;307;332;316;1671;3986;1654;943;559;9210;7136;134;23362;23228;20089;1909;1156;17024;23255;23255;461;797;727;664;838;691;-22.509044;-48.559672
2010;352010;35;3520103;IGARAPAVA;75.08;2.15;13.5;15.66;43.48;94.12;83.56;9.46;10.31;1.56;1.39;8.14;2.84;8.56;5.21;9.74;72.66;75.76;82.64;17.66;16.75;16.19;9.67;7.49;1.17;103.34;108.77;88.26;86;21.4;90.09;93.78;56.52;68.78;12.6;32.81;97.88;82.37;23.54;8.41;91.4;92.76;93.56;95;97.83;93.74;20.07;1.01;6.05;6.87;1.16;0.65;94.96;90.9;69.55;75.35;81.1;53.8;48.2;41.85;49.78;34.41;50.8;31.26;10.68;292;423.5;591.67;928.67;1350;0.67;1.17;2.11;3.15;6.85;15.36;27.84;62.15;3.36;70.66;9.05;17.32;29.34;76.05;27.47;15.66;1228.09;206.28;7632.9;349.41;507.64;738.03;4350.28;1228.59;31.92;84.22;185.42;0.85;13.5;2.48;9.72;13.76;4.73;0;75.75;61.52;42.03;37.17;0.86;13.2;30.02;2.35;13.3;67.04;83.57;93.46;2002.93;59.27;5.85;34.21;74.01;66.17;82.88;7.88;9.11;43.82;14.03;6.71;10.46;0.84;62.89;4.42;14.37;96.54;97.68;20.57;99.21;99.96;0.24;0;27.14;8.6;2.17;23.93;5.47;29.65;2.19;9.14;10.04;5.89;1.31;1.25;0.04;921;1035;1108;1443;1346;1200;981;900;958;791;585;955;480;391;298;210;13842;240;929;1039;1136;1165;1247;1090;980;1009;928;843;710;947;581;486;410;284;326;14110;14344;121;447;13776;350;1672;1269;1252;1149;22126;1299;4852;1321;20827;1394;3553;1459;17274;351;407;377;1897;4441;2645;1039;668;11195;8894;1590;27952;26362;24200;2074;1306;20820;27724;27713;538;0.75;768;671;835;809;-20.0411471;-47.7477444
2010;352020;35;3520202;IGARATÁ;76.28;1.88;12.8;14.85;47.11;95.11;85.15;8.2;9.75;2.19;0.66;9.96;1.62;10.63;2.29;12.32;70.43;70.22;96.62;16.83;18.6;0;12.74;11.18;3.38;100.91;113.23;60.41;60.46;15.1;88.4;94.86;41.52;56.31;6.24;18.56;98.09;86.93;22.02;14.71;83.7;88.89;98.42;100;99.1;96.26;17.79;3.12;17.22;2.28;2.39;0;91.35;93.22;68.94;77.7;74.18;44.67;38.88;30.93;42.01;23.81;39.57;20.24;5.02;225;340;500;766.67;1050;0.41;0.78;0.92;7.25;14.96;25.01;40.24;32.12;5.72;47.42;16.02;31.02;52.58;76.39;8.02;5.97;561.31;160.43;1803.18;289.06;421.03;605.1;1342.43;561.31;32.69;110.67;177.75;0.29;16.98;0.39;6.91;10.58;13.32;0;55.6;49.89;28.3;48.32;0.14;5.81;12.76;4.45;20.02;81.21;91.62;96.67;860.02;61.47;8.68;34.65;79.78;69.98;82.3;4.64;8.72;24.25;9.07;3.94;4.01;0.24;50.75;1.09;26.57;85.26;87.26;33.03;98.12;99.43;6.36;0.59;27.93;16.3;0.9;28.1;11.25;39.64;0;2.42;18.59;5.85;0.57;1.29;0.57;316;426;374;337;370;341;310;306;283;265;250;368;198;156;101;59;4522;62;281;381;372;361;330;342;335;326;267;248;229;332;159;122;92;67;65;4309;4620;70;142;4407;131;640;465;482;345;6727;454;1444;428;6273;427;990;427;5283;121;138;132;729;1679;724;381;224;3315;2582;1826;8831;7005;7515;807;411;6298;8772;8772;447;724;711;616;855;683;-23.2063475;-46.156934
2010;352030;35;3520301;IGUAPE;75.84;2.35;13.5;15.6;55.26;94.88;84.51;10.87;10.09;2.1;1.87;7.99;1.23;8.47;2.64;9.58;74.35;75.4;86.51;14.99;14.97;12.06;10.67;9.63;1.43;97.89;107.05;70.87;70.48;14.54;88.57;92.84;47.86;64.58;4.97;22.61;98.89;76.57;17.87;9.35;86.71;91.8;95.93;100;99.51;93.71;15.9;1.55;20.18;4.31;4.13;0.71;93.24;90.48;64.24;69.13;75.9;48.1;43.89;50.79;48.26;32.02;48.23;29.56;9.05;146;270;430;723.33;1133.33;0.55;6.09;12.23;18.75;32.85;37.57;57.63;43.44;3.17;59.19;10.37;21.97;40.81;64.15;16.76;11.41;588.36;93.27;2555.75;211.66;341.34;554.38;1738.94;591.3;38.51;90.3;145.78;0.55;31.6;1.22;20.57;17;9.54;0.09;45.77;57.63;40.84;41.56;1.68;11.96;5.94;6.9;28.91;78.3;87.9;95.39;898.54;52.69;5.17;22.22;65.99;61.52;74.42;7.84;7.6;22.99;20.11;7.4;11.19;0.38;31.64;4.15;25.5;90.58;93.75;32.51;93.63;98.66;4.98;1.53;28.01;13.29;0.49;27.9;11.95;44.31;0;5.55;16.8;16.07;0.24;3.09;1.34;999;1373;1254;907;973;994;1061;946;938;886;743;1250;634;539;460;265;14462;240;946;1331;1153;930;1004;1080;1002;986;959;778;739;1236;602;588;448;298;299;14379;12844;140;356;12347;367;2144;1580;1609;1152;21680;1552;4236;1466;20128;1228;2684;1113;17444;418;455;507;2577;5788;3135;1329;746;10853;8774;4154;28841;24687;24378;2704;1603;20071;28708;28565;481;761;726;653;847;691;-24.7042692;-47.5563733
2010;352040;35;3520400;ILHABELA;75.56;1.96;12.8;14.85;42.77;94.4;84.25;5.51;10.63;1.19;1;5.22;1.18;5.51;1.53;6.46;77.76;80.7;81.97;11.35;10.05;16.53;10.89;9.25;1.5;92.52;102.83;63.3;70.05;15.32;86.58;92.22;44.54;58.69;5.98;36.18;97.23;80.6;12.89;8.67;95.01;96.93;96.35;100;98.33;93.71;15.36;0.59;22.69;2.02;3.78;0.64;90.56;90.14;60.52;66.82;76.68;59.89;56.16;50.68;51.52;40.86;52.95;38.49;10.85;275;427.5;600;940;1530;0.49;1.28;2.38;4.48;8.73;18.12;29.66;40.17;4.64;54.68;13.49;26.5;45.32;80.15;11.91;8.09;794.57;184.29;3191.83;351.72;516.62;748.01;2169.24;798.38;18.19;89.63;175.87;0.41;19.98;2.94;2.69;12.66;14;0.28;58.39;61.54;42.56;61.98;0.62;9.2;3.01;2.97;14.42;71;84.84;92.84;1134.8;70.14;9.77;45.27;79.75;79.55;86.15;7.47;52.18;31.09;11.79;5.73;2.79;0.29;46.38;4.77;23.1;81.89;89.48;36.92;99.45;99.09;7.66;0.66;23.51;4.99;1.67;20.96;5.89;26.24;0;7.03;18.05;8.97;0.28;0.7;0.91;1110;1323;1206;1388;1408;1339;1141;1053;859;685;564;1151;389;295;184;124;14329;110;1013;1150;1117;1268;1415;1340;1133;994;872;665;519;1142;392;292;238;144;173;13867;16595;237;701;15657;428;1939;1483;1433;1256;21246;1398;4971;1343;19848;1437;3573;1483;16275;428;440;437;2378;5304;1554;1147;673;10536;8154;194;28196;28002;23659;2429;1548;19682;28026;27892;599;745;756;693;843;739;-23.816628;-45.368685
2010;352042;35;3520426;ILHA COMPRIDA;74.36;1.69;15.7;18.2;50.65;94.06;82.35;10.23;10.15;2.26;1.56;5.04;1.97;5.29;2.52;5.7;67.77;70.33;74.7;17.74;18.16;22.19;14.49;11.51;3.11;91.69;99.62;67.7;92.76;22.59;87.58;89.57;48.97;82.69;4.43;35.26;97.68;88.63;16.94;8.37;89.96;92.6;93.56;100;98.18;95.81;20.84;2.35;7.27;3.68;3.88;1.15;91.15;89.51;68.93;80.36;81.73;54.2;50.75;41.93;43.24;32.07;44.13;30.67;6.67;216.67;336.67;510;855;1233.33;0.46;2.1;2.51;11.23;16.4;30.71;44.72;33.99;4.43;50.52;13.21;27.37;49.48;62.22;10.29;7.68;608.83;134.81;2069.34;267.34;431.05;672.99;1543.28;610.14;34.05;95.65;171.67;0.38;38.38;2.72;7.33;18.69;16.79;0;42.4;62.64;40.51;48.29;0.6;8.72;4.91;3.41;24.25;73.26;85.52;96.16;940.68;49.08;7.53;21.66;64.22;56.37;72.07;9.79;33.68;25.25;20.21;8.96;11.36;0.27;27.17;3.5;25.05;97.72;97.25;31.75;97.45;99.35;0.48;0.7;21.85;10.04;1.82;24.72;9.97;41.13;0;8.63;14.75;12.97;0.66;1.94;0.65;294;432;346;229;261;273;239;283;306;333;333;357;287;222;151;73;4475;56;289;404;328;276;304;304;310;315;354;351;300;323;265;178;123;69;57;4550;3816;63;99;3655;97;664;500;490;340;6840;450;1160;388;6390;329;710;331;5680;133;115;124;725;1700;923;401;209;3494;2900;0;9025;9025;7775;836;457;6483;8894;8875;542;739;725;666;823;696;-24.7445292;-47.5525529
2010;352044;35;3520442;ILHA SOLTEIRA;77.24;1.48;11.5;13.34;38.86;95.6;86.49;9.38;12.13;1.18;0.8;4.28;0.84;4.5;0.87;5.16;75.28;82.43;66.74;17.44;15.68;22.38;7.28;1.89;10.88;101.17;103.97;95.34;82.47;52.22;93.1;92.95;67.25;65.28;23.07;46.49;99.13;91.64;37.64;20.04;93.07;95.06;98.06;100;99.26;96.79;14.58;0.35;12.9;6.58;5.55;1.75;98.33;95.99;80.8;86.91;93.68;66.9;62.42;61.04;66.56;50.32;67.27;47.6;18.87;377.4;566.67;770;1350;2325;0.48;0.76;1.59;2.58;4.85;9.74;19.23;38.46;4.7;54.63;13.74;26.26;45.37;66.08;11.19;7.96;1063.04;249.92;4087.99;480.5;665.48;1015.81;2905.97;1063.56;38.28;86.75;174.22;0.4;19.05;2.62;8.6;14.52;6.88;0.24;67.19;73.62;56.43;51.61;5.62;19.88;7.99;5.33;18.87;60.55;75.18;88.53;1427.08;58.89;7.65;28.93;65.58;66.11;84.46;4.94;15.48;5.16;9.13;4.81;12.92;0.43;51.1;6.57;15.68;98.71;99.3;12.05;98.13;99.74;0.11;0.37;8.88;6.93;0.74;10.67;1.58;25.1;0;0;2.88;2.06;0.09;1.23;0.26;684;960;1064;1032;830;863;952;964;872;803;678;741;575;453;349;212;12199;167;687;911;1044;1007;905;984;1102;1056;971;891;791;664;679;467;319;185;202;12865;13182;143;407;12632;265;1520;1120;1176;815;20346;1256;4130;1287;19090;1231;2874;1208;16216;290;291;282;1462;3803;2350;910;616;10567;8524;1544;25064;23520;22384;1871;1406;19107;24998;24986;669;846;812;782;871;786;-20.4281001;-51.3410871
2010;352050;35;3520509;INDAIATUBA;75.22;1.51;13.37;15.51;38.78;94.38;83.17;6.88;10.68;0.81;0.72;3.38;0.6;3.55;0.68;4.15;75.47;76.81;84.19;14.25;13.73;13;10.28;9.46;2.81;100.88;107.68;82.25;77.95;40.08;88.94;93.64;59.43;68.44;18.21;36.65;97.91;86;30.23;15.73;88.99;91.75;96.24;97.27;98.18;94.92;12.68;1.21;14.59;4.69;1.44;1.52;89.77;89.04;75.17;81.02;86.09;65.65;61.49;51.7;61.09;47.92;60.56;45.24;15.04;400;591.33;833.33;1370;2150;0.47;0.17;0.29;1.43;2.86;7.27;13.39;38.31;5.22;53.66;14.25;27.05;46.34;81.05;10.75;7.57;1098.31;286.65;4207.54;495.96;703.1;1058.88;2960.9;1098.31;29.74;105.49;190.98;0.38;16.64;2.98;2.39;13.76;8.02;0.11;75.98;72.7;54.6;38.01;0.84;16.01;27.07;0.95;7.26;54.47;72.47;86.2;1670.05;65.05;4.39;39.27;80.95;73.14;88.13;6.42;30.11;22.47;10.9;5.71;7.38;0.36;64.26;3.27;12.15;99.32;98.61;25.4;99.79;100;0.32;0.19;14.07;11.01;1.82;13.24;2.39;22.47;0;4.66;11.4;2.5;0.07;0.63;0;6551;8082;8473;9518;9755;8996;7930;7435;6719;5664;4539;7008;3344;2390;1721;1044;100178;1009;6360;7688;8051;9012;9554;9048;8000;7679;7109;5984;4838;6769;3631;2557;2093;1392;1676;101441;113922;692;3847;109383;2556;12657;9535;9485;7646;159141;9788;35052;9725;149353;10396;25264;10810;124089;2707;2778;2659;14110;33379;13878;7687;4709;80613;63552;2027;201619;199592;175121;15770;9797;149554;201009;201009;657;782;788;738;837;791;-23.09028;-47.21806
2010;352060;35;3520608;INDIANA;75.56;1.85;13.9;16.08;42.33;94.73;84.11;10.53;12.55;2.11;1.22;6.59;1.19;6.95;1.06;8.06;85.52;85.79;90.05;8.79;11.36;3.15;5.69;2.85;6.8;98.48;98.74;97.82;77.66;26.9;92.26;91.13;76.52;72.64;20.1;22.81;97.53;90.96;28.52;4.47;92.15;94.21;97.54;100;97.96;95.98;6.8;1.4;19.52;3.73;4.66;2.45;98.8;97.07;85.68;87.36;89.46;53.54;46.5;61.25;72.39;37.97;69.15;31.22;6.59;266.67;404;560;825;1200;0.45;1.18;1.96;4.42;8.79;18.69;35.75;35.97;5.34;50.38;15.26;29.65;49.62;77.46;9.43;6.65;681.29;182.05;2450.57;337.88;489.99;680.42;1729.48;681.76;46.22;91.91;175.31;0.35;18.54;2.41;12.96;14.81;7.65;0.07;66.08;64.82;46.6;39;0.64;9.28;22.23;2.84;15.99;71.13;84.83;93.57;1126.78;59.72;10.03;34.83;78.2;66.36;83.12;9.44;27.29;30.24;18.58;8.46;11.49;0.35;50.19;9.14;16.88;99.63;99.46;16.89;100;99.77;0;0.14;18.86;7.85;2.04;21.42;5.14;34.88;0;5.52;15.17;5.24;0.82;2.52;0.23;135;187;223;216;201;204;169;178;181;111;129;150;104;79;57;57;2423;42;136;183;181;215;176;186;189;184;147;172;117;136;107;100;73;50;50;2402;2544;37;82;2425;69;285;193;226;154;3898;245;835;233;3653;256;590;266;3063;48;55;60;316;786;508;183;109;1947;1551;698;4825;4127;4260;370;236;3654;4819;4816;535;858;761;733;843;714;-22.1748508;-51.2534615
2010;352070;35;3520707;INDIAPORÃ;75.11;1.57;14.6;16.86;43.53;94.48;83.46;13.37;10.77;2.45;1.23;11.38;2.83;11.92;4.41;13.38;79.84;84.52;76.91;9.8;9.21;11.95;10.36;6.27;11.14;95.08;102.11;75.79;115.75;35.15;90.36;93.16;55.76;75.89;26.33;52.29;98.83;80.6;30.85;5.36;91.53;93.96;96.32;100;98.41;93.65;15.75;0;6.9;2.11;4.07;4.18;91.76;93.51;78.29;88.12;86.9;51.19;45.29;68.02;63.92;36.14;67.04;31.55;8.9;253.33;387.5;510;825;1200;0.47;1.42;2.57;4.6;9.69;23.12;39.34;38.7;5.1;53.51;14.26;27.8;46.49;71.18;10.86;7.55;680.85;173.78;2634.82;311.59;461.03;636.21;1833.36;680.85;49.51;94.23;186.26;0.39;19.31;1.27;23.08;8.34;8.8;0;51.18;60.01;43.73;43.38;1.9;11.73;10.04;2.7;25.12;72.26;87.01;94.09;1106.47;52.19;5.2;36;58.95;56.71;79.55;5.43;0;7.15;18.76;5.42;6.41;0.43;43.36;1.19;32.39;99.37;99.37;7.35;98.48;100;0.15;1.19;22.98;8.47;1.59;25.34;7.21;39.67;0;0;6;9.68;0.54;3.18;0;96;115;145;162;144;146;125;130;138;132;117;114;106;96;63;39;1920;52;89;133;143;138;151;134;133;142;128;174;123;112;110;96;66;46;65;1983;1828;13;53;1763;34;204;146;149;120;3233;163;587;175;3070;187;424;188;2646;31;55;39;214;521;522;133;79;1643;1363;524;3903;3379;3503;248;147;3108;3848;3848;512;836;751;0.71;835;714;-19.9802644;-50.2906035
2010;352080;35;3520806;INÚBIA PAULISTA;75.95;1.7;13.3;15.42;45.09;94.94;84.67;10.96;11.34;2.13;1.71;9.71;0.97;10.23;2.46;11.91;81.73;81.86;88.92;12;12.49;7.72;6.27;5.65;3.36;88.13;97.87;65.07;71.8;19.45;83;91.83;42.4;68;12.45;7.29;97.78;89.45;19.24;6.12;85.61;88.54;97.19;100;98.26;95.64;6.95;0;13.62;4.89;5.4;1.64;95.67;98.88;87.29;94.02;89.63;53.88;47.73;73.75;68.96;39.84;78.88;34.83;6.81;282;385;503.33;717.5;1000;0.37;0.48;0.36;1.81;3.83;16.31;28.11;30.99;7.47;45.03;19.16;34.63;54.97;75.62;6.47;4.65;576.91;215.39;1787.9;337.29;446.21;586.66;1286.33;578.56;8.21;94.72;200.46;0.23;9.65;0.41;23.28;20.82;3.18;0;78.18;66.24;50.28;27.37;0.52;9.62;23.94;3.12;16.13;79.76;92;97.99;910.16;59.95;5.06;47.3;83.07;67.02;88.27;9.04;35.05;29.35;25.39;7.78;7.5;0.23;73;0.95;14.01;92.27;99.76;12.76;100;100;0.07;0.34;16.89;14.39;1.74;19.14;3.83;30.44;0;2.77;10.88;5.18;0.33;1.78;0;105;158;149;157;146;156;126;120;128;117;97;114;62;69;45;40;1821;32;109;144;128;158;140;129;139;135;131;110;80;117;76;60;58;44;51;1809;1916;15;93;1808;43;235;179;177;123;2873;175;589;174;2698;159;414;173;2284;42;59;40;216;556;398;135;83;1432;1149;453;3630;3177;3196;302;196;2698;3585;3575;539;885;759;0.75;849;688;-21.7705076;-50.9614046
2010;352090;35;3520905;IPAUSSU;74.66;2.21;15.3;17.67;48.51;94.23;82.78;9.09;10.13;1.87;1.01;7.02;1.27;7.45;2.75;8.71;70.87;73.98;76.41;17.25;16.16;21.19;11.88;9.86;2.4;94.52;104.33;68.91;98.92;29.19;89.62;95.21;55.43;83.4;13.07;21.68;98.51;81.74;23.32;11.76;93.79;94.92;98.48;97.08;97.89;93.42;16.49;1.51;7.69;3.57;1.18;1.15;89.04;90.7;67.83;77.03;84.47;46.95;39.73;50.59;55.36;32.5;54.67;28.09;6.82;252.86;370.8;520;770;1133.5;0.48;0.34;0.63;5.14;12.4;23.13;39.71;39.86;5.37;53.42;14.26;27.68;46.58;74.64;11.18;7.49;677.42;182;2700.32;301.06;454.51;640.01;1810.11;677.42;60.08;107.8;191.73;0.4;13.27;2.13;10.47;12.27;6.16;0.18;76.95;57.79;41.14;35.67;0.62;8.92;33.14;1.49;12.36;74.44;88.76;95.48;1143.18;55.14;2.98;27.86;73.5;63.19;81.33;6.83;40.29;43.36;12.52;5.45;8.83;0.38;67.75;1.79;13.76;99.39;99.91;22.15;100;99.88;0;0;30.69;6.21;2.11;26.33;9.29;34.89;0;7.16;12.96;8.71;1.24;2.02;0.12;512;601;574;672;571;569;509;459;425;368;308;517;257;194;141;112;6893;104;504;597;552;549;518;530;506;409;472;371;313;490;268;252;167;120;152;6770;6466;34;205;6227;203;962;710;732;610;10442;695;2347;678;9747;678;1652;714;8095;203;200;199;1043;2474;1242;597;345;5179;4078;1075;13663;12588;11727;1136;735;9855;13634;13634;0.47;765;727;0.65;828;713;-23.0544285;-49.6264306
2010;352100;35;3521002;IPERÓ;73.86;2.35;16.6;19.16;42.25;93.77;81.58;5.43;10.37;2;1.23;5.04;1.34;5.32;1.55;6.25;75.78;80.65;78.53;14.51;12.87;18.13;9.71;6.48;3.34;96.37;105.88;68.13;58.73;11.76;90.53;94.1;53.6;53.47;7.54;14.67;98.54;85.54;16.8;5.73;75.76;84.17;97.78;98.74;98.94;95.56;21.46;0.5;17.54;3.09;1.65;0;92.79;92.77;67;80.69;77.07;52.2;46.37;47.43;46.85;34.33;55.58;31.39;4.64;250;350;510;725;1005;0.4;2.19;3.34;7.35;12.05;21.59;33.71;30.4;5.57;45.51;16.53;32.26;54.49;77.84;7.35;5.54;551.75;153.77;1677.04;302.36;433.81;613.31;1262.83;553;30.76;85.17;160.37;0.29;16.64;1.17;5.97;9.53;13.69;0.34;69.79;65.13;45.16;34.38;0.74;6.17;27.77;3.09;12.44;75.94;89.76;96.49;990.01;52.45;2.55;34.88;66.13;60.11;67.21;8.29;15.48;19.39;13.27;7.77;9.53;0.21;60.9;4.31;14.21;96.55;89.49;36.56;100;99.78;1.86;1.63;22.16;24.24;1.06;21.08;7.16;33.32;0;7.13;20.25;9.05;1.02;0.81;0.22;1055;1310;1265;1673;1732;1462;1146;984;908;781;629;1115;397;303;222;111;15209;116;1062;1230;1141;1176;1227;1096;950;833;832;706;552;1098;404;277;213;165;129;13091;12560;65;513;11982;432;2004;1525;1504;1211;21430;1459;5255;1394;19971;1508;3796;1607;16175;474;441;426;2308;5355;1536;1230;702;9701;7384;10837;28300;17463;23944;2540;1470;19934;26427;26367;522;763;719;672;814;0.68;-23.3508977;-47.687611
2010;352110;35;3521101;IPEÚNA;75.7;2.31;12.6;14.61;46.84;94.48;84.44;7.6;10.83;1.5;1.21;5.78;1.29;6.13;1.65;7.22;77.35;79.9;80.06;10.46;8.74;13.74;12.18;11.36;6.2;92.17;101.66;65.67;67.8;19.66;86.97;94.53;51.9;60.65;12.98;38.86;97.16;83.22;21.22;5.03;91.32;93.92;98.83;100;98.8;94.69;11.29;1.13;8.45;3.76;0.95;0.94;89.69;91.13;75.48;80.99;77.51;51.4;45.51;52.43;55.33;33.78;61.15;28.93;8.27;287.86;453.33;626.2;992.5;1455;0.46;0.66;1.19;3.87;7.94;16.1;30.22;37.82;4.92;52.3;14.64;28.27;47.7;80.12;10.33;7.19;785.15;193.32;2969.74;381.55;534.84;762.84;2065.39;787.35;13.52;92.55;174.02;0.38;18.24;0.8;12.82;11.6;7.12;1.71;73.36;58.17;40.25;27.69;1.08;10.03;31.61;3.04;13.96;67.79;84.72;93.65;1218.06;64.37;5.93;39.13;88.2;73.56;87.86;4.17;19.77;17.34;7.59;3.47;3.97;0.32;65.31;1.71;10.9;99.1;99.59;34.45;100;100;0.26;0.28;22.8;8.68;1.2;22.36;6;28.97;0;7.41;14.76;3.62;0;0.95;0;221;256;302;315;276;279;242;190;171;160;119;245;89;84;86;35;3110;40;230;267;256;234;268;237;215;203;164;139;141;243;97;67;66;36;43;2906;3272;31;129;3112;89;400;292;300;267;4554;331;1107;336;4223;348;776;327;3447;95;93;91;518;1128;457;267;151;2166;1676;838;6016;5178;5083;523;329;4231;5961;5945;514;791;753;685;845;737;-22.4356582;-47.7146714
2010;352115;35;3521150;IPIGUÁ;75.33;1.74;14.2;16.47;43.6;94.61;83.78;10.24;10.24;0.72;0.95;6.93;1.59;7.3;2.09;8.32;73.53;75.74;79.1;14.85;12.13;20.9;11.62;12.13;0;97.85;103.34;81.31;89.02;21.76;91.31;92.75;61.69;70.97;12.28;17.16;98.58;85.18;22.59;10.45;80;87.94;100;100;98.5;95.18;16.31;4.38;3.07;3.97;2.98;0;89.83;93.74;74;82.33;84.04;47.38;40.68;52.11;57.31;27.34;64.2;21.86;3.52;296.67;407.5;575;805;1050;0.36;1.34;1.51;3.51;4.57;16.94;29.76;27.96;6.45;43.18;18.13;34.49;56.82;75.46;6.17;4.76;608.53;196.29;1701.68;355.43;497.53;679.51;1313.1;609.23;38.39;88.2;182.02;0.24;18.3;2.81;14.95;16.98;10.73;0;64.28;59.42;36.12;37.58;1.19;5.05;16.32;3.02;12.43;71.03;88.15;96.84;1016.73;53.66;1.51;17.62;76.24;61.04;75.85;5.24;38.13;15.92;12.42;4.98;4.29;0.22;54.17;4.47;17.33;90.85;98.9;17.19;100;99.71;0.61;0.29;24.54;20;1.5;27.23;6.23;39.39;1.2;6.43;4.04;5.32;0.19;2.06;0.29;148;183;182;191;155;186;163;170;138;137;125;142;121;85;69;32;2267;40;123;160;168;174;180;175;162;155;165;131;136;142;94;77;66;44;44;2196;2098;5;34;2059;68;278;207;198;159;3565;211;715;215;3354;209;504;213;2850;44;65;52;284;714;457;160;105;1771;1429;1766;4463;2697;3910;343;194;3373;4460;4455;474;0.79;0.73;666;839;696;-20.657282;-49.3881146
2010;352120;35;3521200;IPORANGA;73.96;2.88;16.4;18.96;59.14;93.83;81.73;9.03;11.78;2.84;1.73;12.59;0.85;13.71;4;16.32;80.37;84.73;84.52;10.82;10.24;14.21;8.82;5.03;1.28;101.03;105.83;87.7;69.76;23.78;92.76;94.72;62.5;69.76;15.03;1.25;96.48;85.14;25.23;8.33;89.3;91.39;94.03;95.62;97.26;94.05;18.93;0.58;17.8;9.63;2.12;1.78;94.58;94.78;74.39;79.53;86.77;47.92;39.85;52.37;56.74;34.28;54.47;29.61;5.5;118.75;202;328.29;528.33;877.5;0.53;9.62;15.4;25.24;42.25;50.92;71.93;39.97;2.95;56.88;10.44;22.85;43.12;65.76;15.32;10.89;421.14;62.05;1683.47;157.78;261.26;426.81;1197.18;427.05;27.33;76.13;136.94;0.52;21.01;1.79;39.59;5.05;9.28;0.35;39.42;52.91;39;38.55;1.02;7.7;2.18;20.95;47.83;87.02;93.3;96.42;613.99;60.62;13.52;43.03;72.91;70.64;81.97;6.49;6.47;11.26;22.24;6.2;7.98;0.36;34.03;1.17;22.49;84.02;87.81;37.29;99.91;88.89;4.21;14.12;26.03;10.7;2.74;25.15;15.17;43.39;0;6.69;16.89;16.55;2.06;4.19;11.11;159;236;218;160;184;172;145;119;121;112;91;188;61;69;62;39;2171;35;174;258;220;166;144;159;140;121;112;121;77;189;63;57;48;52;27;2128;2175;67;120;1988;61;388;285;294;194;3075;289;759;271;2786;223;470;201;2316;77;89;87;392;971;388;257;139;1498;1115;1898;4299;2401;3588;494;280;2814;4274;4215;479;788;703;668;816;637;-24.5843214;-48.594028
2010;352130;35;3521309;IPUÃ;75.9;2.13;13.4;15.49;42.88;94.92;84.61;6.4;10.82;1.89;1.38;9.14;2.4;9.7;4.24;11.33;73.09;76.01;82.25;15.35;15.33;14.84;11.56;8.66;2.9;100.76;112.79;66.07;80.55;23.84;86.14;91.61;40.68;74.34;13.67;30.49;95.83;79.79;27.24;15.84;90.17;93.51;98.19;100;97.99;93.3;19.42;1.52;11.86;3.77;3.56;2.83;90.65;89.46;66.45;74.15;81.7;49.08;41.89;46.39;51.2;31.36;51.9;26.98;7.59;262.5;398.33;533.33;810;1156;0.59;0.72;0.62;4.06;7.32;19.08;32.47;52.46;4.11;63.47;11.41;21.88;36.53;68.94;18.39;11.12;900.48;185.18;4723.8;328.58;471.44;659.75;2855.79;901.67;26.63;100.43;181.46;0.64;12.98;1.37;15.95;9.6;5.59;0;71.57;58.96;39.52;38.46;0.46;10.1;24.37;1.1;14.96;66.44;84.43;94.1;1422.45;57.44;8.51;33.72;76.67;64.87;78.94;9.23;38.22;34.4;14.23;7.84;7.92;0.52;65.02;1.17;18.52;99.18;95.82;21.03;99.69;100;0;0;30.17;9.83;2.01;25.57;8.11;34.82;1.96;11.97;13.18;5.22;0.51;1.07;0;482;588;598;752;765;671;564;467;445;362;295;582;245;132;126;80;7210;56;501;593;583;627;625;588;518;463;434;345;312;595;243;170;140;105;96;6938;6910;100;247;6562;191;953;707;729;573;10807;726;2560;690;10081;713;1834;751;8247;219;247;222;1158;2606;905;593;356;5249;4039;586;14148;13562;12030;1181;734;10115;14111;14093;491;754;749;654;848;759;-20.4441839;-48.012504
2010;352140;35;3521408;IRACEMÁPOLIS;76.76;1.73;11.2;12.99;39.51;95.06;85.92;7.28;10.18;0.9;0.89;3.45;0.89;3.6;1.04;4.17;75.33;76.13;82.35;16.92;15.61;16.62;7.76;8.25;1.02;90.01;96;72.55;65.01;28.69;84.53;89.1;59.91;60.23;16.86;30.43;94.38;86.77;26.7;10.94;77.96;85.28;98.34;100;95.68;93.4;9.09;0.42;9.84;2.51;0.76;0;81.55;81.3;79.04;86.69;87.38;60.28;54.55;61.67;66.91;42.58;68.56;37.45;8.55;360;527.5;720;1051;1433.33;0.4;1.18;2.28;2.93;6.66;10.5;18.79;31.09;6.01;46.15;17.09;32.3;53.85;78.66;7.28;5.41;808.74;243.1;2514.73;447.89;615.31;871.36;1869.82;809.14;39.73;83.91;173.25;0.28;15.83;2.47;3.68;11.11;6.29;0.36;79.62;70.23;50.72;33.16;0.68;10.33;30.51;0.83;9.36;58.73;77.63;92.44;1289.96;58.05;3.33;28.14;77.4;65.49;82.04;8.52;24.09;28.32;13.68;7.92;8.19;0.23;67.95;2.66;10.71;99.66;93.95;22.85;100;100;0;0.27;16.83;22.04;4.32;15.01;3.25;26.91;0;3.22;11.97;4.66;0.11;0.99;0;682;757;766;1034;1039;849;799;742;655;624;452;714;274;254;169;116;10046;120;620;776;806;887;991;845;785;716;736;586;429;662;343;262;219;158;162;9983;10050;51;253;9746;262;1218;899;926;773;15781;900;3485;872;14881;1066;2585;1111;12296;264;277;288;1405;3233;1459;773;456;7908;6217;413;20029;19616;17314;1533;899;14882;19969;19959;603;802;776;729;863;742;-22.583234;-47.522963
2010;352150;35;3521507;IRAPUÃ;75.63;2.19;13.8;15.96;41.95;94.77;84.21;8.89;9.96;0.68;0.66;10.08;2.81;10.6;4.85;12.34;75.14;76.91;80.4;12.55;11.71;16.27;12.31;11.38;3.33;90.31;99.22;63.29;121.48;11.81;85.06;89.85;50.35;80.02;6.64;30.8;95.5;82.79;10.02;4.79;94.03;96.43;98.75;100;97.93;94.18;12.49;0.42;14.01;1.4;2.53;0;89.07;87.42;77.79;75.65;67.94;42.28;36.62;37.45;35.34;26.35;39.48;24.37;5.75;270;400;539.33;775;1003.33;0.36;0.13;0.32;3.8;9.7;18.44;35.31;28.34;6.7;42.77;18.24;34.65;57.23;76.71;6.21;4.7;579.58;194.06;1642.41;334.66;475.32;654.34;1241.64;579.58;36.25;104.88;188.11;0.22;16.36;0.14;33.81;12.58;3.54;0.09;72.03;49.37;31.42;25.77;0.17;5.72;18.42;0.79;16;80.34;92.79;97.98;855.46;62.28;11.56;45.26;79.35;68.32;82.08;2.52;33.73;15.24;2.78;1.5;1.86;0.16;61.72;4.58;16.49;99.24;100;24.87;99.65;100;0;0;28.68;5.97;2.07;28.95;6.44;34.75;0;6.93;20.98;5.06;0.41;0.7;0;236;286;317;436;388;330;246;228;226;231;189;219;174;104;74;58;3803;61;261;256;248;296;292;255;245;236;236;214;206;245;132;112;89;71;78;3472;3921;63;143;3716;83;441;315;335;309;5772;302;1297;334;5470;411;995;418;4475;105;87;102;478;1117;647;256;143;2710;2166;786;7275;6489;6297;542;315;5439;7224;7224;423;758;713;624;844;688;-21.2791964;-49.4101967
2010;352160;35;3521606;IRAPURU;75.33;1.86;14.2;16.47;48.63;94.61;83.78;11.86;9.53;1.59;0.98;10.28;1.42;10.86;1.9;12.24;74.8;72.46;93.3;11.99;12.94;6.7;13.21;14.6;0;93.92;107.95;63.8;51.75;12.79;80.45;87.92;47.23;51.75;9.03;19.46;92.46;63.27;18.5;9.86;77.64;82.15;94.54;93.73;95.07;84.97;8.66;2.35;23.94;1.78;3.97;1.7;90.95;84.53;58.28;61.72;65.63;44.98;40.88;48.72;44.47;28.5;50.19;25.32;7.82;222.33;363;510;766.67;1055;0.44;2.77;4.2;9.54;18.75;25.02;42.11;34.19;4.66;48.79;14.64;30.13;51.21;68.53;9.34;6.76;589.82;137.53;2016.78;294.19;456.88;621.6;1459.91;591.4;33.97;91.1;159.21;0.35;15.6;2.5;29.9;11.33;5.71;0;58.09;59.36;41.58;41.39;0.39;12.37;6.92;4.34;25.61;76.39;87.22;95.36;890.53;45.33;6.95;19.71;47.27;49.89;44.9;8.49;16.5;9.99;17.01;8.37;10.31;0.61;41.32;9.96;27.12;97.34;96.24;13.7;99.52;99.95;2.91;3.15;19.83;22.36;4.93;25.19;8.23;39.12;1.18;8.92;4.31;12.85;0.94;2.59;0.05;191;258;357;571;643;471;306;281;263;210;191;180;179;125;133;81;4532;92;146;233;258;217;209;225;235;218;240;208;217;187;171;163;142;100;88;3257;3210;34;73;3103;71;378;275;297;192;5251;306;939;308;4945;281;633;260;4312;74;74;62;388;969;924;233;158;2690;2215;2282;7789;5507;7081;491;371;6219;6402;6385;0.45;731;712;622;839;691;-21.5691828;-51.3494606
2010;352170;35;3521705;ITABERÁ;73.18;2.39;17.7;20.47;48.84;93.36;80.54;8.51;10.07;1.39;1.5;8.68;1.39;9.25;2.05;10.75;79.86;80.66;89.52;10.83;10.67;5.93;9.31;8.67;4.55;92.3;101;66.92;74.1;16.15;88.83;94.41;52.37;67.49;8.44;15.93;96.84;76.46;16.45;6.75;81;87.18;94.62;97.42;97.95;92.47;11.33;0.63;11.75;2.77;3.02;0.87;95.08;94.29;72.12;71.95;77.5;42.87;36.16;47.98;48.15;27.06;47.73;22.96;5.75;140;250;376.67;600;960;0.5;7.14;10.89;19.98;31.56;43.52;61.95;38.12;3.48;54.08;11.88;25.19;45.92;71;12.84;9.13;462.03;80.46;1761.24;193.89;307.67;478.91;1252.95;465.79;35.24;80.46;146.28;0.46;22.66;0.46;37.56;12.25;5.79;0.19;43.54;52.55;34.03;32.2;1.16;7.11;8.43;12.6;36.42;82.46;91.56;96.93;765.21;54.68;7.7;38.07;65.88;62.66;76.55;6.47;7.24;19.39;12.81;5.84;4.39;0.35;32.02;6.66;26.71;91.8;96.25;23.51;99.56;99.91;1.62;3.1;29.83;19;2.05;29.98;15.43;48.76;0.69;8.9;18.79;17.11;2.11;3.03;0.09;638;884;856;692;675;608;634;636;615;541;428;713;342;287;193;148;9016;126;575;893;774;688;745;609;623;677;570;492;456;634;340;270;215;132;149;8842;8339;137;373;7828;220;1443;1095;1078;735;13505;999;3007;949;12506;907;2008;871;10498;258;250;264;1428;3562;1520;892;466;6731;5271;5719;17858;12139;15250;1777;980;12493;17739;17596;429;775;693;636;803;652;-23.8621345;-49.1398926
2010;352180;35;3521804;ITAÍ;74.77;2.26;15.1;17.46;42.93;94.29;82.95;6.85;10.52;1.2;1.43;8.29;1.54;8.76;2.69;10.12;83.75;85.4;85.27;9.03;8.55;12.42;7.22;6.05;2.31;89.17;98.87;60.85;76.9;11.14;82.33;88.53;45.31;75.31;4.43;9.3;96.35;71.15;11.05;6.56;81.68;87.34;95.56;97.41;97.86;91.05;8.04;1.54;5.25;1.69;3.72;0;87.72;83.17;69.37;70.94;69.05;46.74;42.56;39.85;42.03;29.12;40.2;26.7;7.57;215;336.67;507.5;766.67;1100;0.45;1.62;1.87;8.51;15.23;26.24;40.15;35.13;4.82;51.1;14.25;28.19;48.9;77.02;9.86;7.14;594.77;143.33;2089.67;280.41;414.72;615.88;1512.86;596.6;34.71;92.16;167.56;0.36;17.19;0;27.37;12.97;8.19;0;59.53;50.26;32;34.04;0.87;9.03;14.8;3.42;20.6;69.57;85.42;94.93;1027.33;54.2;6.4;32.34;70.07;61.41;71.32;7.93;18.2;17.59;17.26;7.45;11.98;0.31;49;6.49;24.02;96.62;95.61;21.28;99.66;99.7;1.23;0.24;30.7;18.32;2.14;30.96;11.28;42.11;0.98;7.64;18.16;11.58;2.82;2.19;0.3;871;1052;945;1104;1130;1202;1088;974;935;745;578;875;444;316;188;157;12761;157;843;1007;970;906;1027;914;808;776;714;597;574;917;364;260;241;163;166;11247;11127;132;386;10609;355;1671;1233;1271;986;18416;1191;3919;1106;17225;1111;2728;1177;14497;369;372;371;1802;4313;1645;1004;599;8467;6594;5156;24008;18852;20530;2059;1194;17276;22559;22489;467;731;713;0.63;0.83;692;-23.4172598;-49.0935788
2010;352190;35;3521903;ITAJOBI;74.94;1.45;14.8;17.17;41.45;94.39;83.2;12;10;1.54;0.94;7.62;1.46;8;2.37;9.1;77.14;78.93;81.54;17.92;16.86;17.3;4.94;4.21;1.16;92.22;96.49;81.58;119.87;19.47;87.53;91.47;65.05;84.79;12.56;29.55;93.89;82.21;19.52;8.2;89.83;92.52;96.89;97.09;94.91;91.27;9.83;0.25;1.63;4.65;1.14;0;93.7;88.15;77.94;82.83;80.07;42.43;36.2;48.86;52.1;27.44;58.43;23.36;9.6;348.8;505.5;660;918.33;1340;0.38;0.16;0;1.84;3.59;9.87;21.07;30.96;6.78;45.31;18.43;33.71;54.69;76.37;6.72;4.92;739.45;250.49;2289.63;431.07;564.84;775.49;1675.06;739.63;54.5;100.54;190.81;0.24;28.29;1.51;31.83;13.03;5.93;0;57.93;50.33;32.8;27.06;0.9;10.69;17.3;1;14.43;72.27;86.93;94.64;1079.24;60.26;6.59;28.88;77.82;66.7;83.83;4.14;0;16;8.18;3.87;6.05;0.26;46.57;1.69;21.22;98.58;99.91;12.54;99.2;100;0.06;0.06;29.47;10.17;5.09;30.15;4.42;41.33;0;5.88;11.2;3.2;0.18;1;0;385;515;549;656;577;574;527;517;542;460;423;435;368;301;209;172;7349;139;341;463;530;548;562;559;513;563;496;500;443;380;383;263;253;179;231;7207;7858;64;192;7602;154;781;566;611;425;12031;640;2282;649;11391;675;1642;687;9749;147;159;172;851;2049;1746;463;317;6019;4942;2414;14556;12142;13040;978;664;11397;14490;14486;424;793;0.73;644;832;727;-21.312294;-49.0596336
2010;352200;35;3522000;ITAJU;74.39;2.22;15.7;18.16;46.88;94.08;82.38;9.37;10.91;0.93;0;7.64;0.96;8.12;3.04;9.65;78.31;78.09;94.17;11.7;12.54;3.96;9.99;9.36;1.86;97.93;102.98;80.07;113.3;21.39;89.97;91.29;54.77;88.96;14.33;27.77;98.56;85.01;19;12.94;94.53;94.67;94.86;94.98;98.76;95.73;14.59;1.88;5.57;1.38;4.49;5.61;86.58;86.43;73.83;70.56;64.82;39.29;33.63;50.62;48.9;25.38;46.14;20.16;5.5;276;425;555;840;1033.33;0.37;0.69;0.87;5.33;13.25;18.73;35.98;28.41;6.21;43.61;18.02;34.3;56.39;75;6.31;4.89;609.08;189.16;1730.31;359.65;495.81;672.76;1340.81;609.08;35.96;103.59;185.46;0.25;22.92;0.98;38.54;7.63;3.76;0;68.94;44.86;29.93;21.31;0.24;6.35;28;0.65;12.63;76.42;91.29;98.55;902.17;60.87;3.7;28.53;87.2;69.27;83.34;3.24;0;18.53;6.37;2.92;5.72;0.16;64.03;0.23;11.42;98.87;100;19.01;100;100;0;0;30.41;5.47;1.24;32.71;9.47;36.57;0;8.89;7.21;6.51;0.66;1.06;0;106;149;133;181;151;117;128;96;98;105;98;125;71;59;39;22;1705;27;106;131;125;126;147;107;92;96;99;77;92;113;70;44;47;26;43;1541;1710;10;37;1663;38;214;164;160;126;2501;148;564;144;2353;163;416;159;1937;47;62;40;239;561;304;129;78;1183;933;885;3246;2361;2810;280;129;2401;3246;3246;393;765;705;613;823;696;-21.9816841;-48.8046536
2010;352210;35;3522109;ITANHAÉM;74.36;2.26;15.7;18.2;52.33;94.06;82.35;9.64;11.36;1.75;1.14;5.86;1.32;6.2;1.95;7.03;77.28;80.51;80.36;12.41;10.95;16.26;10.31;8.54;3.39;96.63;102.97;77.26;79.58;22.33;89.49;92.39;54.97;72.02;8.55;34.03;97.77;83.62;19.68;10.06;86.71;88.79;93.94;92.86;97.54;94.1;16.63;0.98;8.44;5.24;2.96;1.15;92.65;90.66;69.41;79.91;84.07;58.91;54.63;49.62;53.53;40.11;51.86;37.83;9.46;216.67;357.5;538.5;900;1339;0.5;2.53;4.78;10.29;19.12;26.11;42.02;38.8;3.89;54.59;12.23;25.2;45.41;64.97;12.69;8.94;690.67;134.49;2679.63;287.91;447.74;698.17;1889.18;690.91;39.61;94.1;159.51;0.45;28.04;2.12;2.01;19.61;15.76;0.06;50.01;64.52;44.82;51.16;2.73;10.18;4.94;2.27;20.49;73.27;84.97;94.43;1051.49;56.03;4.74;28.87;75.12;64.73;80;10.64;18.92;32.88;17.98;9.84;12.89;0.35;38.08;5.12;24.84;97.2;96.21;36.99;97.16;99.46;1.77;1.78;21.76;13.29;2.46;20.24;7.97;33.41;0;9.53;18.39;10.79;0.49;1.74;0.54;3283;4093;3603;3053;2938;3015;2875;2608;2519;2394;2355;3555;1973;1625;1085;685;42192;533;3201;3923;3514;3151;3364;3355;3067;2857;2778;2850;2591;3406;2298;1647;1231;793;839;44865;41236;380;1282;39574;1328;6344;4773;4778;3858;65270;4470;13277;4287;60800;3850;8807;3763;51993;1276;1373;1352;7196;16588;8390;3907;2233;34160;27517;815;87057;86242;73593;8016;4442;61135;86728;86698;589;764;745;701;823;716;-24.1848847;-46.7921572
2010;352215;35;3522158;ITAÓCA;72.2;1.83;19.4;22.49;61.48;92.74;78.99;11.77;11.82;1.92;2.91;15.72;3.02;16.94;3.08;18.87;89.18;90.04;89.06;6.65;5.45;10.94;4.17;4.51;0;88.67;95.62;68.3;90.18;19.39;86.54;92.15;58.05;76.68;7.64;25.04;98.72;82.27;12.25;5.3;86.5;88.52;97.56;94.15;98.88;94.65;3.57;1.25;5.81;0;2.89;0;96.66;96.12;76.76;78.28;77.72;37.53;31.88;61.13;61.01;26.86;66.69;22.06;3.85;103;188.67;302.5;510;752.5;0.54;14.98;26.84;29.08;49.4;52.39;71.88;42.46;2.65;56.37;10.09;22.35;43.63;64.4;16.84;11.84;395.32;52.42;1678.68;146.98;242.32;420.61;1180.19;397.7;38.4;73.47;128.09;0.56;22.96;1.06;52.54;6;3.5;0.93;30.83;42.57;30.87;28.71;0.41;4.99;5.95;27.84;62.29;86.42;91.79;97.93;584.65;53.51;8.69;32.23;66.64;63.56;73.59;2.3;6.14;3.85;7.42;2.13;3.06;0.62;25.76;2.58;22.3;82.54;87.91;28.43;96.41;99.69;6.29;6.05;26.8;13.5;1.12;30.9;16.99;57.03;0;0.98;19.05;13.88;3.89;8.11;0.31;101;219;154;95;92;95;128;96;108;108;75;147;67;68;52;36;1687;46;97;177;135;87;103;123;107;106;87;99;77;108;57;57;44;41;36;1541;1492;34;65;1393;30;313;225;247;110;2379;206;471;183;2173;126;265;120;1908;58;49;56;289;742;380;177;99;1159;937;1468;3228;1760;2788;396;201;2191;3224;3205;375;0.83;0.68;637;787;627;-24.6409691;-48.8410159
2010;352220;35;3522208;ITAPECERICA DA SERRA;76.09;1.78;13.01;15.09;42.76;95;84.83;4.3;10.49;1.61;1.31;5.62;1.11;5.96;1.57;7.09;77.65;80.61;79.21;11.75;10.56;16.05;10.6;8.83;4.73;97.63;104.61;76.79;64.73;22.02;86.38;89.6;52.61;56.67;9.06;23.41;95.83;81.99;21.47;11.94;84.04;87.93;93.72;96.74;96.84;93.12;14.15;1.53;19.78;4.11;3.35;0.85;87.54;85.7;72.03;78.02;81.34;58.04;52.6;45.71;50.05;36.42;49.76;33.23;6.19;236.67;366.25;519.43;797.67;1130;0.45;1.82;3.19;7.44;12.76;24;37.05;35.11;4.99;50.6;14.61;28.81;49.4;84.27;9.61;6.85;619.82;154.72;2176.42;298.19;440.03;638.18;1550.63;620.82;34.29;94.2;170.58;0.36;17.51;0.48;1.38;13.67;9.44;0.11;67.9;63.94;43.13;54.26;0.77;7.69;11.64;1.91;14.29;71.95;86.83;94.76;1082.08;60.22;7.36;35.88;70.28;69.6;75.09;9.22;23.79;33.86;17;8;9.73;0.25;60.26;2.89;17.43;98.24;96.57;43.04;98.79;99.89;2.51;0.55;20.21;15.96;3.16;17.45;6.63;28.19;0.26;7.61;18.67;9.38;4.45;0.79;0.11;6039;7501;6976;7655;7611;6720;6119;5525;4225;3705;2876;6372;2039;1269;787;464;76270;387;5737;7333;6799;6825;7277;6776;6413;5511;4687;3896;3101;6174;2165;1325;942;644;739;76344;77291;1092;2990;73209;2320;11681;8801;8742;7037;113453;8491;28255;8207;104962;8223;19764;8373;85198;2419;2454;2335;13245;30698;6555;7333;4245;57098;43474;1265;152614;151349;128346;14834;8333;105179;148965;148726;0.58;748;742;687;852;699;-23.7176303;-46.8492435
2010;352230;35;3522307;ITAPETININGA;76.86;1.7;11.95;13.86;46.24;95.39;85.92;7.58;9.83;1.41;0.88;4.63;1.32;4.92;1.39;5.64;72.61;73.34;83.64;14.14;13.97;13.3;13.25;12.7;3.07;96.31;101.02;82.79;72.73;22.85;88.85;91.85;59.28;60.69;10.25;26.28;94.67;82.83;18.76;10.64;82.15;86.42;92.04;94.88;96.36;92.87;14.19;0.88;6.15;4.6;2.36;0.49;89.63;88.7;73.41;78.52;77.93;59.81;55.99;51.01;51.86;41.4;52.49;39.19;13.25;235.71;399.8;572;962.5;1430;0.49;1.29;2.54;7.16;13.77;23.29;38.81;39.29;4.23;54.75;12.61;25.59;45.25;74.42;12.46;8.67;741.64;156.92;2913.83;310.78;481.1;729.05;2028.25;741.8;38.17;101.52;170.14;0.43;20.46;2.39;10.52;15.82;8.53;0.05;69.89;69.82;50.84;43.54;1.08;14.73;13.12;2.04;13.69;69.14;81.24;92.13;1208.82;57.6;4.71;31.64;71.9;66.04;77.91;8.28;22.82;35.24;17.28;7.2;8.4;0.34;53.82;7.9;13.56;98.9;97.81;30.46;99.54;99.57;0.46;0.42;21.33;17.85;3.64;18.39;8.18;28.01;0.56;7.53;14.57;9.61;0.56;1.39;0.43;5051;6534;6320;6995;6861;6060;5210;4685;4488;3977;3157;5677;2398;1711;1266;879;72167;898;4867;6137;6201;5984;6301;5899;5166;4743;4609;4345;3425;5530;2805;1956;1678;1192;1372;72210;70867;597;2403;67867;1997;9997;7461;7483;5799;107739;7601;24400;7358;100138;7272;16799;7240;83339;2122;2254;2098;11626;26789;10950;6137;3786;55668;43485;13327;144377;131050;123029;12671;7596;102762;140581;140549;598;765;763;705;864;728;-23.588607;-48.048326
2010;352240;35;3522406;ITAPEVA;73.18;2.11;17.7;20.48;48.45;93.36;80.54;6.95;10.76;1.5;0.92;6.22;1.2;6.67;1.95;7.83;78.82;80;86.69;12.93;12.83;11.24;8.25;7.17;2.07;96.75;100.62;85.97;70.14;24.09;91.25;92.99;64.6;58.14;11.71;31.94;97.65;84.3;20.61;9.11;77.49;84.66;91.74;99.72;98.39;94.66;12.77;0.87;4.3;5.16;3.24;1.33;91.42;90.82;79.15;84.19;83.38;54.59;48.56;52.31;57.16;39.06;55.66;35.27;10.56;180;300;473.67;752.5;1206.25;0.53;2.5;3.45;12;19.69;33.69;48.85;43.48;3.88;57.84;11.51;23.6;42.16;76.8;15.1;10.05;630.48;122.31;2741.07;240.66;381.04;585.05;1823.92;631.79;34.85;97.06;162.46;0.5;17.16;3.18;13.99;15.76;9.2;0.48;61.59;63.9;47.99;44.75;1.37;12.69;8.75;2.75;19.96;73.8;84.37;92.56;1146.6;54.53;4.29;27.98;66.89;64.11;78.87;7.82;44.98;24.27;17.17;6.83;5.09;0.42;50.71;4.81;21.82;96.76;94.91;28.51;99.44;99.75;1.36;1.48;22.1;22.51;1.61;21.82;10.84;35.4;0.2;2.21;16.33;13.61;1.24;2.37;0.25;3292;4450;4139;3679;3640;3400;2983;2853;2748;2208;1790;3776;1436;1041;784;556;43243;468;3190;4224;4083;3743;3698;3649;3271;3095;2899;2336;1919;3600;1553;1132;864;622;632;44510;40323;372;1469;38482;1241;6934;5222;5231;3806;65179;5125;15633;4934;60054;4586;10508;4475;49546;1433;1465;1362;7648;18067;6096;4223;2518;33493;25668;13797;87753;73956;73952;8674;5252;60026;87462;87282;546;787;732;697;803;702;-23.9849105;-48.8803886
2010;352250;35;3522505;ITAPEVI;76.28;1.78;12.5;14.5;45.65;95.05;84.98;3.83;10.94;1.69;1.19;5.38;1.16;5.75;1.53;6.87;79.49;83.51;81.43;11.31;9.86;14.38;9.2;6.63;4.19;95.45;102.89;73.48;67;15.68;86.03;89.47;48.24;59.25;7.09;18.8;95.48;82.09;17.79;10.96;78.86;84.62;94.34;95.8;96.52;92.87;17.24;1.96;13.45;3.87;3.51;0.47;89.35;87.57;67.75;73.61;78.38;55.36;49.77;47.64;53.52;36.39;52.87;32.23;4.76;219.83;342;498;720;1003.33;0.45;2.72;4.56;8.33;14.04;26.78;40.4;35.76;4.92;50.55;14.66;28.99;49.45;82.83;9.75;6.86;575.72;141.76;2058.76;280.36;412.44;588.85;1447.2;576.54;34.47;86.75;166.64;0.37;15.59;0.55;0.51;13.34;11.28;0.14;70.71;62.87;43.33;48.81;0.64;6.28;13.55;1.13;12.16;74.17;88.33;95.75;1034.37;58.67;4.4;34.99;74.57;69.2;78.72;11.21;48.03;35.9;16.72;9.73;12.3;0.22;63.54;3.61;15.88;98.66;95.85;46.37;99.24;99.86;1.21;1.21;23.36;21.14;3.48;20.4;8.28;30.88;0.43;7.6;23.98;9.35;3.69;0.96;0.14;8514;10430;9607;9440;9368;8564;7677;6761;5465;4594;3371;9253;2380;1429;1004;493;98746;396;8115;10227;9470;9419;9805;9130;8036;7207;5912;5123;3754;8703;2762;1704;1151;744;761;102023;97261;908;4163;92190;3208;16388;12336;12243;9864;145527;11794;37936;11119;133733;10896;26142;11041;107591;3557;3509;3562;18716;43222;7682;10227;5827;74978;56089;0;200769;200769;165780;20657;11898;133226;200590;200303;554;748;735;677;855;687;-23.54888;-46.933889
2010;352260;35;3522604;ITAPIRA;76.1;1.52;13.1;15.16;39.6;95.02;84.89;9.82;9.29;1.04;0.93;5.74;1.14;6.05;1.22;6.94;66.19;66.35;82.74;18;18.41;14.54;15.8;15.24;2.72;96.06;107.82;67.87;90.82;29.17;87.28;93.32;54.36;72.64;15.68;38.96;97.19;86.31;26.95;9.78;92.88;95.07;96.43;98.85;98.03;94.58;15.6;1.96;14.32;3.57;1.19;0.29;87.62;85.92;70.99;78.43;79.8;55.8;51.56;53.15;54.36;38.34;55.28;35.51;11.84;333.33;509.2;692.5;1050;1548;0.45;0.72;1.78;2.78;7.35;13.15;28.53;35.76;5.3;50.82;15.19;29.1;49.18;77.3;9.41;6.71;849.81;225.29;3038.51;420.33;590.7;853.54;2166.05;849.96;29.28;93.98;184.46;0.35;14.96;3.4;6.76;13.56;6.35;0.08;76.34;65.83;46.94;36.79;1.06;13.75;27.24;1.2;7.69;66.21;81.72;91.99;1282;60.46;3.62;38.87;77.42;67.42;87.6;6.21;18.85;22.84;12.66;5.5;6.47;0.3;64.33;3.88;12.47;97.29;99.09;17.08;99.77;99.98;0;0.06;20.31;7.12;1.97;18.26;4.87;28.93;0.44;4.93;10.69;4.86;0.2;0.76;0.02;1797;2543;2790;2996;3012;2669;2519;2538;2381;2244;1916;2075;1462;1079;825;540;33950;564;1759;2544;2781;2799;2889;2701;2538;2585;2477;2320;1907;1958;1503;1177;958;773;918;34587;36876;184;1362;35330;705;4021;2939;3072;2032;55124;3336;11243;3238;51788;3237;7907;3248;43881;758;754;743;4167;10416;6728;2490;1642;27949;22433;4961;68537;63576;60996;5087;3503;52406;67517;67506;558;0.77;762;692;852;0.75;-22.436111;-46.821667
2010;352265;35;3522653;ITAPIRAPUÃ PAULISTA;73.96;2.88;16.4;18.96;60.53;93.83;81.73;7.22;10.23;1.69;1.83;12.98;2.68;14.23;4.75;16.58;72.06;69.7;90.79;14.74;17.04;7.35;13.2;13.26;1.85;94.28;99.8;79.13;75.58;15.35;90.93;95.23;64.93;71.99;2.46;2.17;98.47;83.12;11.93;6.49;74.32;83.86;88.52;100;98.97;94.74;9.94;0.92;0;7.04;1.55;0;90.18;90.64;78.16;83.75;73.16;35.89;28.44;49.04;46.42;24.99;45.45;20.71;4.05;88.75;158.5;248.8;450;607.5;0.53;12.86;15.01;35.11;46.71;62.08;76.92;41.64;3.26;57.25;10.73;22.94;42.75;71.04;15.51;10.65;323.42;52.75;1346.59;120.85;197.34;320.36;924.27;326.38;37.28;77.8;128.05;0.51;18.87;0.14;47.71;6.91;5.17;0;46.71;44.98;33.09;31.08;0.39;6.13;3.37;11.51;42.63;87.77;92.23;96.93;669.42;51.68;14.35;35.1;60.28;60.64;72.35;14.54;68.36;31.21;25.82;11.01;13.99;0.4;41.13;1.05;27.54;77.91;89.64;30.02;97.07;97.45;1.81;9.21;37.25;25.68;1.03;34.89;23.4;54.32;0;6.53;27.82;24.37;5.1;2.16;2.55;153;230;189;145;160;144;143;117;90;102;68;221;80;56;47;27;2002;30;162;221;193;156;135;150;123;110;87;77;66;196;82;37;32;32;19;1878;1622;65;99;1458;50;356;286;259;186;2697;273;683;234;2424;171;410;160;2014;79;80;78;432;976;280;221;139;1299;950;1988;3880;1892;3138;451;283;2404;3875;3840;359;765;661;594;816;595;-24.5735083;-49.1703846
2010;352270;35;3522703;ITÁPOLIS;75.14;1.66;14.5;16.81;41.9;94.5;83.5;10.45;10.06;1.27;1.15;6.96;1.8;7.33;2.43;8.35;75.65;78.1;79.17;15.7;14.24;18.93;8.65;7.66;1.91;96.4;107.24;69.15;87;25.73;86.52;91.96;54.36;70.32;16.95;26.33;98.01;80.33;24.6;8.97;87.86;91.89;98.6;98.71;98.44;93.29;12.08;1.93;9.15;2.57;2.55;1.25;93.6;89.47;74.83;81.84;77.66;46.95;41.37;50.44;52.53;30.33;51.22;26.3;10.15;310;466.67;627.5;975;1462.5;0.45;0.36;0.84;3.27;7.16;14.3;26.39;36.54;5.44;51.32;15.31;29.17;48.68;74.66;9.54;6.7;787.75;214.23;2878.35;388.97;545.81;768.57;2019.87;788.04;41.76;100.35;186.65;0.35;22.61;2.41;19.29;15.45;5.08;0;70.07;55.18;36.27;33.18;0.53;12.4;18.4;2.16;13.91;72.62;86.39;93.6;1129.48;63.28;6.36;37.54;78.81;70.38;86.26;4.49;20.07;18.49;9.63;3.87;4.75;0.3;57.69;1.86;13.67;99.44;99.85;16.24;99.95;100;0.07;0;26.04;12.14;1.56;26.88;6.24;34.02;0.35;10.58;13.79;5.94;0.7;0.58;0;1105;1425;1589;1820;1791;1585;1523;1465;1431;1167;954;1256;825;657;548;387;19867;339;1087;1478;1608;1641;1636;1538;1507;1497;1408;1265;1048;1278;911;717;588;454;523;20184;22351;185;742;21424;446;2361;1762;1795;1296;32341;1913;6645;1909;30428;1895;4732;1963;25696;442;481;484;2584;6249;4186;1478;957;16300;13057;3726;40051;36325;35321;2903;1978;30440;39827;39812;0.47;794;744;667;836;738;-21.5958368;-48.8122696
2010;352280;35;3522802;ITAPORANGA;75.11;2.3;14.6;16.85;50.21;94.49;83.46;9.63;10.5;2.36;1.36;10.72;1.65;11.39;2.38;13.05;81.72;82.01;86.49;7.97;7.34;11.06;10.31;10.65;2.46;93.45;97.85;80.7;91.13;11.34;89.32;91.73;61.52;76.96;7;18.82;96.92;71.92;12.55;4.85;87.37;91.72;97.23;100;97.9;91.23;7.51;0.97;9.52;2.4;4.59;0;90.9;90.63;81.05;79.72;82.89;41.33;34.29;59.48;56.11;28.01;64.56;23.25;7.09;165;255;402;630;1003;0.53;3.42;6.36;14.74;28.25;40.22;61.98;44.78;4.06;58.09;11.87;23.73;41.91;71.46;15.09;9.8;552.76;112.27;2475.29;215.89;327.62;502.49;1607.42;555.75;36.92;97.13;164.17;0.5;29.93;1.85;32.63;14.66;6.26;0.61;39.14;50.61;35.97;34.35;1.24;9.19;6.38;4.49;34.43;80.17;88.56;95.43;910.37;55.3;6.37;42.61;68.75;62.23;79.91;5.53;18.19;12.48;10.74;5.03;7.58;0.44;23.03;7.07;34.11;95.68;97.04;21.89;99.56;99.63;0.33;0.67;31.77;12.63;2.1;31.11;15.49;50.83;0;7.8;19.08;12.79;3.3;2.35;0.37;550;639;601;571;597;527;458;463;476;449;388;560;325;227;179;136;7280;134;493;631;570;504;578;532;481;473;481;486;402;589;324;236;209;147;133;7269;6832;81;319;6432;200;1016;772;753;626;11087;733;2246;723;10354;645;1513;603;8841;217;238;214;1165;2664;1401;631;351;5556;4482;3516;14549;11033;12355;1270;749;10337;14423;14346;413;822;719;653;835;681;-23.7066252;-49.4895934
2010;352290;35;3522901;ITAPUÍ;75.47;2.27;14;16.24;44.91;94.68;83.98;8.34;10.49;2.17;2.69;6.01;1.71;6.24;2.13;7.18;81.94;83.56;88.52;10.04;8.6;11.48;8.02;7.84;0;87.15;98.36;52.84;111.65;12.6;80.39;88.45;44.85;73.76;7.48;43.53;92.45;72.76;14.94;5.02;97.12;98.03;100;100;96.48;90.64;9.31;0.1;20.71;2.22;0.52;0;82.3;73.04;71.13;74.95;76.69;47.68;41.44;38.67;43.47;29.05;44.33;25.95;6.61;283.33;433.33;586;870;1175;0.41;0.53;1.08;2.39;5.1;15.57;29.4;33.53;6.05;47.73;16.59;31.55;52.27;76.57;8.08;5.79;687.46;207.92;2304.99;362.49;514.2;712.13;1652.36;687.75;21.7;93.62;190.43;0.29;8.96;0.6;15.55;18.66;4.98;0.09;79.66;56.34;35.98;29.05;0.23;7.42;29.84;0.69;9.06;70.56;87.21;95.2;1070.59;61.23;8.54;54.64;81.69;67.43;82.23;6.63;54.55;19.35;8.01;5.33;6.4;0.22;73.17;1.49;15.51;93.45;99.43;28.75;99.9;99.96;0.13;0.1;31.86;2.88;3.52;29.21;7.07;31.83;0;8.69;14.47;6.54;0.58;1.18;0.04;443;539;492;586;569;480;464;392;404;383;287;448;211;152;139;66;6150;95;455;437;529;508;513;471;400;422;387;362;309;434;233;151;154;115;143;6023;6366;83;297;5985;182;784;584;597;540;9410;594;2114;581;8816;636;1520;659;7296;176;175;165;898;2091;1015;437;309;4694;3657;543;12173;11630;10396;976;544;8876;12143;12138;477;0.73;725;633;841;716;-22.2346755;-48.7189744
2010;352300;35;3523008;ITAPURA;73.75;2.54;16.7;19.36;45.16;93.7;81.42;8.35;10.32;1.41;2.18;11.44;1.75;12.12;6.57;14.18;74.43;78.38;79.69;13.76;13.08;13.74;11.82;8.55;6.57;96.76;105.45;72.3;60.88;14.69;92.97;94.97;60.4;51.96;6;25.25;97.3;82.7;13.55;6.34;94.6;96.83;100;100;98.02;94;20.63;1.21;13.9;2.06;2.24;0;94.05;95.85;68.45;76.85;79.7;50.13;44.28;49.43;47.93;31.16;55.44;27.85;5.2;205;330;496.8;741.67;1000;0.45;2.78;3.76;8.71;15.51;30.44;44.84;34.29;4.92;49.57;14.56;28.96;50.43;72.99;9.42;6.81;556.29;136.89;1907.64;268.14;400.52;597.21;1379.49;557.94;27.22;85.31;172.95;0.37;18.4;1.37;35.57;7.65;7.17;0.61;66.65;59.95;38.71;38.64;0.38;6.62;5.93;10.37;25.13;78.26;90.73;97.05;935.16;53.15;4.74;18.22;64.72;61.39;79.04;8.58;18.3;23.82;13.5;8.16;12.67;0.35;59.17;0.95;10.41;93.26;98.63;22.89;99.32;99.33;1.13;1.08;20.34;5.4;1.98;24.42;7.79;36.2;0;2.93;11.68;11.04;1.09;2.55;0.67;153;203;219;185;184;174;168;138;158;120;107;156;100;64;58;33;2257;37;142;168;177;169;153;172;155;158;139;127;115;164;83;71;38;30;39;2100;1994;18;42;1934;59;283;215;204;166;3331;229;743;239;3102;227;514;214;2588;67;65;70;336;773;364;167;105;1606;1265;875;4357;3482;3752;371;230;3151;4262;4249;501;0.78;0.72;673;813;682;-20.6435211;-51.5084479
2010;352310;35;3523107;ITAQUAQUECETUBA;75.66;2.02;15.5;17.37;45.96;95.05;84.98;3.69;10.19;2.35;1.53;5.66;1.31;6.04;1.55;7.2;72.57;76.38;76.54;14.23;13.13;17.53;13.2;10.49;5.93;93.85;102.23;69.16;59.78;12.48;84.97;88.54;46.37;52.33;4.93;15.21;96.06;83.52;17.64;8.47;69.37;77.79;89.6;93.14;96.39;93.13;19.5;1.96;11.32;4.78;2.91;0.6;88.79;86.24;64.07;71.93;77.72;54.16;48.36;40.74;47.84;32.92;45.81;29.25;3.7;199.88;306.25;459.5;676;930;0.42;2.81;4.76;10.21;16.71;31.34;45.12;32;5.06;47.79;15.06;30.1;52.21;83.29;8.5;6.32;502.85;127.18;1609.2;251.38;378.3;555.79;1196.01;503.6;36.61;91.22;166.02;0.32;17.73;0.58;0.7;15.08;9.91;0.1;65.73;61.26;39.45;38.98;1.22;4.78;21.72;1.12;14.51;75.87;89.88;96.63;964.91;57.83;5.68;31.25;74.68;68.51;79.1;13.02;36.45;41.73;19.04;11.52;13.65;0.21;58.68;2.82;19.41;98.57;96.83;49.07;98.7;99.82;1.27;0.28;24.32;30.63;3.61;20.58;9.64;32.85;0.48;7.01;23.86;10.97;5.07;1.21;0.18;13507;17171;15645;14972;14394;13313;12055;11112;8993;7836;5725;14916;3786;2332;1337;794;158542;654;12999;16547;15490;15373;15009;14127;12727;11542;9893;8310;6017;14293;4117;2658;1763;1185;1178;163228;153877;1914;6072;145891;5175;26624;19974;19868;15922;232165;19368;61431;18568;212797;17702;42063;17788;170734;5386;5684;5598;30557;70295;11889;16527;9678;119302;88462;0;321770;321770;266095;33718;19430;212947;321198;320722;542;708;714;648;844;665;-23.4754492;-46.3514033
2010;352320;35;3523206;ITARARÉ;73.18;2.13;17.7;20.47;48.75;93.36;80.54;8.13;10.16;0.77;0.73;6.51;1.3;7.01;1.46;8.17;79.11;82.54;79.74;11.14;10.16;14.09;9.75;7.3;6.17;93.25;102.23;69.65;63.64;17.88;88.2;92.92;52.8;54.85;10.31;28.06;96.95;75.24;17.04;7.25;75.26;82.87;93.81;100;98.05;91.76;13.49;1.05;8.55;3.18;3.62;0.63;94.75;93.43;69.51;71.01;77.68;47.6;41.53;44.79;46.21;30.97;48.89;27.9;9.81;166.67;287.67;428.33;695;1004;0.48;4.57;6.09;16.15;26.5;36.65;52.94;35.96;3.95;52.53;12.57;26.43;47.47;72.34;11.45;8.35;510.2;100.65;1834.42;219.91;353.76;536.7;1337.61;511.56;38.84;88.47;150.52;0.42;22.41;2.22;13.51;15.02;8.97;0.31;59.55;58.84;40.08;43.32;0.95;12.83;12.24;2.79;23.17;77.1;88.24;95.49;914.77;54.09;6.63;36.13;71.93;62.36;75.11;10.79;10.51;25.02;22.64;10.06;10.09;0.32;46.41;5.95;20.38;98.45;97.43;26.61;99.73;99.81;0.63;2.13;29.91;24.74;1.95;28.51;14.76;40.98;0;10.73;22.93;16.76;1.3;2.17;0.19;1655;2323;2284;2027;1870;1756;1725;1581;1396;1306;1060;1957;818;608;499;312;23523;346;1657;2321;2250;1958;1976;1840;1771;1611;1581;1337;1145;1904;928;693;522;436;481;24411;22010;308;1069;20632;616;3745;2789;2819;1957;36115;2881;8518;2682;33234;2414;5637;2407;27597;737;767;701;3988;9689;3897;2320;1390;18528;14320;3664;47934;44270;40691;4644;2960;33087;47767;47640;476;757;703;649;803;668;-24.1145368;-49.3352464
2010;352330;35;3523305;ITARIRI;75.21;2.55;14.4;16.68;59.01;94.54;83.6;8.15;10.87;1.63;1.95;9.3;2.34;10.02;3.08;11.6;76.54;83.35;73.04;10.59;8.63;18.06;12.87;8.02;8.9;94.75;102.43;71.81;58.42;9.07;87.78;90.28;47.29;54.94;4.87;12.58;95.82;82.78;17.07;7.79;71.47;78.3;87.06;91.21;96.37;92.96;24.47;1.95;5.13;6.22;2.86;0.31;87.68;85.28;60.39;69.27;73.68;43.33;36.98;31.12;36.24;24.66;32.22;22.23;4.95;131.78;233.33;353.33;532.5;833.33;0.5;6.88;10.59;20.98;33.07;45.31;62.16;38.98;3.83;53.76;12.21;25.42;46.24;74.91;12.77;8.81;434.58;83.27;1693.9;182.06;287.02;452.47;1169.23;439.21;31.1;86.04;146.35;0.45;22.6;2.22;22.05;16.21;11.01;0.14;46.59;48.72;29.76;39;1.17;7.15;4.82;5.59;28.27;81.41;91.08;97.02;832.99;51.3;3.77;23.67;65.1;62;71.21;9.38;22.14;28.92;17.25;8.54;11.16;0.32;37.07;4.04;28.89;91.64;91.75;43.71;93.49;98.49;4.1;1.51;31.91;28.53;3.63;31.35;16.59;45.72;0;8.04;27;18.59;1.14;3.53;1.51;716;832;770;578;588;583;526;457;415;390;300;735;263;262;167;113;7794;99;626;866;763;584;618;578;529;485;389;361;287;703;263;222;152;124;127;7677;6505;64;227;6214;260;1352;1006;1025;786;10940;975;2681;957;9965;804;1706;729;8259;285;248;287;1519;3516;1261;861;509;5462;4119;5592;15471;9879;12680;1698;961;10022;15409;15247;433;666;677;577;837;642;-24.2900711;-47.176151
2010;352340;35;3523404;ITATIBA;75.64;1.44;14.09;15.79;39.37;94.83;84.37;7.6;10.52;1.08;0.68;3.87;0.88;4.07;0.98;4.7;76.39;79.16;84.02;13.24;12.18;15.15;10.36;8.66;0.83;108.25;116.87;84.84;82.17;35.2;88.16;91.92;53.45;66.41;15.28;41.81;97.21;82.65;28.62;18.14;89.41;91.72;95.56;97.16;97.85;93.76;16.76;2;17.44;5.22;2.85;0.65;90.59;89.89;69.47;78.46;83.9;59.9;55.18;52.15;56;41.56;55.18;38.73;13.08;395;577.5;827.5;1325;2175;0.48;0.27;0.69;1.92;4.26;8.24;17.02;39.11;4.92;54.34;13.96;26.74;45.66;79.41;11.21;7.78;1080.74;265.8;4226.76;488.29;690.59;1022.64;2932.04;1080.74;42.7;104.7;184.19;0.39;16.74;2.76;4.33;12.69;8.52;0.19;75.76;67.18;48.16;39.83;0.86;14.78;26.28;1.32;6.71;57.3;75.9;88.38;1598.45;64.59;4.11;36.97;83.84;72.71;86.79;5.4;40.16;20.93;9.7;4.68;6.79;0.36;66.32;0.82;12.32;97.4;97.1;24.85;99.89;99.99;0.82;0.19;19.66;10.59;2.15;17.27;2.94;25.46;0.26;5.99;12.87;2.44;0.17;0.5;0.01;3138;3998;3953;4769;4823;4443;3910;3629;3420;3068;2353;3468;1749;1269;936;628;50147;593;3025;3908;3990;4584;4803;4394;3980;3890;3582;3041;2512;3416;1911;1397;1099;859;933;51324;57045;325;1813;54907;1302;6281;4687;4771;3582;80493;4727;17292;4707;75766;5015;12565;5316;63201;1276;1371;1329;7132;16648;7712;3907;2373;40963;32390;15805;101471;85666;88324;7906;4905;75513;101022;101022;599;769;778;708;844;788;-22.9965861;-46.8412042
2010;352350;35;3523503;ITATINGA;75.44;2.46;14.1;16.29;48.39;94.66;83.93;6.56;10.16;1.26;0.89;8.08;1.29;8.67;2.42;10.45;67.05;71.58;71.68;15.52;13.63;21.13;17.43;14.79;7.18;96.99;107.88;64.31;71.58;12.41;90.48;95.54;46.08;62.7;6.89;19.99;97.79;79.09;16.94;4.63;73.12;78.75;86.55;93.4;97.96;93.24;24.72;1.86;8.11;4.75;1.5;0.65;87.04;91.52;58.22;64.19;73.96;48.43;42.14;41.59;46.43;31.17;46.99;27.41;6.68;231.75;350;500;728;1008;0.43;0.9;1.4;7.75;16.28;24.97;41.05;33.68;5.37;48.51;15.6;30.69;51.49;77.88;8.64;6.24;568.58;152.64;1914.77;290.75;429.19;591.27;1383.2;568.74;41.33;100.45;171.48;0.32;10.32;1.89;31.67;12.34;4.96;0.22;76.07;58.01;38.97;34.77;0.44;7.61;12.68;2.09;14.2;75.22;87.33;96.26;993.89;59.12;9.22;47.18;75.34;66.85;79.17;7.36;32.39;24.07;7.91;5.98;7.33;0.26;65.85;5.89;14.31;98.14;98.4;31.57;99.81;99.87;0.06;0.61;29.18;26.88;2.04;26.49;11.57;32.57;0;7.66;18.76;7.64;1.33;1.73;0.13;759;925;826;922;830;753;674;611;576;459;326;756;254;211;153;97;9230;98;736;769;866;798;784;688;626;588;511;455;364;758;254;211;158;118;138;8822;8902;156;453;8292;280;1345;1023;1036;892;13349;1015;3412;1004;12334;1001;2397;1023;9937;323;319;287;1544;3582;1184;769;544;6559;4895;1632;18052;16420;15059;1694;961;12404;17986;17981;484;684;706;0.61;841;685;-23.1042417;-48.6134874
2010;352360;35;3523602;ITIRAPINA;73.77;2.16;16.7;19.33;36.1;93.71;81.44;7.16;10.51;1.59;1.09;8.64;4.9;9.13;7.78;10.29;70.64;76.53;73.16;16.58;13.37;23.58;12.78;10.11;3.27;94.16;109.9;58.85;74.79;13.76;88.14;94.13;48.9;60.99;6.97;29.27;96.56;80.29;12.55;4.57;93.42;94.86;97.51;97.14;97.82;92.41;21.22;1.15;26.29;1.75;2.04;0.44;95.38;91.89;62.1;68.69;63.42;49.63;45.93;32.82;35.62;29.9;36.92;28.37;6.64;283;422;626.67;925;1333.33;0.48;1.38;2.18;5.31;9.79;16.26;28.71;39.27;4.84;53.31;13.92;27.27;46.69;75.81;11.28;7.69;772.14;186.9;3032.52;350.56;515.29;749.74;2066.51;774.04;27.09;88.91;167.72;0.41;10.99;1.49;19.52;9.93;4.57;0.25;70.94;59.88;39.78;42.63;2.34;7.47;16.45;1.33;16.32;73.84;85.27;94.41;1141.45;52.53;5.2;26.38;54.42;58.41;58.65;6.49;11.93;17.6;10.61;6.1;9.85;0.43;59.62;6.79;19.85;95.36;98.62;24.72;100;100;0.79;2.55;25.84;6.58;2.18;23.19;7.05;29.5;0.79;12.37;15.1;5.76;0.58;0.86;0;480;518;799;1373;1251;1022;739;586;494;376;301;480;232;183;144;92;9154;84;426;501;601;543;542;461;468;456;417;341;305;470;230;179;156;106;168;6370;7176;53;214;6908;182;820;625;616;519;12032;737;3168;760;11295;1034;2431;1070;8864;201;174;181;962;2291;1111;498;369;4954;3816;1523;15524;14001;13659;1019;813;11827;12742;12711;496;0.72;724;636;813;734;-22.2884106;-47.81616583161232
2010;352370;35;3523701;ITIRAPUÃ;74.55;1.9;15.4;17.86;51.02;94.17;82.62;8.61;11.27;0.68;0.3;8.5;1;9.17;2.66;10.85;78.39;83.31;78.29;14.14;12.31;12.81;7.47;4.39;8.91;99.62;107;79.73;84.98;13.93;93.34;96.05;60.95;74.39;7.96;16.53;98.9;83.54;15.78;5.87;93.59;96.01;100;100;99.09;94.88;18.07;0.56;19.21;5.7;2.6;0.59;95.36;95.37;69.87;79.99;73.41;43.04;36.98;43.88;48.58;26.99;45.02;22.69;5.98;216.67;330;450;628;880;0.44;1.99;3.72;10.23;18.97;28.47;46.27;35.83;5.16;49.77;15.44;30.06;50.23;70.06;9.28;6.43;526.62;135.78;1886.88;270.7;385.08;531.17;1306.73;526.62;40.43;92.48;167.86;0.35;12.65;0.65;38.18;10.35;5.4;0;57.54;52.2;33.04;28.01;0.27;7.11;14.04;1.21;14.73;84.06;93.13;98.04;833.59;55.84;3.26;36.61;72.11;64.72;83.64;5.59;61.87;37.79;9.78;3.61;3.9;0.2;53.22;1.11;31.44;96.38;99.64;24.07;99.87;100;0.36;0.34;30.59;6.41;0.91;28.85;9.8;40.8;0;3.06;15.49;9.48;0.36;1.22;0;207;295;284;245;236;227;204;181;184;159;137;254;136;98;69;55;3013;42;232;264;264;241;215;231;217;180;172;143;159;237;101;77;60;61;47;2901;2788;18;130;2639;75;443;323;332;274;4425;335;1034;334;4090;320;699;296;3391;90;88;97;519;1200;509;264;163;2168;1663;985;5914;4929;4992;559;356;4077;5889;5889;0.43;773;707;636;826;673;-20.6406814;-47.2193817
2010;352380;35;3523800;ITOBI;74.19;1.95;16;18.52;42.89;93.96;82.09;8.8;10.71;1.91;2.13;8.23;2.32;8.64;3.04;10;84.74;86.25;89.76;9.91;10.35;7.2;5.35;3.4;3.04;93.3;100.23;74.81;67.3;15.15;89.42;94.99;56.92;62.1;11.66;10.47;97.99;72.95;20.98;5.11;68.51;79.47;94.79;100;98.6;91.6;9.34;1.02;3.03;3.9;3.11;0.78;95.17;95.09;70.66;72.5;77.33;44.92;38.05;49.41;49.14;31.19;53.25;27.38;5.72;255;395.43;518;787;1025;0.41;0.32;1.07;4.49;10.77;20.14;38.94;32.42;6.04;47.01;16.63;31.78;52.99;77.03;7.8;5.66;611.41;184.73;1982.28;323.67;463.16;648.32;1438.9;611.41;57.14;114.1;184.73;0.29;13.41;1.09;42.97;8.17;5.3;0;64.11;52.54;37.39;30.31;1.37;6.93;6.68;2.24;16.64;77.65;90;95.87;959.11;61.06;4.77;41.36;80.72;68.52;80.11;5.94;36.37;16.28;10.6;5.26;6.18;0.26;53.77;5.87;23.69;98.69;98.2;25.99;99.65;100;0.15;0.12;32.27;31.49;1.4;27.63;8.53;38.2;0;3.35;10.62;4.8;0.19;0.75;0;249;315;339;388;356;322;257;231;286;243;190;271;147;115;81;66;3908;52;231;283;310;330;301;294;222;264;233;227;194;252;147;115;93;55;87;3638;4000;29;163;3808;74;472;351;357;285;5945;375;1367;383;5570;415;992;410;4578;121;93;89;556;1274;664;283;179;2872;2232;746;7546;6800;6550;598;395;5557;7471;7471;449;775;717;646;0.82;697;-21.730853;-46.9743
2010;352390;35;3523909;ITU;76.23;1.73;12.9;14.95;40.82;95.09;85.08;7.09;9.83;1.39;0.89;4.42;1;4.67;1.38;5.4;71.25;73.45;83.33;15.98;15.98;13.69;12.77;10.57;2.98;93.34;103.24;67.22;83.26;29.59;84.11;88.94;50.34;70.93;14.32;21.39;92.66;81.73;27.01;14.86;88.04;90.52;93.8;95.78;94.32;90.86;17.31;1.57;11.43;3.91;1.42;0.97;83.9;83.51;67.42;75.41;80.66;62.11;58.44;46.89;55.78;44.08;53.56;41.77;14.37;320;500;727.5;1246.67;2010;0.52;0.49;1.06;2.84;6.15;12.79;24.2;43.96;4.27;57.96;12.24;23.88;42.04;78.05;14.37;9.46;1038.14;221.47;4563.36;413.63;604.24;942.77;3005.32;1038.35;40.42;98.04;182.69;0.48;18.2;2.69;2.14;14.76;8.52;0.13;75.82;69.29;50.93;44.7;0.71;15.4;21.45;0.84;8.82;58.9;76.43;88.19;1575.16;62.28;6.08;34.94;76.31;70.64;83.55;6.25;26.6;29.85;11.03;5.21;6.22;0.38;64.33;2.2;11.96;98.25;98.34;29.41;99.65;99.84;0.18;0.65;19.76;11.96;5.68;17.53;4.48;24.9;0.91;6.39;13.9;4.96;0.23;0.64;0.16;5281;6489;6634;6941;7111;6657;6046;5485;5020;4339;3378;5525;2606;1691;1348;809;76219;859;4886;6285;6295;6784;7122;6715;6079;5753;5364;4604;3627;5272;2888;1976;1530;1270;1478;77928;82976;776;2830;79369;2051;10221;7618;7694;6005;120316;7831;26646;7710;112485;7735;18815;7892;93670;2107;2097;2085;11244;26801;10925;6283;3782;61437;48363;9878;154147;144269;133225;12774;8100;112351;153310;153278;621;0.73;773;692;854;782;-23.2638828;-47.298892
2010;352400;35;3524006;ITUPEVA;75.63;1.95;12.7;14.73;40.82;94.44;84.34;4.99;9.69;1.11;1.08;4.69;0.93;4.94;1.68;5.84;73.37;74.31;84.64;13.21;13.31;11.21;13.42;12.39;4.14;92.75;99.6;73.65;84.78;26.02;88.2;90.67;53.47;76.75;11.3;21.26;96.91;82.57;19.67;8.95;88.66;91.26;96.56;96.38;97.38;93.47;15.8;0.35;8.01;2.53;4.31;1.11;88.58;87.88;73.03;80.11;80.97;59.28;54.58;45.45;52.03;39.39;52.49;36.66;9.22;333.33;520;743.33;1093.33;1531;0.43;0.19;0.2;3.6;6.84;13.3;22.05;33.44;5.16;48.93;15.37;30.06;51.07;87.17;8.7;6.35;848.65;219.06;2838.27;433.12;623.39;891.42;2069.8;848.65;37.48;106.37;175.68;0.33;16.9;1.8;6.76;11.37;8.4;0.43;75.14;64.96;45.36;33.95;0.36;9.91;31.72;1.39;8.48;58.86;76.91;89.94;1397.25;65.99;4.75;40.11;83.38;75.3;87.15;5.82;25.67;29.22;7.57;4.73;4.35;0.3;67.85;1.22;11.78;97.33;90.08;35.1;99.94;100;1.16;0.3;18.12;11.34;2.62;18.12;5.12;25.32;0.53;3.52;16.2;3.67;0.11;0.91;0;1742;1973;1882;2273;2335;2164;1798;1658;1409;1173;910;1811;625;397;298;193;22793;152;1709;1846;1840;2042;2260;2104;1813;1587;1361;1125;868;1680;632;430;324;201;244;22066;25045;181;958;23906;720;3075;2307;2318;2048;34079;2217;8030;2142;31862;2323;5813;2506;26049;682;656;668;3577;8163;2238;1845;1098;16822;12943;5904;44859;38955;37954;3819;2389;31746;44744;44744;593;759;762;699;844;0.75;-23.1531055;-47.0580347
2010;352410;35;3524105;ITUVERAVA;75.47;1.7;12.9;14.96;43.19;94.35;84.12;9.75;10.59;1.34;1.4;6.57;1.82;6.9;2.96;7.82;73.21;75.83;81.71;15.59;15.84;15;11.2;8.34;3.28;96.79;104.58;75.14;86.67;36.44;90.15;93.46;56.46;72.58;22.13;33.33;96.46;88.65;31.49;10.55;96.65;97.64;98.33;100;97.9;95.45;18.17;1.15;11.3;4.3;2.28;0.91;89.31;87.15;68.28;78.12;79.15;57.27;53.31;49.24;55.86;40.9;57.37;38.19;13.52;322.5;488.8;653.33;1033.33;1786.67;0.52;0.42;0.98;3.1;7.55;13.79;26.15;43.99;4.59;58.13;13.04;24.7;41.87;72.31;13.49;8.92;950.39;218.3;4180.35;401.27;554.28;815.96;2762.45;950.39;36.84;107.84;185.72;0.47;19.93;2.59;11.96;16.43;5.95;0;66.62;67.29;49.71;49.27;0.79;16.59;11.12;0.84;12.19;65.22;79.25;89.28;1441.97;59.37;8.04;39.36;67.42;66.07;85.99;6.66;59.21;25.79;12.67;5.27;6.86;0.44;54.14;2.73;20.1;99.83;98.52;13.03;99.97;100;0.05;0.02;20.41;3.35;2.1;21.09;4.64;31.1;0;3.31;6.04;4.85;0.96;0.78;0;1144;1533;1592;1629;1722;1540;1291;1251;1222;1187;990;1303;819;575;501;316;18874;259;1147;1541;1488;1551;1692;1598;1411;1360;1394;1302;1066;1230;918;714;559;385;465;19821;20106;247;716;19143;428;2471;1800;1905;1293;30797;1861;6260;1849;28936;1817;4399;1827;24537;570;477;501;2659;6381;3774;1541;900;15903;12864;2265;38695;36430;33866;3074;1818;28974;38583;38583;573;763;765;694;841;768;-20.3366604;-47.7797924
2010;352420;35;3524204;JABORANDI;75.71;1.99;13.7;15.82;42.88;94.81;84.33;9.18;9.62;0.52;2.11;7.79;1.5;8.18;3.04;9.64;71.63;72.68;89.56;13.02;14.43;10.44;15.34;12.88;0;90.79;104.69;54.43;66.51;11.61;84.79;91.47;42.23;65.39;7.46;37.63;97.64;83.87;12.57;5.28;96.34;96.47;98.33;96.7;98.33;94.33;17.21;1.04;12.09;1.55;3.02;1.17;87.65;88.26;67.61;73.46;78.14;43.04;35.24;49.13;54.82;28.68;51.52;22.88;5.94;250;350;497.5;700;1003.33;0.39;0.21;0.41;4.48;8.95;22.46;36.65;31.57;6.47;46.61;17.53;32.72;53.39;76.41;7.2;5.28;548.22;177.37;1730.7;303.16;416.48;566.49;1269.54;548.22;35.02;111.62;185.9;0.26;15.21;0.35;24.16;8.36;3.48;0.69;73.47;54.09;37.46;36.23;0.48;8.88;21.55;0.62;16.47;77.01;91.75;96.94;936.32;54.6;3.65;25.32;72.83;61.54;78.68;5.51;35.82;27.01;9.68;4.75;4.12;0.22;64.11;2.47;17.65;98.67;99.54;21.82;100;100;0;0;27.1;3.66;1.67;25.99;8.23;36.85;2.96;6.38;12.65;7.27;0.35;1.43;0;222;221;295;349;323;250;241;251;211;197;154;236;124;87;84;55;3338;38;201;264;266;305;276;240;225;225;219;181;140;216;150;105;111;71;59;3254;3125;18;81;3026;89;386;291;282;243;5162;332;1201;335;4830;347;869;377;3961;87;105;89;439;1045;605;261;149;2541;1978;426;6592;6166;5723;485;322;4916;6530;6530;0.43;757;711;627;845;679;-20.6921079;-48.4144076
2010;352430;35;3524303;JABOTICABAL;76.08;1.88;13.1;15.19;41.5;95.01;84.86;9.6;10.36;1.66;1.08;4.91;1.01;5.16;1.43;5.94;74.81;77.64;82.09;14.35;13.87;15.08;10.84;8.49;2.83;95.47;105.27;69.58;80.59;36.84;88.78;94.35;54.25;72.66;20.92;29.72;96.82;82.9;30.26;12.51;89.7;92.25;96.43;97.3;97.91;93.79;16;1.53;5.83;3.82;1.44;1.23;89.39;89.47;69.59;74.89;83.07;59.73;55.28;54.67;60.86;43.43;60.12;40.11;16.8;305;499;745;1250;2002;0.52;1.03;2.13;3.8;7.91;14.85;28.44;42.12;3.99;57.54;11.82;23.71;42.46;75.39;14.26;9.78;1015.51;202.48;4276.87;397.57;603.83;952.27;2933.52;1016.06;24.86;85.19;173.83;0.49;16.8;3.72;5.77;16.36;7.2;0.19;70.35;67.29;49.73;46.51;1.8;18.64;16.04;1.63;11.72;59.7;76.33;87.98;1544.07;60.61;3.14;27.61;71.35;68.36;79.21;7.55;11.46;33.07;16.59;6.88;7.67;0.42;56.85;5.19;16.19;99.62;99.51;20.12;99.74;99.76;0;0.25;20;10.3;2.09;18.5;5.72;27.91;0.46;5.83;8.2;5.97;0.28;1.27;0.24;2016;2653;2901;3214;3131;2972;2516;2447;2331;2155;1754;2392;1376;1068;809;519;34794;540;2076;2663;2856;3088;3158;2990;2695;2589;2488;2404;2009;2329;1579;1211;978;750;1005;36868;38009;167;946;36896;800;4268;3154;3221;2412;57466;3414;12041;3478;54052;3567;8627;3649;45425;876;897;878;4861;11400;6878;2659;1727;29768;23833;2135;71662;69527;62713;5316;3426;53970;70863;70825;597;775;778;0.71;851;778;-21.252037;-48.325223
2010;352440;35;3524402;JACAREÍ;75.2;1.52;12.51;14.51;41.34;94.21;82.73;7.11;10.9;1.42;0.93;3.77;0.83;3.95;1.18;4.54;79.36;81.74;83.56;12.1;11.26;13.76;8.53;7;2.68;95.77;101.89;77.95;94.36;31.57;89.07;92.14;56.46;78.4;14.38;30.91;98.08;84.56;24.83;11.5;90.85;92.9;96.04;97.22;98.28;94.78;13.64;1.08;8.82;4.02;3.44;0.74;90.62;90.49;75.06;81.35;88.1;65.95;61.77;57.45;64.35;48.35;63.42;45.34;12.32;276;456;665;1077.5;1650;0.49;1.11;2.45;4.8;9.75;17.99;31.43;38.55;4.36;54.15;13.01;25.97;45.85;74.87;11.85;8.32;846.53;184.67;3263.4;366.06;548.57;841.26;2291.18;847.01;35.17;95.73;175.44;0.42;16.12;2;1.8;14.44;8.51;0.56;72.8;75.41;58.09;48.85;1.29;14.67;20.42;1.53;12.01;61.97;77.18;89.57;1362.66;59.54;3.97;30.96;79.04;67.76;81.07;10.17;36.71;36.74;18.13;9.19;11.35;0.34;62.43;3.78;14.35;98.77;98.48;27.92;99.54;99.84;0.33;0.39;14.36;9.15;1.72;13.14;4.11;25.79;0.37;5.19;11.31;7.2;0.55;1.11;0.16;7157;9002;8725;8725;8954;8737;8093;7641;6836;6079;5056;7673;3874;2525;1861;1103;103092;1051;7005;8559;8344;8782;9364;9368;8533;8071;7579;6616;5619;7423;4312;3098;2217;1530;1702;108122;108252;696;3141;104415;2690;13918;10382;10599;8365;163241;10187;34235;9965;153054;10184;24048;10291;129006;2943;3006;2894;15326;36152;15027;8440;5002;84556;67599;2917;211214;208297;181807;17561;10144;154102;210767;210649;0.66;798;777;749;837;749;-23.30528;-45.96583
2010;352450;35;3524501;JACI;74.05;1.88;16.2;18.78;38.72;93.88;81.88;7;10.76;4.99;6.32;9.1;4.44;9.27;4.86;10.24;77.84;83.37;69.78;13.31;9.95;25.91;8.85;6.68;4.31;93.87;101.01;73.96;92.36;23.21;88.89;92.1;62.29;70.33;19.53;27.56;96.27;81.69;24.95;2.37;89.35;91.83;98.08;96.29;97.78;93.53;13.09;0.98;17.41;2.48;1.64;0;89.19;83.39;72.53;77.69;81.2;47.51;40.82;50.76;55.46;31.75;59.06;27.05;5.54;286;470.8;603.33;825;1075;0.35;0.23;0.35;3.1;6.68;16.74;32.44;27.19;6.33;41.88;18.45;35.72;58.12;82.46;5.89;4.54;624.57;197.82;1698.23;378.47;539.2;699.62;1308.69;624.57;7.33;111.15;184.06;0.22;12.62;2.44;10.4;8.98;4.67;0;73.1;57.17;39.07;35.35;0.46;6.12;38.19;0.66;10.83;77.82;91;96.57;985.43;62.46;7.15;43.46;74.76;69.61;84.31;5.11;13.68;27.19;7.05;4.13;5.11;0.18;65.44;1.89;17.26;99.49;99.88;16.27;99.87;100;0.12;0;24.78;10.65;2.22;25.08;6.92;32.32;0;2.1;11.72;5.91;0.13;0.45;0;183;225;228;268;299;268;210;216;199;169;142;206;98;59;57;40;2892;25;174;227;223;248;256;244;230;210;206;158;107;168;99;73;64;41;37;2765;3081;32;117;2931;62;361;267;279;216;4474;269;967;282;4205;281;698;294;3507;79;75;65;390;919;396;227;124;2196;1725;786;5657;4871;4933;452;270;4211;5475;5475;475;776;723;659;818;0.7;-20.8844434;-49.5710544
2010;352460;35;3524600;JACUPIRANGA;74.89;2.54;14.9;17.24;52.64;94.36;83.14;8.15;10.16;2.03;1.29;9.24;1.29;9.93;3.02;11.59;74.46;74.33;85.97;12.42;12.96;7.96;13.12;12.71;6.07;97.86;101.94;85.08;57.19;20.65;84.78;88.92;49.97;48.03;7.81;9.33;97.24;80.8;17.8;6.24;78.65;86.94;93.73;98.63;97.37;93.36;10.97;0.4;28.55;5.92;3.47;0.57;87.1;90.13;73.57;77.11;72.95;48.19;43.21;43.19;47.81;32.43;40.45;29.34;8.66;160;287.5;440;747.5;1125;0.53;4.13;7.95;16.01;30.09;36.56;56.82;41.17;3.44;57.27;11.06;23.29;42.73;73.23;14.9;10.27;574.52;98.73;2365.56;218.88;351.38;558.48;1631.38;577.56;34.17;85.45;147.85;0.5;21.6;0.72;23.35;14.36;8.74;0.77;60.48;56.27;39.27;41.5;1.05;10.98;5.82;3.25;18.88;76.83;86.36;94.49;1005.33;53.26;2.69;21.92;67.01;63.28;71.12;6.54;19.37;29.14;14.87;5.83;5.23;0.34;51.17;3.79;20.04;88.24;86.84;31.27;99.94;99.32;2.11;1.97;29.56;21.35;2.63;26.75;13.56;38.72;1.17;5.73;7.83;14.95;1.01;1.51;0.68;727;893;837;652;650;655;592;592;537;449;410;754;322;258;178;147;8777;124;610;847;768;636;660;685;574;559;539;445;386;717;298;248;164;137;158;8431;7660;47;204;7409;257;1382;995;1066;785;12527;1007;2862;955;11520;839;1855;802;9665;259;303;295;1468;3565;1402;831;492;6193;4808;7839;17208;9369;14381;1740;933;11708;17161;17070;482;744;717;644;832;687;-24.703773;-48.0060639
2010;352470;35;3524709;JAGUARIÚNA;76.74;1.79;11.2;12.99;39.74;95.05;85.9;7.2;10.44;1.16;1.22;4.3;0.77;4.5;0.85;5.26;71.61;73.69;84.09;13.79;13.41;14.87;14.61;12.9;1.04;97.12;105.65;74.29;74.31;36.31;86.2;91.46;52.38;66.38;16.95;30.91;96.25;89.51;26.22;15.53;89.88;92.86;96.36;98.24;98.04;95.72;17.25;1.12;7.98;4.75;0.93;1.31;83.53;82.71;71.43;76.31;83.21;63.52;59.56;51.82;58.28;45.9;61.35;43.4;13.05;354;550;787.5;1205.6;1900;0.49;0.51;0.96;2.26;4.67;11.95;21.17;41.09;4.52;55.3;13.51;26.32;44.7;78.05;12.16;8.2;1038.61;234.7;4267.26;466.94;664.96;954.5;2877.21;1038.61;38.2;82.28;186.9;0.43;16.9;2.42;3.9;11.37;8.45;0.24;78.46;69.7;52.48;43.1;0.72;14.54;22.99;1.43;7.22;58.85;75.64;87.87;1550.11;64.62;4.22;34.75;79.85;73.15;89.77;6.9;18.65;26.8;13.57;6.19;7.03;0.35;69.23;1.05;9.52;99.51;95.32;23.75;99.76;100;0.08;0;15.4;10.12;1.96;15.37;3.27;22.56;0;3.53;13.09;6.01;0.22;1.36;0;1498;1779;1786;2111;2214;2000;1821;1580;1384;1182;933;1523;731;570;359;291;22004;242;1417;1740;1766;2030;2144;2032;1824;1620;1470;1289;1001;1453;790;579;471;327;354;22307;24830;149;770;23911;619;2837;2116;2111;1702;34863;2131;7681;2093;32732;2207;5550;2307;27182;589;563;582;3088;7376;3189;1737;1070;17676;13886;1278;44311;43033;38423;3519;2215;32688;44108;44108;635;758;784;715;862;782;-22.70374;-46.985062
2010;352480;35;3524808;JALES;76.32;1.25;11.8;13.69;40.6;94.82;85.32;11.01;10.87;1.15;0.87;5.62;0.86;5.9;0.87;6.71;80.99;81.66;86.69;9.51;8.85;10.49;9.5;9.49;2.81;94.2;100.81;77.8;76.62;46.74;88.02;92.12;62.19;67.23;25.49;34.58;97.53;88.04;32.72;9.8;84.37;89.68;98.7;100;98.84;95.74;8.06;0.82;7.81;2.75;3.06;2.53;90.21;87.97;81.29;84.86;88.12;56.66;51.67;61.34;68.29;42.18;64.48;38.05;17.41;321.25;500;670;1057.5;1590;0.46;0.93;2.06;3.37;7.93;13.15;26.6;36.83;5.06;51.72;14.81;28.35;48.28;75.78;9.95;6.99;850.11;215.25;3131.08;414.28;575.51;847.31;2201.31;850.69;43.57;90.37;179.28;0.36;23.43;3.5;8.48;19.77;6.73;0.2;61.32;66.41;50.15;45.08;1.26;21.17;10.03;2.95;15.92;67.24;81.79;91.39;1255.61;61.77;4.56;39.55;78.11;68.22;85.73;6.28;29.56;19.57;10.6;5.68;6.56;0.36;44.39;5.97;20.37;99.77;97.59;9.01;99.89;99.93;0.11;0.27;19.75;15.63;1.16;21.09;4.93;33.64;0;3.59;7.76;3.82;0.19;1.66;0.07;1268;1664;1808;1851;1873;1829;1653;1740;1708;1478;1267;1396;1046;844;677;467;22986;417;1213;1614;1699;1816;1922;1865;1836;1866;1849;1665;1405;1225;1229;965;795;521;541;24026;25952;150;860;24942;499;2618;1903;1999;1442;38567;2173;7172;2085;36394;2034;4999;2107;31395;540;521;517;2760;6829;5177;1614;1052;19950;16435;2773;47012;44239;42013;3278;2173;36561;46877;46845;567;829;776;0.73;855;0.75;-20.2671767;-50.5492435
2010;352490;35;3524907;JAMBEIRO;76.61;2.34;12.4;14.34;45.2;95.28;85.61;8.08;9.67;2.17;1.81;7.14;1.11;7.53;1.91;8.8;63.81;69.08;58.99;19.28;16.27;32.4;16.9;14.66;8.61;93.01;101.33;67.89;94.03;23.02;88.46;91.89;54.56;69.39;11.28;25.45;96.46;82.8;18.16;7.85;87.69;91.83;95.69;97.83;97.79;94.06;20.48;0;14.7;3.71;1.01;0;83.67;84.88;67.19;78.6;86.39;55.93;49.72;60.23;64.12;42.28;65.39;37.83;8.18;253;382.5;555;889;1383.33;0.49;0.55;1.56;4.88;11.15;21.23;38.73;41.02;5;55.44;13.35;25.97;44.56;77.03;12.29;8.31;738.52;184.65;3029.66;308.43;465.87;686.39;2048.79;738.52;58.34;106.66;188.82;0.41;12.33;1.51;13.25;9.76;7.82;0.47;72.97;62.35;48.03;34.46;1.21;8.91;27.14;1.79;14.91;72.41;84.4;92.32;1155.45;61.94;3.99;36.92;76.05;70.64;80.71;5.36;20.7;13.7;10.25;4.95;3.4;0.35;67.36;2;15.24;95.69;99.37;23.67;99.18;100;0.28;0;20.42;12.31;2.21;19.9;6.77;28.56;0;6.39;18.1;5.79;0.12;0.35;0;188;224;240;247;252;231;177;182;188;175;135;199;103;86;62;45;2769;35;170;237;222;201;218;202;205;179;175;146;108;215;98;64;59;37;44;2580;2816;18;97;2701;76;368;275;272;216;4116;277;910;278;3839;277;633;271;3206;66;75;82;432;979;432;237;135;1958;1535;2788;5349;2561;4546;461;262;3823;5330;5330;559;767;756;0.69;0.86;727;-23.2556416;-45.6919926
2010;352500;35;3525003;JANDIRA;75.46;1.89;15.28;17.13;40.32;94.86;84.47;3.7;10.91;1.7;1.15;4.44;0.9;4.69;0.96;5.59;76.94;81.24;79.74;12.4;10.88;15.08;10.66;7.88;5.18;98.97;109.82;68.9;68.35;23.99;86.55;90.58;49.35;58.01;11.35;23.71;95.85;85.76;23.52;10.95;88.37;91.25;96.17;97.77;96.93;93.97;18.16;1.44;24.6;4.05;2.83;0.86;89.17;87.99;66.83;73.63;82.41;60.94;55.95;51.92;57.72;42.9;58.04;39.45;8.74;278.33;440;611.67;962.5;1456.67;0.48;0.84;1.46;4.4;7.99;17.4;27.32;39.09;4.82;53.55;13.85;27.12;46.45;85.87;11.29;7.75;792.33;190.88;3097.21;357.66;526.06;765.65;2124.26;792.45;35.04;98.45;179.5;0.4;15.72;1;0.18;12.87;8.55;0.21;74.39;67.5;49.2;50.22;0.87;10.17;17.54;1.61;9.34;64.39;80.82;91.42;1352.05;64.96;4.95;36.45;80.52;75.39;85.83;8.6;28.21;35.01;15.69;7.39;7.87;0.32;65.01;4.07;13.61;99.79;89.42;40.39;99.99;100;1.19;0.43;20.61;11.63;3.07;17.25;5.69;24.9;0;4.63;16.91;6.26;1.68;0.82;0;4148;5172;4770;5150;5388;4878;4102;3916;3262;2655;2074;4497;1345;781;427;283;53063;215;4138;4953;4923;5440;5580;4965;4501;4121;3468;2996;2187;4218;1491;850;612;396;442;55281;59280;501;2230;56548;1700;8042;6023;6019;4938;81218;5918;20283;5697;75300;5828;14365;6003;60935;1648;1757;1654;9041;21113;4006;4953;2993;41972;31609;0;108344;108344;91253;10125;6117;75010;108193;108176;609;0.76;0.76;706;841;738;-23.5282044;-46.9019554
2010;352510;35;3525102;JARDINÓPOLIS;76.15;1.86;13;15.08;45.31;95.05;84.97;7.68;9.42;1.93;1.8;5.39;1.22;5.65;1.76;6.57;65.93;68.95;81.03;17.4;17.41;14.95;16.67;13.64;4.02;94.22;110.02;49.11;60.77;16.87;85.53;93.98;34.77;49.39;10.39;25.31;96.44;76.84;23.59;7.01;71.65;79.83;85.75;100;97.06;91.82;22.42;2.4;12.26;3.17;1.48;0.54;87.95;90.7;56.68;68.53;80.64;53.69;48.06;48.87;51.51;32.91;50.07;29.02;8.39;255;417.5;582.5;883.33;1275;0.48;0.48;0.68;4.94;9.36;20.45;33.89;38.94;4.79;53.48;13.93;27.33;46.52;79.24;11.18;7.68;742.74;178.02;2892.46;339.36;497.62;712.58;1985.82;744.7;9.72;97.37;178.02;0.41;17.36;1.28;8.35;14.98;8.77;0.07;70.85;62.5;41.59;43.53;0.46;10.84;14.35;1.93;11.42;66.85;83.47;93.35;1302.09;54.23;4.97;27.95;64.81;62.16;78.12;5.58;39.87;34.58;11.14;4.29;5.81;0.38;61.49;2.86;15.75;98.18;98.71;26.7;99.94;99.7;0.37;0;24.71;28.35;2.94;23.81;8;32.79;0;13.99;16.66;9.93;0.37;1.85;0.3;1417;1753;1695;1683;1655;1468;1299;1349;1231;1049;887;1441;688;487;355;250;18949;242;1302;1513;1547;1669;1575;1519;1352;1290;1155;1092;963;1424;751;504;414;289;353;18712;17368;162;549;16657;568;2596;1928;1987;1601;28811;1995;6594;1934;26816;1890;4599;1916;22217;550;549;552;2986;6922;2894;1513;945;14473;11257;1520;37661;36141;32026;3266;1964;26796;37596;37497;537;698;735;0.64;853;728;-21.0255126;-47.7706807
2010;352520;35;3525201;JARINU;74.53;1.85;15.5;17.9;44.03;94.16;82.59;7.2;10.07;1.36;0.86;7.14;1.12;7.61;1.74;8.92;74.51;78.08;73.86;16.58;14.11;25.17;8.92;7.81;0.97;93.29;104.21;63.45;71.98;18.4;87.64;93.09;55.91;60.68;8.73;29.77;98.47;84.06;16.62;9.89;75.21;80.66;91.78;95.62;98.19;94.4;13.03;2.19;5.58;1.67;1.39;0.66;88.23;85.29;72.49;79.66;77.43;50.83;45.47;47.84;51.11;32.46;50.44;28.7;7.42;270;397.5;556.67;986.67;1390;0.45;0.52;0.6;3.06;6.11;18.09;30.4;35.33;5.38;52.01;14.74;28.17;47.99;81.65;9.59;6.97;718.61;193.39;2539.17;336.09;482.58;712.4;1846.43;718.61;40.21;94.32;186.25;0.35;15.24;2.39;13.53;11.49;7.91;0;62.99;55.14;36.65;40.58;0.35;8.48;16.3;4.55;15.37;72.96;84.67;91.86;1140.59;64.95;4.62;36.31;80.65;74.45;83.5;6.88;0;21.12;11.61;6.41;5.52;0.3;54.74;1.43;22.15;97;91.48;29.91;97.94;99.95;2.84;1.06;25.64;24.79;1.81;24.21;6.8;32.95;0;8.5;15.8;5.31;0.35;0.83;0.05;791;1028;1064;1030;1126;999;972;848;727;641;574;925;441;318;237;157;12005;127;877;1042;1060;974;1056;998;917;790;712;621;548;911;457;275;221;179;204;11842;13203;96;464;12644;320;1622;1258;1201;998;18262;1273;4126;1236;16989;1236;2853;1214;14136;347;351;360;1929;4437;1718;1042;631;9007;6974;5418;23847;18429;20330;2070;1278;16982;23797;23797;508;751;733;659;826;723;-23.0949584;-46.7148636
2010;352530;35;3525300;JAÚ;78.13;1.69;9.6;11.13;41.26;95.76;87.75;8.93;10.3;1.46;0.97;4.69;0.99;4.92;1.38;5.64;76;77.62;83.39;14.3;14.28;13.86;9.7;8.1;2.76;94.77;104.04;68.56;89.03;28.19;86.68;92.02;51.63;75.35;15.72;26.33;97;76.89;23.8;9.77;89.37;92.26;96.81;98.65;97.81;92.34;12.82;1.58;8.11;2.86;2.52;0.41;91.27;88.53;69.23;75.25;79.56;57.15;53;47.4;52.96;39.16;52.75;36.6;13.03;377.5;545;753.33;1155;1670;0.45;0.46;1.01;2.45;5.94;9.04;18.66;37.36;5.42;51.63;15.24;28.79;48.37;76.51;9.81;6.78;951.17;257.73;3553.64;466.88;644.45;931.39;2456.93;951.29;39.82;98.96;179.39;0.36;18.17;3.06;2.62;16.81;6.64;0.04;75.1;65.56;45.78;38.05;0.68;14.22;31.26;1.05;8.05;63.25;81.38;91.76;1349.39;65.55;6.91;52.56;81.54;72.1;87.88;4.27;22.4;14.72;6.82;3.65;3.45;0.31;62.7;2.65;12.71;99.72;98.83;21.63;99.93;99.97;0.09;0.32;23.17;10.63;2.19;20.38;4.16;27.27;0.44;4.73;12.65;3.9;0.06;0.72;0.03;4252;4963;5057;5638;5900;5588;4927;4509;4388;3986;3234;4434;2415;1635;1364;959;64214;965;3926;4750;5000;5550;5971;5585;4968;4768;4698;4368;3540;4188;2689;2050;1697;1440;1638;66826;74768;671;3063;71033;1597;7670;5694;5760;4858;104288;5978;21185;6004;98310;6163;15207;6280;83103;1721;1731;1635;8932;20591;11698;4749;2997;53923;43373;4097;131040;126943;114060;9713;5829;98518;130260;130243;572;762;778;693;886;768;-22.293585;-48.559193
2010;352540;35;3525409;JERIQUARA;73.86;2.21;16.6;19.15;49.06;93.77;81.58;7.66;9.86;1.28;1.14;9.91;1.27;10.61;2.37;12.66;64.47;63.49;85.73;20.33;21.19;12.28;15.2;15.32;2;92.53;104.3;60.34;62.79;11.79;89.66;94.32;57.5;62.79;9.62;22.75;98.05;83.24;11.73;3.4;81.57;84.44;87.28;89.68;98.08;94.11;16.59;1.34;16.86;0;1.04;0;91.09;89.47;67.22;70.34;72.89;44.89;38.9;51.57;49.56;31.56;56.43;27.71;6.9;233.33;340;493.33;703.33;1000;0.42;1.13;2.75;8.05;11.81;27.2;42.44;32.85;5.66;47.68;15.96;31.23;52.32;82.67;8.23;5.96;549.1;155.31;1803.77;282.83;419.26;579.09;1305.72;549.1;47.4;101.01;180.4;0.3;14.85;0.69;41.65;7.86;5.98;0;65.46;51.9;37.84;29.51;0.21;9.07;12.47;0.77;15.43;73.7;86.93;96.11;973.18;60.8;1.92;42.1;77.05;70.3;79.14;6.95;48.77;29.27;15.31;5.66;2.98;0.24;48.36;12.76;22.85;97.63;100;21.88;99.81;99.65;0;0.33;29.24;18.43;1.92;26.5;11.57;37.22;0;9.53;26.92;12.41;0.36;0.44;0.35;124;147;144;146;134;132;144;119;69;78;79;141;48;41;33;18;1622;25;117;145;136;143;119;119;126;98;92;82;52;124;60;35;38;23;29;1538;1613;6;78;1529;44;235;169;185;144;2362;176;569;166;2186;161;393;174;1793;53;53;39;269;619;242;145;86;1152;873;554;3160;2606;2653;292;186;2176;3160;3160;449;743;703;628;814;0.68;-20.3104773;-47.5915669
2010;352550;35;3525508;JOANÓPOLIS;74.43;1.88;15.6;18.07;42.88;94.1;82.45;10.11;10.39;1.55;1.16;7.8;1.64;8.25;2.54;9.5;73.24;74.94;87.72;18.06;17.71;10.84;8.7;7.35;1.44;95.41;109.52;61.91;69.64;14.99;85.48;91.24;49.68;62.84;9.04;35.03;91.94;75.75;20.65;5.42;80.04;84.51;88.57;95.76;95.8;89.86;16.79;2.89;10.58;2.13;2.24;0.98;90.52;81.14;60.08;70.92;70.58;43.27;38.04;32.89;40.24;25.56;38.25;22.75;7.9;255;387.5;555;826;1155;0.43;0.98;2.18;6.28;13.26;20.77;35.64;34.53;5.43;48.91;15.66;30.4;51.09;76.51;8.82;6.28;650.99;176.88;2248.09;332.91;479.58;673.69;1601.58;650.99;34.2;101.67;176.88;0.33;30.53;1.47;22.42;10.14;6.83;0;47.34;48.75;28.56;36.04;0.98;8.13;17.87;2.04;16.55;76.81;89.4;95.38;944.19;62.62;8.91;44.48;78.31;68.85;82.13;4.27;37.5;21.17;8.99;3.14;4.1;0.28;40.56;1.44;23.96;96.63;95.38;22.15;99.12;99.91;2.23;0.35;38.06;19.96;4.2;34.14;10.42;44.8;1.89;7.98;14.23;8.16;0.61;1.29;0.09;354;430;519;516;493;435;425;408;383;391;325;423;249;197;171;104;5927;104;382;393;474;494;493;441;439;399;412;350;322;360;268;202;145;130;137;5841;6397;73;262;6062;119;646;484;484;472;9426;604;2003;601;8822;586;1399;590;7423;145;187;141;773;1824;1190;393;278;4706;3738;0;11768;11768;10216;823;589;8804;11658;11658;433;0.68;699;585;824;707;-22.930004;-46.275208
2010;352560;35;3525607;JOÃO RAMALHO;74.1;2.37;16.2;18.7;44.75;93.91;81.95;7.47;10.98;1.39;2.77;11.27;2.09;12;3.36;14.18;86.59;87.36;95.19;11.21;10.53;4.81;2.2;2.11;0;94.15;101.61;75.11;83.81;18.39;90.95;96.02;60.22;72.46;12.45;21.8;100;79.59;21.64;8.43;78.07;86.64;100;100;99.28;93.74;9.44;0;5.6;1.85;3.26;1.12;98;100;79.52;82.53;85.66;49.55;41.51;62.03;62.5;34.18;72.03;27.88;6.22;251.17;402;531.43;798.57;1096.67;0.42;1.5;2.83;7.16;14.19;21.5;38.26;33.21;5.36;48.08;15.83;30.81;51.92;75.96;8.39;6.09;627.59;168.05;2084.18;328.68;470.13;662.39;1512.89;628.86;26.52;96.12;173.57;0.32;11.72;1.31;27.31;8.2;4.62;0;71.83;57.62;40.86;24.97;3.52;7.84;29.71;5.72;19.67;73.09;86.42;95.45;1041.89;59.41;5.31;34.31;78.85;68.22;83.64;7.3;15.76;18.15;14.52;6.76;7.55;0.3;58.87;7.16;15.22;95.49;96.53;21.23;100;99.67;1.41;2.14;22.25;21.93;0.72;21.98;7.64;31.64;0;11.34;16.17;6.91;2.42;1.19;0.33;156;198;188;191;164;186;164;144;143;109;69;165;81;40;48;24;2098;28;148;165;201;199;163;164;132;165;143;118;82;141;61;51;48;37;34;2052;2102;19;84;1998;65;287;224;209;172;3177;253;779;225;2924;215;526;236;2398;67;67;58;315;783;310;165;131;1598;1198;607;4150;3543;3538;363;246;2929;4131;4123;496;849;741;0.71;818;701;-22.2486157;-50.7677114
2010;352570;35;3525706;JOSÉ BONIFÁCIO;77.14;1.8;10.8;12.53;41.32;95.26;86.44;8.96;10.44;0.98;0.67;5.92;0.83;6.27;1.89;7.37;76.5;77;87.07;12.63;12.39;8.39;10.88;10.61;4.53;97.62;105.58;76.4;83.99;27.59;91.55;95.36;64.03;69.93;18.38;23.25;97.91;88.13;22.74;7.77;89.3;92.36;98.35;100;98.99;96.03;12.14;0.61;19.37;2.79;1.96;0.4;88.59;92.01;77.49;85.22;87.05;54.23;47.55;65.73;63.26;37.12;64.71;31.81;9.89;340;500;690;1042.86;1550;0.45;0.42;0.62;1.18;2.03;10.99;19.74;36.89;5.61;51.51;15.45;28.89;48.49;76.59;9.55;6.7;863.34;242.17;3185.18;424.84;580.11;845.87;2233.79;863.61;18.82;85.07;188.94;0.35;25.32;2.06;11.17;14.81;7.31;0;64.18;61.91;42.76;33.64;0.25;10.85;25.04;1.44;11.92;64.87;82.47;92.6;1259.16;64.34;7.29;40.97;81.4;71.8;83.26;4.71;13.63;15.21;7.74;4.22;6.2;0.31;51.42;2.95;17.04;99.74;96.99;16.64;99.74;100;2.52;0.23;19.69;10.7;1.01;20.33;4.15;31.21;0.77;1.58;10.35;3.18;0.2;1.05;0;967;1259;1392;1511;1551;1361;1190;1159;1049;1012;788;1149;648;451;354;267;16351;243;971;1276;1398;1449;1360;1359;1173;1224;1148;1007;766;1024;638;537;421;317;344;16412;18415;185;662;17568;386;2035;1488;1569;1140;26117;1630;5750;1654;24487;1748;4120;1786;20367;412;449;386;2224;5382;2934;1276;800;13141;10294;3079;32763;29684;28619;2535;1617;24467;32661;32651;542;825;777;717;869;752;-23.564090999999998;-46.434766582997995
2010;352580;35;3525805;JÚLIO MESQUITA;73.76;2.19;16.7;19.35;49.36;93.71;81.43;9.23;11.49;1.74;1.53;11.88;1.77;12.75;3.66;14.89;86.62;90.14;81.47;7.71;6.76;11.71;5.67;3.1;6.82;84.35;92.45;60.09;86.43;17.78;81.01;86.52;44.21;79.08;11.01;21.1;97.92;81.38;18.62;8.42;90.43;94.7;100;100;97.69;93.6;9.53;0.58;11.35;1.92;3.59;1.39;89.42;86.15;72.89;78.6;87.87;49.43;41.7;60.69;63.24;33.68;65.31;27.74;7.7;195;307.8;438.33;603.33;850;0.41;3.3;7.17;11.22;24.93;31.71;55.53;31.91;5.35;46.73;15.88;31.41;53.27;74.27;8.04;5.92;482.86;129.24;1540.7;254.21;374.87;527.8;1135.29;482.86;50.76;96.05;166.84;0.3;8.99;0.37;35.44;7.16;2.8;0;78.22;60.24;42.31;33.66;0.17;10.41;17.67;0.68;12.17;83.24;91.53;96.54;832.4;55.13;1.46;35.23;72.22;63.87;79.98;7.78;0;37.04;16.47;6.52;9.84;0.21;63.19;12.82;13.95;99.49;97.27;23.32;99.07;99.84;2.04;0;21.17;9.57;2.31;20.62;7.23;32.94;0;5.92;19.65;11.11;1.87;2.95;0.16;139;199;202;173;187;166;150;153;116;115;103;180;103;58;51;35;2179;49;122;218;215;180;168;166;148;159;129;126;107;197;100;70;58;49;39;2251;2088;6;87;1995;59;344;266;252;159;3375;261;770;260;3114;226;509;191;2605;43;56;85;394;923;409;218;136;1714;1319;216;4430;4214;3788;417;248;3123;4430;4430;494;808;716;686;813;659;-22.0099839;-49.7889446
2010;352585;35;3525854;JUMIRIM;76.75;2.06;12.2;14.1;43.41;95.36;85.81;8.79;9.81;0;0.7;6.6;1.5;7.01;3.52;8.35;71.86;72.78;85.06;18.67;18.26;11.03;9.47;8.96;3.91;91.39;103.95;59.24;81.52;18.31;88.67;95.4;55.98;81.52;14.31;24.55;99.14;79.53;18.56;8.38;95.81;97.01;97.49;100;99.26;93.72;14;0.44;9.96;0.67;0.57;0;89.67;85.76;69.67;71.83;80.09;48.7;41.15;47.21;55.44;33.63;59.46;28.38;8.64;325;462.5;633.33;905;1473;0.39;0.68;1.1;3.46;6.89;13.02;24.66;31.02;6.08;46.53;17.27;32.52;53.47;81.73;7.19;5.4;710.27;215.84;2203.08;397.33;541.83;743.91;1654.81;710.27;16.88;90.82;176.13;0.27;14.36;3.17;14.54;9.81;3.71;0;73.19;54.07;37.42;29.64;0;9.39;39.75;2.25;12.97;73.09;88.29;94.67;1033.41;69.62;3.51;49.82;85.03;77.97;95.34;4.85;34.95;26.31;10.04;3.72;1.06;0.23;62.07;5.34;12.93;93.09;99.46;23.39;99.7;100;0;0.23;34.54;4.19;0.74;27.54;5.28;29.66;1.38;6.08;9.39;5.25;0;0.2;0;79;113;125;154;148;139;97;98;82;79;62;117;38;34;32;25;1444;22;84;101;122;143;108;115;97;98;78;71;50;107;47;44;30;32;27;1354;1675;8;74;1594;27;170;134;127;90;2197;143;544;145;2054;168;401;182;1653;46;52;43;216;474;246;101;66;1062;797;1175;2798;1623;2406;214;148;2044;2798;2798;487;0.76;741;655;863;721;-23.0843839;-47.7882279
2010;352590;35;3525904;JUNDIAÍ;76.94;1.58;11.51;13.35;39.72;95.38;85.87;9.28;10.79;1.14;1.08;3.08;0.83;3.2;1.05;3.61;81.58;82.91;87.02;9.65;8.92;10.89;8.77;8.17;2.09;96.81;103.2;78.64;96.84;55.23;87.39;90.98;58.59;76.08;24.94;34.79;97.73;87.33;33.17;18.43;92.17;94.18;97.44;97.77;98.25;95.41;10.06;0.8;11;2.37;3;2.22;88.87;86.38;78.38;83.09;86.42;67.38;64.04;63.26;65.87;50.75;65.64;48.1;20.62;424.5;664.17;1000;1746.67;2703.33;0.53;0.52;1.16;1.87;4.12;7.81;15.2;43.55;3.94;58.61;11.43;23.01;41.39;73.9;15.24;10.17;1431.55;281.85;6234.66;536.43;828.89;1315.61;4161.85;1431.72;45.58;93.52;183.38;0.51;17.85;2.39;1.78;15.58;5.23;0.08;77.99;76.04;59.55;48.48;0.86;23.95;21.43;1.36;7.4;47.2;64.53;80.75;2033.3;62.87;3.07;34.63;79.4;69.88;86.56;5.87;27.68;27.68;10.14;5.19;5.9;0.43;64.32;3.99;10.27;99.03;97.28;22.29;99.92;99.97;0.49;0.48;13.11;7.83;1.75;12.81;2.23;22.22;0.23;4.07;9.52;3.16;0.28;0.78;0.03;11203;13328;13582;15750;16879;16002;14124;13626;12452;11270;9083;11549;6874;5106;4012;2662;180049;2547;10912;12549;13240;15388;17203;16516;14726;14093;13592;12384;9967;11321;8158;6187;5126;3912;4803;190077;204422;793;5419;198209;4430;20698;15442;15632;13168;299056;15722;57919;15735;283334;16822;42197;17480;241137;4497;4469;4436;23537;54797;34338;12539;7844;155193;126583;15922;370126;354204;325159;25877;15647;283635;368777;368732;674;0.82;822;768;866;834;-23.1887866;-46.8845122
2010;352600;35;3526001;JUNQUEIRÓPOLIS;76.61;1.7;12.4;14.33;45.99;95.28;85.61;11.5;10.21;1.17;1.09;8.56;1.32;9.03;1.54;10.32;73.91;75.47;77.22;15.09;14.01;21.14;11;10.51;1.65;93.45;96.84;85.1;55.01;28.91;88.63;89.58;66.34;49.63;17.81;39.85;95.61;90.46;24.39;7.45;78.04;84.11;90.36;98.06;96.8;94.97;10.85;0.39;3.85;2.62;3.69;0.56;87.04;87.32;77.8;81.64;79.15;50.42;45.35;48.15;50.85;30.41;49.77;26.81;9.7;298.75;470;602.5;930;1306.67;0.43;0.98;2.14;3.76;8.98;16.47;29.37;35.34;5.5;49.9;15.73;30.07;50.1;70.9;8.98;6.35;737.14;202.72;2604.99;377.18;528.22;738.31;1840.7;737.14;38.01;93.21;186.81;0.33;17.34;2.87;14.27;14.85;6.25;0.06;61.19;62.37;38.47;34.49;0.49;13.27;27.88;2.56;25.66;69.65;84.26;94.23;995.83;59.18;7.08;35.7;76.33;65.02;81.83;5.56;33.75;28.13;11.35;4.58;5.43;0.6;47.5;4.13;25.7;97.27;99.57;13.98;99.89;100;0.1;0.92;17.73;21.96;3.2;22.81;6.5;36.53;0;2.63;10.24;5.57;0.22;1.58;0;522;670;725;941;969;901;773;750;643;602;520;549;374;320;259;205;9921;198;502;580;658;693;611;624;625;690;622;556;494;523;454;371;309;256;237;8805;9836;88;299;9449;200;1022;754;786;607;14097;828;2728;842;13269;804;1900;795;11369;217;203;222;1092;2691;2153;579;384;7190;5842;3327;18726;15399;16620;1250;837;14533;17409;17409;504;758;745;662;0.86;727;-21.5109531;-51.4351505
2010;352610;35;3526100;JUQUIÁ;74.36;2.37;15.7;18.2;57.05;94.06;82.35;9.22;10.64;2.07;2.08;11.06;2.05;11.83;3.29;13.56;82.64;83.27;87.05;9.19;8.89;8.48;8.17;7.84;4.47;90.2;96.45;69.91;63.01;15.38;85.88;89.85;52.26;57.1;5.66;8.1;96.95;77.76;12.38;5.33;73.66;82.49;92.96;98.7;97.64;92.96;7.74;1.45;15.21;1.81;4.01;0.5;91.77;91.56;73.48;76.16;75.59;45.45;40.08;43.39;48.04;31.02;45.24;27.99;5.82;150;254;395.5;617.5;950;0.49;6.77;10.67;18.23;32.37;41.46;60.18;36.3;3.66;53.38;12.18;25.6;46.62;70.83;11.92;8.71;467.35;85.49;1696.34;199.03;313.66;491.17;1239.14;474.4;29.01;78.49;147.16;0.43;19.03;1.54;21.49;14.06;9.37;1.03;51.53;55.65;39.55;41.05;1.75;7.7;5.27;5.98;25.92;78.87;89;96.04;852.43;50.64;2.93;27.78;66.24;60.67;70.9;8.47;7.63;29.4;14.8;7.67;10.77;0.3;41.35;4.11;29.41;85.22;90;31.29;97.39;98.95;5.64;1.24;33.84;26.34;2.36;30.77;17.39;44.93;0.42;2.86;22.48;17.89;1.1;3.93;1.05;734;1165;856;671;682;699;611;574;545;545;506;836;400;341;247;157;9740;171;636;1037;852;674;715;720;684;608;594;522;438;808;359;290;223;151;195;9506;8235;65;303;7867;260;1737;1320;1275;824;14030;1104;3053;1013;12926;865;1949;839;10977;286;305;307;1804;4309;1775;1037;549;7025;5499;7107;19246;12139;16261;2202;1092;12968;19162;18876;455;754;0.7;637;823;654;-24.3172209;-47.6355618
2010;352620;35;3526209;JUQUITIBA;72.48;2.23;18.9;21.9;50.18;92.92;79.44;6.45;9.97;1.63;1.36;10.82;2.29;11.61;2.2;13.54;73.91;75.08;82.46;12.03;11.46;17.54;14.06;13.45;0;94.14;103.31;65.08;57.88;17.13;85.21;89.76;47.22;48.63;9.24;12.4;98.09;85.47;21.92;8.55;71.58;81.33;97.08;100;98.45;95.33;13.53;2.22;21.43;3.11;3.18;0.6;88.39;85.5;63.49;74.89;79.9;51.49;45.59;51.15;54.74;33.99;54.02;29.69;5.93;186.83;271;425;675;1066.67;0.49;2.62;5;9.97;16.61;37.56;52.47;39.52;4.65;55.04;12.97;25.71;44.96;79.88;12.18;8.46;550.32;127.87;2174.75;229.15;350.36;529.83;1509.37;551.74;34.6;91.4;172.97;0.42;16.94;1.59;13.46;14.74;8.48;0.35;50.6;58.34;40.59;46.03;0.92;7.49;8.34;5.55;19.72;78.11;88.63;95.05;970.11;58.6;5.76;31.74;73.61;69.19;76.46;9.16;18.41;29.32;15.03;8.27;11.83;0.35;42.89;3.6;30.64;96.18;95.56;35.68;95.86;99.68;3.35;1.48;22.44;28.42;1.55;23.96;10.12;38.63;0;7.39;22.91;13.73;2.19;2.19;0.32;1089;1563;1264;1216;1172;1132;1043;1006;820;796;670;1325;525;375;253;157;14543;137;1091;1491;1293;1169;1098;1218;1058;971;871;724;606;1190;482;336;252;169;175;14194;14078;176;513;13389;436;2399;1775;1813;1271;20982;1618;4942;1527;19364;1392;3324;1389;16040;471;456;507;2711;6201;1854;1489;821;10419;7957;6497;28737;22240;24023;3054;1617;19352;28538;28464;515;0.75;709;662;791;0.68;-23.932346;-47.0714217
2010;352630;35;3526308;LAGOINHA;72.82;1.93;18.3;21.2;50.71;93.13;79.98;12.83;10.56;0.6;1.47;10.56;1.26;11.26;0.63;12.84;83.24;85.9;87.65;10.53;8.5;10.12;6.23;5.6;2.22;96.96;107.27;70.98;79.38;16.04;89.87;95.11;60.37;77.27;8.62;1.25;98.85;86.95;18.14;6.36;83.21;89.91;100;100;99.02;95.59;11.77;1.63;5.94;3.35;1.8;0;95.08;92.49;72.08;79.91;80.51;36.75;29.75;46.38;49.05;26.05;53.74;22.38;6.12;200;300;450;755;1120;0.48;2.57;4.81;9.07;17.85;32.89;56.13;38.03;4.85;53.68;13.45;26.47;46.32;61.48;11.31;8.01;573.28;138.9;2180.24;246.56;373.28;568.94;1542.86;574.41;41.22;93.94;173.08;0.4;22.35;1.26;36.84;8.52;8.62;0.08;45.31;44.12;31.17;37.27;0.67;7.84;4.8;10.1;32.9;81.14;91.38;97.35;770.15;55.88;7.43;36.42;74.44;62.87;79.91;5.47;0;18.24;11.25;4.98;8.59;0.34;34.9;4.56;27.07;89.44;98.7;18.33;99.14;99.73;0.8;0.7;34.68;16.79;0.98;36.74;14.75;51.26;0;2.6;17.63;10.46;2.11;2.57;0.27;125;207;247;165;161;173;150;184;166;140;134;169;131;107;79;75;2479;66;132;200;205;149;163;159;186;176;163;138;117;169;104;100;88;58;55;2362;2381;30;99;2251;51;333;251;241;153;3780;272;750;265;3508;226;478;196;3030;46;51;61;347;859;621;196;132;1834;1489;1703;4841;3138;4260;407;272;3581;4798;4789;368;784;693;609;797;686;-23.0898337;-45.1903825
2010;352640;35;3526407;LARANJAL PAULISTA;74.73;1.84;15.1;17.51;44.93;94.27;82.9;10.04;9.82;1.12;1.37;4.76;1.1;4.97;1.33;5.71;66.79;70.57;74.63;19.94;19.35;18.38;13.26;10.08;6.99;95.38;109.68;50.75;92.11;23.64;87.45;94.33;36.97;78.78;11.02;41.02;97.84;71.83;18.5;10.16;90.74;93.79;96.52;100;98.09;91.72;23.64;1.03;8.61;2.71;1.72;0;91.69;94.63;55.91;72.12;75.78;52.66;48.19;37.25;47.74;34.54;41.67;31.99;9.76;333.33;497.5;653.33;993.33;1436.67;0.41;0.56;1.1;3.1;7.1;12.44;25.04;32.25;5.9;47.65;16.59;31.27;52.35;76.81;7.77;5.73;760.58;224.24;2452.64;406.84;558.07;801.54;1806.87;760.58;32.83;100.94;180.93;0.29;18.01;2.01;9.24;12.31;5.04;0.25;72.21;60.46;41.51;30.05;0.73;10.82;35.99;1.74;13.62;71.12;86.21;93.44;1078.96;64.56;6.07;44.67;83.12;71.97;88.23;4.04;12.26;19.44;8.54;3.41;2.31;0.24;61.74;0.94;15.64;99.05;99.55;21.02;98.57;100;0;0.4;24.31;9.26;1.91;23.43;5.64;31.12;0;7.12;13.46;5.22;0.21;0.85;0;790;1025;977;1124;1120;997;887;842;800;753;638;874;514;377;273;234;12465;240;738;1000;1007;1056;1062;1018;894;824;866;813;672;867;559;420;359;271;360;12786;14239;123;491;13625;300;1612;1211;1226;896;19957;1168;4164;1145;18789;1229;2996;1260;15793;332;343;341;1811;4234;2534;1000;598;10181;8118;2639;25251;22612;22055;2025;1099;18930;25243;25243;527;703;729;639;829;732;-23.050564;-47.837549
2010;352650;35;3526506;LAVÍNIA;74.17;1.63;16;18.56;46.71;93.95;82.06;7.01;11.04;1.74;0.4;7.88;0.9;8.36;3.29;9.62;79.81;79.93;91.87;12.05;11.02;8.13;8.14;9.05;0;96.99;102.4;80.88;90.65;14.47;91.58;93.7;64.76;81.12;8.69;17.48;98.84;92.32;10.95;3.09;87.4;90.34;94.01;100;98.55;96.98;12.29;0.4;6.27;0.91;2.75;4.62;89.53;87.15;77.94;87.05;61.26;45.48;42.23;53.01;38.05;27.3;41.55;25.09;3.77;270;400;533.33;930;1176.67;0.38;1.94;6.23;4.57;12.13;17.43;33.79;27.55;6.04;44.47;16.92;32.65;55.53;73.23;6.51;5.24;614.14;185.62;1691.99;333.86;482.95;702.74;1360.5;615.39;28.95;77.5;174.64;0.26;12.81;1.18;24.62;10.12;6.26;0;65.69;65.72;51.51;44.69;0.66;10.58;9.85;3.74;21.52;68.9;81.95;93.92;1000.35;31.58;6.91;17.72;33.66;33.34;17.72;10.01;18.56;0;20.57;10.06;9.74;0.31;49.67;11.49;21.53;99.04;98.58;13.25;99.87;100;1.19;0.65;18.9;12.6;1.45;21.79;5.09;35.26;0;2.7;5.71;8.96;1.32;0.54;0;143;219;227;876;1361;1091;640;413;274;211;163;170;113;103;81;54;6183;44;146;199;210;197;201;194;177;205;185;161;125;134;126;113;91;61;71;2596;2590;29;39;2523;65;344;246;255;155;4099;248;803;248;3851;239;555;223;3296;66;67;50;306;821;615;197;123;2108;1703;4494;8779;4285;8202;418;218;7566;5117;5107;455;786;721;655;0.82;698;-21.1676933;-51.0434733
2010;352660;35;3526605;LAVRINHAS;74.38;1.99;15.7;18.18;47.3;94.07;82.37;5.75;11.13;1.34;1.88;6.33;1.85;6.7;2.18;7.77;76.17;79.52;72.86;14.84;13.18;23.56;8.99;7.3;3.58;97.26;99.39;91.29;91.68;17.71;90.96;92.6;65.46;82.75;7.06;12.52;98.05;89.07;21.02;5.57;90.85;93.28;96.67;100;98.47;96;11.5;1.2;6.69;6.49;3.35;0;91.55;89.26;80.85;86.11;83.07;54.9;48.7;52.06;58.77;38.99;52.52;34.63;6.57;140;250;374;578.5;905;0.55;8.15;13.31;20.14;30.28;43.43;58.42;45.08;3.01;58.45;10.76;22.93;41.55;66.4;16.76;10.85;500.59;75.39;2256.55;193.85;304.71;466;1460.69;506.28;20.52;75.39;143.22;0.59;13.63;1.41;9.03;13.56;11.71;4.31;70.71;65.41;50.15;36.25;0.69;8.93;20.42;1.73;16.06;77.3;88.53;94.74;964.84;46.36;2.14;16.8;59.46;55.49;59.12;14.46;54.48;52.56;26.01;13.25;9.31;0.3;64.9;1.31;17.02;95.21;98.63;35;99.41;99.95;0.55;0.25;19.88;9.15;1.53;19.21;10.92;35.78;0;5.8;18.54;16.65;1.68;2.67;0.05;281;346;297;308;300;250;272;204;187;168;127;292;113;62;45;37;3320;31;257;325;296;285;295;291;232;226;209;179;149;236;86;73;61;45;25;3270;2559;14;64;2481;108;521;387;390;320;4853;373;1186;363;4480;332;813;317;3667;110;121;98;557;1328;379;325;188;2452;1871;541;6590;6049;5520;671;379;4470;6511;6437;549;803;729;707;823;665;-22.570047;-44.902359
2010;352670;35;3526704;LEME;76.05;1.93;13.2;15.25;42.33;94.99;84.82;7.26;9.5;2.04;1.24;7.16;2.04;7.59;4;8.81;73.68;75.67;82.79;17;16.41;14.59;9.32;7.92;2.62;92.25;103.32;64.55;92.98;28.34;87.44;93.8;52.69;75.73;15.83;31.23;96.89;78.01;22.47;10.13;86.38;90.53;95.17;99.31;97.7;92.08;14.42;0.62;4.67;2.5;1.76;0.4;92.84;92.23;68.77;72.84;77.01;51.08;45.56;46.29;47.27;33.35;50.58;30.38;9.06;266.25;418.5;584.8;880.25;1316.67;0.48;0.64;1.3;5.09;11.25;18.55;33.74;39.36;4.87;53.69;13.99;27.37;46.31;78.13;11.25;7.66;746.15;181.78;2936.65;340.24;499.13;706.64;1999.77;746.21;39.52;102.25;176.87;0.4;15.97;2.21;17.04;13.47;8.13;0.18;74.92;57.56;38.53;34.2;1.27;10.42;21.36;1.12;13.41;69.57;85.66;94;1174.41;62.62;3.06;33.13;79.17;71.85;85.26;6.51;23.44;29.74;12.74;5.58;9.12;0.32;62.61;4.68;13.51;99.64;99.13;26.62;99.56;99.86;0.16;0.33;30.68;13.62;2.3;24.24;7.91;28.38;0;6.2;18.06;7.02;1.47;0.81;0.14;3249;3921;4075;4528;4550;3959;3375;3121;2918;2374;2109;3321;1583;1100;801;530;46030;516;3113;3739;3895;4256;4201;3633;3226;3190;3000;2558;2149;3262;1733;1239;938;715;879;45726;49334;234;1713;47388;1233;6125;4493;4695;3789;71078;4775;16751;4696;66303;4879;11976;5090;54327;1339;1301;1305;6817;16107;6664;3739;2315;35570;27419;1894;91756;89862;78781;7660;5170;65951;91255;91247;511;758;744;665;851;729;-22.185833;-47.39
2010;352680;35;3526803;LENÇÓIS PAULISTA;75.19;1.77;13.3;15.43;41.67;94.19;83.72;7.23;10.11;0.89;0.79;5.1;0.78;5.4;0.9;6.34;72.87;74.1;81.27;16.45;16.47;15.52;10.68;9.44;3.22;91.41;99.79;67.58;101.26;28.83;88.28;93.3;57.16;86.55;15.39;28.5;98.39;87.64;22.02;10.36;93.7;95.88;97.81;100;99.03;96.06;12.62;0.55;4.06;1.76;1.49;1.06;88.98;87.22;72.95;81.39;84.21;57.7;52.36;60.4;61.76;40.11;64.84;35.75;10.5;330;500;680;1025;1500.5;0.43;0.41;0.76;2.73;5.4;12.34;21.91;35.26;5.58;49.81;15.72;30;50.19;77.34;8.97;6.39;816.48;227.99;2878.78;413.87;582.98;824.24;2049.28;816.48;42.84;109.81;187.21;0.32;14.27;2.64;7.92;15.38;6.9;0.11;77.43;67.24;48.36;39.97;1.19;12.09;22.73;1.58;11.49;63.13;80.1;92.22;1276.69;62.74;3.29;36.28;83.57;71.38;84.06;8.45;33.17;38.93;15.27;7.25;7.52;0.31;67.19;2.43;12.12;99.66;98.34;19.76;99.88;99.97;0.03;0.17;16.54;6.3;0.97;16.04;3.77;27.66;0;4.31;12.73;5.32;0.23;1.1;0.03;2080;2575;2674;2803;2822;2568;2289;2256;2053;1803;1427;2191;1035;687;534;348;30498;353;1975;2574;2477;2643;2874;2685;2277;2231;2092;1737;1452;2225;1166;815;666;458;583;30930;33303;169;1116;32018;818;4137;3031;3085;2417;47781;3049;10595;3055;44732;3146;7546;3200;37186;820;852;877;4573;10763;4441;2573;1460;24144;19024;1377;61428;60051;53079;5149;3075;44855;61212;61212;577;0.8;764;717;837;743;-22.6029897;-48.8031367
2010;352690;35;3526902;LIMEIRA;76.11;1.86;15.22;17.06;39.79;95.35;85.79;7.87;10.53;1.44;1.14;3.99;0.98;4.17;0.94;4.79;75.2;77.7;82.05;13.76;12.42;15.91;11.04;9.88;2.04;103.43;111.52;80.65;76.44;35.92;88.07;92.9;56.18;60.37;17.77;36.25;97.21;87.06;28.23;15.69;92.67;94.38;97.11;97.88;97.65;94.88;14.92;1.73;23.14;4;1.19;0.52;89.88;87.58;71.65;79.23;83.87;61.03;56.59;53.27;58.89;41.95;58.76;38.66;11.76;324.71;503;706;1112.5;1666.67;0.48;0.85;1.65;3.25;6.31;13.48;24.7;38.72;4.72;53.73;13.82;26.93;46.27;77.95;11.21;7.77;910.85;215.18;3526.63;414.14;597.14;880.97;2445.39;911.09;36.34;89.22;178.88;0.41;21.19;2.99;3.2;16.33;7.34;0.06;70.33;69.92;49.89;37.79;0.67;13.47;26.25;1.11;11.96;61.59;78.44;90.68;1389.32;61.79;4.23;34.75;77.78;69.51;85.42;6.3;26.47;26.73;11;5.54;6.65;0.35;57.9;2.96;14.05;99.12;97.54;23.52;99.67;99.91;0.6;0.15;16.9;7.33;2.35;16;3.91;27.86;0.16;4.29;12.22;4.72;0.14;0.96;0.09;8709;10948;11062;12242;12385;11410;10296;9963;9350;8459;6858;9367;5041;3484;2634;1741;135628;1679;8276;10662;10882;12255;12458;11641;10793;10454;10112;9241;7173;8885;5380;3997;3146;2272;2767;140394;148790;914;4467;143409;3350;17446;12987;13119;10038;219138;13121;46435;12996;206017;13534;33314;14058;172703;3597;3606;3621;18804;44998;21715;10661;6479;112555;89420;8237;276022;267785;240784;21610;12857;206318;275032;274960;0.61;0.78;775;719;852;761;-22.5615068;-47.401766
2010;352700;35;3527009;LINDÓIA;76.85;1.61;12;13.92;44.16;95.41;85.95;9.48;8.87;0.72;1.54;5.9;1.05;6.18;0.72;7.11;56.33;60.4;66.97;23.54;22.16;26.85;20.13;17.44;6.19;90.37;106.88;42.32;111.57;29.63;88.09;96.41;35.2;81.27;18.82;23.58;97.64;78.11;22.82;7.55;90.72;91.62;96.27;93.15;97.43;92.49;27.68;0;5.53;1.59;0.34;0.72;89.28;92.65;51.02;67.33;81.21;50.27;44.55;61.82;61.92;37.46;68.39;32.93;10.83;327.6;470.67;595.83;887.5;1280;0.4;0;0;1.79;4.15;12.97;24.75;33.17;6.42;47.96;17.46;32.07;52.04;77.07;7.6;5.49;714.18;229.4;2368.78;394.12;521.56;713.4;1710.66;714.18;0;122.21;191.83;0.27;18.32;2.43;10.8;11.27;9.33;4.19;64.63;55.74;42.43;38.82;0.99;11.29;22.24;2.35;11.67;77.27;88.63;94.73;1032.55;65.2;5.53;39.64;83.08;73.07;91.17;4.57;56.31;15.11;9.26;3.81;5.83;0.25;52.28;4;21.33;96.48;99.54;19.35;98.03;99.95;0.41;0.05;26.31;9.28;2.57;24.41;6.08;33.5;0;4.33;15.55;4.83;0.18;1.36;0.05;251;280;266;263;279;289;258;246;186;211;181;198;116;106;86;53;3326;57;215;252;250;305;277;255;267;253;239;185;197;224;133;109;78;66;81;3386;3812;29;120;3663;83;416;317;312;291;5292;324;1084;324;4968;312;760;291;4208;92;81;88;457;1095;636;252;156;2695;2140;0;6712;6712;5847;532;302;5013;6696;6696;503;746;742;654;864;722;-22.523056;-46.65
2010;352710;35;3527108;LINS;77.13;1.78;11.7;13.51;41.88;95.55;86.33;9.97;11.13;0.97;1.1;4.6;1.14;4.82;1.16;5.48;78.34;83.85;78.03;11.35;9.46;15.73;10.31;6.69;6.25;94.08;103.85;68.68;78.5;39.69;88.95;93.21;51.9;65.2;22.97;26.09;97.81;85.91;31.77;11.11;90.4;93.77;99.03;99.19;98.4;94.93;18.8;1.12;12;3.63;2.76;1.11;91.38;91.08;67.39;73.52;84.41;65.65;62.32;52.34;60.68;48.19;61.02;45.97;17.33;340;522.5;744.5;1200;1810;0.45;0.6;1.31;2.89;6.83;11.04;22.27;35.77;5.14;51.61;14.66;28.19;48.39;75.74;9.76;7.05;919.53;236.14;3289.45;437.92;621.95;928.76;2376.2;919.66;35.71;90.11;178.86;0.36;15.63;2.12;2.23;13.71;6.68;0.02;76.63;74.41;55.83;48.14;1.39;19.21;24.62;0.85;8.68;61.95;77.4;89.61;1396.65;60.78;1.73;33.26;75.96;68.44;85.6;7.91;77.58;29.7;15.32;7.05;9.79;0.34;60.62;7.69;13.32;99.76;99.31;17.26;99.89;99.99;0.26;0.13;13.73;9.6;1.6;14.31;3.35;23.27;0.47;2.56;9.43;4.12;0.26;0.62;0.01;2127;2782;2975;3144;3143;2738;2529;2476;2332;2146;1763;2265;1373;949;795;595;34681;549;1990;2608;2631;2893;3090;2925;2720;2677;2657;2416;2073;2129;1638;1266;1121;857;1060;36751;38300;93;1161;37046;832;4328;3190;3288;2456;57255;3450;11604;3383;53805;3284;8154;3388;45651;826;849;804;4588;11210;7119;2604;1621;29884;24374;835;71432;70597;63012;5390;3491;54131;70592;70583;657;775;786;733;869;762;-21.6741873;-49.7518932
2010;352720;35;3527207;LORENA;76.35;2.17;13.86;15.53;43.62;95.33;85.73;8.42;9.79;1.18;1.43;3.69;1.3;3.84;1.33;4.35;67.78;70.13;81.8;16.93;17.34;12.02;15.29;12.53;6.19;97.82;104.71;78.09;84.04;29.13;89.47;92.02;52.21;72.77;14.17;27.5;96.05;87.13;27.27;12.63;88.26;91.79;95.65;99.58;97.24;94.62;23.16;1.01;10.74;6.53;2.37;0.14;84.04;87.51;64.43;74.43;86.2;67.24;63.42;50.03;59.28;49.47;59.67;47.49;13.74;242;375;570;983.33;1542;0.52;1.76;3.43;8.5;16.16;23.18;37.35;41.69;3.9;57.39;11.77;23.72;42.61;68.82;14.16;9.73;781.28;152.28;3257.23;307.64;466.59;738.14;2237.29;781.74;43.36;97.67;166.01;0.48;19.25;2.1;3.14;16.07;9.43;0.14;67.12;76.18;59.34;50.32;1.6;15.82;16.41;1.24;16.75;67.21;81.19;91.5;1253.34;55.98;3.58;21.04;70.42;64.18;81.53;11.66;37.88;43.86;24.74;10.79;10.09;0.38;55.01;4.91;17.64;98.88;98.47;27.55;99.62;99.68;0.34;0.16;13.28;11.74;2.76;12.82;5.48;25.97;0.72;4.74;9.89;9.64;0.34;1.76;0.32;2793;3454;3519;3642;3514;3199;2772;2655;2648;2395;1977;2994;1482;1073;757;495;39858;489;2676;3311;3449;3550;3568;3429;3020;2925;2951;2637;2210;2885;1928;1402;1013;748;977;42679;39864;242;846;38775;1071;5430;3990;4126;3230;64405;4122;14157;4124;60283;4219;10035;4266;50248;1167;1158;1151;6051;14269;6953;3311;2056;33799;26801;2364;82537;80173;71205;6765;4022;60418;82126;82078;672;735;766;713;856;736;-22.7367652;-45.1070876
2010;352725;35;3527256;LOURDES;73.96;2.2;16.4;18.97;40.77;93.83;81.73;10.06;10.26;1.87;0;10.58;1.87;11.24;1.75;12.78;81.36;81.36;94.48;15.06;14.66;5.52;3.59;3.98;0;90.47;101.05;67.31;90.81;33.5;88.74;95.33;61.18;85.48;20.44;40.31;96.9;86.69;21.88;4.57;85.48;90.05;100;100;98.51;94.8;10.5;0;0;0.8;1.21;1.31;93.62;91.91;81.89;88.89;88.34;47.69;41.49;75.91;72.22;33.6;71.14;27.72;6.81;283.33;433.33;577.67;810;1100;0.37;2.32;6.32;6.1;18.06;17.29;35.66;28.3;5.56;43.53;17.42;34.1;56.47;74.55;6.5;5.01;612;170.28;1731.77;362.63;510.54;684.38;1335.13;612;24.29;83.89;155.61;0.28;15.75;1.05;22.44;6.27;6.51;0;62.11;60.97;44.29;33.97;1.47;8.76;27.8;5.24;17.04;74.9;89.57;97.79;913.65;59.54;8.7;28.06;81.95;66.13;80.04;4.63;0;18.67;6.35;4.27;1.64;0.2;45.57;12.62;20.25;89.2;100;13.06;99.65;100;0;0.22;17.62;14.52;1.49;25.05;7.45;39.19;0;2.57;6.24;4.35;0.32;1.55;0;53;81;95;87;95;77;85;91;69;73;60;69;58;46;35;16;1107;17;60;61;81;64;82;87;71;79;74;65;56;58;56;48;33;19;27;1021;1121;12;31;1077;20;107;79;84;63;1617;96;310;85;1521;94;214;101;1307;22;22;23;124;301;214;56;46;780;643;384;2128;1744;1882;142;112;1629;2101;2101;477;879;742;717;816;697;-20.9672545;-50.224966
2010;352730;35;3527306;LOUVEIRA;76.65;1.81;12.3;14.27;37.34;95.3;85.67;5.12;9.61;0.98;1.38;4.32;0.93;4.5;1.4;5.45;70.16;72.34;85.42;17.28;17.13;13.35;12.56;10.53;1.23;94.14;103.18;66.74;104.82;20.32;86.53;91.89;49.97;80.34;8.7;34.63;94.99;85.52;17.99;8.73;98.07;98.61;100;100;97.31;94.39;19.75;0.89;8.18;3.68;0.19;0;85.01;84.79;69.09;81.56;78.35;60.25;55.36;46.04;52.99;41.14;52.33;37.94;11.15;375;546.67;755;1130;1750;0.5;0.52;1.12;0.93;1.68;7.8;13.91;42.34;5.19;55.98;14.07;26.5;44.02;83.18;12.04;7.97;1047.17;271.89;4433.24;464.73;650.74;917.43;2933.78;1047.17;38.51;69.45;194.69;0.43;13.75;2.3;4.97;13.4;6.43;0.1;77.46;66.15;46.23;38.53;1.72;11.5;29.67;1.28;5.46;64.74;81.11;91.08;1511.06;69.79;5.15;35.66;85.62;78.53;87.58;4.51;6.79;26.42;6.23;3.91;3.85;0.39;68.54;3.07;11.35;98.16;92.37;31.53;99.7;100;0.88;0;20.15;1.93;2.69;18.26;3.32;22.34;0;8.22;7.26;1.17;0;0.86;0;1404;1470;1615;2192;2275;1915;1471;1264;1098;869;645;1282;472;320;227;138;18801;144;1377;1368;1564;2064;2079;1755;1387;1265;1111;853;664;1291;473;342;285;197;249;18324;22162;146;578;21438;570;2236;1666;1661;1667;28933;1734;7435;1835;27199;2267;5701;2401;21498;544;510;514;2665;6060;1902;1368;855;14288;10660;1430;37125;35695;31756;2838;1620;27298;37004;37004;603;0.75;777;697;861;783;-23.08639;-46.95056
2010;352740;35;3527405;LUCÉLIA;75.48;1.84;14;16.21;46.47;94.69;84;10.19;10.96;0.87;0.83;6.58;1.06;6.98;1.05;8.04;75.76;76.83;83.74;15.5;15.23;12.46;8.74;7.94;3.8;94.17;104.07;70.07;84.01;30.17;88.96;93.83;56.9;78.04;17.57;21.32;100;88.77;23.5;5.01;94.34;95.83;97.11;97.99;99.42;96.32;11.89;1.87;12.45;2.2;3.42;2.39;95.44;94.4;74.06;76.62;82.54;54.51;49.52;47.24;54.17;37.44;56.88;34.45;10.37;262;410;580;983.33;1400.33;0.46;0.36;0.77;4.1;8.62;19.55;34.5;36.98;5.02;52.45;14.21;27.77;47.55;73.37;10.41;7.36;743.2;186.38;2748.35;341.8;503.85;735.01;1942.77;743.2;44.34;100.93;184.66;0.37;19.99;2.41;15.77;12.44;7.13;0;70.29;67.1;49.98;44.89;1.71;14.4;17.03;1.97;16.37;68;82.78;92.57;1154.46;54.09;5.58;34.37;64.7;60.03;66.38;5.83;9.7;25.29;12.41;5.03;6.29;0.33;54.71;7.11;14.13;99.28;99.31;18.18;99.69;100;0.27;0.72;16.5;5.66;0.58;20.3;6.48;33.12;0;5.45;6.63;6.49;0.32;2.15;0;580;755;772;1003;1018;990;818;757;717;624;472;706;412;339;235;172;10559;189;526;663;787;734;667;663;669;716;648;570;531;600;440;386;287;214;222;9323;9430;79;353;8998;229;1150;875;864;650;14626;966;3034;930;13660;892;2068;914;11592;225;254;250;1311;3107;2025;662;496;7520;6004;2663;19882;17219;17436;1418;1028;14990;18445;18445;545;785;752;695;841;728;-21.7211293;-51.0188
2010;352750;35;3527504;LUCIANÓPOLIS;73.55;2.23;17.1;19.75;49.49;93.58;81.11;9.65;11.99;0.67;1.92;7.96;2.33;8.37;1.59;9.33;90.18;92.02;89.21;5.51;4.78;5.7;4.31;3.2;5.09;103.11;99.29;115.91;77.61;20.5;95.91;94.66;80.46;74.1;13.02;15.87;98.02;87.45;24.62;8.37;80.04;86.54;92.1;100;99.11;96.43;6.99;2.38;5.94;8.09;3.78;0;90.36;95.3;83.43;79.49;84.05;46.33;40.32;50.61;60.31;29.07;71;24.1;4.85;290;406.25;508.33;766.67;1040;0.51;0;0;2.62;4.54;13.35;23.58;46.95;5.73;58.11;14.84;26.36;41.89;70.42;12.65;7.82;779.84;223.23;3661.64;355.57;448.92;605.79;2263.59;779.84;0;115.91;199.3;0.46;15.59;3.5;46.49;10.92;4.14;0;66.14;54.37;34.93;25.54;0.43;6.73;10.01;2.84;14.73;80.58;92.57;96.36;1074.48;62.14;8.43;39.27;78.97;70.65;88.75;2.09;0;0;10.21;2.19;1.39;0.47;53.89;5.75;18.44;94.93;99.72;15.68;100;99.64;0.08;3.26;19.57;19.96;0.89;21.84;5.08;34.18;0;0;21.08;5.68;0.79;1.47;0.36;67;112;85;85;96;93;84;61;58;60;71;82;57;42;28;20;1118;17;68;100;82;75;99;99;72;63;36;80;75;88;74;43;32;21;24;1131;1203;18;41;1144;20;150;112;116;84;1670;104;319;108;1566;93;215;82;1351;27;35;24;186;407;217;97;54;841;688;469;2249;1780;1936;212;104;1620;2247;2247;463;791;733;662;809;736;-22.4310459;-49.5219241
2010;352760;35;3527603;LUÍS ANTÔNIO;74.34;2.09;15.8;18.24;43.86;94.05;82.32;4.83;10.61;1.17;1.22;5.99;1.72;6.4;2.28;7.57;66.12;72.41;71.01;17.47;16.2;20.9;16.41;11.39;8.09;100.78;113.42;66.97;70.06;21.78;93.34;96.73;48.04;64.79;12.22;25.85;98.87;87.99;23.99;7.41;85.98;90.28;98.99;100;99.46;96.34;30.89;1.15;13.09;4.47;1.99;0.58;91.62;96.34;56.72;68.89;77.07;55.82;50.57;46.95;51.7;38.51;50.21;35.24;8.72;251.5;400;615;933.33;1275;0.42;0.99;1.51;4.87;8.24;21.49;34.93;30.72;5.23;46.92;15.15;30.19;53.08;81.03;8.11;6.24;661.22;172.87;2031.51;328.08;497.22;756.86;1563.28;661.22;31.48;95.16;178.51;0.31;10.62;1.47;11.37;9.21;5.58;0.2;78.84;63.4;46.47;41.96;0.33;10.9;21;0.96;9.94;58.8;78.53;92.29;1231.42;61.89;10.13;46.69;78.24;70.64;82.32;14.25;67.88;42.16;21.57;11.53;11.64;0.24;71.56;2.56;12.9;98.32;99.78;24.09;99.73;100;0;0;24.58;14.02;0.54;21.47;7.96;26.69;0;12.03;13.81;6.33;0.62;0.57;0;455;598;587;557;565;493;414;413;357;288;220;501;135;107;68;44;5832;30;405;508;511;554;542;461;405;356;360;270;188;418;170;98;85;50;73;5454;5883;112;317;5454;169;856;644;657;505;8261;656;2171;620;7605;640;1515;662;6090;172;197;163;940;2238;545;502;301;4058;3010;385;11286;10901;9506;1106;678;7721;11249;11249;558;736;731;671;822;709;-21.552463;-47.7033894
2010;352770;35;3527702;LUIZIÂNIA;73.88;2.39;16.5;19.11;43.91;93.78;81.62;9.62;9.52;0.67;1.27;12.16;2.82;12.86;4.95;15.11;71.02;71.62;77.28;20.71;20.68;18.83;8.27;7.69;3.89;92.51;98.18;75.85;62.45;16.01;85.4;89.3;59.26;62.45;11.2;25.01;91.32;73.88;17.23;6.07;76.73;82.98;96.58;96.22;92.81;88;9.55;1.51;11.56;3.41;1.75;2.87;89.96;85.98;81.76;80.89;71.18;41.65;34.8;36.54;37.29;22.64;39.6;19.25;3.79;277.2;393;510;750;1020;0.35;0.36;0.61;2.18;5.09;16.27;30.57;27.49;7.38;42.14;19.32;36;57.86;77.42;5.69;4.42;557.06;205.67;1531.08;332.38;464.74;608.66;1190;557.06;19.23;105.37;192.32;0.2;16.01;1.56;43.36;8.38;2.85;0;68.71;49.66;26.43;23.23;0.69;5.2;17.23;2.73;16.7;75.54;91.78;97.87;889.12;57.3;3;30.62;76.32;64.41;81.88;3.94;0;18.69;9.02;3.57;4.62;0.17;60.57;3.48;15.74;97.31;99.06;21.79;100;100;0.35;0;29.12;23.27;7.19;28.71;5.77;38.6;0;17.56;16.94;4.23;1.28;0.94;0;185;195;200;284;305;215;167;161;171;140;108;168;80;76;68;44;2612;45;147;197;213;228;192;169;140;169;186;149;119;155;96;80;70;53;55;2418;2517;12;65;2440;66;299;215;240;189;3907;236;909;233;3671;272;673;296;2998;69;71;68;325;783;484;192;127;1883;1452;419;5030;4611;4392;392;212;3788;5008;5008;417;762;702;623;815;682;-21.6763356;-50.3269863
2010;352780;35;3527801;LUPÉRCIO;74.81;2.16;15;17.39;48.87;94.32;83.01;8.96;9.93;1.48;1.94;10.98;1.95;11.58;2.16;13.49;77.82;77.66;86.56;10.41;8.83;10.6;11.77;13.51;2.83;91.46;94.99;80.45;125.89;22.96;87.79;89.94;59.01;84.63;11.81;51.33;91.75;77.68;16.94;8.68;93.55;95.1;100;100;94.44;90.36;9.6;0;8.92;3.69;4.02;2.83;88.34;90.7;72.96;86.07;87.48;49.08;41.56;54.52;60.53;35.24;65.79;30.3;7.98;247.33;350;486.8;680;1005;0.4;0.26;0.26;5.33;11.17;24.67;42.87;33.82;6.49;47.52;17.16;32.31;52.48;76.26;7.89;5.56;547.3;177.48;1850.91;291.97;414.65;552.08;1305.4;547.7;24.01;105.26;191.8;0.27;12.58;1.9;43.74;9.37;4.85;0;70.01;56.63;40.08;30.11;0.19;9;10.34;2.74;13.9;83.72;91.03;96.33;871.42;59.49;7.35;21.24;78.01;68.97;83.79;4.91;0;6.5;12.02;4.95;6.04;0.25;59.48;5.63;17.81;99.47;99.25;20.64;99.17;99.93;0.07;1.3;26.15;6.45;5.56;25.3;8.88;32.8;0;5.92;21.77;10.02;0.72;2.7;0.07;140;196;187;166;190;165;133;127;157;96;120;165;86;73;54;26;2121;40;169;216;189;178;180;175;143;155;133;124;106;153;114;63;52;35;47;2232;2223;30;45;2148;59;338;250;270;190;3314;206;720;224;3108;237;514;206;2594;60;66;66;326;802;390;216;106;1694;1327;488;4353;3865;3737;412;210;3115;4347;4344;491;0.79;724;674;0.83;679;-22.4145801;-49.8183516
2010;352790;35;3527900;LUTÉCIA;75.75;1.97;13.6;15.75;47.66;94.83;84.39;11.05;9.93;1.83;0.7;9.25;0.64;9.86;1.35;11.59;71.6;76.43;69.55;14.79;12.19;20.62;13.61;11.38;9.83;101.2;110.33;78.13;113.47;19.14;84.85;85.37;55.77;77.29;13.68;46.83;90.16;87.08;21.68;5.54;93.29;93.23;96.35;93.12;93.72;91.84;17.16;2.09;10.98;3.36;4.2;0;81.33;78.48;70.73;81.58;90.56;48.68;41;58.5;65.06;33.53;61.95;27.74;5.96;224;315;456;650;970.33;0.42;1.49;1.12;8.28;15.28;30.53;49.11;33.69;5.68;48.11;15.94;30.78;51.89;70.55;8.46;6.05;516.35;146.54;1739.69;264.93;383.22;545;1245.36;516.35;44.25;102.47;179.45;0.3;10.83;0.2;23.52;7.72;4.42;0;59.41;55.12;38.74;36.99;6.62;7.79;12.63;6.91;25.61;79.81;93.8;97.44;798.45;57.68;7.07;23.28;70.73;65.64;79.8;8.82;24.78;18.12;21.34;8.39;12.54;0.25;52.86;3.99;25.84;97.83;99.81;13.67;99.14;100;0.19;0.51;23.69;6.71;6.28;24.42;7.28;37.23;0;6.5;10.61;10.16;0.9;2.03;0;83;120;123;104;119;98;84;85;103;81;67;105;50;43;40;25;1354;24;79;91;118;116;107;99;90;102;85;75;75;97;57;61;34;37;37;1360;1360;15;35;1310;36;164;119;122;94;2119;142;454;142;1977;126;312;123;1665;29;41;34;203;466;300;90;72;1082;853;556;2714;2158;2358;211;152;1996;2711;2711;487;767;0.72;659;846;0.67;-22.338378;-50.394007
2010;352800;35;3528007;MACATUBA;76.52;2.13;12.5;14.48;44.99;95.23;85.48;8.08;10.88;1.16;1.5;8.38;1.64;8.9;2.31;10.36;77.64;76.68;89.43;14.41;16.39;5.03;7.94;6.93;5.53;101.58;103.42;96.39;89.16;27.1;94.32;95.28;70.3;72.37;16.47;22.25;98.78;87.87;25.3;7.6;83.7;88.4;94.88;98.56;99.28;96.3;10.46;0.94;6.63;4.48;3.84;0;97.33;97.97;80.44;86.47;84.64;51.33;44.5;51.97;57.67;34.96;53.89;30.3;8.23;302.86;441.67;592;882.5;1255;0.55;0.74;1.75;2.69;5.38;13.06;23.53;50.2;4.74;60.43;12.88;24.03;39.57;56.69;15.59;9.38;920.95;218.37;4623.07;374.62;513.72;715.27;2779.8;920.95;29.94;92.54;183.47;0.54;12.46;0.74;19.29;8.4;5.85;0.07;78.62;61.32;43.41;32.89;1.91;10.16;26.66;2.82;12.2;66.44;83.62;94.57;1109.12;59.19;2.36;30.57;75.53;68.09;86.91;5.79;13.14;15.91;12.58;5.43;6.01;0.24;70.63;3.27;10.21;99.23;99.06;24.63;100;99.83;0.11;0;21.45;16.3;0.72;19.21;4.79;30.51;0;8.72;13.49;4.65;0.72;1.12;0.17;563;749;715;703;730;628;597;575;579;465;372;623;259;207;169;107;8152;111;548;657;686;722;703;647;554;590;595;480;329;590;287;223;179;149;168;8107;8242;33;256;7952;231;1120;836;839;647;12515;869;2822;837;11646;794;1953;798;9693;232;225;233;1272;2992;1313;657;424;6308;4900;483;16259;15776;13923;1406;839;11678;16217;16217;513;812;0.77;697;859;763;-22.50022;-48.710229
2010;352810;35;3528106;MACAUBAL;75.64;1.65;13.8;15.93;43.13;94.78;84.24;12.8;11.33;1.23;0.88;7.86;1.72;8.26;2.1;9.29;84.93;85.06;88.95;10.56;10.75;11.05;4.51;4.19;0;93.86;96.25;88.58;65.85;30.17;89.83;91.08;71.51;62.55;21.09;10.43;96.58;85.12;25.77;6.56;79.42;85.94;89.72;100;97.95;93.95;5.49;0;7.99;3.33;4.57;3.97;93.31;92.9;84.79;87.12;87.11;44.72;38.34;65;64.94;31.31;65.82;26.25;7.62;268.4;436.67;588;873.33;1250;0.43;0.65;1.81;2.74;7.53;18.17;38.92;34.65;5.77;49.36;15.93;30.37;50.64;73.28;8.7;6.18;704.61;203.12;2441.35;358.18;508.61;714.07;1735.43;705;29.18;94.35;197.02;0.32;23.12;1.99;25.08;12.41;5.84;0;56.46;53.05;37.09;31.18;0.32;9.44;21.25;2.65;19.24;73.35;85.91;95.35;1072.07;58.02;9.12;40.48;73.01;63.14;79.45;5.25;18.91;26.06;11.31;4.26;4.65;0.32;47.24;1.48;23.58;99.63;100;11.03;99.52;99.96;0;0.03;27.97;20.58;2.05;29.34;7.19;40.8;0;0.96;4.48;7.71;1.18;1.15;0.04;221;260;284;302;325;277;286;313;274;245;226;207;193;163;136;82;3880;86;212;233;283;286;295;269;253;271;282;271;239;195;180;180;141;90;103;3783;3971;45;151;3775;65;405;298;311;263;6335;342;1155;329;5993;355;813;364;5180;105;90;81;400;1027;981;233;173;3143;2574;890;7663;6773;6844;493;373;5979;7629;7625;447;832;743;676;844;0.72;-20.8071616;-49.9648439
2010;352820;35;3528205;MACEDÔNIA;76.09;1.49;13.1;15.17;42.85;95.02;84.88;11.76;10.94;0.96;0.56;10.05;1.97;10.65;0.72;11.9;74.71;76.19;90.38;11.11;11.35;9.62;14.18;12.45;0;93.65;104.8;67.05;86.49;45.01;88.33;92.52;49.63;70.87;27.91;26.77;100;100;38.1;13.43;92.84;95.15;100;100;99.4;99.58;18.32;1.05;19.17;2.91;4.35;1.36;96.87;95.97;75.88;79.25;88.16;43.38;37.08;63.67;67.27;28.56;80.52;23.12;8.39;262.5;408.8;527.5;778.33;1105.33;0.42;0.07;0;3.91;8.65;19.17;34.68;34.93;6.15;49.03;16.47;31.19;50.97;70.71;8.48;5.97;644.23;197.98;2250.22;332.61;474.02;637.19;1585.04;644.65;0;114.15;195.28;0.3;23.19;1.54;34.39;7.27;3.02;0;51.9;51.49;35.08;34.98;0.18;11.87;15.28;10.47;28.37;79.15;90.87;96.95;866.23;62.86;8.21;33.55;72.64;69.78;85;3.27;0;7.52;9.88;3.17;1.26;0.32;34.04;10.4;20.61;99.36;99.19;14.02;99.61;100;0.09;0;17.73;7.16;0.6;28.36;5.8;43.01;0;4.35;13.53;2.51;0.9;0.95;0;97;135;152;133;126;136;121;128;129;128;123;113;94;84;61;40;1837;37;91;121;134;115;151;135;128;146;130;133;126;111;97;67;55;41;46;1827;2048;21;63;1964;34;209;147;157;113;2996;179;534;164;2817;166;355;162;2462;41;33;51;238;577;431;121;83;1504;1255;887;3664;2777;3258;256;187;2815;3638;3636;434;841;0.74;675;852;705;-20.1454034;-50.193911
2010;352830;35;3528304;MAGDA;74.38;2.09;15.7;18.17;42.29;94.07;82.38;12.56;11.01;1.14;1.46;10.07;1.18;10.54;1.29;11.99;77.36;78.89;91.38;9.92;10.03;8.62;12.72;11.08;0;91.64;99.54;71;46.96;31.02;89.33;90.63;63;46.96;26.07;21.66;94.85;83.59;27.1;4.23;70.69;78.59;90;92.69;96.57;92.98;17.65;0;9.11;1.03;2.02;1.34;87.9;88.2;75.77;85.42;93.64;52.44;45.9;81.42;75.84;35.06;79.76;28.59;9.38;273.33;460.67;600;890;1230;0.44;1.4;2.03;4.28;7.42;17.31;33.52;36.84;5.37;49.57;15.52;30.07;50.43;77.17;9.49;6.4;725.51;194.73;2672.8;368.37;527.73;738.39;1803.21;725.51;40.6;88.59;182.96;0.35;18.81;1.98;24.18;10.11;6.22;0.36;53.69;62.69;43.61;36.63;0;12.77;17.69;1.04;17.25;66.79;81.87;92.85;1218.46;55.4;3.44;28.2;70.1;61.47;76.44;6.35;37.36;16.03;12.86;5.97;9.11;0.36;39.35;7.6;31.57;99.91;100;9.66;100;99.91;0;0.26;16.12;29.31;3.43;22.1;4.69;38.77;0;5.07;1.76;7.79;0.2;0.86;0.09;88;130;118;122;130;115;121;124;125;115;93;86;91;70;62;31;1651;30;83;95;117;118;102;122;110;109;123;102;102;67;90;77;59;39;34;1549;1589;8;37;1545;32;175;135;130;103;2651;137;475;139;2514;149;338;160;2176;36;32;31;171;437;402;95;65;1304;1069;545;3200;2655;2869;225;131;2513;3200;3200;524;838;753;717;823;724;-20.6444651;-50.2260983
2010;352840;35;3528403;MAIRINQUE;74.85;1.94;15;17.33;44.09;94.34;83.07;6.63;9.85;1.04;0.91;5.41;0.65;5.75;0.96;6.77;67.4;71.81;75.41;18.36;17.95;19.72;14.24;10.24;4.86;97.7;106.91;70.08;93;18.83;88.86;91.67;49.86;74.53;8.46;25.59;96.24;89.02;21.36;11.45;89.38;92.37;96.22;98.82;96.86;94.9;26.09;1.37;10.38;4.53;1.5;0.93;91.31;87.9;62.89;72.07;80.06;58.4;53.95;45.9;51.83;39.92;51.8;37.47;7.03;266.67;426.67;616.67;920;1212.5;0.44;1.77;3.4;5.48;9.66;18.63;28.31;35.07;5.03;49.32;14.65;29.43;50.68;75.07;9.58;6.7;710.18;178.64;2490.3;341.39;525.16;754.32;1742.55;712.2;35.55;87.53;171.54;0.35;15;1.19;4.58;10.14;8.75;0.16;71.31;64.78;47.32;40.8;0.66;7.99;22.36;2.44;13.78;67.44;82.71;93.93;1177.91;57.44;4.46;26.5;76.24;66.34;79.92;11.82;33.15;42.9;20.79;10.77;10.21;0.29;64.58;1.44;15.71;97.45;92.94;30.86;99.74;99.67;3.8;0.37;21.26;10.62;3.14;20.01;6.05;29.99;0.57;4.13;18.26;7.09;0.42;1.23;0.33;1567;2026;1927;1802;1829;1772;1612;1587;1406;1265;940;1743;762;524;381;198;21538;197;1505;1881;1803;1864;1920;1798;1619;1609;1495;1214;980;1636;794;577;393;265;332;21685;21149;174;571;20403;580;3085;2315;2352;1846;32865;2305;7396;2192;30560;2176;5091;2224;25469;646;674;644;3527;8178;2867;1881;1088;16663;12996;8533;43223;34690;36816;3907;2155;30754;43055;42933;584;741;743;684;831;721;-23.5401247;-47.1846323
2010;352850;35;3528502;MAIRIPORÃ;77.86;1.76;11.95;13.39;41.79;96.12;87.95;6;11.01;0.99;0.81;5;1.09;5.33;1.57;6.15;78.1;81.12;83.67;10.59;9.54;12.36;11.3;9.34;3.97;103.74;108.69;90.47;67.86;25.88;89.71;91.22;56.57;59.15;12.56;23.44;97.57;84.68;25.57;15.74;80.46;86.89;94.1;98.23;98.08;94.44;16.9;1.29;15.92;4.74;4.54;0.5;91.89;92.13;73.27;78.37;84.85;62.49;58.31;52.06;56.62;40.96;61.39;38.03;12.99;254;400;616;1157;1930;0.56;1.24;2.25;5.74;10.02;21.09;33.76;45.95;3.58;61.3;10.53;21.21;38.7;83.94;17.45;11.65;944.03;168.98;4338.28;328.19;504.09;825.52;2895.52;947.73;16.45;90.33;175.32;0.56;22.65;3.11;2.28;13.38;10.05;0.23;65.39;70.27;49.19;50.41;0.69;15.11;14.07;1.44;11.39;61.04;75.5;87.23;1666.06;56.83;3;27.18;67.49;66.12;78.91;5.84;23.5;27.51;10.44;5.02;5.98;0.46;51.29;4.03;17.77;88.14;90.47;38.25;96.25;99.68;6.24;1.3;17.8;19.54;1.92;16.71;5.58;28.29;0.3;2.85;9.14;8.85;0.55;1.25;0.32;2505;4141;3793;3363;3189;3300;3233;2982;2846;2494;1891;3307;1564;993;666;376;40975;332;2491;3562;3320;3264;3423;3592;3381;3045;2816;2234;1891;2984;1478;938;648;464;450;39981;39680;223;1258;38198;891;6051;4597;4500;3009;61919;4434;13735;4129;57485;4070;9301;4030;48184;1093;1191;1210;6747;15835;4861;3559;2083;30923;24341;10206;80956;70750;69825;7425;4631;57769;80353;80040;625;778;788;723;881;767;-23.3186111;-46.5866667
2010;352860;35;3528601;MANDURI;74.05;2.07;16.2;18.79;45.69;93.88;81.87;10;10.73;1.45;1.35;5.78;1.18;6.08;2.03;6.97;74.53;75.89;82.82;16.96;16.4;17.18;8.51;7.71;0;99.39;106.24;81.7;62.11;18.04;90.72;93.37;59.77;58.98;9.68;12.49;97.62;86;16.22;5.3;86.5;91.63;97.41;100;98.91;95.3;14.35;1.46;27.52;4.49;3.78;1.26;96.11;95.38;75.32;79.2;82.17;50.34;44.64;44.11;55.81;34.44;55.09;30.61;5.65;275;428.67;573.33;830;1185.5;0.48;0.75;0.7;2.65;4.94;17.5;30.43;40.97;5.25;53.81;14.72;28.01;46.19;72.52;11.13;7.32;750.34;196.83;3074.32;355.48;498.67;681.76;2022.51;750.34;57.64;104.52;186.74;0.41;21.99;1.15;33.65;9.92;5.09;0;64.81;57.99;41.88;27.82;1.09;7.41;12.17;2.62;18.25;77.35;90.75;95.77;1076.66;64.08;14.73;47.25;80.62;70.46;81.39;4.93;14.08;11.48;12.34;4.42;5.25;0.42;54.41;2.98;17.15;99.07;95.83;19.83;100;100;0;0.61;23.12;13.5;1.09;22.99;6.38;33.77;0;5.61;6.68;6.75;0.31;2.1;0;320;356;382;395;359;353;299;294;342;269;237;318;187;163;114;67;4519;64;299;341;365;322;380;324;346;341;312;250;213;287;202;170;135;94;92;4473;4977;103;218;4657;133;553;402;428;361;7071;444;1464;450;6627;456;1020;442;5607;125;114;138;635;1500;899;341;214;3546;2859;1214;8992;7778;7767;697;460;6610;8957;8957;503;782;739;675;818;0.73;-23.0059018;-49.317191
2010;352870;35;3528700;MARABÁ PAULISTA;73.54;2.43;17.1;19.77;30.23;93.58;81.09;7.11;10.5;1.3;0.56;10.35;4.89;10.81;3.37;12.56;79.31;80.02;86.57;10.6;9.7;11.56;10.1;10.28;1.87;111.6;118.6;93.34;66.04;6.66;83.62;89.78;55.7;66.04;3.6;22.13;98.89;84.01;16.19;12.73;74.55;85;96.5;100;98.91;94.78;8.16;4.03;2.36;4.78;1.41;1.51;86.14;77.38;76.68;82.1;52.45;39.61;35.84;29.45;26.67;22.37;29.51;21.11;4.91;190;280;427.5;655;900;0.39;3.04;4.15;8.28;11.09;32.23;47.83;29.29;5.78;45.33;16.43;31.82;54.67;69.02;7.13;5.52;457.56;132.19;1340.38;243.78;352.08;522.63;1037.61;460.4;24.44;80.71;167.7;0.28;16.1;0.63;34.16;2.83;2.85;0;50.83;50.95;33.85;42.25;0.6;8.34;15.94;6.88;38.12;82.63;93.7;98.81;630.25;46;7.72;26.51;38.48;49.71;47.1;7.09;12.94;26.49;13.49;6.53;10.96;0.7;43.99;3;30.01;88.71;99.1;12.45;98.63;99.84;0.48;0;19.76;25.45;1.09;27.32;8.86;40.11;0;8.17;10.96;15.26;1.33;1.85;0.16;135;150;211;589;486;327;217;175;161;119;97;122;74;69;45;30;3048;41;102;130;134;126;137;146;142;128;142;125;76;136;83;49;53;32;23;1764;1989;22;49;1918;57;230;159;177;124;4037;180;1060;185;3857;283;880;366;2977;56;57;51;251;594;342;130;83;1396;1136;2670;4812;2142;4324;280;185;3858;3586;3564;396;722;677;591;809;0.65;-22.1069936;-51.9629504
2010;352880;35;3528809;MARACAÍ;75.97;2.2;13.3;15.38;41.77;94.95;84.7;8.37;10.42;0.82;0.29;8.18;1.69;8.73;1.92;10.1;79.14;78.1;90.61;12.87;12.97;9.39;7.99;8.93;0;100.69;104.42;91.69;81.63;32.87;93;95.72;72.91;79.18;15.88;8.99;97.07;89.48;21.47;12.4;94.29;96.04;98.43;100;98.3;95.72;8.75;0;12.87;3.07;1.97;0.86;94.55;96.15;85.88;87.91;91.21;57.62;51.37;68.94;69.44;39.05;75.78;33.39;6.86;274;403.33;570;838.33;1105;0.42;1.45;2.84;3.41;7.9;16;30.07;34.34;5.99;48.33;16.32;30.99;51.67;76.1;8.42;5.95;666.65;199.79;2289.38;344.23;488.82;689.42;1617.47;666.87;35.64;82.04;183.86;0.32;14.97;1.63;32.48;9.28;4.71;0;71;67.95;47.85;32.59;1.45;9.34;16.63;4.43;20.69;69.19;85.07;93.97;1093.78;60.65;7.67;49.3;78.6;67.24;75.95;9.03;23.22;30.24;14.64;7.67;8.66;0.34;63.04;1.73;14.69;94.89;99.43;15.01;99.45;100;0;0.57;14.78;5.71;1.7;17.16;4.34;31.18;1.18;7.22;7.02;7.62;0.42;0.93;0;396;554;575;605;575;536;497;478;473;406;339;449;272;194;137;86;6663;91;431;503;518;581;570;513;477;492;457;422;321;479;297;215;166;102;125;6669;7026;81;367;6578;164;858;628;647;485;10520;685;2279;667;9835;660;1594;663;8241;178;193;165;934;2256;1116;503;334;5256;4157;1247;13332;12085;11584;1057;744;9783;13307;13303;576;0.87;771;758;0.85;711;-22.6112679;-50.6670685
2010;352885;35;3528858;MARAPOAMA;76.14;1.5;13;15.08;40.58;95.04;84.94;10.06;11.14;0.65;0;6.88;0.66;7.26;0.87;8.42;81.34;83.42;91.98;9.72;10.77;8.02;8.94;5.81;0;93.54;103.27;66.62;98.9;15.99;91.17;94.86;63.85;78.06;10.33;31.08;98.55;81.01;12.47;5.12;94.7;96.75;100;100;99.29;94.44;15.44;0.63;13.85;0.46;0.6;1.72;93.98;89.19;69.53;68.53;84.92;41.37;33.88;84.07;68.03;31.77;78.33;25.54;3.5;366.67;510;666.67;957.5;1203.33;0.4;1.02;0.73;4.11;8.05;9.29;17.2;33.53;6.45;46.6;17.85;33;53.4;75.42;7.51;5.23;781.03;251.72;2618.87;445.26;591.54;796.77;1823.73;784.41;28.67;92.15;165.75;0.28;21.32;0.61;19.65;17.91;11.53;0;62.68;51.61;39.9;28.74;0.59;5.3;17.92;0.85;13.69;61;82.21;93.77;1161.9;59.77;2.36;43.37;79.85;66.36;83.07;4.53;100;4.96;10.5;4.18;4.48;0.24;49.26;3.04;24.92;99.33;99.93;8.87;99.91;99.93;0;0;31.87;5.3;0.71;32.85;5.56;42.78;0;2.35;15.45;4.07;0;0.55;0.07;68;92;100;123;111;106;107;86;95;88;83;93;66;48;31;28;1349;24;61;104;91;102;119;89;111;91;92;83;69;77;61;34;34;26;40;1284;1391;5;53;1334;26;154;119;114;71;2138;114;416;112;2024;112;302;123;1722;32;30;37;182;404;265;104;55;1042;849;434;2633;2199;2327;196;121;2010;2631;2620;414;869;752;679;852;736;-21.2574769;-49.1314719
2010;352890;35;3528908;MARIÁPOLIS;74.78;1.79;15.1;17.45;44.98;94.3;82.97;11.21;9.75;1.23;0;8.47;0.97;8.97;1.48;10.67;82.63;81.49;91.73;8.41;7.59;8.27;8.95;10.92;0;89.18;93.58;76.16;81.1;18.02;84.75;88.71;59.25;81.1;8.95;10.61;97.81;84.05;17.56;12.68;84.53;88.69;94.27;95.13;97.59;94.17;4.78;2.28;3.43;0;3.03;0;95.69;89.3;68.9;78.48;81.67;49.64;42.71;39.65;49.94;29.88;42.84;25.53;5.62;260;398;526.67;733.33;964;0.37;1.36;1.94;4.75;7.89;19.28;34.4;29.07;6.25;43.85;17.6;34.15;56.15;69.56;6.61;4.95;565.58;176.81;1643.89;320.88;468.12;622.04;1231.65;565.58;25.65;84.6;174.18;0.27;12.16;0.85;33.29;6.59;4.42;0.29;69.09;61.14;38.19;27.16;0;7.57;25.55;5.87;21.36;77.81;92.29;97.79;845.87;55.11;2.86;36.18;78.35;61.31;79.31;4.09;0;19.42;9.95;3.62;1.1;0.2;63.91;1.63;16.08;96.84;94.72;19.76;100;100;4.17;4.7;20.17;15.47;2.41;25.85;5.68;36.19;0;8.21;8.27;7.44;1.48;1.36;0;133;161;156;195;204;146;119;138;142;117;114;106;81;46;62;47;2021;54;118;135;174;168;133;138;114;133;146;104;101;123;78;89;62;30;49;1895;1899;8;58;1832;56;244;181;184;140;3140;176;693;195;2964;234;517;246;2447;55;40;49;241;606;439;135;98;1519;1177;779;3916;3137;3445;296;161;2988;3913;3913;496;746;718;651;0.83;684;-21.7966708;-51.1831475
2010;352900;35;3529005;MARÍLIA;76.26;1.63;12.81;14.86;41.34;95.09;85.08;9.52;10.99;0.96;0.63;4.06;0.64;4.28;0.92;4.94;78.44;80.47;83.42;13.54;12.36;13.9;8.02;7.18;2.68;97.01;102.39;82.81;100.87;39.31;90.97;93.56;67.11;73.48;22.31;46.02;96.8;89.73;30.9;11.85;95.36;96.22;97.24;98.04;97.8;95.59;12.03;0.91;11.05;3.52;1.89;0.79;91.97;90.64;79.8;86.74;90.03;67.34;63.19;64.53;69.93;51.34;71.64;47.94;17.13;305;497.5;700;1180;1875;0.5;1.05;2.3;4.04;8.92;14.54;27.03;40.84;4.29;56.05;12.7;24.91;43.95;76.04;12.87;8.84;953.2;204.48;3893.33;400.65;582;907.74;2673.24;953.37;43.36;93.6;174.95;0.45;21.11;2.88;2.99;19.4;7.65;0.03;71.64;76.5;60.04;50.1;1.21;19.32;12.79;1.71;11.97;63.17;78.13;89.18;1462.15;60.91;4.67;32.24;71.37;68.47;81.22;7.92;21.99;32.91;17.14;7.07;9.09;0.4;55.04;6.66;12.91;99.38;99;16.79;99.72;99.99;0.08;0.59;11.9;4.64;2.2;12.46;3.61;23.87;0.42;5.5;9.23;6.08;0.32;1.31;0.01;6372;8566;8704;9271;9342;8723;8024;7495;7032;6377;5125;6940;4042;3047;2359;1666;104726;1641;6192;8070;8503;9217;9310;9122;8630;8297;7930;7222;6068;6619;4913;3727;3107;2282;2810;112019;116020;777;3368;111875;2585;13386;9965;10161;7331;173986;10403;35695;10152;163583;10340;25292;10711;138291;2648;2675;2639;14134;34498;20639;8070;5121;91138;73418;9724;216745;207021;190464;16636;10446;163382;213999;213961;673;834;798;776;854;768;-22.217108;-49.95006
2010;352910;35;3529104;MARINÓPOLIS;74.5;1.76;15.5;17.95;42.14;94.14;82.55;9.51;11.54;1.46;0;10.32;1.33;11.01;1.44;12.63;89.62;90.55;98.11;5.94;7.52;1.89;4.44;1.93;0;96.11;98.98;87.72;95.4;39.68;92.1;92.08;65.02;81.62;25.33;31.15;94.6;85.85;35.52;15.31;100;100;100;100;97.65;94.64;10.85;1.51;10.12;2.77;5.57;2.07;98.63;96.56;80.62;81.97;89.31;46.75;39.47;59.14;69;33.32;71.57;27.22;6.64;226;337.5;493.33;640;905;0.43;0.41;0.51;3.62;8.54;26.02;43.3;35.88;6.15;49.7;16.22;30.54;50.3;63.25;8.85;6.11;553.24;170.15;1984.98;278.42;396.34;546.42;1369.95;553.24;5.5;105.9;188;0.32;18.34;1.13;33.23;24.74;4.22;0;45.25;54.27;39.45;31.89;0.21;8.1;4.72;1.82;31.71;88.56;95.71;98.31;716.4;56.91;1.05;29.19;68.39;64.71;74;1.3;0;12.65;5.3;0.98;0;0.19;31.25;8.46;39.1;97.97;99.66;13.76;100;100;0;4.68;12.23;0;2.35;21.66;5.96;41.99;0;1.64;12.16;6.75;0.11;1.25;0;45;91;92;76;66;75;90;88;85;72;56;81;45;29;32;21;1063;19;50;81;88;76;74;77;95;84;70;82;48;75;47;36;24;28;15;1050;1058;2;29;1027;19;137;103;105;54;1677;106;331;123;1571;99;225;89;1346;22;33;34;156;360;201;81;57;838;675;442;2113;1671;1860;172;100;1587;2111;2111;468;846;731;694;825;681;-20.4408333;-50.8227778
2010;352920;35;3529203;MARTINÓPOLIS;74.93;1.91;14.8;17.17;46.32;94.39;83.19;9.74;9.22;1.18;0.76;8.03;0.77;8.53;1.29;9.94;68.38;65.5;88.99;15.55;18.08;9.16;16.07;16.41;1.86;92.7;102.02;69.32;62.76;20.75;85.19;90.14;51.33;57.97;10.69;18.97;97.24;77.92;18.4;6.86;80.78;86.38;96.06;100;98.08;92.33;10.85;2.11;8.2;2.25;4.22;1.45;84.76;87.88;67.83;74.89;71.32;47.8;43.53;48.57;51.17;32.37;51.95;28.96;7.86;252.5;377.5;510;766.67;1233.33;0.45;1.42;2.7;7.36;14.22;21.72;36.24;36.18;5.1;51.16;15.09;29.42;48.84;72.74;9.59;6.82;636;162.21;2301.24;317.6;455.69;617.57;1636.79;636.26;44.87;96.09;170.26;0.36;17.04;1.58;13.38;10.61;6.83;0;63.83;58.28;42.43;42.64;0.35;10.41;22.27;3.63;21.54;76.62;86.38;94.9;981.16;55.41;7.62;34.73;68.61;61.89;73.55;6.72;44.85;22.76;13.73;5.59;4.72;0.37;49.22;6.69;22;97.04;99.18;19.12;99.95;100;0.21;0.77;24.44;19.22;1.92;24.57;8.49;34.76;0;8.11;14.02;10.57;0.76;2.21;0;718;983;1004;1195;1285;1089;915;948;816;722;507;855;484;371;275;197;12601;237;701;917;983;864;915;794;861;855;855;723;607;735;526;433;331;244;274;11618;11761;145;441;11176;274;1525;1129;1162;865;18042;1182;3768;1158;16860;1150;2586;1126;14274;278;330;287;1627;3951;2359;913;605;9254;7410;3878;24219;20341;21226;1900;1270;18056;22950;22940;478;743;721;641;832;703;-22.146153;-51.170949
2010;352930;35;3529302;MATÃO;75.84;1.45;13.5;15.6;38.15;94.88;84.51;7.9;10.44;1.14;1.01;5.74;0.98;6.05;1.72;7.06;75.53;76.32;82.08;14.44;13.91;13.13;10.03;9.77;4.79;102.04;105.6;92.29;100.49;31.68;88.17;92.33;62.86;78.33;18.34;31.54;96.6;85.69;29.54;13.54;93.05;95.19;98.88;99.05;97.75;94.53;9.52;1.5;10.88;4.91;1.6;0.95;86.55;86.35;78.56;83.53;84.85;56.99;51.32;55.05;58.68;37.63;58.79;33.35;10.62;316.67;500;666;1002.5;1502.5;0.52;0.66;1.6;3.55;7.61;13.39;25.54;45.09;4.61;57.17;13.37;25.61;42.83;73.9;13.49;8.54;940.44;216.7;4240.85;412.13;575.49;809.6;2685.5;940.44;28.2;98.26;181.99;0.49;15.92;1.36;8.09;14.19;5.78;0.04;78.51;66.77;46.41;35.09;0.71;13.08;29.43;1.17;11.58;63.02;79.67;91.62;1435.26;58.68;1.94;25.16;73.64;66.5;85.52;7.41;14.54;38.47;12.87;6.66;9.18;0.41;69.17;1.78;10.88;99.86;99.53;19.91;99.69;99.91;0;0.06;19.17;6.95;2.25;18.51;4.48;28.54;0.38;5.07;13.35;4.69;0.73;0.81;0.09;2225;3056;3191;3517;3439;3266;2748;2789;2723;2479;1954;2452;1450;961;760;502;38033;521;2199;2819;3115;3579;3415;3228;2961;2949;2834;2488;2018;2384;1439;1082;865;647;731;38753;39593;114;904;38575;876;4741;3421;3616;2569;61651;3748;13402;3753;57903;3881;9654;3992;48249;979;927;995;5043;12280;6069;2819;1852;31351;24657;1409;76786;75377;67474;5875;3591;58008;76679;76679;0.57;798;773;713;847;766;-21.6033611;-48.3660603
2010;352940;35;3529401;MAUÁ;76.13;1.53;13.06;15.1;39.52;95.04;84.94;5.23;10.65;1.5;0.96;3.95;0.85;4.16;1;4.9;76.98;80.2;80.5;12.92;11.76;15.43;10.1;8.03;4.07;98.93;106;79.22;79.47;25.02;87.31;91.09;55.03;66.33;11.91;23.1;96.57;86.65;22.94;13.39;86.13;89.62;94.22;96.92;97.39;94.56;15.13;1.7;11.37;3.74;2.37;0.62;89.08;87.01;74.04;80.36;85.36;64.11;59.39;56.27;61.84;43.75;61.52;39.74;7.21;266.67;425;612;965;1336.67;0.44;1.41;2.62;5.28;9.75;18.44;30.44;33.41;5.1;49.09;14.91;29.46;50.91;78.38;8.97;6.58;709.25;180.74;2369.62;347.85;516.1;760.61;1738.81;709.43;35.23;93.28;173.49;0.34;15.05;0.91;0.33;16.13;7.83;0.24;73.61;72.35;52.33;41.3;1.05;9.6;25.16;0.9;10.84;63.26;81.03;93.06;1196.16;60.33;4.92;34.42;77.89;68.98;81.9;12.47;40.37;42.76;21.08;11.12;11.14;0.24;66.68;2.38;14.31;99.62;96.4;37.46;99.76;99.95;0.42;1.1;15.78;13.87;2.61;14.16;4.46;25.91;0.39;4.7;14.92;7.3;2.43;1.06;0.05;14700;18321;17740;20267;20089;18311;15971;15202;12945;11071;8591;15505;5956;3787;2738;1591;204093;1308;14168;18173;17726;20386;20723;18860;17070;15870;14409;12073;9280;15105;6735;4633;3431;2147;2182;212971;215666;1794;7509;206363;5784;28964;21786;21604;17157;319686;21195;75464;20772;298491;21894;54269;22729;244222;5907;6093;6041;32000;75262;21802;18166;10580;165460;127363;0;417064;417064;357459;36494;21818;299147;415015;414910;641;784;766;733;852;721;-23.6669527;-46.4616922
2010;352950;35;3529500;MENDONÇA;76.78;1.61;12.1;14.03;42.77;95.37;85.85;11.19;11.61;0.34;2.45;7;1.24;7.27;1.25;8.4;84.41;86.37;89.64;10.43;10.67;8.12;5.16;2.96;2.24;130.94;129.73;134.32;111.09;24.77;89.64;91.62;68.89;64.95;17.19;50.12;96.24;88.5;30.82;12.63;95.35;97.12;95.66;100;98.05;95.54;11.01;3.6;11.38;9.26;1.5;0;92.11;86.63;76.06;85.63;83.71;45.28;38.14;56.97;60.09;30.12;55.69;24.55;7.4;340;507.33;670;910;1240;0.36;1.32;1.99;2.98;5.4;11.38;20.1;28.5;6.45;43.12;18.73;34.83;56.88;76.98;6.09;4.59;707.36;228.24;2016.09;434.17;569.47;779.88;1519.75;709.06;19.28;72.77;169.94;0.24;18.77;1.22;18.91;11.08;5.23;0.45;65.16;53.01;37.08;28.02;0.43;10.08;30.98;4.76;15.61;69.74;85.59;95.61;1040.14;61.81;6.41;39.66;83.9;68.73;85.85;4.58;28.52;17.91;10.1;3.9;2.56;0.22;55.05;3.77;16.42;99.55;99.82;10.96;99.46;100;0.18;0;22.98;4.65;1.95;24.77;3.71;38.07;0;2.63;11.62;3.68;0.42;0.76;0;123;192;174;218;232;165;138;185;174;152;119;130;111;82;64;48;2357;50;123;170;173;204;167;176;156;189;169;115;131;133;102;87;85;40;63;2283;2560;23;83;2453;37;296;214;226;160;3769;204;769;184;3565;243;565;239;3000;49;46;42;283;735;519;170;99;1857;1480;847;4640;3793;4141;362;210;3570;4634;4623;453;802;744;663;863;0.72;-21.1838813;-49.579059
2010;352960;35;3529609;MERIDIANO;74.04;1.89;16.2;18.79;44.24;93.87;81.86;11.88;11.48;0.44;0.57;9.06;0.5;9.57;0.69;11.02;89.85;91.46;92.67;5.81;6.02;7.33;4.33;2.52;0;95.94;95.69;96.6;78.67;23.88;91.24;89.72;68.87;56.12;16.6;47.84;96.85;84.26;20.62;2.72;89.42;93.48;93.19;100;98.38;94.56;8.51;0;13.87;4.02;6.66;4.26;94.83;91.37;83.85;89.07;83.51;46.88;40.9;46.61;52.85;27.93;45.89;23.86;7.79;300;450;575;841.67;1270;0.4;1.28;2.38;3.45;7.03;13.06;23.56;32.87;6.27;47.68;17.46;32.28;52.32;71.41;7.53;5.42;694.38;217.82;2282.56;388.25;514.5;695.91;1643.48;694.94;53.59;94.41;180.26;0.28;16.03;0.95;19.81;5.26;7.52;0;58.89;58.91;36.43;38.24;0.58;10.64;23.41;3.96;17.38;75.58;88.21;96.36;997.53;61.37;9.21;53.79;83.82;66.83;85.61;8.69;37.22;38.6;13.04;6.92;7.66;0.26;50.36;3.96;25.99;97.86;99.44;13.94;99.49;99.92;0.08;2.09;17.07;10.58;1.62;24.44;3.13;40.48;0;3.4;9.63;5.23;0;1.94;0.08;102;142;137;152;146;148;137;153;139;139;79;114;78;87;68;35;1892;36;107;143;145;153;155;152;150;135;158;131;112;113;75;77;62;42;53;1963;2099;26;92;1981;34;228;174;167;119;3080;175;576;164;2905;156;401;177;2504;50;41;51;230;581;458;141;92;1576;1281;1181;3855;2674;3420;285;171;2964;3834;3831;469;796;731;667;817;717;-20.3547223;-50.172574
2010;352965;35;3529658;MESÓPOLIS;75.84;2.41;13.5;15.59;46.77;94.88;84.52;10.87;10.18;0.76;0;13.62;2.59;14.58;4.39;16.51;77.61;81.05;92.72;10.04;9.89;7.28;12.35;9.06;0;89.94;104.69;56.45;74.33;19.47;87.32;94.01;49.6;74.33;11.53;30.9;100;76.95;16.07;9.51;100;100;100;100;100;92.95;19.88;0.84;7.06;1.45;1.17;1.78;88.82;82.11;66.68;67.67;82.41;45.35;39.67;67.48;62.15;30.69;72.19;25.88;5;218;370;510;703.33;950;0.37;1.28;1.87;6.84;11.54;25.44;48.69;27.66;5.79;42.53;16.92;34.12;57.47;71.65;6.54;5.06;530.46;153.6;1467.43;295.04;456.22;619.48;1135.53;530.46;44.89;102.14;172.59;0.25;18.01;0;49.31;5.51;5.06;0;57.74;56.1;39.65;33.09;1.05;7.69;4.35;0.21;17.44;77.4;90.58;98.09;851.6;54.47;2.96;37.87;76.3;62.03;78.12;5.25;0;18.64;10.16;4.64;4.71;0.2;48.54;4.22;29.03;97.69;100;16.44;99.49;100;0;0.39;25.46;0;0;28.96;9.34;39.84;0;10.05;11.24;9.13;1.63;0.84;0;56;83;73;71;56;77;63;84;61;64;54;60;47;33;34;18;957;23;70;84;79;68;58;66;81;67;67;58;46;43;45;36;28;20;13;929;899;5;41;853;28;131;95;94;76;1490;98;291;94;1392;79;193;75;1199;22;19;16;120;322;205;84;54;732;585;418;1886;1468;1651;167;108;1375;1886;1886;454;807;724;666;847;674;-19.9662274;-50.6190438
2010;352970;35;3529708;MIGUELÓPOLIS;76.78;2.27;12.1;14.03;43.7;95.37;85.85;7.11;10.29;2.14;1.84;9.82;2.61;10.41;4.94;11.96;75.21;75.88;82.09;14.5;14.66;15.6;10.3;9.46;2.3;94.47;102.29;73.42;61.96;20.58;88.01;93.42;52.16;53.28;12.54;19.96;97.34;78.03;22.05;6.45;87.63;90.83;97.33;100;98.58;93.02;10.56;0.67;19.07;3.76;3.99;3.78;95.11;93.26;74.88;71.64;80.1;48.23;41.98;42.35;49.2;32.1;51.55;28.75;10.37;248;375;527.5;895.45;1400;0.46;1.69;2.55;5.41;10.18;22.66;37.42;35.49;5.01;51.48;14.22;27.68;48.52;81.34;9.98;7.19;670.82;168.16;2380.99;308.87;451.42;699.08;1714.29;670.82;44.95;92.08;179.58;0.36;16.22;2.33;15.49;13.89;4.7;0.4;63.08;55.05;37.79;41.05;1.12;12.77;20.04;2.29;16.78;66.76;81.49;91.94;1154.61;61.2;8.58;32.66;72.6;69.4;80.29;10.83;35.18;34.72;16.5;9.64;12.81;0.33;51.56;5.57;22.03;97.09;96.37;21.8;99.46;99.66;0.76;1.2;28.1;12.37;1.42;26.69;9.63;35.81;0.99;9.1;8.77;8.29;1.49;1.52;0.34;708;863;891;910;991;853;754;712;619;588;453;773;407;280;181;119;10204;102;773;810;855;844;874;859;764;707;658;606;472;831;416;295;184;141;158;10247;10631;144;361;10126;286;1355;961;1007;890;15667;1086;3497;1045;14581;986;2411;997;12170;305;336;280;1585;3674;1454;809;529;7820;6122;1186;20451;19265;17371;1673;1107;14591;20370;20370;482;774;741;661;863;712;-20.179612;-48.030997
2010;352980;35;3529807;MINEIROS DO TIETÊ;74.39;1.99;15.7;18.16;45.19;94.08;82.38;8.66;10.9;1.68;1.13;7.41;1.57;7.86;2.13;9.06;81.14;83.79;88.96;8.82;8.37;9.97;10.03;7.83;1.07;92.17;103.44;62.21;92.31;19.22;87.85;93.33;53.66;79.14;8.29;14.85;97.47;78.31;11.88;7.61;94.04;95.9;98.56;100;98.28;92.82;14.46;1.33;14.9;1.55;1.95;0;89.55;88.5;72.93;74.08;80.25;47.64;41.51;48;54.41;30.28;53.72;25.74;7.19;306.5;454.29;613.33;890;1266.67;0.39;0.79;1.96;2.69;5.8;12.96;24.91;31.59;6.14;46.16;17.13;32.42;53.84;73.4;7.38;5.39;700.24;215.06;2211.75;384.68;535.28;749.95;1617.13;700.24;50.35;97.97;179.48;0.27;13.12;2.03;16.14;11.13;4.22;0.09;72.86;56.5;36.61;28.83;0.89;9.08;36.43;2.36;15.69;69.58;87.14;96.26;1018.21;62.94;5.12;50.45;84.2;70.71;89.52;5.41;16.57;17.34;8.45;4.69;7.24;0.22;64.7;2.08;15.95;99.51;98.38;24.03;99.39;99.74;0;0;25.63;5.96;1.72;24.14;4.9;33.07;0;5.22;14.03;4.44;0.16;0.85;0.26;382;525;519;489;550;485;436;388;394;382;310;446;225;133;140;87;5992;101;407;512;532;480;528;459;405;408;402;372;306;432;221;156;151;114;161;6046;6553;53;320;6180;177;831;621;618;457;9334;617;2020;603;8717;625;1403;592;7314;155;183;165;901;2145;1043;512;300;4695;3683;538;12038;11500;10412;1037;635;8740;11982;11982;476;773;0.73;658;823;719;-22.4133188;-48.450554
2010;352990;35;3529906;MIRACATU;73.18;2.74;17.7;20.47;57.38;93.36;80.54;7.97;10.18;1.48;1.3;10.3;1.86;11.12;2.62;12.88;72.92;75.02;76.96;15.56;14.02;21.33;11.53;10.96;1.71;99.82;107.59;75.38;61.87;11.06;90.33;94.74;57.41;59.3;6.93;8.21;94.94;77.24;13.6;6.71;77.54;83.95;88.62;97.43;97.09;92.3;13.75;2.83;13.47;2.87;1.69;0.99;90.56;89.16;74.77;81.33;77.61;47.75;41.93;52.33;50.61;30.05;51.78;26.04;5.99;140;230;342;571.56;851.67;0.5;5.15;8.37;20.06;31;47.95;66.51;39.42;4.14;54.83;12.17;24.74;45.17;75.9;12.95;9.05;442.77;91.71;1745.31;177.76;278.25;452.32;1219.38;447.06;31.93;91.71;153.79;0.44;22.37;1.3;24.81;12.03;6.65;0.72;49.76;54.83;35.46;42.17;1.22;8.81;5.1;4.59;23.93;81.53;89.46;95.19;872.96;52.13;6.09;24.56;60.8;62.31;71.65;9.67;36.13;24.08;19.56;8.73;14.65;0.33;39.35;4.64;28.85;80.46;87.97;40.21;98.57;98.57;4.47;3.46;30.09;22.46;2.91;26.5;15.92;41.99;0;4.55;16.81;21.32;1.4;3.24;1.43;851;1139;968;766;729;727;693;668;607;555;489;969;380;318;252;159;10412;142;839;1139;943;719;802;780;699;670;601;508;432;925;353;275;213;136;146;10180;8856;139;292;8425;307;1819;1379;1350;1015;14693;1232;3384;1136;13461;976;2152;925;11309;363;364;367;1980;4649;1641;1139;582;7262;5605;10006;20592;10586;16989;2278;1189;13522;20533;20336;478;766;697;655;803;645;-24.2839078;-47.4535128
2010;353000;35;3530003;MIRA ESTRELA;73.34;1.43;17.4;20.15;42.64;93.46;80.79;10.78;11.77;1.14;0.71;10.45;0;11.1;2.89;12.73;86.89;90.75;93.3;8.44;9.25;4.95;4.67;0;1.75;112.55;115.26;106.02;85.55;45.22;96.65;90.07;77.27;81.97;27.08;37.76;100;95.23;33.83;17.7;86.22;90.04;100;100;97.24;96.65;17.96;0;4.26;6.2;7.17;0;100;100;82.04;96.58;95.54;47.41;40.47;81.12;74.94;34.65;76.79;28.84;10.59;253;397;510;793.33;1165;0.43;0.64;1.39;9.31;23.51;21.8;43.55;32.93;5.14;49.4;15.38;30.39;50.6;72.72;8.56;6.4;613.14;157.68;2018.81;313.97;460.09;619.6;1509.15;613.14;37.93;108.37;168.24;0.32;24.48;4.55;21.74;14.67;9.63;1.85;56.11;57.43;41.71;41.94;0;14.3;8.01;4.08;23.96;74.11;86.09;94.04;983.36;56.28;5.37;33.59;79.82;62.83;76.57;6.94;20.01;30.58;14.94;5.97;6.97;0.34;36.35;5.12;26.38;98.55;99.38;11.32;100;99.28;0;0.1;14.53;13.78;2.76;25.89;4.73;40.6;2.52;0;15.64;2.31;0.22;1.88;0.72;72;106;119;107;86;87;95;94;97;120;98;87;82;50;49;26;1401;26;73;104;103;86;88;105;130;107;80;107;91;97;93;45;42;29;39;1419;1403;11;49;1343;32;176;138;126;77;2267;141;413;120;2126;112;272;129;1854;34;31;35;183;452;304;104;70;1139;951;939;2820;1881;2493;210;146;2137;2820;2820;474;908;743;731;806;697;-19.9806298;-50.136873
2010;353010;35;3530102;MIRANDÓPOLIS;77.12;1.78;11.7;13.53;36.89;95.54;86.31;10.35;10.12;1.54;1.28;7.19;0.71;7.51;1.44;8.53;76.7;79.46;88.28;10.54;10.22;7.51;12.76;10.33;4.22;92.09;106.07;56.71;71.22;17.09;86.65;93.14;44.42;63.32;11.04;7.47;96.04;83.39;18.34;4.28;73.6;84.67;97.09;100;97.95;93.82;17.66;0;4.67;0.69;3.22;0;90.93;91.9;67.05;72.93;76.87;53.76;50.32;40.73;47.8;35.39;42.99;33.54;10.37;284;457.5;620;992.5;1370;0.45;1.23;2.47;4.47;10.72;16.64;29.94;35.81;5.05;50.78;14.74;28.88;49.22;71.48;9.71;6.9;758.64;191.54;2716.38;367.69;536.1;771.7;1930.09;758.97;36.37;94.76;175.8;0.36;22.71;1.67;17.16;12.85;7.45;0;59.92;68.16;49.38;41.83;0.77;13.96;10.73;4.66;19.51;66.9;80.83;93.43;1108.69;51.43;4.07;34.41;59.2;56.1;57.4;6.61;25.73;30.47;13.41;5.71;6.14;0.34;42.5;10.33;18.52;97.22;98.48;13.71;99.32;100;0.93;2.62;18.8;26.4;2.05;20.89;6.38;34.25;0;6.95;6;5.99;0.74;2.08;0;670;846;956;1226;1752;1837;1420;1146;1038;824;683;778;559;472;351;240;15055;257;687;876;913;898;887;915;979;919;979;773;736;705;637;476;432;299;317;12428;12681;70;403;12207;296;1368;996;1025;809;22921;1173;3993;1108;21748;1090;2820;1156;18928;252;322;285;1515;3672;2844;876;557;10160;8349;3028;27483;24455;24654;1722;1172;21760;24298;24287;538;0.74;751;665;869;732;-21.1328313;-51.1029422
2010;353020;35;3530201;MIRANTE DO PARANAPANEMA;75.45;2.12;14;16.24;49.17;94.67;83.95;10.57;11.36;2.09;1.48;12.5;1.83;13.29;3.69;15.32;80.64;81.58;91.27;10.56;10.86;7.74;8.8;7.57;0.99;98.51;104.86;81.33;60.47;25.19;90.81;93;63.97;54.03;13.89;15.42;98.61;86.32;22.18;10.38;78.63;85.35;94.38;100;98.77;95.41;13.19;0.27;19.22;3.17;2.86;2.23;95.67;94.26;78.84;81.65;81.94;46.64;40.54;55.56;55.75;30.62;57.43;26.27;6.79;166.67;280;430;635;975;0.5;6.41;9.46;16.47;28.84;36.11;52.64;39.04;3.44;53.86;12.07;25.93;46.14;69.66;12.94;8.91;516.3;88.74;2015.49;222.88;357.75;521.8;1388.39;522.34;28.37;76.53;144.88;0.46;25.46;1.62;33.84;9.37;4.46;0;53.79;55.21;37.05;31.47;1.06;8.62;15.19;14.31;37.2;79.54;90.15;95.18;862.7;54.45;14.38;38.43;68.71;60.47;69.87;7.63;7.43;14.63;16.95;7.3;6.26;0.41;38.87;3.23;16.78;92.11;95.14;17.51;99.46;99.53;3.8;4.13;23.08;21.37;1.23;25.62;11.44;41.72;0.81;4.9;8.58;11.82;1.39;3.28;0.47;523;779;730;691;585;595;596;643;619;530;415;684;348;308;264;171;8663;182;550;703;705;615;608;568;594;656;583;530;437;581;388;306;230;165;177;8396;8027;213;354;7459;212;1195;869;910;623;13239;881;2741;866;12358;824;1860;812;10498;238;235;224;1317;3119;1803;703;429;6562;5242;7014;17059;10045;14740;1482;922;12336;16913;16718;466;811;724;674;841;0.67;-22.2925861;-51.907143
2010;353030;35;3530300;MIRASSOL;75.76;1.71;12.5;14.5;39.64;94.51;84.54;9.4;9.69;1.01;0.61;4.53;0.71;4.77;0.94;5.48;73.47;73.37;85.19;15.01;15.02;12.53;11.51;11.61;2.27;100.32;108.57;78.48;69.8;34.64;84.67;88.93;57.31;65.06;16.55;28.39;94.43;82.8;27.55;13.92;88.9;90.08;92.62;92.04;93.5;90.57;10.75;1.1;19.85;3.44;2.02;2.29;85.33;87.13;75.42;81.84;86.39;57.65;52.56;53.47;61.49;40.49;63.43;36.78;11.98;347.5;510;684;1060;1533.33;0.43;0.86;2.19;2.4;5.54;11.22;23.76;34.37;5.63;49.37;16.18;30.36;50.63;77.7;8.5;6.13;841.27;236.82;2891.54;443.89;596.5;852.37;2086.53;841.27;33.2;80.89;183.57;0.32;17.36;2.22;2.96;14.85;5.78;0.03;70.69;67.3;48.74;40.66;0.73;13.52;23.88;1.59;10.14;64.73;82.78;92.75;1245.43;60.99;5.45;38.63;74;67.47;84.73;7.93;28.21;19.17;13.15;7.4;10.43;0.28;60.11;1.93;17.12;98.77;98.44;15.83;99.71;100;0;0.06;18.16;11.1;6.5;20.59;4.03;30.13;0.41;2.5;7.89;3.68;0.11;1.18;0;1587;1936;2117;2281;2210;2312;2079;2066;1939;1657;1339;1680;1036;743;578;425;26402;417;1523;1881;2004;2228;2239;2277;2185;2172;1974;1733;1462;1602;1215;893;761;552;689;27390;28903;208;944;27751;603;3080;2256;2350;1859;43570;2462;8626;2473;41108;2533;6164;2542;34944;647;656;643;3363;8084;5057;1881;1198;22379;18149;1359;53792;52433;47391;3817;2443;41131;53576;53576;577;767;762;698;846;748;-20.8141411;-49.507449
2010;353040;35;3530409;MIRASSOLÂNDIA;74.76;1.87;15.1;17.48;47.83;94.29;82.94;11.36;9.99;1.52;1.12;8.95;1.07;9.39;0.9;10.83;80.88;82.38;85.9;10.5;9.73;10.33;8.62;7.89;3.78;90.58;96.37;72.66;70.19;14.49;87.9;91.14;64.32;70.19;7.2;34.09;95.94;84.78;10.6;4.6;86.85;90.6;94.98;100;96.96;93.98;10.02;0;1.82;1.77;1.13;0;90.97;84.63;71.62;81.03;89.12;50.12;43.24;66.1;67.5;35.2;66.26;29.5;5.55;273;433.33;554.5;800;1075;0.39;1.14;1.89;5.31;12.32;16.33;30.1;31.38;6.18;45.91;17.29;32.76;54.09;75.49;7.26;5.29;639.58;197.67;2006.85;355.36;494.47;682.22;1462.62;639.58;24.37;103.06;184.06;0.27;22.88;2.3;19.77;12.32;7.48;0;59.21;61.59;43.76;36.37;0.84;6.9;20.35;1.67;17.96;74.53;88.67;96.21;1001.69;59.1;6.06;40.34;77.13;65.75;84.11;5.67;18.5;43.57;7.5;4.27;4.66;0.25;49.18;2.97;21.2;97.03;100;17.75;99.59;100;0;0;20.19;13.15;3.04;24.86;6.68;37.73;0;11.56;9.36;5.43;0.63;2.52;0;148;187;166;153;169;200;140;162;136;138;101;138;97;98;75;52;2193;33;119;155;161;181;170;153;152;160;135;113;121;149;102;85;61;39;46;2102;2213;21;72;2121;52;263;197;204;167;3342;179;646;182;3163;196;467;194;2696;41;74;48;280;667;488;150;92;1650;1314;803;4295;3492;3745;342;177;3225;4288;4288;501;809;738;0.69;829;704;-20.6147204;-49.462817
2010;353050;35;3530508;MOCOCA;74.63;1.64;15.3;17.72;41.82;94.22;82.75;9.24;10.33;1.55;1.55;5.85;1.35;6.15;1.47;7.02;71.62;75.33;75.18;16.05;14.46;20.17;12.34;10.2;4.65;100.12;110.3;73.76;109.95;27.93;89.8;94.73;58.02;86.3;16.4;40.29;98.04;89.17;31.89;8.7;95.51;96.71;98.45;98.95;98.9;96.19;16.58;2.34;6.54;4.7;0.94;0.34;89.31;90.01;71.72;78.41;85.41;58.35;53.43;53.31;58.53;40.04;58.35;36.67;11.69;277.5;447.78;604;961;1405;0.53;0.82;2.03;3.78;7.93;17.19;32.55;45.77;4.37;58.74;12.53;24.39;41.26;71.87;14.61;9.35;881.99;192.87;4037.05;359.6;523.09;744.06;2583.55;881.99;49.2;98.14;180.76;0.51;17.48;2.27;15.5;15.72;7.3;0.04;73.65;68.05;48.8;38.74;1.15;14.48;14.99;1.41;11.43;67.75;82.73;92.81;1377.46;55.92;4.16;28.55;72.42;63.02;81.13;6.91;42.45;30.1;14.59;5.97;9.05;0.45;61.5;2.17;15.34;97.09;99.37;19.6;99.44;99.91;0;0.05;17.19;4.49;1.1;17.87;5.41;28.98;0;1.48;9.24;5.45;0.75;0.98;0.09;2003;2607;2884;2852;2923;2575;2412;2234;2238;2127;1767;2228;1416;1025;758;520;33059;490;1933;2431;2623;2640;2786;2608;2356;2366;2322;2235;1857;2123;1494;1129;858;688;782;33231;32459;209;955;31295;761;3936;2897;2984;2293;52351;3349;10910;3303;49002;3150;7561;3162;41441;860;829;830;4528;10683;6124;2405;1619;26430;21205;5141;66290;61149;58044;5038;3346;49660;65734;65734;584;782;762;709;827;756;-21.464731;-47.002405
2010;353060;35;3530607;MOGI DAS CRUZES;76.07;2.08;12.23;14.19;44.09;94.84;84.42;6.8;10.98;1.4;1.12;3.95;0.94;4.15;1.05;4.8;77.9;80.9;79.19;12.73;11.63;16.47;9.37;7.47;4.34;99.33;103.08;88.35;67.18;34.52;90.8;91.85;63.13;56.09;15.79;26.37;97.12;87.04;26.74;12.75;85.58;89.42;93.74;96.91;97.74;95.01;14.3;1.18;18.41;4.56;3.51;0.85;90.82;91.5;75.77;81.14;84.94;66.24;62.49;52.99;60.4;49.32;58.99;47.1;16.28;255;428.57;666;1150;1836.67;0.54;1.93;3.81;7.06;13.74;20.23;33.68;43.06;3.57;58.43;11;22.63;41.57;78.34;15.66;10.67;916.81;163.46;3947.55;340.75;533.33;868.04;2688.97;917.57;34.78;90.18;163.46;0.53;19.46;2.2;4.6;15.56;8.35;0.33;70.59;74.86;58.68;47.86;1.23;18.98;15.45;1.28;10.29;59.91;74.44;87.11;1576.45;58.81;4.02;30.66;73.85;67.78;82.81;10.09;31.1;36.73;18.34;9.05;10.74;0.43;57.56;4.91;14.82;97.44;95.39;33.37;99.08;99.92;1.68;0.72;16.27;14.42;2.26;14.19;5.48;25.69;0.26;4.21;12.69;7.82;1.2;1.33;0.08;13918;17560;16343;16687;16658;15861;14260;13281;12385;10708;8375;15326;6115;4399;3217;1999;188857;1765;13491;17127;16028;16944;17305;16633;15241;14516;13558;11708;9238;14812;7191;5168;3987;2847;3128;198922;193943;1395;6149;186399;5388;27520;20502;20716;16440;295089;19914;65923;19092;275175;19099;46009;19525;229166;5549;6032;5785;31189;72328;26358;17110;9867;153275;120334;30466;387779;357313;329764;34687;20058;275019;386276;385957;662;783;783;0.74;851;762;-23.5234284;-46.1926671
2010;353070;35;3530706;MOGI GUAÇU;76.1;1.56;13.41;15.03;39.51;95.07;85.02;7.75;10.01;1.15;1;4.31;1.02;4.53;1.28;5.21;74.57;74.9;82.74;15.18;15.09;13.73;10.25;10.01;3.53;96.25;102.2;80.59;90.78;31.44;88.76;92.64;61.13;76.15;15.78;27.99;97.79;82.42;24.5;9.98;90.62;92.89;96.94;97.63;97.88;93.62;10.22;0.74;7.66;3.53;2.73;0.18;93.97;92.96;77.66;82.72;87.6;59.78;54.38;58.03;63.73;41.07;62.94;36.66;10.46;318;498;671.25;1003.33;1408;0.44;0.56;1.1;2.94;6.08;13.24;23.09;34.88;5.48;49.72;15.46;29.65;50.28;74.72;9.03;6.43;802.19;219.79;2797.77;400.12;569.15;827.77;1991.52;802.19;32.78;94.3;185.5;0.34;16.71;2.18;7.81;14.59;7.53;0.16;74.79;69.76;50.38;39.6;0.95;12.47;22.69;1.24;10.24;61.89;79.86;92.42;1265.12;59.51;4.72;34.18;78.55;67.05;83.86;8.16;30.85;27.65;15.53;7.32;8.18;0.28;65.16;1.69;13.44;99.69;99.65;19.23;99.98;99.97;0.01;0.02;16.3;9.38;2.12;16.01;3.97;28.36;0.22;4.32;12.6;5.54;0.39;1.28;0.03;4248;5534;5797;6070;6176;5765;5186;4970;4639;4146;3402;4544;2696;1927;1337;871;68094;786;4092;5334;5599;6025;6236;5679;5085;5156;4984;4376;3596;4479;2789;2001;1509;1073;1138;69151;71309;513;2355;68441;1690;8681;6386;6629;4929;108992;6890;23487;6799;102102;6796;16597;6909;85505;1718;1726;1691;9475;22732;10640;5333;3393;55236;43613;6950;137245;130295;119833;10868;6890;102074;136821;136821;598;817;774;736;852;0.74;-22.372222;-46.9425
2010;353080;35;3530805;MOJI MIRIM;77.74;1.89;10.53;12.21;39.74;95.78;86.98;8.87;10.65;1.13;0.74;4.41;1.13;4.64;1;5.28;70.87;74.22;82.63;15.45;15.07;14.07;13.68;10.71;3.3;97.85;109.18;69.47;83.4;38.99;89;92.23;54.11;69.85;18.33;30.41;97.84;87.3;28.19;14.16;93.74;94.28;95.98;95.25;97.45;94.55;21.92;1.33;17.98;3.37;1.95;0.68;88.4;90.95;68.14;79.91;84.24;61.46;57.37;55.8;60.77;43.84;57.9;40.8;14.12;327.78;509;733.33;1193.33;1862.5;0.49;1.39;2.56;3.79;6.92;13.49;24.63;38.78;4.49;54.11;13.41;26.4;45.89;74.96;11.57;8.04;945.62;212.31;3667.48;421.59;614.38;921.42;2549.49;945.74;31.47;78.37;171.54;0.43;18.66;3.25;6.61;15.73;6.53;0.13;74.97;69.58;51.55;40.55;1.16;16.89;19.18;1.16;9.16;59.14;76.2;88.71;1459.49;59.32;4.04;32.38;72.05;66.54;83.92;8.25;30.48;40.79;14.22;7.06;9.42;0.34;62.09;2.65;12.47;98.91;97.59;18.3;99.76;99.96;0;0.32;16.56;6.26;2.55;16.53;3.52;26.42;0.49;3.91;8.96;5.94;0.24;1.43;0.04;2515;3255;3585;3671;3725;3601;3276;3221;2980;2703;2190;2815;1688;1242;943;598;42597;589;2557;3156;3385;3597;3772;3436;3286;3207;3246;2961;2409;2630;1965;1355;1093;821;1032;43908;45023;259;1397;43366;1026;5144;3799;3878;3003;69577;4174;14238;4183;65403;4179;10064;4285;55339;1043;1063;1087;5649;13564;7673;3156;2037;35565;28583;5560;86505;80945;75901;6411;4315;65175;85795;85784;615;771;784;715;879;767;-22.433009;-46.9581629
2010;353090;35;3530904;MOMBUCA;74.18;2.54;16;18.55;47.85;93.96;82.07;8.36;10.75;0;1.66;9.27;2.26;9.87;2.86;11.46;71.39;77.68;76.8;16.27;13.39;23.2;12.35;8.93;0;104.41;118.14;66.27;75.83;15.04;93.14;96.55;52.94;71.84;5.11;15.63;97.26;87.28;16.81;10.78;87.97;91.69;95.64;100;97.77;95;28.54;3.81;11.58;4.47;0.79;0;88.66;93.15;66.3;81.2;76.94;42.09;34.78;40.72;41.51;19.33;42.16;14.68;2.52;196;328.5;505;855;1433.33;0.61;3.94;5.89;9.83;16.93;28.64;49.12;52.94;2.95;65.23;9.33;19.24;34.77;78.55;22.69;13.9;832.07;122.86;4404.57;265.43;412.37;645.96;2697.66;832.07;33.08;76.41;153.5;0.71;16.59;3.69;22.25;8.94;6.73;0.5;68.27;53.79;29.36;31.01;1.9;3.98;22.22;1.94;17.65;74.25;86.7;93.55;1619.78;48.58;3.13;33.11;59.09;55.7;66.25;5.99;0;35.01;5.8;4.68;2.82;0.69;57.89;1.33;19.41;99.26;75.84;32.5;100;99.89;0;0.89;42.66;12.03;2.23;32.64;15.25;43.8;0;2.48;24.57;7.25;1.09;3.14;0.11;123;158;156;150;154;123;121;126;99;92;66;125;46;48;37;24;1663;15;120;141;135;139;126;132;118;113;111;87;63;117;52;54;33;32;30;1603;1352;9;60;1282;50;244;186;178;140;2482;181;580;172;2301;163;399;187;1902;53;45;44;252;628;273;141;81;1225;951;581;3266;2685;2782;299;181;2302;3261;3261;421;728;719;607;0.82;746;-22.9293093;-47.5650724
2010;353100;35;3531001;MONÇÕES;73.81;1.83;16.6;19.24;41.51;93.74;81.51;12.15;12.21;2.04;0;8.9;0.46;9.27;4.11;10.65;89.12;87.9;93.48;10.07;12.1;6.52;0.81;0;0;95.85;93.14;104.36;81.24;34.95;94.59;90.47;77.32;78.99;23.86;29.1;100;100;23.86;3.92;100;100;100;100;100;100;3.19;0;8.39;0;8.59;7.06;100;97.79;96.81;97.37;93.27;49.98;43.29;88.03;78.9;36.58;85.77;30.04;8.28;318;475;605;933.33;1230;0.43;0.71;0.66;3.79;6.87;12.02;19.26;34.94;5.79;48.72;16.39;30.61;51.28;75.42;8.53;5.95;755.2;218.59;2638.78;400.4;536.92;780.25;1842.38;756.74;29.23;96.35;174.71;0.32;19.94;0;17.74;9.26;5.28;4.49;62.16;62.5;45.75;37.36;0.75;11.35;14.05;3.61;22.19;67.52;84.57;94.35;1154.21;62.04;3.8;51.81;82.44;67.02;77.34;9.71;53.15;22.34;20.59;9.11;19.4;0.39;38.41;17.19;20.99;91.58;99.77;8.67;99.34;100;0;0;16.17;0;0;24.13;3.62;37.73;0;0;4.49;6.22;0.64;1.33;0;56;66;70;101;78;83;79;76;98;70;66;64;64;42;35;33;1101;20;59;67;54;74;75;79;79;67;97;72;59;49;58;51;39;29;23;1031;1181;5;37;1139;23;98;67;83;65;1685;67;286;74;1618;87;219;89;1399;16;24;21;107;255;259;61;28;816;694;296;2132;1836;1904;133;71;1700;2132;2128;0.5;962;772;773;814;731;-20.850949;-50.097537
2010;353110;35;3531100;MONGAGUÁ;76.24;2.23;12.9;14.93;52.65;95.09;85.09;9.65;11.41;1.74;1.93;4.85;2.4;5.06;2;5.5;76.97;79.49;84.31;11.52;11.61;9.03;11.51;8.9;6.66;99.44;106.36;77.55;65.3;16.82;90.44;93.79;56.27;54.21;9.32;29.39;97.64;85.7;20.62;8.63;81.79;88.03;98.4;100;98.25;95.23;17.03;1.6;18;4.79;2.06;1.83;90.47;90.1;71.56;76.08;76.12;58.13;54.89;45.99;51.73;39.52;50.79;37.32;8.88;200;365.71;550;950;1405;0.5;2.87;5.78;9.72;18.17;28.3;47.3;38.21;3.83;54.24;11.9;24.94;45.76;62.94;12.84;9.15;699.73;134.08;2673.41;282.27;456.23;728.41;1905.69;701.43;40.08;89.63;163.64;0.45;29.32;2.69;1.55;20.06;14.48;0.29;49.12;65.25;49.19;52.34;1.51;10.66;6.57;2.77;22.83;72.94;84.08;93.64;1079.07;50.92;2.98;28.3;68.63;58.32;65.65;11.11;6.04;39.79;22.18;10.22;10.29;0.37;36.99;4.92;23.49;98.31;96.02;33.52;98.76;99.47;1.45;1.53;22.48;18.21;1.75;20.72;8.66;34.45;0;9.38;14.82;10.91;1.06;2.12;0.53;1690;2156;1796;1926;1892;1801;1588;1373;1349;1317;1206;1777;1105;876;570;385;23098;291;1664;2056;1736;1605;1662;1729;1529;1487;1525;1487;1464;1714;1188;918;632;395;404;23195;20049;121;624;19304;637;3335;2491;2520;1988;33949;2230;6689;2099;31719;1897;4459;1882;27260;721;655;650;3698;8531;4468;2052;1091;17748;14414;202;46293;46091;39371;4065;2205;33101;44770;44662;581;766;754;699;854;719;-24.0959454;-46.6234361
2010;353120;35;3531209;MONTE ALEGRE DO SUL;76.5;2.12;11.6;13.45;42.75;94.92;85.57;11.13;10.45;1.42;0.85;5.84;1.04;6.16;2.15;7;71.55;75.38;76.75;13.39;12.41;16.18;15.06;12.21;7.07;97.14;106.5;73.6;91.68;32.24;88.5;94.45;52.94;79.89;16.98;22.21;99.44;79.17;26.1;13.57;98.22;97.83;98.65;97.05;98.28;92.84;17.71;0.67;14.17;5.1;1.16;2.63;88.77;89.76;66.92;78.9;86.35;50.64;44.58;59.27;59.37;35.55;62.71;31.51;9.82;313;475;645;1010;1625;0.48;0.37;0.88;2.59;6.6;13.3;27.44;39.58;5.09;54.14;14.25;27;45.86;70.58;11.11;7.57;861.61;219.34;3410.01;394.62;549.18;812.43;2324.96;861.61;37.76;106.51;185.51;0.39;27.07;3.8;18.91;12.1;6.79;0.11;64.15;56.94;40.5;35.14;0.24;9.62;21.31;3.88;15.53;71.14;85.09;93.71;1123.91;64.96;5.22;38.68;82.26;72.15;86.54;3.68;0;14.85;10.58;3.35;2.38;0.31;49.24;3.68;13.8;95.91;99.91;17.31;99.42;99.87;0.09;0.27;22.29;1.78;1.72;24.04;4.95;32.62;0;3.83;9.58;6.08;0;0.62;0.13;185;272;289;298;290;258;280;262;278;260;178;205;158;138;78;64;3581;88;220;242;267;267;267;269;263;264;260;247;179;222;176;116;127;88;97;3571;4099;27;127;3945;79;423;318;322;253;5806;354;1121;327;5452;328;767;337;4685;73;87;97;431;1088;796;242;173;2887;2353;3061;7152;4091;6310;514;328;5467;7128;7128;506;784;759;678;858;752;-22.681861;-46.6798783
2010;353130;35;3531308;MONTE ALTO;76.56;1.54;12.4;14.38;40.37;95.26;85.54;10.21;10.64;0.84;0.76;5.19;0.84;5.45;1.14;6.25;74.84;76.57;84.82;14.18;14.76;12.05;10.98;8.67;3.13;97.54;104.87;78.45;106.54;33.39;90.57;93.14;63.63;78.82;19.48;29.03;98.56;90.03;29.76;9.31;90.48;93.34;96.9;100;98.64;96.25;15.65;1.35;9.48;3.69;1.77;1.35;90.46;89.86;78.2;82.31;87.07;54.56;48.92;56.09;61.58;39.03;64.29;35.12;10.9;363.5;510;705;1025;1505;0.42;0.35;0.54;2.07;4.22;10.15;18.89;33.38;5.96;48.17;16.64;31.38;51.83;74.23;8.03;5.8;832.6;248.31;2779.53;444.36;613.61;851.43;2008.43;832.6;23.03;91.84;183.49;0.3;16.41;2.13;9.1;15.82;5.19;0;70.96;64.72;47.41;35.97;0.81;13.28;28.26;1.02;9.81;65.4;82.38;92.33;1177.87;63.91;5.19;38.78;79.89;71.04;91.49;6.52;27.6;27.31;12.89;5.69;5.14;0.24;62.19;1.59;16.59;99.6;99.78;16.09;99.3;99.87;0.13;0.13;16.89;9.52;1.36;19.46;3.34;31.5;0.49;4.1;7.01;3.87;0.15;0.69;0.13;1272;1765;1777;1960;2118;1849;1751;1702;1595;1470;1267;1388;962;709;590;397;22978;406;1245;1654;1806;1915;1990;1881;1751;1783;1664;1613;1306;1322;1069;802;680;535;648;23664;26465;177;838;25450;514;2754;2014;2105;1473;37977;2112;7453;2115;35865;2244;5341;2254;30524;530;523;516;2850;7005;4764;1654;1075;19435;15715;2099;46642;44543;41407;3419;2161;35827;46499;46499;546;804;768;707;859;746;-21.265545;-48.497066
2010;353140;35;3531407;MONTE APRAZÍVEL;76.64;1.86;11.4;13.22;41.2;95;85.76;11.02;11.35;0.73;0.54;5.74;1.06;6.03;1.95;6.91;80.57;81.02;87.55;11.21;12.03;9.24;8.22;6.95;3.21;98.32;103.08;87.31;63.39;25.43;91.01;93.1;66.43;56.29;15.6;21.52;100;90.73;25.23;5.3;77.54;83.35;85.65;100;98.84;96.39;9.42;1.18;5.58;3.14;4.45;4.93;93.74;93.26;86.43;86.51;84.3;55.99;51.08;60.94;67.3;39.99;70.24;35.27;13.81;365;533.33;764;1190;1507.5;0.5;0.14;0.19;1.46;3.43;9.17;19.85;43.52;4.94;55.64;13.84;26.37;44.36;78.89;12.58;8.01;1032.05;254.68;4491.76;459.45;646.83;928.24;2860.72;1032.05;5.5;107.75;192.98;0.45;16.11;3.71;15.07;11.53;5.51;0;69.89;63.13;46.78;38.52;0.07;16.08;23.39;3.12;12.93;56.05;78.67;92.69;1569.52;62.38;5.56;36.66;77.91;68.54;81.16;4.36;7.9;21.74;10.15;3.78;5.07;0.48;58.36;3.51;15.61;99.72;100;15.84;100;99.57;0;0;15.75;22.46;1.16;18.96;1.36;28.23;0;11.13;2.21;2.79;0.15;0.18;0.43;645;702;796;961;1007;894;810;808;755;658;581;658;452;371;310;199;10814;207;638;664;802;915;892;881;811;824;745;704;621;640;483;425;335;270;282;10932;11943;76;366;11501;235;1091;799;818;765;17784;923;3469;930;16861;1001;2546;1061;14315;281;273;232;1297;2985;2397;664;465;8982;7268;1943;21746;19803;19144;1366;999;16779;21662;21662;0.56;817;785;0.72;861;781;-20.7625702;-49.7088402
2010;353150;35;3531506;MONTE AZUL PAULISTA;75.56;1.6;12.8;14.85;42.02;94.4;84.25;9.86;10.53;2.33;1.94;8.06;1.39;8.48;1.98;9.86;72.9;73.63;80.53;16.86;17.3;16.74;10.24;9.08;2.73;95.95;100.98;84.4;107.65;27.27;90.51;94.06;65.51;85.91;13.49;26.68;98.13;87.01;23.61;8.88;95.92;97.41;100;100;98.63;95.1;11.13;0.45;7.73;5.67;2.48;2;89.77;90.96;82.75;88.74;86.68;50.16;43.27;51.1;53;34.54;58.12;31.05;9.92;300;428;599.75;930;1366.67;0.46;0.07;0.11;2.13;4.73;14.48;27.97;38.24;5.72;52.78;15.13;28.41;47.22;79.53;10.11;6.98;765.11;218.82;2926.03;360.16;507.96;719.45;2019.56;765.11;66.67;116.09;193.62;0.36;16.99;2.87;28.09;13.3;5.3;0;69.1;58.21;41.54;39.04;0.38;11.3;10.27;2.03;16.1;71.38;85.6;93.39;1204.74;63.83;8.27;49.3;83.96;70.72;84.4;7.99;41.83;33.83;15.84;6.25;6.29;0.4;58.58;2.23;17.45;99.65;99.56;17.74;98.39;99.86;0;0;17.07;4.08;1.37;20.01;4.28;32.31;0;1.32;16.83;2.93;0.86;1.05;0.14;587;781;830;861;828;715;683;694;626;583;454;608;421;275;235;170;9491;140;501;701;764;833;787;703;708;724;668;589;493;557;366;336;263;197;250;9440;10640;123;514;10004;218;1201;876;921;656;15196;979;3288;950;14217;969;2309;1013;11908;214;260;251;1186;3019;1866;701;467;7681;6084;1218;18931;17713;16669;1482;1043;14144;18862;18862;502;809;753;0.69;843;733;-20.90649;-48.638717
2010;353160;35;3531605;MONTE CASTELO;73.81;1.88;16.6;19.24;45.63;93.74;81.52;12.9;11.8;0.39;1.05;11.92;1.19;12.58;1.74;14.35;86.59;88.9;89.48;9.26;8.68;6.5;4.15;2.42;4.02;95.59;96.84;92.5;99.6;16.08;92.28;90.85;72.07;85;12.77;32.7;98.81;89.34;17.68;2.44;94.69;95.94;100;100;98.17;95.63;10.48;0.83;6.03;3.59;5.36;1.14;95.27;94.51;83.35;85.73;91.42;46.53;39.75;71.92;76.99;32.96;74.9;26.31;7.21;288.5;441;555;900;1127.5;0.38;0.45;1.03;4.25;11.85;14.68;32.17;29.6;6.17;44.86;17.43;32.93;55.14;71.7;6.79;5.16;646.15;199.18;1912.82;363.88;500.94;717.45;1453.89;646.15;51.41;107.95;171.86;0.25;20.51;1.73;36.1;9.12;5.38;0;55.95;56.08;41.03;33.63;0.87;9.93;13.23;6.43;25.63;72.2;87.13;95.39;945.54;58.99;11.58;43.33;78.8;64.76;81.22;4.64;10.22;13.05;13.42;4.17;5.11;0.29;41.66;8.51;21.16;93.89;99.12;10.99;99.83;99.87;0;0.27;18.77;5.31;1.83;24.84;3.73;42.73;0;8.27;3.34;5.38;0.44;2.08;0.13;89;146;172;141;144;165;117;143;152;151;125;139;96;71;60;44;2011;56;95;164;137;161;144;141;138;152;140;137;121;116;113;95;69;52;77;2052;2133;36;88;2008;30;256;200;192;114;3314;191;611;172;3123;184;420;192;2703;40;62;32;247;636;524;164;85;1677;1379;852;4063;3211;3615;310;204;3101;4063;4063;465;876;741;709;814;706;-21.3006353;-51.5686963
2010;353170;35;3531704;MONTEIRO LOBATO;74.53;1.86;15.5;17.9;50.86;94.16;82.59;10.51;9.72;0.36;0.47;10.49;1.94;11.22;7.02;12.73;62.5;65.94;65.94;24.55;22.03;30.97;12.96;12.03;3.09;101.91;113.74;65.99;41.14;15;89.1;94.55;49.41;41.14;6.46;0;93.79;82.22;21.43;10.28;61.51;74.7;88.76;96.21;96.49;92.96;20.25;5.7;20.37;6.29;0.94;0;90.23;93.83;67.2;76.91;73.37;46.69;42.32;44.6;49.29;32.8;57.7;30.1;10.41;193.2;327.5;501;750;1150;0.48;1.43;2.85;12.04;23.01;30.91;53.21;36.99;4.46;52.97;13;26.8;47.03;71.48;11.38;8.2;593.95;132.58;2197.33;253.43;409.9;600.73;1581.76;593.95;43.9;108.19;164.64;0.4;18.73;1.98;22.05;9.31;6.84;0.16;50.82;51.09;38.54;49.69;0.83;12.35;4.27;10.1;29.86;78.41;88.13;94.81;883.93;58.49;14.29;28.75;67.54;66.11;85.5;4.15;11.47;21.71;10.28;3.41;0;0.33;39.45;4.34;25.77;87.42;97.97;27.41;100;100;1.04;1.14;31.31;38.49;3.51;28.82;11.7;40.67;0;9.47;26.64;11.1;1.05;2.6;0;131;194;192;154;145;144;151;153;135;145;107;170;94;82;61;34;2150;58;130;176;149;132;140;160;160;131;144;106;104;155;85;67;56;30;45;1970;2074;53;60;1961;59;281;208;211;161;3164;214;627;203;2950;173;413;163;2537;41;67;65;347;771;433;176;101;1509;1228;2342;4120;1778;3545;370;210;2965;4095;4095;467;727;0.71;627;826;692;-22.9546503;-45.8383284
2010;353180;35;3531803;MONTE MOR;76.78;1.79;12.2;14.07;43.21;95.37;85.84;5.98;9.53;1.95;1.45;7.06;1.66;7.49;1.54;8.79;66.47;67.88;84.42;16.01;16.33;11.67;17.52;15.79;3.91;101.04;106.93;84.18;68.97;18.02;85.18;90.61;44.57;66.3;7.82;30.42;96.77;82.36;21.15;14.9;86.93;90.97;95.68;100;97.22;93.37;20.06;2.43;11.98;6.25;1.74;1.46;83.58;79.61;57.27;70.66;79.3;54.12;48.5;41.11;49.84;34.22;49.21;30.72;7.27;252.5;400;575;889;1250;0.44;1.53;2.27;6.57;10.38;21.83;34.98;34.08;4.92;49.7;14.59;29.08;50.3;82.51;9.35;6.81;674.23;165.7;2297.94;326;488.65;715.5;1674.68;674.23;35.72;97.62;173.01;0.35;16.93;0.89;7.33;11.24;10.5;0.27;73.61;62.31;41.28;40.69;1.35;9.09;18.95;1.54;11.19;66.47;82.26;93.62;1169.46;61.51;5.22;35.05;78.76;70.97;83.72;9.7;27.51;30.68;18.09;8.74;10.01;0.25;63.63;3.45;14.04;99.16;94.86;31.89;98.98;100;0.85;0.04;25.34;13.07;2.78;21.8;9.15;30.7;0.36;6.16;14.75;8.12;1.68;1.38;0;1819;2312;2205;2298;2192;2260;1963;1716;1381;1223;1044;1914;753;573;379;227;24472;213;1751;2262;2143;2255;2226;2205;1999;1657;1514;1277;1057;1786;811;535;391;274;334;24477;25635;239;911;24485;698;3638;2726;2696;2176;37105;2627;8901;2570;34478;2613;6274;2687;28204;696;713;666;3923;9369;2926;2262;1303;18678;14280;2971;48949;45978;41674;4574;2599;34501;48724;48724;541;694;733;639;863;713;-22.945043;-47.312182
2010;353190;35;3531902;MORRO AGUDO;75.15;2.2;14.5;16.79;43.03;94.5;83.51;6.02;10.22;1.91;1.27;8.43;3.04;8.96;4.95;10.37;70.98;73.87;78.61;16.76;16.08;16.75;12.26;10.05;4.64;94.28;104.4;66.99;77.2;17.37;86.58;90.26;51.5;69.7;9.67;29.16;94.38;76.32;16.93;8.96;94.66;95.53;97.72;97.33;95.92;90.62;18.27;0.41;22.12;2.91;2.55;0.6;86.37;85.28;62.79;65.44;68.94;44.86;39.22;33.35;38.95;27.26;38.34;24.52;6.02;255;400;577.5;855;1200;0.45;1.14;2.53;4.91;10.14;20.32;34.56;36.29;5.17;50.5;14.88;29.15;49.5;81.79;9.76;6.81;687.37;177.77;2494.64;333.56;490.49;699.32;1741.61;687.37;46.38;98.37;177.77;0.36;11.14;1.45;20;11.43;3.03;0;77.04;52.92;33.57;34.9;0.17;7.76;27.76;1.28;13.81;64.29;83.62;94.41;1225.16;59.13;5.48;35.48;72.63;67.46;79.72;7.27;27.03;28.61;9.83;6.22;9.27;0.32;69.22;3.12;13.78;99.18;99.43;29.78;99.64;100;0.15;0.09;34.86;5.34;4.08;30.7;9.11;32.83;0;11.3;8;7.39;1.32;0.95;0;1165;1317;1264;1547;1564;1367;1089;1023;908;704;550;1105;450;343;230;136;14879;117;1111;1180;1285;1377;1408;1171;1025;947;863;722;591;1127;502;313;277;154;184;14237;14560;137;556;13867;473;1988;1481;1495;1343;22111;1499;5473;1529;20612;1573;3974;1604;16638;460;438;428;2303;5295;1754;1180;764;10819;8157;1209;29116;27907;24622;2497;1568;20557;29050;29050;449;701;712;604;836;716;-20.7276692;-48.052795
2010;353200;35;3532009;MORUNGABA;73.1;2.14;17.8;20.63;42.52;93.31;80.42;7.7;8.89;1.9;0.17;5.65;1.12;6.04;1.42;7.03;60.4;61.82;75.74;19.13;19.3;21.59;20.47;18.87;2.67;106.37;113.4;87.37;76.89;21.68;84.67;90.33;46.28;70.94;8.21;12.07;97.22;87.51;21.86;14.61;81.37;86.77;92.75;95.42;97.41;94.73;19.72;4.45;8.49;5.14;1.25;0;79.47;76.89;62.8;77.06;79.72;49.61;43.65;47.08;48.17;30.2;44.48;26.64;6.01;315;498;628.33;938.33;1260;0.41;1.59;4.28;6.18;13.93;13.04;25.13;32.9;5.47;47.79;16.51;31.44;52.21;82.73;7.97;5.78;733.72;200.53;2414.23;405.02;547.91;762;1748.73;733.72;14.22;88.36;157.2;0.33;22.03;1.59;13.07;7.29;16.06;1.15;66.85;56.18;35.76;28.47;0.59;7.47;25.33;1.87;9.39;71.77;85.21;93.67;1175.28;60.5;7.65;40.07;77.5;68.17;81.15;2.99;7.3;12.22;2.66;2.53;3.33;0.27;58.64;2;14.13;98.86;98.04;29.44;99.63;99.94;0.62;0.08;33.04;18.63;2.59;26.33;6.61;34.18;0;1.38;10;4.3;0.33;0.74;0.06;380;499;497;541;549;528;413;424;365;317;277;428;240;179;111;78;5895;69;392;497;491;505;510;527;484;398;375;315;267;409;233;175;115;75;106;5874;6138;76;251;5811;157;790;553;605;458;9146;604;2031;582;8542;553;1427;566;7115;154;163;158;876;2072;906;496;296;4568;3573;1718;11769;10051;10146;996;626;8524;11730;11730;496;705;715;627;802;726;-22.88;-46.79167
2010;353205;35;3532058;MOTUCA;76.51;1.83;12.5;14.49;41.16;95.23;85.47;7.44;10.29;0.39;1.21;7.5;0.96;8.01;0.52;9.42;72.83;77.38;71.98;18.46;14.41;23.83;8.71;8.21;4.19;94.31;104.89;70.62;65.89;19.75;88.65;93.25;64.4;57.31;10.44;27.38;93.5;89.09;17.76;7.15;88.57;90.64;95.7;96;95.49;93.51;12.75;0.59;13.17;2.47;0.53;1.45;92.88;90.84;81.44;89.47;84.65;48.91;41.83;58.55;57.79;30.24;56.32;24.78;5.17;196;362;520;784.4;1112.5;0.45;11.23;15.65;14.99;20.85;25.84;34.51;31.17;2.32;47.81;12.29;28.56;52.19;73.8;10.15;7.76;567.17;65.76;1767.72;282.73;461.34;670.1;1352.94;604.19;11.32;35.99;107.74;0.36;13.68;1.3;12.23;9;5.39;1.57;83.32;62.38;45.68;28.16;0.2;9.49;28.89;0.74;13.72;66.32;83.43;94.86;1111.67;46.79;4.62;26.57;67.3;52.86;71.02;12.76;28.42;50.52;25.02;11.07;8.22;0.22;76.24;1.29;6.75;97.86;99.31;17.11;100;100;0.34;0.07;15.93;11.43;4.51;20.6;7.45;37.69;0;12.01;15.39;15.04;0;1.39;0;140;163;191;189;193;186;148;151;160;130;110;167;86;66;42;21;2162;19;146;164;201;186;191;173;140;159;149;133;100;152;63;55;39;38;39;2128;1727;15;67;1644;54;256;196;187;176;3358;248;767;252;3110;215;519;225;2591;56;76;60;314;726;319;164;132;1666;1279;1182;4290;3108;3690;327;253;3110;4271;4009;489;821;741;691;859;685;-21.5095864;-48.1503832
2010;353210;35;3532108;MURUTINGA DO SUL;75.84;1.96;13.5;15.6;47.08;94.88;84.51;13.71;9.66;0.38;1.6;8.48;1.87;8.88;1.49;9.8;68.6;67.16;88.81;13.31;13.72;8.89;18.09;19.12;2.29;78.68;89.05;49.59;104.68;31.38;74.42;83.02;35.94;79.21;18.55;15.61;95.67;87.8;26.98;9.64;93.74;93.5;96.34;93.06;96.46;94.18;8.4;0;14.53;2.9;2.11;5.71;76.08;67.07;58.29;70.35;87.91;48.85;43.7;64.01;63.83;36.56;60.7;32.96;9.78;246;397.33;550;868;1210;0.43;2.45;4.5;6.3;13.6;22.23;44.34;32.92;4.82;48.57;15.02;30.24;51.43;69.86;8.77;6.47;636.47;153.5;2095.53;324.35;484.39;674.47;1546.51;637.48;39.27;78.11;162.66;0.33;30.66;2.19;37.19;7.47;6.56;0;54.33;60.91;45.8;38.55;0.56;12.83;7.39;6.1;26.64;75.61;88.63;95.92;929.51;57.07;9.77;38.27;72.84;62.79;82.55;3.92;0;11.81;8.98;3.7;3.73;0.33;38.26;5.72;17.15;95.83;97.47;13.76;99.6;99.81;1.28;0.41;18.05;6.26;3.54;26.16;6.64;40.73;0;10.19;11;6.5;0.15;0.54;0.19;101;150;148;144;141;115;159;168;188;134;128;133;111;91;67;56;2097;63;97;166;149;122;127;148;154;160;157;137;139;119;117;96;89;58;54;2089;2131;31;71;2029;42;262;202;192;105;3420;188;563;189;3232;158;375;156;2857;51;46;45;260;648;574;166;93;1707;1436;1613;4186;2573;3734;316;187;3232;4147;4140;489;737;726;643;847;703;-20.9913722;-51.2782237
2010;353215;35;3532157;NANTES;72.41;2.44;19;22.04;49.06;92.87;79.33;7.24;12.21;1.45;0.61;13.42;0;14.56;1.9;17.56;86.63;85.99;93.02;8.43;7.39;6.98;4.94;6.62;0;95.29;98.57;85.98;80.06;26.04;88.01;88.78;67.55;51.55;11.91;32.67;98.73;84.39;19.21;12.13;100;100;100;100;98.72;94.98;5.14;0.93;22.59;1.45;4.63;5.91;88.81;84.05;84.5;86.57;89.82;49.26;40.87;61.33;63.99;31.49;66.89;24.76;5.34;233.33;333.33;453.33;640;825;0.35;0.42;0.72;5.19;9;29.08;46.21;26.99;7.17;42.55;18.95;35.39;57.45;78.55;5.7;4.51;472.28;169.32;1274.66;278.23;388.11;521.02;1008.3;472.28;46.49;101.65;193.78;0.21;12.86;0.19;20.95;8.49;3.68;0;80.76;58.64;39.41;46.09;0;8.44;17.53;1.74;13.28;80.94;90.34;98.07;857.58;54.5;2.49;10.3;80.66;65.7;75.8;5.2;0;24.63;10.18;4.96;3.78;0.17;62.66;12.9;9.65;99.64;95.16;20.1;100;100;0;0.44;19.19;0;1.28;22.38;5.58;29.75;0;15.97;13.69;10.37;1.03;0.98;0;109;131;128;118;109;111;108;102;84;60;52;109;42;37;27;16;1357;14;89;129;111;123;101;108;113;104;71;81;50;128;40;42;29;16;15;1350;1239;6;17;1215;54;207;160;155;112;2012;164;480;147;1848;124;316;124;1532;32;39;44;251;576;196;129;70;1004;770;276;2707;2431;2273;260;163;1850;2707;2707;493;837;714;702;0.79;655;-22.6191472;-51.2382255
2010;353220;35;3532207;NARANDIBA;75.33;2.49;14.2;16.47;45.45;94.6;83.77;7.21;10.42;1.31;0.36;11.17;1.97;12.18;2.12;14.31;71.91;77.42;85.26;12.89;12.5;10.29;15.19;10.08;4.44;95.88;112.82;56.67;89.35;20.59;92.37;97.83;50.64;74.76;11.7;22.46;97.78;84.09;15.2;5.89;89.34;93.33;95.77;100;98.99;94.5;27.41;1.12;12.66;1.9;0.73;0.96;94.94;92.79;65.09;73.27;86.76;49.19;41.56;56.86;54.4;28.74;53.4;23.54;3.12;217.14;326.75;462.5;643.33;933.33;0.36;1.38;0.85;5.34;8.22;26.05;39.89;28.15;6.65;43.64;18.13;34.19;56.36;80.25;6.21;4.82;482.74;160.45;1358.78;277.06;387.62;535.34;1053.97;485.28;15.21;98.47;178.96;0.22;11.75;0.29;14.27;7.33;4.82;2.91;72.36;58.28;33.72;30.65;0.75;4.21;33.71;4.47;17.33;76.81;90.46;97.74;872.07;58.74;4.33;29.51;80.22;68.27;80.89;9.95;21.25;21.05;16.87;9.4;11.9;0.2;63.01;5.89;15.76;89.82;98.23;19;100;99.94;0.15;1.84;19.78;10.66;1.01;22.28;7.83;33.83;0;11.14;5.4;7.79;2.55;1.6;0.06;154;175;198;177;182;177;158;173;142;111;101;186;78;48;40;34;2170;36;150;199;232;185;155;170;153;171;120;124;70;156;77;54;47;25;30;2118;2155;16;84;2055;67;305;238;223;184;3213;274;781;249;2939;219;507;222;2432;50;65;65;340;830;309;196;145;1588;1176;1183;4288;3105;3668;374;284;3010;4288;4266;492;782;718;0.67;839;659;-22.4080573;-51.5251755
2010;353230;35;3532306;NATIVIDADE DA SERRA;73.86;2.32;16.6;19.15;52.47;93.77;81.58;12.53;10.63;1.87;1.53;16.56;2.2;17.56;6.01;19.85;75.67;79.93;73.31;15.72;13.29;22.31;8.61;6.78;4.38;97.01;106.44;67.93;37.29;7.37;88.23;95.71;42.59;36.18;3.69;5.77;98.47;82.59;13.93;6.66;53.54;66.91;76.53;93.79;98.72;94.77;17.04;1.64;17.36;6.63;1.79;0;95;95.72;63.11;69.83;66.62;31.55;26.22;32.35;36.28;19.08;36.46;16.47;4.39;133.67;255;430;625;1000;0.51;7.96;12.06;21.55;41.16;41.33;65.91;38.46;3.03;54.39;11.13;24.33;45.61;64.77;13.82;9.83;496.93;75.38;1911.3;201.28;327.88;528.74;1359.62;509.69;25.98;80.12;140.61;0.48;24.25;1.37;32.56;8.5;7.72;0.12;41.78;36.35;22.54;33.45;0.41;5.41;3.98;9.71;32.2;82.81;91.74;97.49;777.17;50.43;5.99;25.9;60.03;57.5;64.26;5.45;38.79;28.38;14.6;4.37;2.88;0.34;32.32;4.61;28.95;76.96;91.63;22.99;99.67;98.62;2.18;3.41;42.97;46.46;1.28;46.23;21.37;56.52;0;5.73;16.47;19.98;1.26;4.46;1.38;205;310;264;238;235;232;233;277;250;214;212;192;156;161;134;89;3486;84;204;300;256;203;231;218;187;216;206;203;196;250;153;132;95;74;68;3192;2943;37;81;2826;66;482;357;356;260;5217;326;961;296;4891;299;635;295;4256;83;90;82;480;1191;837;300;166;2438;1979;3890;6678;2788;5836;610;312;4914;6667;6500;316;667;655;0.52;814;664;-23.3783786;-45.4438173
2010;353240;35;3532405;NAZARÉ PAULISTA;74.08;1.98;16.2;18.74;46.71;93.9;81.92;9.83;9.43;1.2;1.22;11.22;1.33;11.91;2.12;13.98;65.11;69.69;67.6;16.55;13.65;28.68;18.34;16.66;3.73;111.63;128.77;58.37;58.47;10.9;83.93;90.45;34.35;52.49;5.33;13;95.46;82.14;21.09;15.19;65.9;73.85;89.19;97.08;96.95;93.34;23.96;5.12;8.26;3.35;1.73;0;81.54;83.82;51.8;62.25;70.9;39.98;33.78;41.58;45.96;24.12;48.12;19.74;4.24;204;327.5;493.33;710;1023.33;0.45;2.59;4.35;9.79;17.48;29.24;47.22;35.34;4.97;50.62;14.66;28.76;49.38;73.4;9.64;6.92;554.18;137.61;1958.52;268.55;390.72;571.33;1404.57;561.3;17.47;91.69;168.33;0.34;22.53;1.07;19.01;8.66;10.03;0.78;50.32;46.15;29.24;43.72;0.31;6.54;9.63;3.76;19.1;77.67;89.63;96.4;946.8;51.83;4.56;31.61;69.32;58.87;72.33;7.46;40.42;31.67;13.07;6.3;9.76;0.26;41.94;2.18;29.67;80.12;89.21;30.45;92.75;99.51;6.89;0.83;38.07;34.1;3.05;36.5;13.32;48.5;0;2.81;19.62;10.01;0.66;2.68;0.49;501;748;734;715;701;665;617;594;494;487;400;599;377;299;250;140;8454;133;471;709;643;696;619;635;582;557;503;460;382;585;327;274;219;145;153;7960;7392;67;246;7079;189;1167;870;874;568;12787;819;2780;799;11968;869;1961;881;10007;212;250;205;1220;2941;1613;708;394;6188;4853;2503;16414;13911;14261;1457;778;12025;16371;16163;0.4;0.66;678;559;818;681;-23.1819309;-46.3992986
2010;353250;35;3532504;NEVES PAULISTA;74.38;1.39;15.7;18.17;40.4;94.07;82.38;13.26;10.72;0.24;0.28;7.11;0.65;7.46;1.09;8.49;78.38;79.57;87.35;10.82;11.33;12.65;10.8;9.1;0;92.34;99.81;73.66;45.07;33.32;88.43;92.52;57.55;45.07;21.88;16.04;99.2;88.85;27.47;7.2;82.07;89.73;100;100;99.62;96.55;12.38;0;11.38;3.11;3.3;1.26;93.47;93.94;80.05;88.84;90.32;51.88;46.08;56.49;69.29;37.92;67.91;33.2;9.79;337.5;500;666;995;1505;0.4;0.24;0.26;1.35;2.25;9.39;19.71;32.75;6.29;48.22;17.06;31.82;51.78;75.35;7.68;5.53;784.55;246.8;2569.27;422.43;579.02;783.13;1850.69;784.55;45.14;100.58;197.74;0.28;21.17;1.23;11.01;10.59;9.77;0.33;62.94;61.16;44.87;37.73;1.13;11.62;20.9;0.32;12.54;70.65;84.91;94.11;1143.96;59.93;2.13;31.08;78.22;65.83;89.16;3.4;77.41;3.78;6.82;3.2;3.45;0.27;52.41;2.82;22.26;99.66;100;14.03;99.87;100;0;0;11.83;17.93;0.38;21.9;3.1;34.74;0;6.9;7.95;2.89;0.16;0.86;0;198;280;296;350;372;359;314;345;342;295;245;219;232;170;133;114;4363;99;185;256;290;349;359;306;346;335;323;298;265;223;227;209;177;125;136;4409;4752;11;113;4627;70;423;319;314;232;7411;358;1285;349;7053;339;927;376;6126;81;96;92;459;1116;1163;256;183;3745;3106;856;8772;7916;7929;536;365;7028;8745;8745;519;825;754;707;823;737;-20.842992;-49.635767
2010;353260;35;3532603;NHANDEARA;75.08;1.46;13.5;15.66;40.53;94.12;83.56;12.89;10.31;1.16;0.67;7.26;0.69;7.6;2.2;8.68;79.28;78.03;94.99;12.19;14.01;2.62;8.52;7.96;2.39;94.95;100.47;81.11;82.45;34.96;87.57;91.16;57.56;70.42;24.94;30.46;97.05;80.04;32.46;4.55;79.75;85.34;96.18;100;97.66;92.65;10.51;0.73;9.33;3.91;4.18;5.33;91.56;91.98;75.39;86.17;80.99;47.53;42.16;56.69;54.53;33.46;64.65;30.08;13.39;308.33;503.33;660;980;1500;0.49;1.4;1.61;3.64;5.5;15.25;27.77;41.41;4.57;55.2;13.93;26.81;44.8;64.99;11.89;7.75;878.42;200.79;3637.16;410.88;566.03;790.15;2371.3;886.99;16.02;76.82;174.01;0.42;25.03;2.01;17.12;13.38;5.16;0.09;60.24;58.11;42.76;43.3;1.06;15.56;15.38;1.13;14.83;67.11;83.93;93.46;1222.25;53.87;5.16;32.99;70.77;58.57;81.44;3.17;0;12.39;5.73;2.94;3.92;0.34;47.24;2.85;22.02;98.29;99.96;10.84;99.84;100;0;0.15;21.6;20.25;2.34;28.4;4.86;40.54;0;2.24;1.99;6.27;0.84;2.09;0;259;337;382;448;398;381;365;390;427;381;319;270;288;219;187;108;5281;122;268;314;359;418;420;386;372;447;399;402;343;263;307;245;198;143;160;5444;5208;34;138;5037;100;516;373;399;301;9014;451;1607;429;8563;442;1156;489;7407;126;117;106;551;1364;1382;314;228;4599;3822;2037;10725;8688;9669;651;417;8600;10595;10492;475;0.8;751;672;835;755;-20.6942747;-50.0406162
2010;353270;35;3532702;NIPOÃ;73.81;2.22;16.6;19.24;40.88;93.74;81.51;7.93;10.66;0.88;1.6;8.49;1.41;8.91;0.52;10.64;74.86;77.78;79.9;12.97;9.39;20.1;12.17;12.83;0;99.59;110.47;67.2;71.5;9.13;92.58;97.17;55.54;62.16;6.07;14.67;98.23;85.88;9.23;3.38;85.89;89.73;93.13;100;99.27;95.9;17.13;0.66;23.73;1.53;2.1;0;84.26;92.3;68.58;77.25;80.37;46.17;38.02;52.7;56.35;30.3;45.23;24.09;5.87;275;452;605;836.67;1105;0.37;0.67;0.78;5.13;11.28;15.71;28.05;28.06;6.21;42.85;17.59;34.24;57.15;76.37;6.38;4.92;628.33;195.01;1763.34;357.74;523.11;719.53;1359.56;628.58;25.94;103.16;175.91;0.24;14.82;0.48;27.76;6.93;6.68;0;71.36;54.38;37.64;29.25;0;7.4;27.45;0.95;12.31;62.05;84.18;97.17;1053.95;60.46;6.94;42.01;74.86;66.61;84.57;11.99;65.66;47.29;15.75;10.25;15.35;0.18;64.34;1.45;17.96;94.16;98.97;26.49;99.82;100;0;0;32.25;14.11;0.73;27.83;5.64;34.86;0;4.78;4.57;6.58;0;2.02;0;157;158;196;227;227;205;173;170;135;104;101;151;69;76;50;37;2262;26;144;152;156;215;172;181;158;144;130;100;93;118;81;52;50;35;31;2012;2239;22;73;2144;54;226;163;174;178;3228;187;756;197;3041;227;569;218;2472;61;58;42;265;605;339;142;81;1524;1169;477;4274;3797;3703;310;175;3218;4270;4268;462;747;713;636;814;701;-20.9126469;-49.7791476
2010;353280;35;3532801;NOVA ALIANÇA;74.56;1.93;15.4;17.84;47.05;94.18;82.65;11.92;11.05;1.59;1.49;5.73;0.62;5.99;2.97;6.91;78.7;79.55;81.84;13.73;13.02;12.63;7.58;7.43;5.53;99.15;103.08;88.43;81.27;21.28;92.89;93.94;68.1;67.47;14.42;37.18;98.33;82.55;19.45;6.8;85.07;89.93;95.45;100;99.16;94.71;9;0;17.61;2.7;4.72;0;93.53;92.99;79.84;87.42;83.91;48.53;42.57;55.85;62.54;33.97;56.7;29.16;8.43;296.67;465;596.8;866.67;1208.8;0.38;1.22;2.86;2.33;6.08;16.06;33.2;30.04;6;45.41;17.35;33.06;54.59;74.52;6.92;5.24;662.48;198.66;1990.1;376.13;520.17;713.43;1504.94;663.36;36.93;72.67;181.14;0.26;19.03;1.69;19.29;11.38;8.69;0;65.18;58.69;40.26;38.97;0.8;9.35;18.27;1.64;14.88;74.81;89.22;95.76;995.64;61.13;1.25;44.35;81.55;68.34;85.43;7.74;53.94;34.62;17.93;6.59;7.47;0.24;57.61;1.07;19.39;99.34;99.86;13.39;99.79;99.91;0;0;21.35;14.93;0.84;22.79;5.45;37.4;0;4.87;11.1;9.69;0.28;1.46;0.09;195;222;224;238;239;243;187;206;200;172;159;184;131;105;97;57;2922;63;178;239;216;236;232;228;213;211;217;198;126;165;130;117;102;72;89;2969;3173;6;120;3047;74;378;270;285;227;4708;268;914;248;4440;264;646;286;3794;72;72;72;360;920;702;239;136;2387;1935;1010;5891;4881;5191;461;271;4459;5866;5858;485;812;738;684;826;0.71;-21.0163728;-49.4981128
2010;353282;35;3532827;NOVA CAMPINA;72.94;2.54;18.1;20.95;54.43;93.21;80.17;5.1;10.48;0.61;1.94;9.6;2.7;10.41;4.21;12.25;69.82;73.73;80.97;16.76;17.21;16.32;13.42;9.06;2.71;93.74;106.42;58.05;91.92;7.3;90.59;96.52;46.78;80.98;3.39;25.41;99.42;81.63;14.08;6.92;85.4;90.71;98.54;100;99.74;95;24.03;1.23;2.62;2.64;1.09;1.22;90.7;91.16;61.8;67.36;71.07;37.93;30.43;33.56;46.81;24.76;50.56;19.77;2.39;124.4;175;277.5;433.33;633.33;0.47;7.39;10.26;28.12;39.62;57.07;73.56;36.56;4.61;51.87;13.61;27.43;48.13;72.64;10.74;7.61;330.03;76.05;1206.64;148.56;228.05;341.55;855.06;333.07;32.62;92.2;144.8;0.38;11.17;1.21;38.08;10.56;4.22;1.99;58.34;46.87;33.5;27.04;0.57;3.68;14.05;8.82;30.88;86.98;93.66;98.86;679.5;47.85;1.48;22.62;63.83;59.87;66.45;8.57;70.22;29.05;13.06;7.37;8.24;0.26;50.38;5.4;24.49;61.94;94.66;31.55;98.91;99.69;1.32;1.41;37.18;14.6;0.26;35.19;24.47;47.35;0;9.65;43.87;19.9;3.44;2.27;0.31;352;535;472;351;374;328;316;274;248;188;154;414;126;82;64;36;4345;31;336;515;433;349;363;314;294;268;242;181;135;415;104;85;68;39;29;4170;3355;16;140;3200;120;820;622;619;411;5948;568;1605;565;5380;473;1037;442;4343;157;175;146;884;2099;434;515;271;2904;2122;2753;8515;5762;7013;1050;618;5345;8481;8404;379;712;651;577;799;598;-24.1225305;-48.9054041
2010;353284;35;3532843;NOVA CANAÃ PAULISTA;73.33;1.52;17.4;20.17;45.79;93.45;80.78;14.9;11.73;0.81;1.04;11.39;0.6;11.98;2.52;13.24;87.36;89.9;88.96;8.33;6.81;11.04;4.32;3.29;0;95.8;100.75;80.21;88.88;36.89;92.82;95.38;73.24;67.68;26.91;41.57;97.77;91.06;32.29;5.08;92.73;95.2;100;100;98.87;96.98;10.28;1.92;0;2.48;0.4;2.33;98.33;92.92;85.28;89.54;93.83;37.8;30.99;77.16;76.55;27.19;74.14;21.19;3.01;246;405;518.86;710;941.43;0.34;2.12;5.36;6.17;15.69;22.14;43.84;24.23;6.14;39.95;18.43;36.54;60.05;65.08;5.26;4.33;526.58;161.76;1275.74;323.53;476.79;618.88;1050.15;529.36;34.29;75.4;170.24;0.21;28.54;0.71;49.22;8.45;6.29;0;39.66;48.7;37.22;24.97;1.58;5.05;5.81;10.05;37.02;83.43;93.36;98.43;707.94;58.13;7.35;61.35;81.08;62.55;86.12;4.69;17.03;5.27;10.47;4.54;2.09;0.24;25.41;8.33;28.36;98.12;98.85;8.48;97.71;99.79;0.21;1.7;18.46;7.27;1.13;30.52;6.67;53.52;0;0;8.45;3.33;0.33;1.3;0.21;51;82;69;64;60;68;78;79;90;81;78;44;72;55;42;30;1076;33;38;70;69;60;59;84;70;68;81;83;78;64;59;58;47;17;33;1038;1114;11;49;1054;13;123;97;94;50;1765;96;262;81;1669;77;166;75;1503;26;25;12;112;301;315;70;54;866;737;1234;2114;880;1917;152;79;1686;2102;2091;378;902;715;675;806;673;-20.3872473;-50.9481571
2010;353286;35;3532868;NOVA CASTILHO;74.38;2.27;15.7;18.17;47.25;94.07;82.38;10.67;10.76;0;2;8.71;0.82;9.11;2.3;10.53;83.57;88.12;72.81;12.03;6.71;27.19;4.4;5.17;0;97.28;97.42;96.82;87.38;49.46;93.39;92.08;58.42;87.38;25.33;0;100;84.07;26.84;17.02;95.41;97.3;100;100;100;96.23;13.66;0;8.03;1.5;7.92;7.65;100;100;77.19;95.12;90.88;51.73;44.95;87.77;74.49;35.65;73.68;28.92;3.84;283.33;412.5;585;875;1133.33;0.36;1.06;2.43;5.88;13.75;16.84;30.46;25.32;6.08;42.27;17.65;34.35;57.73;79.71;5.74;4.78;600.13;182.41;1519.39;347.26;501.16;701.53;1266.56;600.13;50;105.79;167.3;0.23;18.49;1.23;35.69;5.67;4.23;0;47.08;60.83;42.68;40.05;0;6.64;10.68;10.5;25.24;74.67;87.84;94.54;931.25;60.13;3.28;45.53;74.56;67.71;70.89;3.92;42.64;0;12.55;3.86;4.08;0.27;37.51;5.9;26.98;99.21;100;13.77;99.1;100;0;0;6.35;4.59;0;19.71;1.66;37.04;0;6.69;0;5.48;0.47;0.39;0;50;41;51;38;37;25;43;52;38;42;25;32;22;22;16;11;556;11;27;57;47;36;50;44;53;45;33;26;31;34;26;20;19;14;7;569;588;3;22;562;10;80;55;65;52;884;50;172;58;834;65;122;48;712;15;9;16;75;193;120;57;25;451;368;379;1125;746;978;98;49;830;1125;1125;517;912;756;755;823;694;-20.7638386;-50.3427479
2010;353290;35;3532900;NOVA EUROPA;77.11;2.31;11.7;13.54;44.14;95.53;86.31;7.32;11.73;0.99;1.11;7.15;1.53;7.56;2.3;8.85;86.71;91.18;80.55;8.61;6.76;11.88;4.68;2.07;7.57;99.74;104.23;88.19;80.57;15.67;93.82;95.84;71.25;58.56;6.62;35.38;100;84.86;11.56;3.74;88.04;92.46;100;100;100;95.76;8.92;0;17.65;3.86;3.29;0;97.35;96.47;87.45;90.9;88.1;49.31;41.43;62.17;61.94;34.68;62.62;29.13;8.16;305;473.33;615;905;1205;0.39;0.19;0.27;3.16;7.85;14.28;26.56;31;6.26;45.71;17.33;32.88;54.29;79.12;7.15;5.27;697.32;218.29;2161.57;385.95;542.13;746.58;1591.72;697.32;30;115.26;190.5;0.26;12.18;2.08;36.36;7.89;3.3;0;79.54;56.98;42.2;27.56;0.53;8.68;22.05;1.01;13.08;67.08;84.7;94.95;1115.81;62.94;6.44;32.67;82.22;71.69;85.39;5.41;33.32;15.66;12.59;4.77;3.66;0.26;69.01;4.19;11.53;99.27;99.22;23.76;100;100;0;0;21.24;11.96;0;19.01;4.15;28.69;1.82;5.39;25;4.08;0.71;0.24;0;371;351;378;461;419;401;376;307;305;261;211;341;150;107;90;64;4649;56;348;403;393;397;449;384;344;311;297;232;209;353;167;127;90;65;82;4651;4968;49;166;4753;152;606;440;460;427;7133;451;1629;442;6682;480;1178;475;5504;140;165;145;677;1584;681;403;230;3547;2757;675;9300;8625;7894;754;509;6631;9295;9295;493;867;765;718;869;718;-21.7808203;-48.5661712
2010;353300;35;3533007;NOVA GRANADA;74.05;2.03;16.2;18.78;43.33;93.88;81.88;9.72;9.85;1.22;0.78;6.9;1.27;7.28;2.29;8.47;78.33;79.14;86.12;12.1;11.32;10.41;9.57;9.54;3.47;89.96;100.02;63.22;98.23;15.27;84.98;90.9;51.28;81.14;8.41;22.1;97.75;78.17;12.79;2.15;94.22;96.06;100;100;98.62;93.03;9.85;1.29;5.03;1.55;3.05;2.21;92.43;84.98;68.27;76.27;79.34;50.77;45.23;54.13;56.19;35.15;56.08;31.07;7.3;296.25;448;600;966.67;1266.67;0.44;1.16;2.06;4.14;7.41;15.39;26.27;35.51;5.4;50.03;15.23;29.45;49.97;76.21;9.32;6.6;737.29;199.14;2617.99;362.37;524.17;756.44;1853.97;737.41;35.09;88.94;177.35;0.35;17.06;1.33;24.72;11.24;4.83;0.24;69.73;58.63;41.81;31.73;1.19;8.27;19.49;1.91;16.88;67.8;86.16;94.97;1142.41;60.43;5.75;40.72;77.64;67.59;82.83;5.89;25.22;21.85;8.16;5.08;5.03;0.31;62.27;1.84;15.86;99.29;99.16;16.41;99.82;99.98;0.84;0.72;21.48;5.78;1.38;23.19;5.03;31.61;0;7.33;6.73;5.28;0.54;1.86;0.02;595;759;799;910;913;785;691;668;672;546;452;628;393;278;243;175;9659;152;579;778;727;826;791;816;693;667;634;572;449;593;379;323;261;206;227;9521;10140;88;382;9670;246;1233;887;970;722;15234;897;3258;883;14337;954;2361;981;11976;205;228;218;1294;3138;1865;777;425;7562;6012;1405;19180;17775;16781;1537;939;14305;19100;19097;508;787;739;0.68;818;727;-20.5345426;-49.3186951
2010;353310;35;3533106;NOVA GUATAPORANGA;75.52;1.94;12.8;14.85;48.8;94.38;84.19;13.32;10.33;0.72;1.11;12.72;3.18;13.35;1.37;14.9;80.96;82.53;82.59;7.88;5.93;14.51;11.16;11.54;2.9;93.63;97.97;80.87;70.81;25.88;87.87;89.28;64.65;64.93;15.32;35.87;98.3;92.34;21.75;7.1;100;100;100;100;99.14;97.41;8.81;0.88;16.77;2.57;3.51;2.52;85.55;83.63;75.17;75.77;84.31;43.36;37.23;53.45;63.12;31.6;62.81;26.88;8.48;260;413.33;533.33;860;1333.33;0.41;1.17;1.61;4.75;10.44;18.54;32.03;32.16;5.86;48.06;16.15;31.16;51.94;58.62;7.97;6;652.36;191.17;2098.31;335.68;489.41;678.02;1579.38;653.76;25.4;91.23;185.82;0.3;12.57;1.25;20.63;12.37;7.69;0;66.74;57.37;45.01;43.45;0.39;13.91;11.14;2.77;18.48;75.27;86.95;96.61;901.1;53.09;8.67;33.86;69.68;58.78;75.77;7.51;27.34;17.04;22.71;6.89;9.08;0.23;47.51;14.37;21.53;95.13;99.68;11.3;100;100;0;0.41;20.96;0;0.86;29.71;5.94;43.03;0;4.73;14.81;4.56;1.12;2.31;0;69;85;85;81;75;66;81;57;80;84;78;77;59;26;46;24;1102;29;47;87;65;79;71;81;74;56;90;82;66;59;53;53;46;35;31;1075;1023;15;32;976;21;139;101;104;66;1753;90;310;91;1663;94;220;104;1443;29;30;23;139;336;290;87;35;882;738;287;2177;1890;1926;172;94;1660;2173;2169;434;785;726;644;842;707;-21.3330061;-51.6465874
2010;353320;35;3533205;NOVA INDEPENDÊNCIA;74.63;2.19;15.3;17.72;46.79;94.22;82.75;7.92;10.67;0.96;0;7.67;1.37;8.28;3.26;9.68;76.24;78.69;76.48;17.35;15.8;23.52;6.41;5.51;0;91.96;102.62;64.86;104.77;13.38;87.86;95.49;59.03;75.46;6.6;37.91;98.56;85.43;8.91;6.67;90.27;93.67;100;100;97.93;94.4;8.33;0;11.76;2.31;0.44;0;89.35;90.85;74.71;84.3;83.86;50.44;43.77;73.34;65.78;36.9;65.34;31.13;3.96;250;380;510;650;950;0.36;1.25;2;4.29;7.71;22.57;33.8;27.9;6.52;42.81;18.36;35.63;57.19;77.1;6.08;4.68;533.68;173.91;1489.01;315.95;460.87;575.41;1146.32;539;8.68;86.9;183.22;0.21;15.14;0.7;18.66;8;5.4;0;74.9;63.08;47.24;32.83;0.39;5.37;32.55;1.09;15;68.52;88.54;98.49;944.35;53.89;0;19.27;77.12;63.09;81.13;4.26;0;8.11;8.33;4.17;5.11;0.19;69.89;0.21;13.25;92.38;99.21;22.07;100;100;0.3;0.85;19.9;9.73;2.07;23.06;6.48;34.09;0;3.92;5.98;7.59;0.24;1.8;0;123;132;145;136;139;129;114;95;87;89;70;110;39;39;26;31;1525;21;117;123;127;127;137;140;111;113;94;94;53;130;51;42;33;22;29;1543;1395;0;34;1361;51;208;150;162;145;2333;170;535;163;2163;149;365;142;1798;44;48;52;239;565;243;123;82;1173;919;622;3068;2446;2589;255;176;2158;2992;2962;504;844;735;711;827;675;-21.1066536;-51.4910804
2010;353325;35;3533254;NOVAIS;74.32;2.38;15.8;18.29;45.96;94.04;82.28;7.43;10.94;1.07;1.69;11.04;3.09;11.72;6.72;14.29;81.33;83.46;84.44;11.92;10.37;15.56;6.76;6.17;0;98.5;105.11;80.35;103.09;7.3;91.48;97.15;63.63;79.64;5.98;32.9;100;83.98;11.04;5.77;93.32;95.2;100;100;100;95.72;9.96;0.2;11.75;4.18;0.85;1.13;97.31;98.58;73.48;78.8;65.33;40.44;32.91;47.19;42.87;23.06;45.67;17.06;3.13;265;402.5;550;765;1073.33;0.45;1.22;1.96;4.23;7.52;18.92;35.71;37.86;5.52;51.12;15.48;29.73;48.88;87.36;9.78;6.63;671.15;185.29;2541.14;334.16;478.19;642.74;1722.55;671.95;20.68;82.76;180.8;0.38;7.99;0.85;24.72;7.23;2.6;0;77.33;44.85;27.39;19.13;0.33;3.85;43.09;3.16;16.84;71.34;89.38;96.66;1170.42;65.91;4.83;36.61;86.69;74.48;84.42;8.89;35.11;33.2;12.92;7.89;7.18;0.38;70.08;3.87;14.05;99.56;98.94;38.54;99.65;100;0.12;0;35.7;6.68;0;32.3;8.67;29.97;0;2.84;38.84;4.22;1.57;0.46;0;219;183;229;305;265;236;170;157;132;100;63;183;72;46;46;42;2479;31;178;170;219;228;196;176;161;116;94;77;72;172;78;54;48;31;43;2113;2536;17;81;2438;80;281;215;233;237;3487;237;981;255;3250;307;744;317;2506;80;80;81;347;797;341;170;124;1593;1146;411;4592;4181;3847;353;221;3273;4592;4587;404;795;719;634;822;712;-20.9941576;-48.9188283
2010;353330;35;3533304;NOVA LUZITÂNIA;73.49;2.52;17.2;19.85;43.14;93.55;81.03;8.66;9.81;2.58;2.76;11.77;2.67;12.28;3.62;14.13;72.63;70.14;93.32;13.66;15.09;6.68;13.71;14.78;0;99.71;102.43;91.35;72.32;16.82;92.54;97.15;64.18;72.32;9.96;21.12;100;80.76;17.19;3.84;86.47;90.31;100;100;98.6;94.22;9.71;0;7.84;7.22;1.44;0;92.04;100;82.77;91.09;86.58;54.76;48.63;54.4;58.1;37.02;62.92;32.97;4.65;302;457.5;600;825;1130;0.35;0;0;0.82;1.27;13.41;25.15;27.93;7.23;43.19;18.91;35.08;56.81;75.95;5.91;4.55;643.07;232.43;1796.35;375.67;519.93;698.63;1381.93;643.07;0;114.8;208.89;0.21;14.55;0.58;19.47;6.46;5.8;0;74.99;66.76;46.92;24.72;0.4;5.13;41.4;3.03;16.72;71.51;88.08;97.25;959.73;63.16;6.93;36.4;82.13;70.24;89.91;5.94;18.5;15.23;13.21;5.55;4.08;0.21;61.75;8.61;11.68;97.58;99.88;18.04;100;100;0;0;20.69;13.53;1.4;23.95;3.56;31.08;0;8.84;5.72;4.81;0.3;0.78;0;123;137;141;170;205;172;144;122;80;105;84;125;69;41;33;35;1820;34;115;119;108;138;154;133;121;106;107;108;69;120;68;54;37;36;28;1621;1875;18;52;1806;42;194;139;143;145;2702;145;557;148;2557;161;412;171;2145;51;59;47;248;542;298;119;67;1267;1021;354;3441;3087;2969;256;142;2571;3431;3431;548;823;743;719;808;705;-20.8558333;-50.2619444
2010;353340;35;3533403;NOVA ODESSA;76.68;1.36;11.3;13.11;38.09;95.01;85.81;6.98;10.61;0.83;1.09;3.6;0.67;3.77;0.64;4.35;78.03;77.54;86.74;11.49;11.83;12.48;10.48;10.62;0.78;90.06;96.79;72.33;74.5;31.45;83.33;88.15;55.62;66.24;14.55;28.29;97.93;85.67;23.45;11.36;95.64;97.49;100;100;98.43;94.92;7;0.71;22.12;2.42;3.05;1.61;87.74;84.16;81.27;84.32;86.75;64.31;59.98;63.06;66.82;44.32;66.44;39.99;9.56;366.67;551;766.67;1133.33;1600;0.41;0.3;0.4;1.54;2.42;9.05;14.14;32.1;5.84;47.37;16.53;31.33;52.63;82.52;7.77;5.75;878.14;256.45;2819.13;469.27;649.66;935.54;2087.99;878.14;28.17;103.41;189.76;0.29;17.31;2.66;1.1;13.9;6.13;0.04;75.52;73.66;52.6;37.99;0.58;11.78;26.91;1.96;7.87;55;76.04;90.4;1387.32;62.26;4.83;33.53;79.29;70.22;84.35;7.07;36.89;26.54;13.23;6.23;8.19;0.26;65.58;1.39;11.65;98.17;98.62;20.4;99.72;100;0.11;0;10.65;4.36;1.57;12.34;2.64;24.55;0;4.19;6.61;4.34;0.13;0.89;0;1513;2006;2117;2327;2359;2165;2011;2030;1728;1581;1214;1757;951;558;470;318;25345;240;1636;1980;2045;2108;2402;2239;2108;1957;1867;1617;1287;1616;973;685;580;362;435;25897;27970;195;860;26915;612;3129;2369;2363;1815;40065;2474;8443;2436;37591;2452;5969;2512;31622;672;640;616;3454;8195;3576;1943;1245;20325;16243;835;51242;50407;44927;4033;2565;38329;50978;50978;643;0.83;791;762;861;755;-22.783186;-47.294059
2010;353350;35;3533502;NOVO HORIZONTE;76.92;2.04;12;13.84;43.38;95.44;86.04;10.05;9.46;0.89;1.12;7.6;1.58;8;3.04;9.19;70.6;69.44;93.08;14.28;16.26;6.92;15.12;14.3;0;96.79;104.6;74.43;94.56;21.89;86.05;90.73;48.77;82.57;12.9;21.4;94.75;78.98;21.25;9.45;94.03;95.81;99.05;100;97.75;92.89;15;0.86;7.6;3.61;3.11;0.35;87.55;89.41;64.64;75.5;81.58;51.94;46.3;49.82;50.48;32.99;49.67;29.66;9.37;320;500;657.5;980;1500;0.45;2.13;6.43;4.37;12.2;14.94;30.48;36.02;4.9;51.03;15.12;29.26;48.97;76.79;9.53;6.75;806.75;197.51;2905.88;412.31;570.59;794.94;2058.59;806.75;37.27;77.17;167;0.37;19.79;2.59;14.49;13;6.33;0.18;68.65;60.56;40.06;33.27;0.69;11.35;22.52;0.85;11.76;63.34;82.36;92.74;1263.69;59.51;5.12;40.56;73.96;65.89;81.48;3.9;15.14;18.4;6.63;3.31;6.64;0.33;58.66;1.59;16.57;99.4;98.94;16.99;99.6;99.94;0.5;0.03;25.57;5.97;2.25;24.41;5.61;32.47;0;7.2;12.84;4.41;0.36;1.35;0.06;1148;1347;1406;1654;1610;1441;1354;1319;1193;1168;979;1255;738;584;438;320;18271;317;1107;1333;1427;1495;1416;1414;1336;1367;1276;1155;961;1200;812;657;550;371;445;18322;18940;137;640;18162;447;2144;1563;1601;1359;29191;1691;5982;1677;27500;1804;4291;1849;23209;449;497;473;2491;5762;3679;1332;857;14675;11753;2545;36593;34048;31824;2680;1578;27566;36479;36479;519;753;753;665;865;741;-21.4674564;-49.2235377
2010;353360;35;3533601;NUPORANGA;76.94;1.86;11.9;13.8;41.88;95.45;86.07;9.04;10.15;1.56;0.6;5.41;1.53;5.73;1.48;6.59;70.05;74.01;80.63;15.86;16.23;11.44;14.09;9.76;7.92;89.53;106.17;49.42;71.45;26.11;85.86;94.04;41.46;63.87;18.95;41.16;97.22;83.71;25.96;4.49;86.45;91.5;94.01;100;97.89;93.73;20.76;0.38;16.27;1.78;1.63;1.75;94.42;91.56;60.64;69.88;83.67;47.72;40.68;58.78;62.77;35.57;62.66;30.23;8.92;287.5;450;626;900;1383.33;0.45;0.44;1.2;3.84;9.69;15.92;31.34;36.48;5.35;50.91;15.21;29.49;49.09;69.15;9.59;6.69;751.92;201.1;2742.83;370.66;536.99;736.72;1912.95;751.92;23.66;101.37;183.16;0.35;15.1;2.43;20.96;10.45;4.73;0;72.81;59.2;44.29;37.05;0.63;10.93;24.93;0.88;14.02;67.36;83.88;94.65;1102.7;58.7;7.19;37.42;82.59;65.65;83.76;5.88;23.21;15.62;11.99;5.28;6.16;0.26;62.73;2.4;16.47;97.79;99.43;17.84;99.77;99.94;0.06;0;26.52;13.55;2.11;25.67;7.59;35.85;0;7.8;14.11;5.09;0;0.45;0.06;215;269;286;329;292;261;242;237;243;223;172;231;139;102;65;58;3410;46;201;263;270;310;254;258;237;274;230;224;179;214;141;86;93;85;88;3407;3497;38;137;3321;84;448;324;346;243;5344;334;1184;349;5010;356;850;369;4160;77;75;87;437;1105;616;261;164;2691;2118;632;6817;6185;5957;532;366;5059;6783;6783;477;0.77;746;656;866;0.73;-20.730877;-47.7522561
2010;353370;35;3533700;OCAUÇU;74.81;2.24;15;17.39;47.05;94.32;83.01;9.97;10.58;1.5;2.05;9;1.17;9.44;2.24;11.1;77.08;74.73;95.07;15;17.06;4.93;7.91;8.2;0;114.68;116.04;110.74;92.01;14.76;86.35;90.58;54.04;77.79;9.24;33.07;95.13;73.32;21.14;12.37;86.65;89.52;90.6;100;97.66;91.41;8.17;1.58;6.57;6.24;4.12;1.82;90.79;92.13;78.21;76.23;79.82;46.78;40.16;49.15;53.12;29.81;57.14;25.14;5.07;240;342.5;505;696.67;1010;0.39;0.77;0.64;2.34;4.17;23.19;40.43;31.01;6.49;46.7;17.2;32.62;53.3;73.27;7.21;5.37;547.66;177.65;1698.16;293.47;422.07;566.3;1264.59;550.88;12.18;87.27;188.35;0.25;14.47;0.17;36.9;9.4;5.7;0;54;55.17;35.98;32.05;0.63;6.7;10.61;0;11.07;83.19;91.09;96.09;864.64;58.24;6.87;41.95;68.92;64.95;82.07;6.37;11.43;20.89;13.2;5.71;7.12;0.19;49.35;1.03;34.98;96.34;99.66;18.4;99.56;99.85;0.06;2.25;20.2;13.35;2.34;24.24;8.31;40.58;0;9.29;28.35;10.49;0.45;1.41;0.15;153;175;184;185;155;146;141;152;157;129;110;139;98;81;47;51;2137;34;132;162;154;183;157;136;142;141;144;117;106;156;94;67;53;56;26;2026;2091;23;82;1985;45;266;190;211;183;3246;195;706;212;3051;229;511;223;2540;57;62;45;304;698;415;162;92;1576;1239;839;4163;3324;3590;337;196;3056;4155;4130;468;772;717;653;0.83;679;-22.4396255;-49.9226712
2010;353380;35;3533809;ÓLEO;76.46;2.34;12.6;14.58;49.92;95.2;85.39;12.16;8.78;1.1;0;5.98;0.72;6.32;2.33;7.22;68.5;66.92;90.95;14.08;13.05;9.05;17.41;20.02;0;93.15;101.26;66.5;56.17;20.8;88.78;90.54;54.57;56.17;7.11;17.22;100;78.25;11.84;6.74;81.81;87.42;97.86;100;98.99;94.15;16.5;0.67;24.19;0;3.63;0;81.78;85.83;76.01;81.58;81.48;42.96;36.76;54.84;61.65;32.34;63.44;27.63;10.17;255;433.33;592.5;890;1186.67;0.43;1.59;5.97;7.11;17.49;19.99;40.56;33.16;5.12;48.29;15.28;30.44;51.71;62.12;8.68;6.29;676.94;173.43;2244.49;343.89;512.91;719.92;1627.84;676.94;68.89;108.37;173.43;0.32;25.38;0.9;45.79;7.64;5.85;0;51.33;50.17;39.05;30.87;0.3;11.69;5.8;7.68;25.32;77.4;89.53;96.88;833.63;61.71;13.8;46.36;79.09;67.8;75.6;4.46;0;10.38;10.61;4.33;3.06;0.25;37.28;10.4;20.01;98.24;99.24;15.21;100;99.49;0.3;0.3;28.28;18.19;1.01;31.69;10.07;44.37;0;0;19.05;7.02;0.67;0.36;0.51;66;109;126;85;87;84;74;83;93;98;97;106;74;49;47;37;1344;29;80;110;94;86;85;79;102;84;102;95;77;94;78;53;48;35;27;1329;1443;30;52;1361;36;182;136;132;78;2108;115;391;130;1993;141;276;118;1717;32;42;29;195;455;325;110;53;1045;865;910;2673;1763;2339;219;113;2007;2673;2673;0.43;776;0.73;637;858;713;-22.9422754;-49.3408082
2010;353390;35;3533908;OLÍMPIA;77.02;1.69;10.9;12.64;42.72;95.2;86.28;10.24;10.43;1.03;0.96;5.56;1.56;5.84;1.87;6.66;81.57;82.37;86.08;9.51;8.75;11.94;8.92;8.88;1.98;90.01;96.61;73.3;89.96;31.04;85.4;89.47;57.53;80.12;16.97;26.16;96.91;83.85;23.34;12.04;90.36;92.35;96.41;97.91;97.39;93.56;7.64;1;8.98;1.45;3.92;0.71;88.72;87.89;79.3;85.63;84.03;57.34;52.36;61.25;62.46;41.53;64.79;37.62;13.17;311;497.67;642;999.5;1500;0.43;0.72;1.94;3.64;9.82;14.01;29.63;34.41;5.44;50.17;15.58;29.76;49.83;76.29;8.84;6.36;783.14;212.96;2695.16;396.94;555.28;786.15;1938.47;783.14;44.06;99.58;182;0.33;17.06;2.54;12.48;16.38;7.89;0.09;71.89;66.61;49.18;40.95;0.62;15.66;16.31;1.41;10.62;65.76;83;92.77;1202.18;60.58;5.4;32.99;76.64;67.39;84.58;6.54;69.24;31.52;12.49;5.31;6.36;0.27;57.47;5.62;16.01;96.77;95.91;18.74;99.75;100;0;0.02;16.83;9.64;2.61;18.39;4.22;28.92;0.75;8.15;10.76;4.68;0.27;0.66;0;1587;1784;2004;2212;2285;1964;1826;1725;1618;1482;1242;1637;1084;807;575;421;24685;432;1532;1720;1900;2222;2165;1987;1775;1777;1694;1557;1368;1582;1164;884;747;557;708;25339;26553;189;779;25585;618;2819;2074;2136;1867;40101;2294;8321;2350;37807;2440;6027;2447;31780;625;680;631;3213;7527;5121;1716;1137;20468;16354;2780;50024;47244;43830;3504;2362;37964;49865;49865;573;814;773;724;867;737;-20.736634;-48.910625
2010;353400;35;3534005;ONDA VERDE;76.78;2.02;12.1;14.03;44.93;95.37;85.85;8.47;9.33;2.04;2.07;8.31;2.7;8.74;2.3;9.98;66.62;71.39;85.32;15.37;14.93;10.82;18;13.68;3.86;82.6;100.95;31.45;90.22;15.28;81.79;90.06;29.15;83.23;11.43;17.91;98.03;86.28;12.82;3.79;94.55;96.2;100;100;98.81;95.5;27.3;0;3.01;0;0.82;1.82;85.23;76.86;53.08;66.04;79.23;49.65;43.59;73.55;66.32;37.56;75.82;31.67;6.46;296;415;555.5;790;1051.25;0.34;0.07;0;2.17;5.87;12.26;20.7;27.59;7.68;42.44;19.62;35.8;57.56;80.65;5.62;4.31;597.67;229.65;1648.81;356.63;483.66;650.23;1263.64;597.67;68;130.94;201.05;0.2;12.46;1.14;17.08;12.36;5.21;0;71.25;60.37;46.33;31.71;1.48;7.78;25.06;2.59;11.69;70.14;87.07;96.05;1021.49;58.88;5.5;26.69;77.45;67.32;81.6;6.85;18.52;17.85;12.99;6.44;7.02;0.18;64.51;2.48;16.98;96.32;99.62;17.83;100;99.74;0.26;0.06;15.93;5.45;1.19;20.03;3.86;33.33;1.51;4.05;5.4;4.93;0.19;1.26;0.26;116;183;159;193;146;153;155;138;131;122;79;170;81;57;39;37;1993;34;139;142;167;156;159;157;148;156;118;117;69;125;76;65;44;25;28;1891;1961;18;53;1891;48;245;186;183;159;3009;193;675;193;2816;207;482;204;2334;48;55;51;320;697;329;142;99;1485;1162;841;3884;3043;3331;325;197;2808;3853;3853;497;0.78;738;671;863;693;-20.6071428;-49.2950997
2010;353410;35;3534104;ORIENTE;75.22;1.48;14.4;16.66;44.42;94.55;83.62;11.27;11.39;0.27;0;6.45;0.69;6.85;0.82;8.01;83.09;86.69;84.79;11.56;8.46;13.52;5.34;4.85;1.69;94.29;100.33;76.44;100.33;27.63;89.91;92.7;60.26;86.34;14.72;17.57;96.73;90.78;21.42;12.96;94.2;95.89;100;100;97.23;95.6;14.5;1.03;6.11;2.54;2.33;1.12;94.29;89.18;76.98;88.34;91.34;61.58;55.87;66.99;75.16;46.13;70.91;40.55;9.38;260;416.67;566.67;897.5;1250;0.44;0.9;2.04;5.57;10.73;19.5;34.13;35.19;5.26;50.31;14.95;29.25;49.69;72.59;9.41;6.67;694.16;182.46;2442.89;336.54;496.16;709.45;1731.23;694.16;32.9;102.14;180.65;0.35;13.68;1.03;9.47;14.63;6.09;0;74.53;73.34;55.72;40.44;0.51;12;21.9;0.91;12.78;70.03;84.12;93.64;1084.47;57.61;3.77;26.65;76.13;64.75;83.76;8.84;54.18;22.1;15.33;8.26;13.38;0.26;63.26;5.02;16.19;99.07;99.65;16.09;100;100;0;0.09;9.51;5.8;2.77;13.92;3.78;28.23;0.87;7.44;7.69;8.25;0.17;1.97;0;156;220;253;272;262;207;190;212;206;211;165;209;121;102;72;58;2985;69;171;243;229;264;230;210;225;232;260;187;161;188;125;117;107;65;98;3112;3101;17;72;3012;61;371;286;273;197;4897;287;1013;267;4610;299;726;316;3884;68;72;63;414;985;687;243;146;2503;2012;402;6097;5695;5384;463;269;4652;6085;6085;616;846;0.77;761;837;717;-22.1525442;-50.0935645
2010;353420;35;3534203;ORINDIÚVA;74.42;2.13;15.6;18.09;41.49;94.1;82.44;6.06;11.38;0.27;0.67;6.77;0.66;7.22;1.05;8.73;81.71;84.22;81.03;15.14;14.61;17.65;3.15;1.17;1.31;93.15;98.4;77.77;114.44;34.33;90.96;94.08;64.34;96.92;20.81;25.06;99.2;89.16;26.81;7.13;98.32;98.88;100;100;99.24;96.67;9.67;0.76;1.4;2.05;2.66;4.44;93.64;89.78;79.37;90.98;91.3;58.36;50.62;75.22;71.15;44.48;72.31;38.22;9.46;325;466.67;610;895;1253.33;0.38;0.14;0.21;1.45;2.27;11.21;17.72;30.23;6.89;45.27;18.45;33.59;54.73;84.67;6.55;4.91;699.63;241.02;2114.78;404.54;529.52;739.62;1585.21;699.63;50;97.58;198.3;0.24;12.31;0.7;20.81;6.67;2.68;0;73.86;65.15;50.69;30.72;0.31;10.09;35.79;0.16;15.08;54.72;80.32;94.28;1192.34;63.63;5.64;34.72;78.24;72.38;80.57;6.38;27.65;29.22;9.61;5.43;7.3;0.25;68.52;0.46;17.93;99.94;100;17.84;100;100;0;0;14.64;1.68;0.76;16.23;3.28;25.01;0;0;11.27;1.7;0;1.27;0;217;242;233;287;301;271;246;229;175;148;98;216;69;56;53;31;2899;27;196;232;250;286;271;267;238;183;148;136;100;217;75;66;42;29;40;2776;3073;27;98;2949;61;367;278;279;253;4355;299;1056;291;4056;289;757;311;3299;99;83;95;457;1029;344;232;145;2131;1595;452;5675;5223;4829;474;281;4074;5643;5643;584;871;767;762;824;719;-20.1819444;-49.3508333
2010;353430;35;3534302;ORLÂNDIA;77.89;1.58;8.93;10.36;40.26;95.55;86.34;7.91;10.25;0.87;0.84;5.16;1.31;5.45;2.09;6.28;71.16;75.86;79.02;16.29;14.37;14.86;12.55;9.77;6.12;98.58;108.64;72.25;105.09;30.1;91.79;94.44;55.98;74.11;17.72;43.79;97.23;86.97;26.36;8.17;94.69;95.83;98.69;98.26;98.32;95.19;24.35;1.76;12.5;3.85;1.73;1.02;90.02;90.62;64.26;73.33;83.12;57.25;52.07;58.47;60.65;40.98;62.85;37.05;11.26;325;500;698.33;1063.33;1678.57;0.5;0.84;1.33;3.96;8.54;13.23;23.69;41.4;4.54;55.7;13.46;26.03;44.3;78.6;12.31;8.29;934.54;212.03;3868.55;416.73;587.76;853.35;2604.72;934.54;37.06;95.91;171.22;0.45;14.14;3.62;9.02;14.54;7;0;77.62;66.91;48.67;42.8;0.74;13.43;20.51;0.46;10.01;59.25;75.8;89.65;1532.95;59.45;4.98;31.45;72.95;67.12;84.1;7.25;32.33;38.79;13.19;6.06;7.15;0.41;63.99;3.69;14.21;98.81;99.65;21.87;100;100;0;0.11;20.36;5.31;1.68;18.85;4.25;28.08;0;9.21;9.52;6.33;0.37;1.3;0;1213;1572;1667;1799;1803;1599;1394;1444;1396;1241;917;1380;696;494;389;259;19495;232;1195;1555;1646;1794;1837;1581;1493;1523;1459;1217;1034;1355;821;605;484;312;375;20286;20567;156;626;19785;462;2515;1850;1890;1461;31505;2020;6906;1973;29485;1967;4886;2041;24599;485;561;501;2784;6652;3148;1555;1004;16179;12739;1025;39781;38756;34596;3127;1990;29479;39610;39610;573;779;0.78;703;882;765;-20.720278;-47.886667
2010;353440;35;3534401;OSASCO;75.42;1.75;13.36;15.5;39.97;94.53;83.58;6.37;10.09;1.78;1.19;3.48;0.99;3.64;1.06;4.18;74.01;76.51;81.89;14.24;13.36;15.13;11.75;10.13;2.98;104.25;109.21;89.6;79.94;43.94;85.35;88.82;51.52;66.46;19.56;28.82;94.68;86.36;35.67;20.09;86.88;90.15;94.75;96.37;96;93.56;16.75;2.65;10.4;5.71;2.32;1.36;85.14;84.09;70.02;78.84;83.65;64.81;60.95;52.23;57.26;44.74;58.56;42.17;14.19;299.14;497.5;747.25;1250;1900;0.53;1.5;3.07;4.8;9.42;16.13;27.15;42.21;3.76;57.56;11.41;23.38;42.44;79.82;14.79;10.16;1003.4;188.86;4235.07;383.72;600.49;955.9;2907.49;1004;30.82;86.32;170.9;0.51;16.08;1.28;0.2;15.57;5.73;0.01;74.61;72.9;53.02;54.98;0.76;17.14;12.07;1.34;9.5;56.93;73.67;87.7;1574.82;60.75;5.75;31.96;75.97;68.84;81.09;8.85;31.49;34.14;15.93;7.88;8.35;0.38;64.84;3.3;13.64;98.97;96.15;36.12;99.07;99.99;0.83;2.37;18.8;13.12;4;15.29;4.73;24.67;0.45;5.14;15.8;5.64;1.33;0.96;0.01;22836;27759;26675;30446;31050;28788;25518;23709;20642;17763;13728;24093;10018;6810;4860;3106;320436;2635;22290;27402;26806;30622;32578;31164;27607;25997;23577;20571;16348;23655;12612;8648;6761;4714;4952;346304;348745;3172;10128;335445;9005;43579;32657;32501;26516;517418;32338;114173;31825;485080;32441;81835;34141;403245;9404;9530;9240;49342;114537;42462;27289;16201;272305;215059;0;666740;666740;574104;55161;31693;487250;665237;664836;648;755;776;718;0.84;776;-23.5324859;-46.7916801
2010;353450;35;3534500;OSCAR BRESSANE;74.36;1.34;15.7;18.21;45.55;94.06;82.34;13.84;12.03;0;2;9.79;1.75;10.18;1.23;11.59;86.82;88.94;93.67;5.94;8.17;0;7.24;2.88;6.33;103.45;105.27;98.64;94.47;31.73;92.02;92.18;76.87;61.12;27.27;39.93;93.13;94.55;32.81;5.7;91.43;95.21;100;100;96.69;96.1;12.37;1.4;5.44;3.28;0.89;0;91.35;87.63;87.63;85.04;87.31;48.65;42.28;67.83;75.58;36.16;75.78;29.66;7.23;250;382.5;515;900;1225;0.45;0.77;0.64;5.09;8.88;20.98;33.83;37.02;5.49;51.82;15.06;28.92;48.18;65.81;9.83;6.95;675.35;185.28;2499.86;323.17;468.17;650.18;1766.95;677.81;34.48;107.76;191.15;0.34;22.67;2.21;24.97;12.16;7.03;0.18;56.31;62.5;47.32;42.55;0;12.32;10.4;2.73;18.95;76.4;87.98;95.08;998.99;55.19;0;21.29;71.52;61.42;88.17;9.69;0;15;34.25;9.59;6.67;0.32;44.05;5.01;23.55;98.17;100;6.38;99.71;100;0;1.43;14.14;8.57;3.31;23.94;5.67;42.23;0;0;6.7;12.57;0;1.77;0;80;63;91;91;87;80;87;89;80;63;71;73;92;55;40;37;1217;38;67;98;97;107;76;92;88;102;96;89;91;62;74;64;50;36;31;1320;1245;0;22;1223;34;127;95;99;82;2094;100;386;103;1994;125;286;112;1708;31;17;31;152;350;351;98;53;1093;889;438;2537;2099;2256;161;104;1991;2537;2528;487;867;749;715;823;713;-22.314874;-50.281118
2010;353460;35;3534609;OSVALDO CRUZ;75.22;1.49;14.4;16.66;43.63;94.55;83.62;12.06;10.8;0.53;0.69;6.47;0.83;6.8;0.94;7.74;78.5;79.76;90.07;11.94;11.46;9.93;9.56;8.78;0;99.91;108.38;75.19;85.82;27.17;88.7;91.66;55.73;69.73;14.25;18.46;95.68;86.36;22.6;10.56;88.77;92.3;100;100;97.61;94.74;15.05;0.69;19.05;2.37;3.18;4.35;90.29;89.95;77.22;83.99;82.41;58.14;53.27;48.4;55.93;40.38;51.62;37.26;12.56;300;465;621.5;1032.5;1645;0.46;0.76;1.84;4.46;10.22;15.91;30.22;36.25;5.08;52.18;14.65;28.05;47.82;72.56;9.9;7.15;797.55;202.43;2890.98;381.61;534.63;788.16;2087.33;797.55;41.45;105.63;181.4;0.36;18.18;4.14;8.62;16.46;6.2;0;67.51;70.62;51.73;41.98;0.61;15.02;21.75;2.91;15.69;70.67;83.42;92.12;1131.9;58.24;6.81;39.49;63.24;63.58;79.28;6.3;19.14;45.11;11.82;5.02;4.63;0.34;53.87;3.9;17.43;99.24;99.58;12.15;99.94;100;0.15;0.74;11.66;11.23;2.39;17.81;5.11;32.08;0.73;6.67;8.12;5.84;0.29;1.52;0;760;1043;1243;1785;1307;1140;1095;1040;1044;1017;851;827;721;562;471;319;15554;329;758;1058;1111;1108;1142;1114;1096;1115;1120;1054;950;852;790;655;560;410;470;15363;16111;143;465;15503;302;1706;1240;1310;888;24377;1298;4444;1311;23079;1357;3146;1366;19933;326;324;330;1741;4310;3730;1055;655;12655;10438;3135;30917;27782;27662;2101;1177;24384;29646;29646;581;0.79;762;713;837;0.74;-21.7962773;-50.879119
2010;353470;35;3534708;OURINHOS;76.53;1.74;11.5;13.34;43.42;94.94;85.61;9.04;11.29;1.12;1.04;4.97;1.03;5.24;1.07;6.02;80.07;84.8;76.71;12.87;10.01;20.45;7.06;5.19;2.84;97.77;104.48;79.43;84.13;35.61;90.38;94.49;60.32;70.23;17.34;24.14;97.32;83.24;27.28;12.32;87.13;91.56;95.53;99.55;98.15;94.16;13.94;0.75;10.86;4.46;1.79;2.19;95.22;93.24;76.32;84.05;85.01;60.06;55.4;52.52;58.78;42.72;55.82;39.72;14.41;290;455.5;640;1036;1665;0.5;0.68;1.54;3.75;7.88;16.48;28.58;40.99;4.55;55.96;13.02;25.4;44.04;74.55;12.6;8.6;868.91;197.53;3561.88;368.02;538.08;809.75;2432.15;869.01;32.73;98.5;181.45;0.44;19.02;3.91;3.12;18.16;7.96;0.32;71.04;69.26;51.27;47.56;2.08;16.87;15.63;1.18;12.63;64.56;79.78;90.43;1381.34;58.99;3.89;30.83;74.92;66.75;84.86;8.07;31.06;22.37;16.74;7.48;9.49;0.39;56.44;5.06;14.54;98.74;99.43;19.66;99.52;99.94;0.2;0.34;17.23;12.87;1.85;17.38;4.54;28.79;0.31;5.13;8.55;6.04;0.27;1.4;0.06;3371;4188;4270;4260;4315;3887;3663;3576;3395;2867;2544;3645;1974;1536;1032;743;49981;715;3320;3935;4207;4297;4200;4242;3968;3947;3713;3321;2880;3393;2340;1743;1339;1003;1206;53054;52626;316;1562;50748;1405;6445;4768;4827;3878;81094;5175;17001;5063;75919;4951;11826;5022;64093;1406;1420;1383;7296;17214;9315;3935;2513;42404;33901;2661;103035;100374;89211;8123;5066;76022;102702;102690;601;799;778;727;859;753;-22.9777918;-49.868204
2010;353475;35;3534757;OUROESTE;76.93;1.98;11.9;13.8;42.13;95.44;86.05;9.16;12.21;1.14;1.25;9.22;1.04;9.73;1.37;11.48;84.77;88.47;81.18;9.09;8.19;10.87;6.15;3.34;7.94;93.09;101.05;71.87;122.15;43.31;88.27;94.18;59.46;80.12;23.96;40.48;99.36;91.88;33.85;14.72;96.42;97.63;98.39;100;99.69;97.56;9.15;1.57;10.76;3.18;1.46;3.12;96.32;95.59;82.37;86.97;85.5;55.96;50.13;60.39;63.72;38.16;61.9;33.11;13.22;274.38;423.33;566.67;915;1260;0.43;0.27;0.37;4.06;8.84;17.14;29.27;34.08;5.74;49.5;15.82;29.93;50.5;74.66;8.62;6.25;694.33;199.19;2366.05;349.89;489.87;714.19;1716.95;694.33;40.69;109.95;187.33;0.32;20.37;1.09;13.69;13.88;7.54;0.26;59.13;67.97;48.66;39.67;1.25;18.84;20.11;2.59;21.04;66.83;83.56;93.46;1103.33;59.25;8.03;41.99;76.83;65.8;84.96;7.23;8.54;20.01;13.11;6.66;6.05;0.33;42.87;9.69;23.39;98.99;99.61;9.71;99.92;99.96;0.14;0.67;11.47;3.58;0.31;17.68;3.9;32.7;0;3.26;9.74;3.98;0.4;1.6;0.04;278;312;364;354;381;330;301;313;296;224;194;282;178;127;108;79;4190;69;245;348;348;389;349;315;325;304;302;244;216;255;188;118;125;74;70;4215;4357;53;177;4127;118;526;395;405;307;6669;400;1453;411;6269;449;1053;440;5216;97;106;102;561;1361;770;346;197;3360;2624;859;8405;7546;7354;660;421;6273;8332;8332;0.56;844;0.77;736;866;717;-20.0013584;-50.3736414
2010;353480;35;3534807;OURO VERDE;73.81;2.22;16.6;19.24;49.17;93.74;81.52;10.24;10.78;1.34;0.73;13.32;0.97;14.25;3.31;16.87;78.98;85.39;73.94;12.32;9.07;26.06;8.71;5.54;0;95.11;106.72;63.54;65.78;16.09;88.41;94.59;48.27;65.78;9.4;11.31;94.54;78.15;18.3;6.91;92.5;95.79;98.24;100;97.24;92.11;18.98;0.63;22.23;4.89;1.61;1.79;89.71;91.12;71.64;81.65;79.34;41.33;33.81;38.41;47.54;23.99;47.93;19.33;5.12;218;338.75;477;655;906.67;0.39;1.44;3.07;9.18;19.9;26.47;43.21;30.1;5.75;45.84;16.99;32.59;54.16;68.96;7.08;5.4;504.63;145.1;1518.86;283.69;393.53;544.31;1157.77;505.06;31.71;103.05;168.22;0.27;11.9;1.56;19.84;10.94;6.13;0;68.91;56.77;34.51;32.58;0.29;9.5;28.57;0.61;18.55;78.15;90.27;97.74;865.89;52.49;9.14;35.26;74.07;58.74;85.82;9.77;63.12;39.55;15.76;7.49;5.89;0.22;57.29;7.31;21.34;98.37;99.6;19.99;99.23;99.82;0.4;0.21;32.88;7.5;2.76;31.63;9.16;44.08;0;14.39;21.75;10.99;1.93;1.87;0.18;264;318;326;358;305;293;257;277;246;209;179;305;131;136;113;67;3866;82;270;325;342;314;329;266;304;269;266;226;180;290;152;140;110;79;72;3934;3494;59;146;3289;109;521;372;401;310;6028;412;1340;401;5616;396;928;390;4688;115;113;121;604;1410;799;325;198;3049;2393;624;7800;7176;6657;643;415;5599;7796;7789;413;745;692;612;814;666;-21.4892638;-51.7025981
2010;353490;35;3534906;PACAEMBU;75.6;1.83;13.8;16.01;47.91;94.75;84.17;11.48;11.15;1.35;1.17;10.34;1.67;10.9;2.75;12.27;85.3;86.84;91.55;8.87;7.6;5.73;5.83;5.56;2.73;95.58;103.58;76.33;68.66;14.97;90.45;94.74;65.15;66.96;10.03;26.96;98.11;83.33;14.59;1.34;80.04;86.56;96.09;97.16;98.87;94.31;9.77;0.3;8.81;1.17;2.15;1.82;91.97;91.34;80.37;81.77;62.66;40.78;36.91;45.59;39.42;27.53;41.06;25.43;7.52;250;414.75;570;866.67;1300;0.45;1.54;3.27;5.12;10.34;22.55;41;35.74;4.85;51.18;14.28;28.78;48.82;72.25;10.01;7.18;694.16;168.19;2481.06;327.48;503.14;695.57;1779.01;694.16;35.38;81.92;178.18;0.37;13.92;2.53;16.88;13.76;3.89;0;56.66;53.61;40.8;40.36;0.72;11.6;21.34;3.11;28.59;74.15;85.46;94.31;1001.74;49.32;4.34;31.96;55.4;53.38;51.83;6.19;16.89;27.53;11.45;5.5;8.88;0.66;39.13;10.57;30.98;97.94;97;14.57;99.81;99.93;0.29;0.26;22.27;19.96;1.13;28.14;7.9;41.53;0;5.14;12.65;7.86;1.32;2.35;0.07;314;387;451;909;1165;870;619;526;487;400;294;331;263;219;223;140;7744;146;321;375;410;366;386;389;373;434;396;386;299;285;268;260;213;165;156;5482;5910;33;169;5707;109;592;450;445;373;8869;512;1590;502;8357;487;1078;464;7279;148;107;117;675;1618;1518;374;252;4489;3716;3481;13226;9745;11983;762;529;10691;10857;10857;408;785;725;631;843;717;-21.566243;-51.2633114
2010;353500;35;3535002;PALESTINA;75.88;1.61;13.4;15.54;43.54;94.9;84.57;11.94;9.8;1.5;1.83;8.28;1;8.66;1.42;10.05;73.07;74.79;82.55;19.55;17.84;17.45;7.38;7.37;0;88.42;96.88;68.06;78.4;16.31;83.72;89.58;51;78.4;9.72;17.55;94.94;74.93;17.51;5.49;89.46;91.36;96.61;96.18;96.61;90.25;13.55;0;5.04;4.71;2.1;0.84;85.74;85.41;76.38;89.36;83.27;46.44;39.82;45.41;49.53;28.88;50.97;25.16;6.11;300;450;595;908;1303.33;0.4;0.42;0.57;3.44;8.32;14.58;26.46;31.49;6.2;47.05;17.13;32.13;52.95;75.81;7.35;5.49;692.43;214.53;2180.37;378.69;519.33;720.77;1628.26;692.43;35.62;106.01;187.46;0.27;18.74;0.85;35.4;9.13;4.43;0.21;60.39;52.79;34.02;27.25;0.66;7.19;16.92;7.55;21.77;67.1;86.62;95.8;1005.22;62.44;11.68;51.98;75.78;67.56;85.4;5.15;6.18;23.81;8.26;4.28;2.78;0.25;52.92;2.42;17.8;99.26;99.88;15.14;99.62;100;0.06;0.04;22.92;10.54;3.39;28.22;5.08;38.5;2.35;15.65;9.84;4.72;0.9;1.38;0;342;381;410;508;571;430;378;386;358;354;293;315;243;214;164;119;5595;129;330;372;449;437;420;422;391;388;389;347;289;285;241;215;193;131;157;5456;6099;88;264;5747;148;600;450;459;377;8995;492;1798;497;8503;550;1306;545;7197;147;142;116;609;1542;1319;371;263;4455;3572;1863;11051;9188;9768;753;508;8507;11023;11023;464;0.76;732;645;848;717;-20.389344;-49.4320384
2010;353510;35;3535101;PALMARES PAULISTA;75.21;2.12;14.4;16.68;39.04;94.54;83.61;4.82;10.46;1.51;0.56;10.99;2.98;11.7;7.02;14.26;72.75;74.4;77.15;14.31;13.56;18.23;12.94;12.04;4.61;99.73;106.79;80.74;56.34;10.5;87.72;93.31;57.79;47.59;6.96;16.19;96.45;84.13;15.5;7.98;81.4;86.46;94.94;100;98.23;94.4;10.75;0.45;27.8;4.78;1.54;2.74;88.11;92.29;76.12;82.62;71.41;46.99;39.91;42.65;42.84;28.67;43.05;24.55;4.69;300;442.5;592.5;850;1060;0.34;0.16;0.25;1.33;2.56;13.74;24.7;25.72;7.23;41.01;19.31;35.82;58.99;83.17;5.33;4.24;615.01;222.45;1581.61;371.4;507.72;712.5;1259.59;615.01;65.79;113.89;198.17;0.19;6.84;1.52;15.04;8.2;1.63;0;87.21;53.62;33.75;19.69;0.12;5.01;53.8;0.72;14.85;68.41;89.06;97.73;995.75;64.02;5.46;28.52;81.19;73.3;83.98;4.34;14.62;18.99;7.26;3.84;4.19;0.18;82.27;0.43;8.22;99.53;99.41;32.53;99.35;100;0;0;30.72;18.6;1.77;24.27;6.19;23.77;0;11.08;12.06;3.85;0.73;0.66;0;428;461;503;786;752;571;445;389;331;251;179;384;143;86;75;42;5861;35;416;443;478;552;515;447;397;322;278;226;177;411;122;101;92;50;46;5073;5950;49;159;5742;151;728;554;547;510;8391;539;2319;607;7852;687;1780;740;6072;183;181;157;790;1860;527;443;271;3803;2773;315;10934;10619;9295;904;558;7833;10922;10922;0.47;755;722;645;837;698;-21.085369;-48.803656
2010;353520;35;3535200;PALMEIRA D'OESTE;74.76;1.67;15.1;17.49;46.21;94.29;82.94;13.39;11.04;0.71;0.47;8.79;0.65;9.27;1.48;10.5;86.4;85.95;95.98;7.82;8.47;1.05;5.78;5.58;2.97;92.65;102.57;65.78;79.52;36.97;88.08;94.49;61.52;67.72;24.66;32.44;97.87;88.48;26.95;7.25;89.19;92.82;100;100;98.56;95.84;6.01;0.6;21.46;0.48;1.19;3.78;96.66;92.71;83.23;88.36;86.85;46.45;40.73;74.16;68.24;32.98;66.46;27.99;9.53;304.29;457.33;571.8;855;1282;0.42;0.67;1.27;4.02;10.22;14.78;31.51;34.65;5.76;49.26;16.54;31.04;50.74;70.64;8.38;5.95;707.38;203.55;2451.11;381.45;512.83;696.89;1740.35;708.86;21.09;96.06;175.58;0.31;35.22;1.52;42.32;13.64;3.62;0;41.81;59.17;42.26;32.58;0.32;12.22;4.55;2.38;26.66;77.91;88.23;94.99;963.12;60.98;9.25;52.24;81.17;66.33;86.59;3.27;19.85;13.6;5.19;2.59;4.22;0.32;27.12;4.97;28.79;99.18;99.28;7.78;99.61;99.93;0.19;0.83;17.42;10.81;1.44;26.05;5.25;44.72;0;0;8.72;4.27;0.53;0.94;0.07;250;357;364;327;293;347;333;355;379;340;281;306;236;222;197;118;4805;100;220;341;335;324;315;348;343;365;340;359;283;272;288;210;188;117;131;4779;5225;65;222;4938;96;560;421;426;286;7838;425;1350;428;7413;407;925;413;6488;88;111;109;605;1450;1283;341;203;3946;3287;2316;9584;7268;8568;698;426;7445;9556;9536;465;885;753;714;829;0.72;-20.4168187;-50.762159
2010;353530;35;3535309;PALMITAL;73.83;2.1;16.6;19.2;45.54;93.75;81.55;11.47;11.42;0.89;1.32;5.62;1.22;5.89;1.6;6.64;84.76;86.11;87.4;9.35;7.6;12.6;5.89;6.29;0;95.36;102.99;72.99;60.18;34.05;85.71;90.02;50.21;54.74;18.82;36.47;96.63;85.56;26.77;11.41;90.02;90.25;94.89;91.44;97.18;94.23;8.38;0.39;28.98;1.38;4.94;2.39;92.28;87.55;76.54;82.91;84.32;54.03;49;56.48;58.95;36.44;62.08;32.7;11.04;270;466.67;625;990;1500;0.44;2.71;4.18;4.91;8.32;18.13;31.62;33.43;4.95;49.65;14.93;29.41;50.35;71.91;8.95;6.65;739.37;183.07;2471.52;369.03;535.06;774.21;1835.32;744.57;21.85;65.37;174.23;0.35;21.95;3.72;15.8;14.87;6.44;0;66.06;64.34;47.21;42.98;1.4;12.86;14.08;2.12;15.26;67.49;83.45;91.45;1188.33;52.95;5.56;30.06;65.76;59.13;75.26;5.51;9.05;11.15;16.27;5.31;4.62;0.31;50.69;2.97;18.88;99.09;98.87;15.17;99.78;99.89;0.37;0.33;20.12;9.98;2.82;23.17;5.96;34.54;1.74;0;6.09;6.08;0.4;0.81;0.11;640;842;813;800;758;794;744;736;732;635;602;669;491;402;278;215;10353;202;622;810;767;823;801;829;774;749;762;713;616;616;618;424;347;263;299;10833;9863;92;275;9496;261;1352;984;1020;734;16987;982;3203;936;16005;900;2221;951;13784;267;247;238;1338;3339;2430;810;474;8785;7195;1759;21186;19427;18627;1652;915;16060;21159;21011;0.54;0.8;746;702;814;727;-22.786384;-50.2198965
2010;353540;35;3535408;PANORAMA;73.81;2.43;16.6;19.24;47.44;93.74;81.52;7.98;9.72;2.75;1.95;8.55;1.72;9.08;1.84;10.59;77.55;78.22;86.93;12.32;11.62;9.88;10.13;10.16;3.2;87.21;97;63.54;77.75;19.72;83.72;91.28;50.17;71.16;9.65;19.68;92.2;66.25;16.34;5.41;76.83;82.16;96.36;100;95.77;87.13;9.61;0.97;3.32;3.81;2.35;0.84;94.35;85.82;67.48;70.31;75.25;50.01;45.07;30.73;39.48;30.18;41.38;28.35;8.5;252;390;533.33;787.5;1100;0.51;0.91;1.85;5.47;11.24;21.98;37.28;42.86;4.85;56.03;13.53;26.26;43.97;76.27;12.67;8.19;722.51;175.11;3096.68;313.81;459.8;639.82;2001.16;722.51;44.72;106.15;181.98;0.46;16.97;4.47;7.34;16.38;6.22;1.19;59.74;60.09;37.2;33.53;0.74;10.09;34.05;2.12;16.57;70.86;86.63;95.09;1097.41;60.67;12.24;54.7;77.49;67.32;81.82;7.89;34.13;18.47;14.42;6.52;9.37;0.32;47.43;3.57;25.68;98.98;99.21;22.85;98.26;99.59;0.21;0.67;28.41;23.17;4.23;26.12;8.78;36.55;0;13.55;20.47;7.55;0.31;2.09;0.41;556;646;681;629;595;590;533;506;438;379;322;603;259;217;160;89;7312;109;544;636;633;623;602;554;575;489;417;404;352;544;310;207;164;117;100;7271;7489;157;493;6839;209;1054;776;791;646;11054;821;2566;782;10233;743;1745;759;8488;245;256;221;1119;2703;1163;636;419;5547;4291;418;14583;14165;12343;1282;901;10160;14525;14525;0.5;722;722;639;814;724;-21.459988449999997;-51.84627958409091
2010;353550;35;3535507;PARAGUAÇU PAULISTA;75.18;2.15;14.5;16.74;45.15;94.52;83.56;8.74;10.34;1.3;1.33;6.72;1.21;7.11;2.03;8.25;77.58;79.17;88.3;15.47;16.5;11.34;6.95;4.33;0.37;94.71;105.28;66.12;91.8;25.26;90.95;96.36;59.14;77.14;13.73;36.01;99.12;89.17;19.97;9.43;95.22;96.74;98.2;100;99.37;96.62;14.33;1.17;8.12;1.64;1.04;1.07;95.37;94.52;76.6;87.45;84.67;57.72;52.51;64.17;60.47;39.87;60.36;35.89;10.27;260;395;575;874;1265;0.45;1.54;3.24;6.39;12.93;19.4;32.19;36.2;4.94;51.12;14.35;28.32;48.88;68.93;10.09;7.11;694.42;171.63;2513.67;326.61;484.97;714.09;1771.88;694.42;38.56;95.04;169.25;0.37;14.49;2.64;10.35;14.54;5.45;0.45;71.26;70.17;49.94;43.95;0.99;12.99;19.87;3.41;18.13;68.37;84.96;94.62;1064.58;55.41;2.92;28.36;68.9;63.06;78.14;9.01;42.52;32.24;18.7;8.13;10.71;0.31;59.9;3.95;16.11;98.86;99.53;18.96;99.29;99.95;0.11;0.93;17.57;4.78;0.63;18.19;5.6;30.27;0;9.5;12.95;8.56;0.8;0.99;0.05;1431;1715;1832;1865;1990;1810;1689;1557;1427;1144;905;1450;794;588;441;325;21259;296;1261;1745;1748;1711;1699;1594;1579;1490;1403;1268;1069;1467;905;682;514;398;486;21019;20343;101;597;19644;510;2775;2060;2081;1644;31886;2178;6977;2125;29708;2048;4799;2032;24909;530;599;526;2977;7236;3694;1737;1043;16472;13027;3964;42278;38314;36716;3460;2106;31150;40879;40879;577;836;762;739;836;717;-22.4203497;-50.5792099
2010;353560;35;3535606;PARAIBUNA;73.91;1.91;16.5;19.05;47.07;93.8;81.66;8.96;9.71;0.71;0.86;9.22;1.63;9.85;2.61;11.56;64.49;65.61;78.57;15.5;14.95;18.25;20.01;19.44;3.17;121.75;128.44;103.65;65.81;23.79;87.75;91.61;51.28;61.51;10.42;12.44;95.66;85.63;27.8;23.59;82.72;88.27;98.94;100;97.17;94.06;19.24;3.07;19.26;10.9;2.51;1.78;80.9;85.41;70.86;78.81;80.37;48.83;42.41;43.75;45.03;30.26;50.12;27.25;7.39;200;331.43;505;777.5;1250;0.51;2.48;4.39;11.54;21.8;29.35;46.95;41.42;3.97;56.75;12.12;24.86;43.25;68.26;13.67;9.34;657.59;130.55;2723.61;268.03;418.92;604.7;1860.53;662.48;29.71;94.35;163.28;0.47;22.3;1.94;15.33;10.58;9.35;0.19;57.26;57.46;37.26;45.85;1.68;9.56;8.63;4.3;17.18;76.35;87.26;94.08;986.6;57.44;6.6;32.09;72.63;65.9;76.61;5.83;19.05;16.25;12.76;5.26;6.81;0.28;41.64;9.27;21.67;85.57;98.15;27.98;100;99.24;1.14;0.87;30.22;17.28;2.83;27.57;11.83;39.69;0;3.88;16.42;9.15;0.39;2.12;0.76;594;810;803;765;661;629;617;620;606;495;433;640;372;311;217;139;8837;125;550;778;744;763;640;671;637;596;545;507;396;635;323;290;206;108;162;8551;8614;105;311;8198;246;1269;950;949;654;13381;933;3075;919;12448;935;2142;919;10306;244;238;240;1356;3264;1558;778;449;6588;5081;12146;17388;5242;14998;1588;970;12440;17263;17136;488;736;719;642;815;709;-23.3864203;-45.6626797
2010;353570;35;3535705;PARAÍSO;75.19;1.91;13.3;15.43;44.56;94.18;83.71;10.44;10.16;1.89;0.38;9.09;1.05;9.61;1.41;11.13;71.57;73.74;79;18.46;17.76;18.15;9.97;8.5;2.85;89.67;100.16;57.77;108.52;32.67;86.34;92.06;46.61;77.82;19.04;21.71;100;86.96;25.97;7.5;91.52;94.12;98.18;100;99.1;96.09;15.91;0.58;13.7;1.78;2.11;3.87;90.67;89.54;64.28;80.76;86.7;48.32;41.47;61.08;61.65;34.63;59.57;29.81;8.92;336.67;510;703.33;1000;1316.67;0.45;1.04;1.22;1.96;3.4;13.38;26.06;37.4;5.22;50.63;15.6;29.78;49.37;72.8;9.59;6.66;855.28;223.03;3198.72;444.03;606.36;837.63;2220.01;855.28;49.68;81.53;185.5;0.37;16.48;2.05;25.21;9.33;4.34;0;75.95;57.98;43.15;30.65;0.05;11.36;24.48;0.88;11.84;58.99;80.85;94.58;1231.13;62.75;3.99;40.63;80.45;70.08;87.93;7.41;64.89;39.62;14.07;6.01;11.11;0.28;63.39;5.21;12.3;99.32;99.43;14.61;100;100;0;0;22.42;8.48;0.9;24.26;4.05;32.15;0;2.93;11.89;6.3;0.73;0.52;0;177;248;253;246;288;229;244;192;218;184;153;169;114;102;79;57;3012;59;202;214;211;221;278;210;193;233;186;182;134;192;111;104;84;68;63;2886;3255;18;103;3134;85;370;271;288;200;4696;264;931;272;4432;279;667;273;3765;94;61;67;392;934;616;214;116;2278;1846;710;5898;5188;5187;462;254;4471;5891;5891;483;786;749;668;837;751;-21.015911;-48.776105
2010;353580;35;3535804;PARANAPANEMA;75.31;2.45;14.3;16.51;47.5;94.59;83.75;6.88;9.03;1.62;0.3;8.94;1.2;9.64;2.75;11.35;71.19;69.97;87.74;15.59;16.26;11.92;13.22;13.78;0.34;90.33;99.81;62.57;63.25;19.13;83.8;90.29;49.46;59.38;10.31;13.27;96.88;77.35;20.01;8.6;71.33;80.01;91.94;98.31;98.08;92.8;9.37;0.68;6.2;2.67;2.04;0;89.46;84.47;68.11;76.43;77.47;45.9;39.47;46.54;48.82;30.86;51.51;27.2;8.83;231.67;339;495;764;1207.33;0.47;2.53;4.32;7.38;12.76;25.56;38.65;37.99;4.9;53.53;14.12;27.09;46.47;77.27;10.76;7.56;613.31;150.17;2329.94;282.96;397.54;594.35;1636.19;614.67;38.77;90.72;171.51;0.39;16.51;2.39;34.83;12.49;6.96;0.05;62.3;54.08;38.46;34.36;0.84;10.95;3.73;3.6;19.13;76.95;87.54;94.11;1005;58.88;9.2;47.1;71.31;67.06;81.84;5.44;14.45;21.45;10.39;4.35;4.71;0.35;47.07;8.82;22.05;96.79;97.23;24.66;98.66;99.71;0.82;0.67;28.05;28.67;1.92;28.43;9.98;38.26;0;2.41;20.05;10.19;0.77;1.17;0.29;668;916;832;734;754;732;673;616;552;515;407;755;293;208;190;99;9062;118;596;882;769;743;772;725;677;602;585;465;367;690;262;233;151;111;116;8746;8910;165;467;8278;230;1422;1062;1088;744;13290;999;3074;944;12291;908;2075;878;10216;289;304;272;1515;3603;1226;882;476;6572;5063;3331;17808;14477;15134;1798;992;12344;17712;17673;459;0.74;717;631;839;697;-23.390161;-48.720868
2010;353590;35;3535903;PARANAPUÃ;75.52;1.57;14;16.15;46.51;94.71;84.05;11.22;11.51;3.33;1.69;10.82;2;11.39;1.09;12.92;82.02;84.81;84.75;11.41;9.94;7.9;6.57;5.25;7.34;98.46;104.08;82.39;107.93;33.85;94.92;96.89;72.03;83.31;22.12;27.13;98.77;87.44;27.43;2.26;95.11;95.04;92.73;94.85;98.46;95.6;12.77;0.65;9.89;2.65;1.57;0;94.11;100;74.28;83.42;82.4;42.5;36.04;64.53;61.86;29.45;66.78;24.2;5.49;274;401;525;750;1020;0.45;0.91;1.63;3.67;8.98;17.47;32.32;38.59;5.95;50.88;16.18;30.21;49.12;78.97;9.54;6.4;670.18;199.39;2586.37;342.62;470.38;633.73;1733.72;672.61;24.31;84.03;190.6;0.35;25.67;2.82;38.45;15.45;5;0.2;48.54;53.75;37.56;29.85;0.26;9.13;8.74;1.35;20.4;76.29;89.62;95.93;1114.97;58.03;10.56;41.28;76.18;64.25;81.19;4.18;24.53;14.08;7.62;3.42;3.36;0.41;37.2;2.48;31.11;99.92;99.96;10.28;99.92;100;0;0;28.08;4.89;1.54;30.04;6.45;45.82;0;5.57;7.16;3.28;0.09;1.4;0;105;166;164;140;138;169;136;128;142;120;98;135;97;74;64;43;1950;31;98;145;144;130;138;148;142;140;118;124;104;134;84;77;57;40;42;1865;1944;33;74;1837;34;240;183;187;118;3032;178;578;169;2854;178;400;171;2454;51;64;51;276;651;428;145;83;1488;1214;421;3815;3394;3349;311;180;2859;3813;3799;425;814;732;655;842;712;-20.1033995;-50.5858761
2010;353600;35;3536000;PARAPUÃ;74.78;1.83;15.1;17.45;46.02;94.3;82.97;12.46;11.91;0.79;1.55;8.76;1.52;9.21;2.16;10.5;86.72;88.92;89.5;9.09;7.47;6.81;4.19;3.62;3.69;95.9;98.81;88.68;74.26;28.47;92.9;92.46;72.15;72.8;14.33;10.29;97.75;87.98;19.61;6.01;80.46;84.93;94.7;100;98.89;95.75;9.94;0.54;6.27;2.1;4.8;0.88;95.82;95.29;82.51;88.82;89.36;50.3;43.81;54.19;64.29;33.38;64.93;28.24;9.14;233.33;370;510;785;1190;0.42;0.92;1.38;6.69;15.3;24.86;47.49;32.1;5.45;47.73;15.49;30.79;52.27;72.75;8.29;6.21;597.44;162.73;1917.99;300.14;456.99;641.65;1436.65;598.13;33.18;108.49;181.18;0.3;17.5;2.27;26.36;12.28;5.53;0.31;57.96;60.26;41.37;34.63;0.86;11.68;16.84;3.87;22.47;74.53;89.16;96.08;901.29;59.06;6.07;33.58;73.46;65.78;84.3;5.48;33.68;14.47;10.48;4.94;9.15;0.26;48.16;2.94;26.86;98.99;98.9;16.33;99.89;99.91;0.43;1.05;19.93;19.54;1.11;23.89;6.99;38.93;1.04;3.61;12.25;8.09;0.63;1.87;0.09;316;424;445;473;416;407;396;371;355;393;289;366;241;201;179;138;5535;125;272;364;404;381;371;404;399;366;411;335;283;323;287;223;201;146;139;5309;5636;48;178;5410;127;630;466;476;332;8769;516;1702;501;8253;497;1186;480;7067;129;129;119;716;1694;1351;364;262;4345;3561;1948;10844;8896;9543;788;530;8225;10806;10793;503;818;737;696;0.83;693;-21.781309;-50.7922396
2010;353610;35;3536109;PARDINHO;74.23;2.31;15.9;18.44;50.49;93.99;82.15;8.47;10.11;1.74;1.05;7.8;0.75;8.3;1.75;9.88;69.72;70.84;88.83;15.26;16.03;11.17;15.02;13.13;0;91.47;102.72;56.16;73.71;20.97;85.4;90.32;43.16;68.86;12.06;27.58;97.59;85.35;21.71;5.39;91.3;92.54;95.75;95.86;98.33;95.19;19.55;1.57;18.45;2.41;2.31;2.41;85.25;86.34;69.9;72.4;72.15;47.45;42.27;54.7;52.72;33.05;58.51;28.92;8.47;252.5;422;573.33;836.67;1200;0.46;0.35;0.93;6.94;13.39;21.07;36.45;37.38;4.91;51.64;14.39;28.71;48.36;71.97;10.39;7.18;696.71;171.2;2604.15;330.09;498.77;684.75;1798.9;696.71;24.33;110.38;175.88;0.38;21.86;1.88;27.27;12.68;8.5;0;70;54.24;39.1;36.34;0.51;8.89;10.43;1.93;13;73.81;85.7;95.04;1023.37;63.29;5.37;39.98;80;72.69;83.78;6.24;21.04;11.89;11.23;5.86;13.66;0.24;59.64;2.28;12.83;91.02;99.47;23.16;98.77;99.85;0.09;0.63;29.41;8.7;1.67;27.1;8.78;32.76;1.82;5.57;18.39;5.28;0.11;0.66;0.15;211;278;244;243;202;229;195;201;191;140;120;233;113;85;78;34;2844;47;207;242;244;228;201;213;219;192;148;144;150;227;91;89;68;42;33;2738;2979;28;113;2838;86;403;299;316;260;4165;287;957;289;3878;313;670;295;3208;71;86;82;485;1095;473;241;144;2053;1583;1193;5582;4389;4707;520;282;3905;5544;5544;475;764;727;652;821;718;-23.0806795;-48.3768158
2010;353620;35;3536208;PARIQUERA-AÇU;76.7;2.01;12.3;14.19;50.54;95.33;85.73;8.81;10.85;1.84;1.4;6.79;1.69;7.25;1.35;8.32;77.29;82.27;78.55;13.82;12.39;16.98;8.89;5.34;4.47;95.71;103.13;74.67;66.02;16.69;89.67;91.53;54.11;62.18;6.93;8.18;96.75;79.39;15.52;6.47;77.75;84.49;94.73;96.93;97.14;92.52;20.51;1.45;14.77;3.92;3.44;0.48;92.97;90.22;67.65;76.46;81.64;53.65;48.19;49.52;54.18;35.56;52.18;31.93;8.47;193.8;300;460;730;1125;0.47;2.24;4.72;10.45;19.8;31.25;48.48;36.7;4.63;52.24;13.61;27.28;47.76;78.19;10.79;7.67;557.69;129.17;2046.91;250.24;381.42;571.07;1454.3;559.35;33.6;94.72;164.29;0.38;23.42;1.14;19.71;14.2;10.99;0.26;58.64;61.74;43.8;43.94;2.1;10.2;4.4;4.04;19.33;76.14;88.27;95.05;983.17;56.68;2.95;24.74;71.92;67.01;79.71;7.85;17.81;26.53;17.2;7.21;8.33;0.31;48.04;5.57;18.35;96.82;97.36;30.31;99.31;99.81;1.38;1.1;25.36;22.25;2.86;21.49;10.36;36.33;1.02;5.54;17.92;11.77;0.17;2.41;0.19;660;932;831;715;681;790;612;602;551;474;422;737;352;271;208;155;9138;145;627;894;824;782;797;782;657;616;577;455;380;717;353;288;223;147;189;9308;8883;54;263;8567;270;1464;1093;1123;743;13879;1075;3152;988;12804;870;2077;869;10727;274;270;289;1546;3776;1626;894;520;7070;5464;5785;18446;12661;15673;1826;1062;12785;18365;18311;537;762;736;678;862;682;-24.7146891;-47.8802361
2010;353625;35;3536257;PARISI;75.5;1.56;14;16.18;43.69;94.7;84.03;10.19;11.07;1.12;1.59;10.71;0;11.15;2.17;13.02;74.55;76.85;66.69;15.1;15.22;17.89;10.36;7.94;15.41;100.4;104.82;88.1;95.29;20.66;92.27;95.69;68.04;77.23;14.84;32.57;98.68;80.2;20.18;4.05;90.94;94.61;100;100;99.37;94.29;4.5;0.89;13.71;3.65;3.67;1.85;95.74;98.04;94.14;87.1;67.37;32.36;26.42;51.94;33.74;15.97;31.01;12.96;3.96;325;450;578;830;1025;0.4;0;0;0.54;1.47;8.95;13.94;34.54;7.17;47.46;18.15;32.9;52.54;79.05;7.61;5.23;705.62;253.12;2437.56;387.28;520.44;692.71;1674.62;705.62;0;107.43;203.81;0.29;22.26;0;28.03;9.79;6.87;0;56.32;38.74;18.98;33.68;1.39;5.59;18.05;4.51;20.88;77.57;89.77;97.16;1047.76;63.5;4.9;53.73;81.11;68.98;82.56;3.74;0;29.77;6.58;2.67;2.78;0.34;36.58;15.19;23.77;82.42;99.07;11.09;99.87;100;0.7;0;31.21;9.06;0.63;37.27;3.35;48.15;0;15.43;7.03;2.82;0;0.3;0;54;75;77;83;89;72;63;83;58;81;70;63;49;43;31;27;1044;26;58;59;68;87;77;71;72;78;70;72;49;54;47;45;27;26;28;988;1145;7;46;1093;10;89;61;72;64;1345;63;247;74;1282;77;184;73;1098;16;17;18;94;225;207;46;24;672;545;389;2032;1643;1804;134;85;1585;2032;2032;324;855;721;619;842;0.72;-20.3039424;-50.0135808
2010;353630;35;3536307;PATROCÍNIO PAULISTA;74.55;1.97;15.4;17.86;45.35;94.17;82.62;7.99;10.03;2.07;0.72;6.74;1.08;7.19;1.89;8.43;72.94;74.98;88.2;13.97;14.98;7.51;13.09;10.04;4.29;94.16;104.36;67.33;102.43;27.43;89.63;93.02;56.17;81.35;15.85;19.15;97.34;86.61;23.35;9.9;90.9;92.65;96.4;96.71;97.8;94.72;20.2;0.66;8.26;2.15;1.66;1.21;93.4;90.83;68.83;75;80.59;51.68;45.89;52.1;57.3;33.68;62.25;28.95;9.13;250;366.67;526.8;805.25;1132.5;0.42;0.89;1.89;5.64;12.16;22.53;39.9;32.57;5.67;48.13;15.78;30.6;51.87;78.87;8.26;6.1;607.51;172.3;1978.71;307.06;450.15;646.09;1462.84;608.18;30.2;100.4;181.59;0.31;14.56;0.87;24.29;8.83;5.15;0;69.16;57.85;39.83;34.03;0.58;11.6;22.84;1.58;12.75;73.87;88.29;95.94;1003.34;61.58;4.67;43.2;79.17;69.65;78.58;8.62;41.54;37.24;15.31;6.99;6.84;0.24;60.93;2.5;19.64;96.93;99.96;19.45;99.91;99.96;0.04;0.27;20.92;9.1;2.2;22.09;7.39;30.4;0;12.31;13.78;7.88;0.72;1.14;0.04;455;559;597;555;593;529;452;473;414;391;319;497;249;171;148;87;6596;107;497;525;578;534;516;476;494;441;392;369;329;484;243;185;137;106;98;6404;6820;51;309;6459;189;869;653;646;560;9983;693;2264;733;9290;700;1571;667;7719;203;186;182;1010;2349;1039;525;354;4898;3786;2501;13000;10499;11074;1084;716;9274;12963;12949;517;777;0.73;678;826;696;-20.6383609;-47.2801241
2010;353640;35;3536406;PAULICÉIA;73.64;2.41;16.9;19.58;45.29;93.64;81.25;7.24;10.42;2.65;4.05;9.64;2.84;10.08;2.96;11.59;79.28;83.83;82.87;12.08;9.93;13.24;8.65;6.25;3.89;90.47;99.21;65.28;91.19;15.1;84.14;88.54;49.34;75.55;9.83;25.5;91.56;76.8;17.97;5.48;85.47;89.44;90.1;95.05;94.01;89.58;17.96;0.56;5.88;3.97;1.44;2.64;87.53;86.38;64.6;69.71;76.78;48.72;42.79;51.45;49.29;30.68;53.41;26.75;5.65;248.33;350;502.5;722;1025;0.44;0.88;0.37;5.25;7.65;24.11;36.4;35.82;5.82;50.03;15.72;30;49.97;71.17;9.12;6.37;592.42;172.36;2122.27;293.19;423.02;591.6;1482.11;592.42;42.04;104.09;186.33;0.33;17.16;1.66;16.22;9.76;7.94;0.25;67.86;56.25;36.84;32.75;0.36;7.68;27.96;2.72;15.55;72.62;90.14;96.54;985.2;55.41;7.57;31.17;74.34;63.27;76.16;8.24;25.84;22.39;19.22;7.46;9.16;0.25;55.58;5.85;17.04;99.48;99.19;22.83;98.85;99.81;0.13;0;21.51;14.53;5.99;24.31;6.73;34.51;0;10.03;11.19;7.58;0.36;1.38;0.19;236;305;286;308;271;284;248;228;197;148;151;255;139;92;61;50;3290;31;204;265;282;244;269;245;221;223;192;180;143;252;104;92;49;43;41;3049;2996;43;104;2849;113;452;334;331;243;4822;346;1120;333;4476;310;774;309;3702;84;118;103;507;1188;459;265;165;2328;1802;1069;6339;5270;5407;570;335;4503;6249;6249;487;734;711;0.64;811;692;-21.3143975;-51.8316259
2010;353650;35;3536505;PAULÍNIA;76.83;1.61;12.62;14.14;38.53;95.49;86.17;5.34;10.41;1.32;0.66;3.46;0.78;3.65;0.73;4.23;69.24;73.47;77.41;15.98;15.04;17.36;14.78;11.49;5.24;98.66;107.14;74.91;76.23;44.69;90.09;93.05;52.43;73.2;20.68;54.44;96.82;90.14;33.59;16.5;96.05;96.96;97.93;99.03;97.89;95.85;24.37;1.4;13.29;5.54;1.78;0.65;89.31;87.77;63.22;71.14;84.18;67.95;64.72;50.47;61.09;51.81;60.34;49.96;16.82;375;611;950;1582.5;2386.67;0.48;0.63;1.54;2.56;5;9.78;17.29;36.67;4.23;53.07;12.6;25.81;46.93;84.68;11.64;8.4;1160.79;245.57;4256.8;485.67;766.71;1226.05;3070.7;1160.79;46.31;92.32;175.36;0.41;16.34;2.89;2.43;14.34;7.91;1.06;80.01;74.83;59.89;48.19;1.89;19.38;15.8;0.31;5.82;45.94;62.82;81.55;1925.93;66.13;2.78;30.4;82;75.44;87.17;9.23;49.48;31.63;16.24;8.46;10.11;0.38;66.55;4.14;9.86;99.09;98.82;23.79;99.17;99.79;0.64;0.7;14.56;3.95;2.11;12.56;3.07;20.47;0.74;5.21;12.04;3.67;0.33;0.76;0.21;2945;3326;3404;3823;3794;3735;3529;3178;2753;2220;1760;3033;1255;762;525;304;40668;322;2830;3233;3283;3558;3910;4041;3595;3162;2915;2291;1856;3090;1232;882;626;457;517;41478;46324;180;1226;44918;1176;5225;3935;3941;3409;63498;3958;14021;3868;59540;4211;10063;4397;49477;1173;1272;1156;6134;14025;4386;3224;1917;32231;25411;76;82146;82070;70047;6474;4033;59540;82005;82005;0.68;752;795;727;864;0.8;-22.7630391;-47.1532213
2010;353657;35;3536570;PAULISTÂNIA;74.04;2.36;16.3;18.82;47.52;93.87;81.85;9.78;9.43;0.79;1.14;10.27;0.52;10.91;2.27;12.79;69.21;71.43;81.01;16.11;14.47;15.14;14.69;14.1;3.85;91.25;103.01;54.42;90.12;18.18;85.4;94.39;36.75;83.23;10.11;22.26;98.1;88.61;13.84;4.39;95.41;94.85;96.6;94.12;97.5;95.35;17.23;0.5;12.18;3.23;1.04;1.51;97.34;94.48;61.99;76.57;85.16;44.26;36.8;68.91;67.06;29.16;61.77;22.25;2.64;251.75;362;475;582.5;800;0.43;2.01;1.98;5.57;8.4;22.07;35.54;37.82;6.14;49.75;17;31.78;50.25;65.28;8.9;5.85;560.94;172.34;2121.54;304.5;414.46;518.17;1395.44;563.34;32.28;86.77;181.23;0.34;13.65;0.7;57.01;4.39;2.93;0;74.49;51.86;34.68;23.49;1.31;3.43;9.81;4.67;16.85;87.08;93.89;97.86;778.1;58.47;3.62;34.66;82.91;66.94;77.92;6.61;17.06;20.56;20.19;6.05;7.5;0.2;68.14;1.72;11.13;88.35;96.99;16.26;99.41;99.64;0.06;1.15;15.25;4.59;2.5;23.22;6.14;35.64;0;0;23.04;9.14;0.52;0.69;0.36;43;75;80;84;65;87;62;72;52;52;55;68;34;39;27;12;919;12;49;87;63;62;70;66;63;68;52;40;38;74;43;27;25;16;17;860;906;6;31;869;7;127;92;96;61;1344;88;281;88;1256;81;193;81;1063;21;30;29;136;317;174;86;42;632;510;567;1779;1212;1549;162;89;1298;1772;1764;443;812;718;663;817;683;-22.5769873;-49.4028157
2010;353660;35;3536604;PAULO DE FARIA;73;2.38;18;20.84;45.6;93.24;80.26;9.58;10.41;1.25;1.69;10.18;2.21;10.73;4.25;12.42;80.33;80.39;88.28;13.92;13.26;11.72;5.76;6.35;0;92.44;95.53;84.38;88.75;17.05;86.14;89.58;59.01;88.75;12.29;17.56;97.76;84.98;21.4;4.4;91.62;94.87;94.79;100;98.47;94.73;8.41;0.62;2.86;4.71;3.73;0;95.82;95.41;82.57;86.03;74.77;45.69;40.16;45.36;43.46;26.49;42.54;23.27;8.58;250;364;510;790;1166.67;0.51;1.92;2.98;7.26;11.39;22.87;37.75;43.27;4.66;56.28;13.5;25.97;43.72;66.67;12.82;8.42;708.63;164.99;3066.26;313.37;441.89;628.88;2014.81;709.02;38.57;95.67;174.96;0.48;13.93;1.69;27.73;8.3;4.75;0.11;61.48;51.09;32.11;34.22;0.79;9.15;21.12;2.64;20.12;72.41;88.83;96.34;990.81;59.57;12.66;40.13;70.51;66.27;75.73;6.8;22.58;19.04;8.48;5.92;7.83;0.3;52.16;3.63;26.43;98.75;98.92;16.81;100;100;0.48;0.37;24.72;8.38;1.53;26.16;9.43;36.1;0;2.8;13.03;7.9;1.01;2.39;0;276;357;371;378;370;336;308;279;281;260;182;327;189;126;106;65;4299;88;267;352;341;366;360;313;307;345;302;228;212;288;171;142;123;83;90;4290;4429;90;182;4157;112;558;409;412;319;6722;413;1456;415;6309;465;1043;462;5266;112;122;107;644;1485;823;352;204;3383;2676;839;8589;7750;7435;709;454;6273;8532;8527;457;796;725;662;0.8;721;-20.029593;-49.3998592
2010;353670;35;3536703;PEDERNEIRAS;73.74;2.12;16.8;19.39;44.63;93.69;81.4;7.9;9.59;1.68;0.99;6.63;1.38;7.07;1.94;8.21;71.85;75.43;78.47;14.71;13.77;17.21;13.44;10.8;4.31;91.02;103.59;56.63;88.04;24.57;84.31;90.12;44.57;66.47;13.9;27.47;98.01;79.15;22.41;9.67;89.34;92.49;97.26;98.22;98.29;93.17;18.51;0.91;18.41;1.87;1.96;1.55;84.97;83.39;64.08;75.87;80.71;53.11;47.47;56.94;52.54;33.95;56.07;30.16;8;270;427.5;600;951.67;1350;0.49;2.24;3.8;6.66;12.75;18.26;30.9;40.29;4.35;54.38;13.24;26.32;45.62;71.64;12.18;8.24;788.42;171.67;3176.91;350.08;515.77;761.02;2148.41;792.19;32.94;82.7;162.79;0.44;17.49;1.37;16.66;13.96;6.77;0.55;72.64;62.89;41.75;33.98;0.73;9.54;22.68;3.08;13.66;62.57;82.05;93.15;1185.88;60.76;5.94;41.6;80.76;69;82.84;7.52;33.28;32.77;12.87;6.09;8.11;0.28;64.13;1.55;12.65;97.32;94.42;22.74;99.07;98.42;2.86;1.41;26.92;10.66;1.71;22.92;7.12;32.09;0.51;10.54;13.27;6.48;0.61;1.53;1.58;1459;1925;1886;1783;1830;1710;1602;1432;1347;1205;948;1537;758;524;379;278;20861;258;1372;1755;1841;1761;1725;1674;1605;1370;1368;1131;979;1479;737;563;497;354;425;20636;21634;219;931;20484;540;2985;2185;2272;1705;31970;2335;7271;2225;29635;2111;4936;2086;24699;586;607;603;3104;7669;3278;1755;1164;16030;12428;2905;41497;38592;35604;3680;2239;29686;41334;41138;531;758;739;673;812;738;-22.351086;-48.778113
2010;353680;35;3536802;PEDRA BELA;72.77;1.79;18.4;21.29;44.18;93.1;79.9;9.65;9.74;2.75;1.41;11.6;1.23;12.27;2.21;14.26;64.21;66.93;80.16;18.84;17.44;17.29;16.95;15.64;2.54;87.57;103.41;44.36;80.54;12.3;83;89.05;35.62;68.19;8.62;19.51;93.67;72.75;13.01;0.71;82.18;85.94;89.89;95.28;95.86;89.66;23.34;1.24;13.99;0;2.76;1.69;85.47;87.33;58.22;74.31;78.51;37.33;30.01;56.52;54.36;23.93;59.74;18.52;4.46;216.67;336;500;666.67;1000;0.41;1.15;2.77;7.65;19.58;26.95;49.03;31.24;5.81;46.67;16.5;32.02;53.33;75.45;7.57;5.71;521.38;151.34;1628.73;278.88;404.52;555.54;1228.12;522.74;23.85;101.35;175.06;0.29;29.73;2.57;41.33;19.03;6.74;0;34.42;44.18;29.32;22.92;0.47;5.7;7.29;3.11;23;85.05;93.84;98.17;802.23;57.42;5.86;35.72;76.1;64.89;79.77;1.52;0;6.8;2.91;1.34;0.99;0.24;29.01;1.14;34.74;79.79;94.68;24.52;100;99.5;2.89;0.18;38.59;17.82;4.14;35.01;12.88;52.69;0.97;6.02;10.11;7.94;0.24;1.62;0.5;189;253;242;256;241;243;234;206;181;177;187;194;163;96;75;43;3030;50;149;247;234;205;213;223;215;176;162;154;163;179;133;98;78;64;57;2750;2916;29;103;2783;72;400;280;318;196;4553;283;934;272;4270;292;651;283;3619;69;77;66;393;996;558;246;128;2165;1729;4340;5780;1440;5078;500;290;4289;5750;5735;373;725;677;581;796;671;-22.7950193;-46.4431811
2010;353690;35;3536901;PEDRANÓPOLIS;76.26;1.35;12.9;14.91;44.93;95.1;85.11;12.28;10.95;2.14;0.91;9.47;1.33;9.95;0.52;11.07;84.01;81.53;94.67;10.67;12.53;5.33;5.32;5.93;0;86.32;91.42;72.41;121.74;38.61;85.2;89.77;59.66;84.83;24.92;17.35;100;97.35;28.83;7.83;91.94;96.59;100;100;100;99.29;2.38;0;7.11;1.19;3.9;2.98;82.47;82.37;90.74;92.15;90.19;41.46;35.49;78.51;76.57;30.85;82.58;25.25;5.6;285;412.5;527.5;740.67;1040;0.38;1.81;4.42;3.64;9.65;16.4;31.37;31.04;6.65;45.54;18.73;34.33;54.46;66.67;6.63;4.86;615.77;204.66;1911.08;372.11;480.15;619.73;1401.22;615.77;47.21;75.4;190.41;0.26;22.8;0.32;27.7;7.35;3.93;0;53.19;51.41;38.46;43.49;1.93;7.82;11.22;4.7;23.69;78.27;92.7;98.33;847.61;58.82;0.88;35.36;82.16;65.51;84.03;8.01;0;28.49;14.28;7.33;10.63;0.23;39.5;7.9;24.95;97.62;99.02;9.76;100;100;0.7;1.93;36.82;8.06;0;35.72;9.64;46.39;0;7.36;3.71;0;0;2.97;0;64;99;91;79;102;96;102;92;88;92;91;89;71;51;39;29;1314;39;65;79;83;85;90;99;91;80;87;100;77;79;72;45;34;36;42;1244;1337;2;43;1292;28;140;100;114;72;2070;110;336;103;1960;88;226;95;1734;29;38;28;168;384;314;79;52;1014;847;967;2558;1591;2273;178;123;1973;2558;2558;415;879;742;684;854;698;-20.249177;-50.1102463
2010;353700;35;3537008;PEDREGULHO;74.2;2;16;18.52;44.93;93.97;82.09;7.98;10.52;1.8;0.49;7.46;1.37;7.98;2.04;9.46;71.24;74.29;83.07;17.95;18.06;15.11;10.81;7.65;1.82;90.39;105.18;48.93;68.6;24.21;83.42;92.46;33.54;62.27;15.46;18.12;97.23;76.97;24.01;8.39;89.52;92.39;97.68;100;98.35;92.73;18.94;1.99;20.99;2.97;2.01;0;88.87;84.24;61.22;72.23;74.24;48.03;42.16;35.67;41.47;29.18;41.25;26.42;7.85;251.56;368.33;536.67;770;1110;0.49;1.79;3.62;6.01;11.89;21.28;38.34;40.85;4.89;54.47;13.74;27.11;45.53;67.8;11.89;7.87;690.08;168.8;2819.04;305.24;461.32;635.47;1865.94;690.34;35.87;94.93;178.71;0.43;15.35;0.84;29.76;7.75;5.27;0;73.04;54.06;33.64;25.47;2.77;8.59;14.39;2.42;11.11;79.41;89.27;95.74;955.01;59.54;5.54;32.66;71.68;67.81;82.68;4.13;14.65;27.86;6.03;3.2;1.89;0.22;66.07;2.04;13.35;93.73;97.36;21.75;99.66;99.83;1.23;0;32.3;10.48;1.65;28.64;9.11;32.03;0;6.62;11.76;7.88;0.71;1.56;0.17;540;694;741;774;672;669;550;514;498;433;356;622;323;237;144;117;7985;101;566;630;665;714;664;628;518;511;508;455;354;545;292;216;187;125;137;7715;8019;73;269;7677;189;1056;801;756;670;11978;821;2863;838;11157;851;2042;885;9115;237;225;211;1189;2811;1253;625;396;5918;4555;4117;15700;11583;13467;1324;822;11321;15633;15627;0.48;709;715;623;0.82;716;-20.25071;-47.4808786
2010;353710;35;3537107;PEDREIRA;76.82;1.35;12.1;14.01;38.92;95.39;85.89;8.1;10.5;0.57;0.63;4.68;0.76;4.93;1.16;5.74;78.76;80.5;83.84;11.75;11.12;12.29;9.49;8.39;3.87;91.98;100.51;67.88;78.45;34.8;85.62;92.09;50.4;73.45;18.76;33.49;97.02;81.29;25.67;13.5;94.41;95.76;97.44;98.31;98.05;93.67;10.67;0.52;9.67;2.01;2.22;0.54;88.08;87.56;72.59;78.06;84.98;57.4;52.12;51.34;56.68;35.13;56.53;31;10.03;383.5;524;700;1000;1500;0.42;0.35;0.63;1.89;4.32;7.4;15.24;35.01;6.49;48.81;17.21;31.54;51.19;80.84;8.14;5.73;853.76;277.03;2988.64;457.43;611.82;839.12;2103.42;853.76;38.99;87.75;182.97;0.3;15.69;3.56;1.65;12.86;6.37;0.21;76.3;66.09;41.94;29.82;0.66;12.05;38.08;0.79;9.15;67.33;83.41;93.42;1268.07;66.65;5.9;55.53;86.93;73.31;92.16;5.34;17.93;14.35;12.2;4.83;3.27;0.3;66.48;1.22;12.3;99.04;98.68;25.73;99.69;100;0;0;19.15;5.59;1.95;17.72;2.3;27.33;0.75;5.53;10.77;1.84;0;0.8;0;1256;1567;1608;1967;1980;1836;1610;1549;1467;1268;965;1393;734;508;386;297;20605;214;1191;1559;1619;1856;1893;1809;1655;1552;1520;1247;1023;1310;757;632;501;380;449;20953;24210;183;1039;22989;484;2450;1819;1847;1420;33282;1908;7050;1965;31374;2037;5142;2101;26232;543;525;528;2854;6537;3367;1559;942;16893;13418;349;41558;41209;36324;3094;1872;31358;41401;41401;574;774;769;701;864;0.75;-22.741347;-46.894846
2010;353715;35;3537156;PEDRINHAS PAULISTA;75.19;1.58;13.3;15.43;42.24;94.18;83.71;9.25;10.63;2.5;1.91;7.1;2.43;7.47;2.01;8.36;84.07;82.58;90.08;9.22;10.13;7.31;6.72;7.29;2.61;95.22;97.94;88.48;65.9;32.59;92.2;94.13;81.18;59.07;20.09;58.95;96.73;94.43;25.91;8.83;94.45;96.25;100;100;97.36;96.52;2.41;0.7;8.12;0.74;1.56;3.87;89;90.89;92.14;88.56;89.43;58.76;53.42;50.13;56.95;38.62;58.71;35.43;11.07;262.5;400;532.5;850;1400;0.56;0.27;0;6.3;13.41;19.6;35.57;46.41;4.15;61.23;11.84;22.98;38.77;70.88;15.68;10.41;847.63;175.75;3933.7;325.85;472.28;669.18;2610.23;849.94;0;107.59;174.47;0.56;21.05;2.95;24.11;10.49;3.81;0;65.27;69.54;46.32;43.97;1.03;14.23;12.99;2.13;17.47;73.95;84.21;94.24;1239.49;57.89;0.58;32.47;68.46;66.34;76.49;3.38;0;16.85;6.45;2.89;3.03;0.45;54.11;1.65;18.32;99.33;99.8;8.37;99;100;0.2;0;13.05;5.55;2.64;14.38;4.2;31.33;0;0;2.43;6.7;0.31;0.58;0;88;124;137;122;98;108;107;109;117;87;74;100;58;52;39;29;1463;14;75;125;107;120;101;118;115;111;119;114;66;89;79;41;33;36;28;1477;1501;1;53;1447;34;200;154;156;90;2339;157;486;154;2182;134;329;143;1853;39;39;34;199;496;272;125;68;1188;961;460;2940;2480;2592;249;163;2181;2939;2931;588;828;774;739;837;749;-22.815725;-50.792359
2010;353720;35;3537206;PEDRO DE TOLEDO;73.71;2.28;16.8;19.44;56.96;93.68;81.35;9.33;10.31;1.51;1.04;10.25;1.5;11.02;3.37;12.65;71.64;74.78;73.56;15.96;13.73;25.11;12.4;11.49;1.33;95.32;102.66;71.59;76.05;8.81;89.96;93.56;54.04;74.95;5.33;9.42;99.27;82.1;17.7;3.47;83.2;87.11;92.77;96.71;99.34;95.27;17.43;2.74;6.48;5.62;2.11;0;84.52;85.06;69.53;77.36;79.45;45.34;39.36;53.03;51.85;30.08;58.52;26.27;5.8;157.5;255;392;600;880;0.47;4.96;7.81;16.94;29.47;40.12;59.76;36.38;4.25;52.06;13.1;26.89;47.94;65.61;11.11;7.93;467.93;99.42;1702.22;207.02;322.76;492.46;1215.49;469.41;43.98;89.91;153.14;0.4;22.82;2.24;24.32;12.69;8.1;0.32;46.27;53.05;36.49;47.45;0.94;7.48;4.24;6.52;30.7;79.84;91.86;97.17;794.53;52.53;2.97;32.07;65.75;61.59;76.38;10.55;14.55;40.62;25.08;9.3;11.58;0.3;37.21;4.41;28.43;88.58;98.53;36.73;98.88;99.17;0.47;1.53;28.42;16.8;0.66;27.52;14.83;45.81;0;8.96;14.12;19.5;0.9;1.08;0.83;394;543;432;326;333;353;352;355;292;302;291;455;224;180;155;95;5156;74;397;502;466;354;379;393;364;279;304;269;219;460;214;165;120;72;91;5048;4483;31;174;4278;138;796;591;614;475;7453;575;1578;552;6878;460;1003;422;5875;178;217;190;947;2143;952;502;297;3689;2869;3171;10204;7033;8534;1045;543;6946;10160;10128;453;0.75;696;634;812;654;-24.2769071;-47.23393
2010;353730;35;3537305;PENÁPOLIS;76.55;1.31;12.43;14.42;43.45;95.25;85.52;10.62;10.21;0.92;1.07;5.47;1.22;5.75;1.13;6.53;72.7;76.46;78.19;16.39;15.19;17.06;10.91;8.35;4.75;94.06;104.38;69.09;74.94;26.09;88.71;94.34;54.33;67.77;13.86;33.78;97.94;84.42;22.59;9.3;83.78;88.56;94.34;100;98.71;94.53;17.23;0.58;5.29;4;1.47;0.57;90.21;88.64;68.37;73.19;82.11;58.09;54.05;41.09;53.44;40.07;54.23;37.83;12.89;311;479.33;666.67;1005;1500;0.47;0.43;0.55;3.38;7.65;13.69;26.19;37.95;5.08;52.48;14.47;27.91;47.52;73.89;10.49;7.26;840.16;213.38;3188.11;394.53;564.67;823.83;2206.1;840.39;43.63;100.43;181.06;0.38;16.78;4.35;8.05;16.43;6.08;0.23;72.98;67.54;47.58;41.01;1.66;14.7;22.32;1.66;12.44;68.11;82.4;92.97;1250.85;61.42;6.61;38.19;81.12;68.37;86.58;7.39;35.96;32.31;14.18;6.18;7;0.37;59.73;3.52;14.24;99.69;99.73;16.3;99.82;99.97;0.07;0.13;18.75;16.22;1.29;18.52;5.25;28.04;0;7.2;12.95;5.02;0.29;1.2;0.03;1797;2120;2398;2387;2395;2230;2128;2006;2014;1798;1507;1848;1216;965;754;506;28568;499;1688;2213;2282;2239;2375;2276;2222;2136;2167;1941;1684;1834;1391;1114;897;673;810;29942;31525;287;1133;30105;653;3488;2611;2683;2147;46985;2891;9300;2846;44094;2674;6409;2722;37685;685;722;713;3803;9196;6215;2212;1411;24194;19678;2628;58510;55882;51330;4333;2966;44031;58257;58241;581;735;759;0.68;859;748;-21.4192406;-50.0765588
2010;353740;35;3537404;PEREIRA BARRETO;75.71;1.87;13.7;15.82;45.07;94.81;84.33;10.42;10.09;1.42;1.68;8.37;1.25;8.82;1.99;10.21;77.15;77.2;87.98;12.19;13.07;9.61;10.66;9.73;2.41;93.4;98.91;77.93;93.97;35.65;89.12;91.65;64.24;75.07;19.74;19.24;97.25;85.33;26.18;14.6;87.88;92.51;99.06;100;98.07;94.72;11.14;1.13;3.86;1.68;2.37;1.84;86.23;86.31;82.7;85.57;89.7;56.96;50.72;63.67;65.42;41.26;64.46;36.66;12.76;255;425;600;892.5;1273.5;0.48;1.22;1.85;5.65;9.27;20.93;36.28;39.28;4.8;52.83;14.02;27.81;47.17;69.77;11.21;7.59;743.94;178.43;2922.33;343.16;512.8;720.25;1979.7;744.16;34.07;96.47;178.43;0.41;19.75;2.74;13.65;15.26;8.53;0.07;62.13;65.36;48.46;40.16;1.09;14.29;15.44;6.81;23.93;69.21;84.75;94.14;1080.47;59.51;10.41;44.19;73.29;65.58;78.03;9.52;14.68;31.52;13.78;8.51;12.99;0.35;48.72;5.05;17.74;99.24;98.33;14.04;98.88;99.9;0.14;1.55;16.21;12.12;1.93;17.98;5.09;33.15;0;7.86;6.58;7.15;0.22;2.6;0.1;837;987;1069;1052;903;991;945;923;817;653;566;808;512;435;335;204;12270;233;807;955;1036;973;905;962;972;1034;885;758;669;760;582;470;364;244;316;12692;12913;202;511;12200;329;1553;1141;1170;994;19808;1251;4130;1251;18557;1260;2879;1243;15678;321;316;284;1641;4046;2601;955;625;10170;8161;1727;24962;23235;21699;1942;1156;18602;24618;24611;0.57;829;766;732;845;728;-20.6378509;-51.1052172
2010;353750;35;3537503;PEREIRAS;77.35;2.43;11.4;13.17;46.1;95.65;86.63;9.2;10.2;0.84;0.52;6.57;1.45;6.99;2.03;8.1;68.39;71.78;78.83;18.33;17.12;19.34;13.27;11.1;1.83;92.25;104.61;62.08;62.15;18.33;86.9;92.85;41.98;57.51;9.98;26.9;97.86;69.74;17.19;4.02;76.28;84.22;100;100;96.82;88.96;21.68;0;13.34;5.72;3.57;1.53;95.14;94.48;59.44;70.56;76.49;45.21;39.29;47.67;47.83;28.8;41.56;25.2;6.37;268.57;422;550.63;865;1320.67;0.44;0.61;1.09;2.42;5.67;17.57;33.17;35.82;5.72;50.58;15.69;29.89;49.42;73.54;9.13;6.42;692.35;198.09;2480.35;345.01;491.47;676.33;1743.21;692.95;21.03;94.91;188.34;0.33;26.03;0.72;18.44;8.19;8.36;0;58.95;49.4;32.14;30.21;1.11;6.14;28.96;5;17.28;77.16;89.72;96.33;954.38;66.97;12.65;61.95;80.65;73.55;85.83;3.34;21.06;5.5;5.47;2.85;3.61;0.26;51.71;0.91;16.9;99.03;99.16;24.5;99.17;99.9;0.44;0.6;31.29;23.72;3.18;31.04;8.84;37.01;0;4.21;18.31;7.82;0;0.52;0.1;271;336;296;370;330;269;241;212;265;215;208;282;169;124;83;64;3786;51;248;273;327;288;311;273;257;235;242;226;209;256;159;98;96;75;95;3668;4282;77;265;3940;96;474;358;351;318;5788;384;1281;392;5404;366;897;366;4507;105;114;121;559;1298;686;273;192;2891;2276;2476;7454;4978;6394;609;428;5357;7450;7444;452;756;736;637;873;717;-23.0743096;-47.9746014
2010;353760;35;3537602;PERUÍBE;76.24;2.3;12.9;14.93;54.1;95.09;85.09;10.38;10.55;1.74;1.41;6.05;1.65;6.4;2.24;7.2;74.06;76.77;78.87;15.61;15.1;15.05;10.33;8.14;6.08;95.4;101.16;77.52;85.99;19.08;89.25;92.25;55.99;73.28;7.18;20.56;98.09;84.07;21.07;8.29;89.24;91.96;94.83;99.15;98.61;95.07;16.65;0.92;7.94;6.45;2.34;1;89.15;87.17;69.82;78.12;76.23;57.62;54.48;38.14;43.78;36.39;44.25;35.15;10.29;216.67;350;540;965;1466.67;0.53;2.68;5.15;9.3;17.36;26.96;43.65;42.51;3.67;57.84;11.24;23.05;42.16;62.11;15.13;10.29;753.85;138.51;3204.62;285.12;445.32;720.07;2178.72;754.89;44.95;92.88;164.76;0.51;30.39;3.52;4.26;16.95;16.89;0.04;46.04;62.62;41.4;52.04;1.3;11.03;4.75;3.05;21.08;73.04;84.9;93.35;1085.47;56.78;7.8;32.95;72.31;65.07;84.26;10.65;28.38;41.29;19.08;9.26;9.66;0.34;33.42;5.55;24.19;96.38;97.03;35.71;99.09;99.4;0.8;1.28;22.05;10.76;1.39;21.18;8.1;34.66;0;6.51;20.43;12.26;0.38;2.28;0.6;2201;2850;2553;2070;2053;2099;2021;1815;1731;1552;1531;2460;1255;1094;825;530;29140;500;2165;2818;2430;2151;2195;2334;2169;1985;1837;1820;1705;2286;1482;1114;885;574;683;30633;28868;444;984;27441;905;4535;3405;3394;2577;44993;3131;9204;2991;41862;2686;6073;2611;35789;884;949;896;4930;11596;6205;2818;1537;23364;18783;668;59773;59105;50845;5686;2986;42173;59434;59352;576;0.73;749;675;854;0.73;-24.3218105;-46.9977452
2010;353770;35;3537701;PIACATU;75.57;2.26;13.9;16.06;44.51;94.74;84.13;10.46;9.79;0.94;0.71;10.91;0.79;11.65;3.34;13.73;68.94;71.66;79.44;19.56;18.56;18;11.5;9.78;2.56;90.06;106.21;54.41;116.31;42.71;85.61;94.08;45.05;75.54;25.04;29.83;95.23;77.9;29.74;8.59;95.93;97.52;100;100;97.41;91.33;17.17;0.95;20.39;1.87;2.13;2.69;89.1;89.29;69.84;78.84;84.59;50.32;44.01;60.14;65.37;34.45;68.75;28.76;8.89;210.67;375;508.75;705;1035;0.4;2.95;7.06;7.18;13.8;24.93;45.11;31.56;5.32;47.08;16.18;32.17;52.92;76.18;7.8;5.78;553.99;147.23;1748.6;301.03;442.89;574.64;1294.47;554.16;31.24;81.75;164.32;0.31;19.59;1.82;25.65;10.58;3.68;0;66.82;64.54;45.55;30.85;0.14;12.34;26.41;2.33;16.38;77.93;89.69;96.87;909.28;57.02;7.01;36.71;76.83;63.82;89.6;5.61;23.13;8.67;12.09;5.27;7.84;0.25;53.62;5.26;17.37;98.83;99.14;16.6;100;100;0.04;0.31;19.88;4.07;2.59;23.29;5.99;38.82;0;9.66;16.13;11.7;1.8;0.57;0;164;210;219;232;217;188;187;197;201;162;139;175;110;82;77;58;2662;44;167;198;236;227;204;196;196;163;189;143;123;153;129;108;89;53;51;2625;2638;29;112;2498;71;320;232;239;191;4188;281;910;267;3907;279;629;283;3278;69;60;62;354;865;553;198;145;2090;1629;624;5287;4663;4627;408;305;3914;5098;5097;503;798;732;684;843;681;-21.5901744;-50.5972241
2010;353780;35;3537800;PIEDADE;75.87;1.71;13.4;15.54;45.98;94.9;84.56;8.65;10.66;1.35;1.36;8.62;1.48;9.16;2.24;10.64;79.11;81.37;82.99;13.4;12.22;14.2;7.49;6.4;2.82;93.63;100.99;72.39;64.28;16.58;87.12;91.79;54.55;59.64;9.44;16.53;92.53;78.08;17.18;8.73;79.43;84.95;92.09;98.42;95.57;91.07;12.09;1.16;16.04;3.81;2.43;1.14;89.93;90.06;67.5;74.75;77.1;44.79;38.52;44.76;47.83;28.5;49.52;24.75;5.83;232.86;339.4;506.67;722.5;1020;0.47;2.43;3.93;9.25;17.47;25.93;40.66;38.26;4.75;52.65;14.1;27.87;47.35;72.12;10.85;7.44;601.32;142.79;2300.6;281.23;413.91;585.78;1577.92;603.82;36.62;88.49;167.41;0.4;31.34;1.37;31.7;13.98;7.03;0.25;45.8;52.44;34.3;32.81;0.66;7.16;8.4;4.28;24.08;80.02;90.09;96.46;910.03;58.52;8.83;40.39;75.41;66.17;80.94;5.81;10.48;20.03;13.67;5.1;4.65;0.32;36.66;2.72;24.4;92.27;93.91;29.7;99.56;99.8;3.02;1.62;30.57;20.57;4.43;28.66;11.08;45.74;0;5.61;18.51;9.91;0.51;2.52;0.2;1750;2481;2262;2205;2244;2045;1981;1832;1772;1601;1292;1848;1084;810;619;381;26578;371;1648;2308;2258;2082;2050;2016;1874;1784;1730;1456;1166;1879;985;823;621;432;453;25565;26360;423;1093;24845;681;3845;2841;2946;2011;40229;2792;8807;2725;37437;2611;6015;2551;31422;706;707;703;3964;9740;4510;2308;1392;19730;15390;28383;52143;23760;45041;4789;2706;37546;51436;51223;448;736;716;624;848;694;-23.7074096;-47.4252319
2010;353790;35;3537909;PILAR DO SUL;74.18;2.04;16;18.55;47.65;93.95;82.07;8.16;9.64;1.75;1.76;7.35;1.32;7.82;1.39;9.17;74.22;75.22;86.2;12.92;12.94;10.08;12.86;11.85;3.72;93.12;102.35;68.67;61.11;26.93;81.61;86.52;47.26;55.91;10.35;25.52;89.86;75.15;20.34;9.71;86.8;89.07;92.59;94.1;93.8;88.69;13.44;2.45;26.56;4.51;2.98;3.47;84.53;83.81;65.21;75.99;74.58;42.48;35.85;38.83;41.49;25.32;43.36;21.98;6.74;200;315;475;725;1038.5;0.43;1.41;3.32;7.26;12.51;30.19;43.76;33.1;5.49;49.15;15.33;29.71;50.85;77.5;8.64;6.4;531.06;145.66;1757.84;261.33;381.84;561.4;1303.12;531.23;44.03;101.42;175.09;0.32;24.62;2.51;27.98;16.63;7.53;0;54.87;55.32;35.01;30.58;0.98;9.91;8.49;4.64;19.51;76.65;87.8;95.47;943.97;51.77;7.22;36.56;70.62;58.87;70.23;7.09;33.43;17.31;13.03;6.13;9.31;0.28;42.75;2.05;23.92;98.33;98.75;28.52;100;100;0.26;0.32;27.48;13.2;6.2;29.38;11.48;46.74;3.1;3.58;10.64;10.71;0.69;1.8;0;922;1244;1259;1137;1067;1047;1002;905;776;735;576;1112;517;438;281;215;13415;182;882;1182;1197;1126;1103;1045;906;880;814;709;575;1020;511;400;279;168;194;12991;11645;175;565;10905;342;1947;1460;1466;1071;20018;1531;4711;1464;18487;1390;3180;1376;15307;387;447;370;2162;5154;2156;1182;767;9893;7575;5658;26406;20748;22495;2426;1546;18523;26226;26218;425;703;0.69;594;0.82;674;-23.8121684;-47.7201865
2010;353800;35;3538006;PINDAMONHANGABA;75.58;1.9;12.9;14.96;42.06;94.58;83.72;6.55;10.7;1.19;1.07;3.87;0.99;4.07;1.25;4.69;73.91;77.34;77.09;13.82;12.66;17.77;12.27;10;5.14;98.17;103.31;83.54;62.1;31.92;91.58;93.07;61.13;49.84;14.24;23.84;97.54;87.88;25.36;11.82;70.24;81.04;92.61;99.16;98.19;95.51;17.87;1.27;11.3;5.18;2.94;0.92;91.09;90.61;71.03;79.67;85.64;66.32;62.44;55.54;61.48;50.06;59.67;47.77;12.03;254.8;411.67;617.5;1000;1516.67;0.52;1.32;2.68;6.79;12.66;20.9;34.2;41.86;3.98;56.6;12;24.4;43.4;76.61;13.95;9.54;826.02;164.47;3457.93;331.19;511.95;784.72;2363.61;826.41;41.82;99.7;168.28;0.48;19.65;2.82;4;14.7;10.46;0.29;66.87;74.18;58.74;44.47;1.6;14;21.49;1.69;15.82;63.77;78.2;90.07;1388.77;59.86;3.99;26.86;77.38;69.12;83.18;10.95;24.85;35.79;21.98;10.15;11.6;0.42;55.77;3.79;16.52;99.01;95.92;26.43;99.11;99.66;0.56;0.14;14.63;29.76;1.81;13.06;5.11;26.27;0;2.23;12.1;8.87;0.52;1.14;0.34;5068;6593;6319;6328;6709;6212;5327;4895;4535;4240;3557;5557;2631;1715;1201;720;72288;681;4908;6338;6201;6448;6823;6297;5609;5126;5112;4566;3813;5423;2723;1809;1393;967;1151;74707;75436;517;2061;72858;1985;10255;7565;7765;5931;113074;7575;25289;7522;105499;7459;17714;7418;87785;2060;2140;2163;11508;26876;9633;6335;3697;58023;45378;5287;146995;141708;126018;12931;7673;105414;146392;146323;663;776;773;736;843;745;-22.9340165;-45.462938
2010;353810;35;3538105;PINDORAMA;75.51;1.61;14;16.17;42.57;94.7;84.04;11.08;9.75;1.39;1.33;8.22;1.76;8.63;2.41;9.86;64.64;64.77;82.37;18.46;19.61;15.84;16.9;15.62;1.8;89.97;103.96;54.83;76.88;20.97;84.03;92.6;45.97;71.23;12.17;17.13;96.85;80.07;19.75;6.63;95.16;96.75;98.23;100;97.51;92.54;14.3;0.42;15.93;1.91;0.89;1.7;83.56;88.86;67.72;79.2;80.75;48.48;42.67;54.48;54.21;30.04;53.53;25.69;7.5;328;502;640;918.8;1260;0.39;0.39;0.73;3.13;8.2;10.74;21.47;31.62;6.39;45.79;17.96;33.26;54.21;72.54;7.04;5.1;732.68;234.26;2316.58;423.78;560.36;767.41;1677.46;732.68;56.1;110.08;182.82;0.26;12.87;2.31;15.68;11.07;4.75;0;74.72;59.41;38.6;32.17;0.53;9.39;28.9;1.73;12.83;68.05;85.95;95.28;1082.3;58.09;5.05;32.71;79.67;64.42;85.79;5.27;61.26;20.7;8.35;4.41;5.49;0.23;66.8;1.74;15.16;99.48;98.38;17.66;99.58;100;0.05;1.68;27.2;4.84;2.49;26.24;4.68;34.27;0.81;8.52;8.43;3.46;0.71;1.53;0;460;539;623;686;715;615;582;531;514;423;415;476;344;240;219;157;7692;153;417;515;518;611;614;569;548;545;464;460;400;416;372;254;218;224;202;7347;7716;53;221;7441;181;863;624;670;538;12210;679;2436;681;11531;738;1757;786;9774;158;213;172;870;2181;1666;515;321;5996;4868;804;15039;14235;13282;1054;677;11551;14894;14894;485;0.76;737;654;842;726;-21.1853;-48.90861
2010;353820;35;3538204;PINHALZINHO;73.49;1.68;17.2;19.86;46.26;93.55;81.02;10.81;10.85;1.05;0.8;7.54;1.15;7.97;1.78;9.18;75.36;78.79;74.89;14.49;13.73;20.34;10.14;7.48;4.77;95.35;101.58;76.51;100.61;27.58;91.83;94.25;66.36;81.95;16.23;23.61;95.97;85.96;21.72;6.81;88.14;92.44;99.3;100;97.81;94.87;13.94;1.13;3.55;2.05;1.39;0.88;91.18;90.18;75.05;78.84;80.39;46.11;39.9;54.76;57.5;32.16;60.82;27.57;7.15;266.67;415;550;850;1212.5;0.42;1.15;2.37;4.82;11.31;18.51;35.05;32.95;5.58;48.02;16.11;31.04;51.98;72.95;8.18;6.01;652.43;182.07;2149.47;343.55;486.98;683.1;1579.77;652.71;51.18;96.58;175.88;0.3;30.03;1.6;19.43;13.11;8.6;0;52.19;52.64;38.07;28.78;0.61;8.4;22.53;4.42;17.69;77.02;88.97;95.8;933.38;60.96;6.79;36.15;84.91;68.32;84.41;3.67;0;17.55;6.13;3.27;3.69;0.26;42;1.7;20.83;92.57;97.92;21.6;99.83;99.81;1.69;0.08;28.18;11.86;2.19;28.63;8.09;41.32;0;7.27;15.23;5.23;0.64;1.35;0.19;406;533;557;534;510;514;448;422;437;408;363;436;337;250;195;128;6593;115;371;527;492;513;500;490;433;387;429;466;376;456;344;273;179;126;150;6512;6982;72;215;6695;164;861;655;633;452;10376;624;2096;623;9752;614;1472;590;8280;161;168;186;923;2207;1416;527;294;5158;4153;6650;13105;6455;11454;1060;595;9799;13016;13010;461;801;725;666;808;707;-22.7824349;-46.5901718
2010;353830;35;3538303;PIQUEROBI;75.18;2.08;14.4;16.7;45.02;94.53;83.56;11.22;11.15;1.73;1.12;11.35;1.24;12.04;1.16;13.96;80.29;82.47;83.17;11.66;10.11;10.3;8.05;7.42;6.53;90.93;97.09;75.88;84.41;13.47;87.85;91.47;63.54;80.63;10.37;19.96;98.46;88.67;17.39;3.72;87.96;93.29;96.33;100;99.26;96.18;9.76;0;7.32;3.27;2.33;3.66;86.14;83.59;82.53;86.86;85.2;42.17;34.75;52.98;58.16;30.3;60.42;25.5;5.44;203;327.5;462.5;733.33;1040;0.42;3.12;5.54;9.05;17.38;29.54;42.93;30.44;5.12;47.51;15.52;30.75;52.49;67.13;7.85;6.12;514.47;131.69;1565.91;267.47;391.74;559.41;1222.26;517.12;24.3;78.22;164.93;0.32;16.32;1.36;29.78;5.77;6.06;0;61.21;55.88;42.25;42.32;0.44;7.87;12.29;7.48;25.43;78.9;89.02;95.49;864.09;49.2;2.15;14.76;67.35;56.39;67.61;7.36;0;28.73;23.06;6.99;6.96;0.3;43.91;11.32;19.82;93.43;97.82;14.16;100;100;0.78;0.75;32.2;12.04;0.74;31.76;13.1;45.52;0;10.59;9.39;11.18;0.72;1.67;0;102;149;156;141;107;116;120;152;123;103;82;120;80;70;50;42;1753;40;103;115;153;130;152;119;141;141;136;114;90;112;83;77;45;27;46;1784;1525;6;28;1491;38;231;175;163;125;2836;178;580;188;2658;184;402;183;2256;42;40;49;225;579;397;115;90;1454;1171;868;3537;2669;3099;264;191;2644;3522;3504;422;795;711;644;836;669;-21.8856652;-51.7296404
2010;353850;35;3538501;PIQUETE;74.38;1.6;15.7;18.18;42.55;94.07;82.37;9.65;11.35;0.69;0.97;4.8;0.91;5.06;1.84;5.82;75.71;80.18;79.29;15.31;14.33;16.39;8.98;5.49;4.32;101.71;106.23;90.55;98.4;22.98;95.54;94.89;68.17;72.77;12.78;18.26;98.03;92.93;25.58;11.92;87.7;92.3;99.36;100;98.79;97.1;19.93;0.9;14.92;5.66;3.67;1.74;97.01;97.41;74.52;82.14;91.27;61.19;55.77;54.85;64.07;44.88;65.1;41.42;9.94;215.25;357.5;533.33;887.5;1333.33;0.49;3.54;8.02;10.36;21.52;27.16;45.62;37.61;3.91;53.52;12.42;25.91;46.48;55.03;12.11;8.61;665.74;130.01;2504;283.36;448.93;684.94;1779.57;666.67;39.58;86.57;159.36;0.43;22.49;1.27;8.89;16.88;10.45;0.33;60.83;70.45;54.39;43.48;0.77;13.17;17.63;3.34;26.98;74.45;86.6;94.35;959.39;50.6;2.46;19.08;65.98;57.7;75.08;14.29;21.38;39.68;32.12;13.66;10.95;0.35;48.71;4.77;19.42;95.74;98.35;21.33;99.84;99.84;0.46;0.69;17.47;12.3;1.21;15.41;6.99;32.82;0;3.22;14.2;8.98;1.32;1.47;0.16;428;536;616;612;497;472;447;476;529;464;372;478;311;213;160;108;6817;98;422;518;591;541;536;500;503;526;597;532;407;467;367;264;172;159;188;7290;6235;26;144;6065;145;864;640;630;529;11258;719;2360;718;10539;735;1641;730;8898;176;178;205;957;2304;1362;518;360;5883;4751;895;14107;13212;12322;1054;756;10511;14022;14002;612;814;757;0.74;823;711;-22.6138451;-45.1777096
2010;353860;35;3538600;PIRACAIA;76.03;1.69;13.2;15.28;43.98;94.98;84.79;8.92;9.52;1.47;1.15;7.58;1.26;8.04;2.77;9.3;57.82;59.58;80.55;21.08;23.09;11.71;21.1;17.33;7.74;120.14;131.08;90.47;73.08;31.89;89.97;94.27;48.31;56.56;16.27;24;97.93;90.24;29.78;16.23;83.57;89.09;96.57;97.33;97.98;95.9;28.15;2.34;20.79;7.36;0.69;0.64;81.69;90.15;57.26;71.77;74.64;48.46;43.65;48.47;51.74;33.4;48.92;30.03;8.99;255;402;562.5;873.33;1385;0.57;2.01;2.9;5.08;8.3;20.59;34.19;50.55;3.88;62.27;11.34;22.31;37.73;59.34;17.83;11.01;893.05;173.29;4513.99;333.14;489.97;688.47;2788.43;893.91;32.86;82.74;173.29;0.61;17.7;1.73;9.67;10.25;9.51;0.09;55.33;55.67;38.67;42.13;0.72;10.33;20.28;2.63;14.73;76.18;87.71;94.36;1077.31;61.48;7.76;36.24;73.7;69.77;86.76;6.88;15.29;21.23;10.07;6.23;10.24;0.3;46.17;3.84;28.52;96.09;89.94;29.01;94.26;99.81;5.06;0.75;35.22;16.43;2.02;29.37;10.18;38.73;0;5.02;15.95;7.83;0.4;1.95;0.19;753;1151;1079;1052;1007;1027;998;917;810;721;569;827;504;387;302;211;12514;199;765;1061;1042;1004;976;1028;1000;905;806;760;645;846;552;390;326;219;277;12602;13468;172;481;12815;297;1773;1318;1358;906;19615;1309;4173;1201;18306;1206;2864;1246;15442;314;326;320;1784;4472;2241;1060;648;9878;7834;0;25116;25116;21906;2212;1327;18367;25013;24989;485;0.71;739;625;851;758;-23.052545;-46.359374
2010;353870;35;3538709;PIRACICABA;75.88;1.53;14.44;16.18;40.66;95.07;85.02;8.41;10.22;1.41;1.04;3.1;0.9;3.23;1;3.67;76.08;78.12;85.67;13.8;12.9;12.12;10.12;8.99;2.21;98.41;106.28;75.8;72.63;37.61;88.14;91.92;54.54;59.04;18.69;40.11;97.07;85.67;29.98;14.49;82.09;86.66;90.09;95.85;97.5;94.45;16.06;1.91;4.14;3.65;2.33;0.71;91.85;90.04;70.32;76.78;83.46;63.98;60.26;51.51;57.49;44.98;58.18;42.59;15.73;351.67;547.5;827.5;1370;2133.33;0.52;0.94;2.13;3.11;6.72;11.62;21.93;42.68;4.02;57.66;11.93;23.77;42.34;73.15;14.31;9.66;1143.2;229.56;4879.41;452.32;676.91;1061.55;3293.19;1143.43;36.57;86.4;173.25;0.49;17.98;2.76;2.24;16.75;7.59;0.09;75.41;72.07;52.73;45.06;1.14;17.8;19.49;1.1;8.99;53.14;71.39;86.29;1672.39;60.86;3.7;30.34;75.44;68.59;82.66;7.12;38.61;29.65;13.29;6.34;7.21;0.38;63.16;3.46;11.7;98.71;98.26;24.48;99.85;99.98;0.24;0.48;17.48;17.91;2.5;15.5;3.84;24.5;0.41;6.2;11.59;4.67;0.45;0.81;0.02;11345;14321;14517;16208;17146;15238;13522;12596;11958;10620;8840;12289;6790;4622;3417;2459;178345;2457;10838;13795;14022;15719;17134;15931;13860;13049;12980;11435;9859;11795;7787;5652;4601;3493;4276;186226;193677;1040;5023;187614;4297;22369;16532;16882;13150;287204;16844;59866;16478;270360;17428;43022;18051;227338;4549;4738;4606;24561;58330;30643;13645;8321;148306;118834;7828;364571;356743;318222;28116;16558;273548;363011;362938;0.64;759;785;717;848;797;-22.72528;-47.64917
2010;353880;35;3538808;PIRAJU;75.59;1.8;13.8;16.01;46.05;94.75;84.16;10.19;10.55;1.45;0.76;5.86;0.78;6.21;1.36;7.19;74.51;75.28;85.72;16;16.4;12.77;9.49;8.33;1.51;100.13;103.17;91.14;75.67;29.26;92.02;92.12;62.34;53.5;16.28;45.98;98.06;87.39;25.83;11.31;90.45;94.16;98.64;100;98.31;95.54;16.56;0.76;23.17;5.77;4.34;0.94;90.05;91.38;74.68;82.69;81.4;55.78;51.05;49.76;59.63;39.61;55.72;35.91;12.41;275;418;598;1020;1587.5;0.48;0.23;0.15;3.71;7.36;17.88;31.39;38.54;4.86;54.44;13.63;26.15;45.56;66.35;11.31;8;801.23;194.62;3088.32;351.34;501.73;777.46;2183.27;801.47;40.94;112.13;185.77;0.41;17.84;3.24;14.41;16.37;7.43;0.22;64.76;62.77;46.75;44.54;2.6;13.8;10.48;1.68;13.74;71.05;83.94;93.42;1088.98;61.05;5.2;37;73.44;68.8;83.63;7;48.3;14.91;16.88;6.38;9.09;0.3;49.79;6.52;20.92;98.62;99.29;17.39;99.77;99.93;0;0.1;22.38;9.55;1.69;20.92;6.82;32.39;0;6.05;13.02;7.12;0.44;1.25;0.07;875;1207;1175;1154;1081;944;915;946;988;897;773;1044;598;415;375;242;13826;197;854;1130;1149;1158;1050;1097;1012;1032;1062;937;837;953;695;530;456;353;344;14649;15106;121;502;14483;307;1862;1386;1409;1048;22368;1438;4631;1371;20930;1361;3193;1384;17737;373;374;387;2096;4938;2903;1130;703;11691;9387;2871;28475;25604;24745;2337;1358;21050;28356;28347;558;783;758;699;843;0.74;-23.1897822;-49.3840493
2010;353890;35;3538907;PIRAJUÍ;76.18;1.91;12;13.92;39.83;94.74;85.12;9.88;11.1;0.75;0.94;7.86;2.15;8.25;2.34;9.45;84.59;85.33;91.4;8.32;7.55;6.88;7.08;7.12;1.72;96.69;102.53;81.37;82.66;14.1;87.79;93.03;65.27;70.55;9.02;21.05;95.57;89.35;16.89;4.1;85.3;89.9;95.11;100;97.27;95.08;7.58;0.54;14.75;4.13;0.45;0;92.38;86.03;77.89;77.96;67;50.7;47.09;44.24;43.32;35.5;49.06;33.76;8.32;268;433.33;604;950;1403.33;0.47;0.6;0.83;4.15;7.8;17.8;28.08;38.39;4.96;53.1;14.05;27.48;46.9;69.3;10.93;7.57;770.38;191.14;2957.75;350.11;517.18;747.97;2048.08;770.38;22.04;104.16;182.38;0.4;12.84;2.26;16.61;13.65;6.62;0;68.77;63.95;46.64;45.22;0.89;9.68;12.97;1.29;16.75;72.87;83.8;94.23;1061.86;53.77;5.16;35.18;56.78;58.86;66.47;7.41;49.28;35.2;14.01;6.21;6.71;0.43;53.54;9.57;20.62;98.56;94.88;15.86;99.14;99.9;0.11;0.61;19.52;14.7;2.73;19.55;5.89;28.91;0;2.35;14.06;6.84;1.03;0.96;0.1;610;766;899;1735;1655;1211;909;781;727;674;580;663;415;290;255;198;12570;202;569;732;801;746;836;797;678;694;706;701;538;600;432;374;335;297;298;10134;10876;77;336;10463;218;1208;880;915;717;17667;955;3701;944;16712;1042;2746;1147;13966;243;238;240;1314;3140;2244;732;500;8228;6682;4203;22704;18501;20228;1498;954;17776;19560;19560;507;774;749;672;853;734;-21.9957877;-49.4549675
2010;353900;35;3539004;PIRANGI;75.19;1.6;13.3;15.43;41.11;94.18;83.71;10.97;11.13;0.99;1;7.97;2.13;8.4;3.01;9.45;86.46;89.86;88.54;8.52;8.99;8.57;5.02;1.15;2.89;93.63;101.4;74.59;100.88;25.44;90.95;94.15;62.31;81.48;20.07;14.68;98.46;82.69;24.57;5.36;90.6;92.23;95.5;95.63;97.75;93.39;11.95;0.73;9.12;1.52;3.6;1.25;98.79;98.94;81.38;83.51;86.94;48.24;41.83;62.86;66.19;34.38;63.47;29.12;7.02;335;510;716.67;1010;1475;0.38;0.45;1.01;1.41;3.01;10.8;23.83;29.03;6.32;44.39;17.7;33.55;55.61;81.53;6.56;5.02;774.99;244.98;2250.02;440.94;614.12;854.82;1720.92;776.24;11.13;88.9;197.05;0.24;18.33;3.55;21.26;16.59;4.93;0;65.84;56.5;41.4;34.59;0.28;9.46;18.94;1.6;11.38;61.36;81.54;92.71;1225.64;62.3;13.18;52.74;71.1;67.5;86.44;4.05;31.2;13.16;8.05;3.11;2.64;0.29;52.55;2.68;21.9;99.44;99.8;14.8;100;100;0;0;22.37;9.4;2.25;24.18;3.63;34.87;0;5.71;11.86;4.83;0.07;0.44;0;270;416;417;437;504;455;366;415;355;338;292;321;255;190;142;125;5393;95;285;352;400;420;427;366;393;421;354;343;312;286;258;187;161;120;145;5230;5901;101;269;5530;96;604;434;458;343;8693;502;1674;489;8191;486;1172;507;7019;116;128;103;643;1579;1165;352;244;4307;3487;1095;10623;9528;9472;768;511;8193;10575;10558;482;846;756;701;837;735;-21.0984037;-48.6740537
2010;353910;35;3539103;PIRAPORA DO BOM JESUS;73.59;2.39;17;19.66;51.08;93.61;81.18;4.79;10.96;1.48;0.86;5.92;1.02;6.38;1.15;7.65;71.99;76.93;73.19;16.34;15.08;22.24;11.66;7.99;4.58;91.93;102.59;58.99;88;15.68;85.55;90.89;40.66;77.51;8.08;35.42;97.12;83.42;19.47;9.4;95.58;97.2;98.45;100;97.48;94.05;22.3;2.66;8.05;4.05;1.97;0;92.34;93.8;65.62;76.39;80.48;58.28;53.1;48.82;50.69;35.98;48.18;32.55;5.46;200;296.29;433.33;685;1003.33;0.47;2.55;4.11;9.88;16.27;33.44;48.79;37.51;5.05;52.46;14.09;27.44;47.54;83.6;10.65;7.46;546.69;137.97;2050.9;247.07;365;549.35;1436.58;546.69;34.86;89.91;172.22;0.4;13.12;0.65;2.4;11.48;9.49;1.87;66.49;66.94;44.96;51.62;1.67;7.12;12.72;0.75;10.25;73.75;87.12;95.77;1100.29;54.92;5.03;19.1;69.68;66.87;76.96;8.28;25.99;18.32;14.82;7.78;6.23;0.28;51.08;12.76;21.99;97.15;95.83;50.82;97.15;99.56;2.36;3.02;20.94;4.42;2.52;18.15;8.7;30.86;0;6.96;20.11;12.6;2.41;1.75;0.44;652;898;746;702;630;642;594;561;431;351;267;775;221;141;91;61;7818;55;666;863;734;712;679;753;578;514;467;331;298;712;203;154;98;70;83;7915;7112;89;183;6840;258;1419;1074;1060;777;11167;929;2894;891;10238;794;1965;816;8273;283;288;273;1541;3586;753;863;467;5674;4228;0;15733;15733;12949;1761;958;10230;15703;15703;583;763;727;698;0.81;679;-23.3972146;-47.0025661
2010;353920;35;3539202;PIRAPOZINHO;76.79;1.7;12.1;14.03;43.56;95.38;85.87;9.08;11.44;1.85;1.14;7.35;1.04;7.8;1.4;9.14;79.91;80.66;89.58;9.6;10.16;8.92;10.49;9.18;1.49;97.64;101.94;86.36;63.74;35.69;91.14;92.21;63.79;59.43;22.77;31.63;98.8;87.64;29.49;10.01;91.82;93.95;95.21;100;98.76;95.69;12.92;0.78;17.45;4.06;4.43;4.35;92.13;92.98;78.68;84.33;86.22;57.58;51.92;64.93;63.54;40.11;61.38;35.48;9.49;254;427.5;575;926.33;1300;0.52;1.09;2.96;6.17;15.43;21.21;38.54;43.18;4.16;57.12;12.54;25.05;42.88;65.9;13.78;9.11;798;166.04;3446;334.11;499.37;711.31;2277.52;799.01;39.78;97.17;173.73;0.48;18.37;1.55;6.9;19.02;9.19;0.19;69.88;68.98;49.73;38.16;1.85;11.93;19.13;2.52;16.28;71.17;85.45;93.84;1112.45;59.13;4.92;30.54;74.11;67.33;87.13;7.57;5.34;25.95;17.48;7;7;0.34;57.92;4.08;15.86;99.74;99.55;17.75;99.39;99.79;0.26;1.03;17.39;8.18;1.24;18.84;6.68;31.79;1.18;5.71;9.34;8.86;1.44;1.47;0.21;779;1024;1045;1106;943;913;883;961;905;654;528;865;437;342;292;180;12082;225;727;1049;1099;1049;918;992;984;1017;856;803;620;792;488;398;330;222;268;12612;12765;102;395;12269;359;1620;1199;1236;844;19406;1311;4299;1273;18095;1279;2988;1267;15107;303;304;309;1806;4332;2241;1049;665;9994;7846;1232;24694;23462;21589;2073;1293;18223;24590;24559;576;827;776;733;863;0.74;-22.2738742;-51.4998867
2010;353930;35;3539301;PIRASSUNUNGA;78.03;1.74;10.42;12.09;42.74;95.97;87.51;9.91;9.88;1.27;0.94;4.04;1.03;4.24;1.24;4.81;71.31;73.8;75.36;18.1;17.11;21.47;10.58;9.09;3.17;95.71;101.23;79.4;95.33;33.87;89.46;92.62;62.27;81.51;18.28;32.61;97.42;87.4;28.84;10.16;93.75;95.17;97.67;97.85;98.17;95.44;14.44;0.97;5.08;4.05;1.15;0;87.03;85.4;75.44;77.95;84.5;65.13;61.55;53.11;60.97;48.65;56.29;46.37;16.52;342.4;545;798.33;1325;2005;0.51;0.43;1.18;3.16;7.27;12.08;25.87;41.79;4.18;56.75;12.42;24.66;43.25;72.37;13.46;9.09;1086.22;226.97;4539.17;447.34;664.88;1009.72;3065.51;1086.75;30.29;103.02;177.34;0.47;17.78;3.24;7.18;16.39;6.78;0;76.3;72.7;56.02;47.91;0.86;18.33;14.29;1.65;10.24;60.57;76.21;88.08;1581.42;60.31;5.5;27.43;73.78;67.7;85.32;5.85;36.88;31.56;11.93;5;6.07;0.45;57.33;9.37;10.72;99.41;97.55;19.3;99.67;99.93;0.06;0.26;15.7;6.25;1.83;14.96;3.87;23.67;0.04;3.66;10.11;4.45;0.35;0.37;0.07;2187;2732;2800;2936;3087;2710;2510;2417;2396;2134;1714;2246;1438;1041;845;562;34297;542;2081;2601;2671;2879;3038;2811;2490;2529;2655;2272;1885;2192;1725;1205;978;704;1068;35784;36982;293;826;35863;843;4245;3135;3215;2536;56037;3299;11286;3267;52738;3279;7987;3327;44751;886;879;896;4646;11091;6945;2601;1609;28908;23358;5865;70081;64216;61315;5333;3013;52970;69832;69798;651;783;801;736;884;789;-21.9980468;-47.4280861
2010;353940;35;3539400;PIRATININGA;76.53;2.05;12.5;14.46;44.71;95.24;85.5;10.32;11.09;0.51;0.55;5.71;0.77;6.02;1.17;6.91;77.24;78.33;85.47;14.84;13.83;13.36;7.91;7.83;1.17;92.26;100.14;68.22;111.5;32.41;87.03;92.99;53.84;78.96;12.97;30.03;97.95;87.01;22.8;11.24;88.33;92.26;97.36;100;98.4;95.59;10.94;1.03;6.99;3.49;1.33;1.05;87.82;88.71;67.15;82.11;88.16;60.62;55.95;63.71;61.49;43.54;63.54;40.49;13.06;321.71;506;711;1185.71;1750;0.48;1.44;1.48;3.54;7.03;12.94;23.75;37.62;4.64;53.57;13.84;26.64;46.43;71.03;10.87;7.73;917.62;212.71;3451.89;422.5;587.17;908.03;2455.98;927.92;7.06;70.72;168.99;0.38;19.01;3.89;13.73;16.98;11;0;68.35;68.98;51.79;45.5;0.81;13.45;8.64;3.16;12.16;67.13;81.16;90.79;1277.24;60.73;2.12;36.03;78.54;68.55;85.86;3.9;20.41;16.12;6.12;3.46;7.16;0.35;54.84;4.4;15.2;94.15;99.4;15.59;99.15;100;0.19;0.75;12.09;11.67;1.6;14.85;3.97;27.54;0;5.85;8.09;5.95;0.35;1.23;0;332;513;468;523;495;494;409;406;382;409;316;425;271;173;133;112;5986;125;339;468;420;438;534;526;435;392;428;381;344;405;273;191;176;152;184;6086;6412;21;193;6198;138;782;598;579;395;9581;541;1848;540;9040;544;1307;543;7733;138;163;158;865;2022;1246;468;255;4871;4013;1720;12072;10352;10559;981;536;9042;11803;11672;606;0.79;779;723;859;762;-22.4136363;-49.1351479
2010;353950;35;3539509;PITANGUEIRAS;74.77;2.36;15.1;17.47;46.61;94.29;82.95;6.89;9.56;1.66;1.7;8.04;1.95;8.54;3.1;10.07;70.5;71.03;82.88;15.08;15.87;10.85;14.41;13.1;6.27;88.58;98.2;61.24;65.59;19.39;82.99;88.76;48.43;61.44;12.27;16.78;97.79;79.9;19.3;7.56;85.06;89.69;94.24;100;99;94.03;12.69;0.54;16.1;2.37;1.93;1.02;86.16;85.2;72.49;78.16;77.31;48.36;41.66;49.03;50.66;29.92;52.65;25.11;6.21;255;400;563.33;839;1122;0.41;2.18;4.21;6.4;11.8;20;34.22;31.42;5.24;46.42;15.67;31.34;53.58;80.36;8.02;5.95;620.66;162.53;1949.96;323.69;486.39;690.28;1445.51;621.67;36.13;81.82;162.53;0.31;12.13;0.89;18.63;9.26;3.5;0.05;73.44;55.94;36.37;31.82;0.77;7.71;31.09;1.54;17.19;61.89;82.92;95.84;1103.03;59.17;5.18;26.05;76.12;68.9;83;8.53;0;36.74;14.47;7.77;10.43;0.26;65.61;3.62;16.52;99.44;92.88;28.34;99.73;100;0.57;0.16;28.69;14.94;1;24.9;7.39;32.57;0;11.67;15.76;7.09;0.75;0.7;0;1393;1720;1621;1707;1791;1526;1306;1332;1038;857;645;1498;492;402;299;206;18009;176;1270;1502;1579;1659;1688;1435;1186;1172;1036;822;634;1409;556;449;364;249;288;17298;17575;167;510;16899;532;2527;1877;1904;1603;26515;1941;6566;1939;24574;1947;4625;1970;19949;528;607;555;2995;6777;2433;1502;971;13117;9879;1359;35307;33948;29705;3222;1957;24526;35242;35185;484;755;723;651;0.83;699;-21.013203;-48.220951
2010;353960;35;3539608;PLANALTO;76.19;2.54;13;15.02;43.73;95.07;85.02;7.39;9.18;1.15;1;9.81;2.14;10.36;4.4;12.1;65.98;62.47;98.03;11.46;12.55;1.97;22.55;24.98;0;96.06;106.31;67.76;81.95;17.82;88.48;96.37;49.72;70.39;12.4;20.34;98.84;78.29;18.25;2.81;82.42;88.69;94.63;100;99.12;93.58;12.36;1.48;12.03;3.2;1.67;1.83;82.05;90.7;72.48;73.38;77.95;46.69;40.32;49.86;53.62;27.43;49.16;22.09;4.84;255;375;510;775;1015;0.37;0.56;0.97;4.61;9.05;20.83;33.86;28.45;6.5;43.23;17.69;34.03;56.77;80.88;6.43;4.96;560.64;182.1;1594.79;313.85;458.05;637.26;1229.6;560.64;17.83;100.2;182.1;0.25;14.67;1.98;19.95;9.66;5.42;1.09;68.8;53.89;32.98;32.88;0.85;6.45;24.15;2.29;13.66;65.85;86.06;96.05;1050.19;53.43;7.51;31.23;66.52;59.86;63.39;4.53;13.21;12.84;12;4.11;4.27;0.2;59.57;4.68;16.96;97.74;97.78;19.77;100;99.93;0.15;0;22.71;17.58;0.88;26.68;5.22;36.37;0;9.02;9.19;5.17;0.1;1.79;0.07;198;177;187;200;220;205;162;160;141;156;106;179;61;59;40;26;2313;36;141;165;181;201;169;189;148;168;163;110;100;165;77;53;58;23;39;2150;2023;26;70;1927;68;261;203;184;202;3406;200;761;205;3206;247;561;251;2645;63;73;69;348;734;330;165;100;1665;1288;697;4463;3766;3786;342;224;3220;4463;4463;467;748;719;639;853;683;-21.0342886;-49.9286556
2010;353970;35;3539707;PLATINA;74.41;2.36;15.6;18.09;49.86;94.09;82.42;9.02;9.48;2.16;0;10.01;2.33;10.7;3.35;12.2;67.83;69.91;63.18;22.79;20.2;36.82;9.38;9.89;0;91.73;97.59;71.25;96.84;22.02;88.47;93.78;52.89;83.43;8.49;47.91;100;74.28;15.39;10.26;98.05;96.71;95.75;93.37;98.55;93.15;9.83;0.64;1.94;3.43;2.06;1.93;94.39;93.26;67.11;72.54;87.85;45.1;36.87;56.5;64.26;33.54;70.72;27.63;5.09;216;303.33;466.67;692;875;0.49;1.66;2.28;6.51;9.92;30.23;45.39;40.97;5.19;54.83;14.01;26.46;45.17;60.5;11.7;7.88;591.1;153.45;2421.62;260.58;368.13;552.95;1630.77;592.54;26.15;86.78;182.47;0.44;15.51;1.01;30.74;8.83;5.96;0;59.06;55.13;44.08;33.21;0.59;7.08;17.51;7.21;21.95;75.79;92.53;96.94;868.76;55.54;6.88;41.02;72.61;62.52;78.74;10.34;42.51;35.44;18.13;8.94;11.19;0.22;51.18;2.07;23.3;93.1;99.61;23.16;100;99.69;0.28;0.48;25.41;1.95;1.45;25.92;12.86;42.36;0;18.95;13.72;13.22;1.02;2.51;0.31;118;146;138;138;117;117;111;116;117;113;69;143;71;48;36;29;1660;33;117;142;107;117;122;136;119;102;94;78;89;108;59;42;41;33;26;1532;1501;20;54;1427;45;232;174;175;142;2418;157;500;158;2261;136;343;139;1918;48;57;43;250;577;288;142;66;1165;941;679;3192;2513;2702;288;132;2282;3192;3184;451;784;719;652;824;691;-22.6328334;-50.2049642
2010;353980;35;3539806;POÁ;76.33;1.61;12.8;14.79;41.77;95.14;85.21;5.45;11.05;1.11;0.99;3.3;0.82;3.47;0.62;4.04;78.07;80.62;83.86;12.71;12.33;13.06;9.23;7.05;3.08;97.18;101.45;84.58;75.63;26.59;89.14;89.98;58.57;64.92;12.66;23.2;96.97;89.51;23.3;9.31;90.19;92.64;96.67;97.73;97.6;95.56;16.34;1.45;19.78;4.7;3.98;0.6;90.4;90.07;73.23;79.67;88.86;67.68;63.03;57.96;66.66;51.5;66.77;48.17;9;250;400.44;602;908;1300;0.43;2.34;3.91;6.8;11.2;21.99;33.44;31.91;4.87;47.93;14.67;29.71;52.07;80.94;8.7;6.55;664.31;161.72;2119.62;325.69;499.43;742.54;1596.72;664.66;34.99;85.17;167.81;0.34;17.58;0.8;0.48;16.28;7.11;0.05;69.68;75.93;60.58;50;0.97;11.24;17.47;1.14;12.25;65.49;81.01;93.49;1162.61;59.25;2.91;26.22;75.77;69.04;82.41;10.27;45.75;26.89;17.12;9.62;11.47;0.24;58.72;5.59;16.42;99.29;98.9;39.91;99.9;99.87;0.09;0.24;10.81;9.81;2.4;10.96;4.06;24.75;0.69;5.3;10.98;8.35;2.52;1.59;0.13;3917;4879;4702;4824;4672;4362;3921;3631;3220;2871;2214;4126;1594;1016;661;336;51292;346;3623;4936;4624;4860;4889;4621;4308;4052;3695;3241;2611;3971;1866;1233;909;599;683;54721;53483;285;1442;51755;1456;7850;5852;5945;4540;80561;5753;19010;5509;74808;5470;13257;5607;61551;1544;1534;1536;8528;20263;5783;4936;2887;42191;32707;1675;106013;104338;90274;9815;5500;74959;105717;105660;677;796;771;754;856;0.71;-23.5249082;-46.3445663
2010;353990;35;3539905;POLONI;76.18;1.87;12;13.92;47.14;94.74;85.12;13.72;11.95;0.75;0.91;9.42;2.22;9.88;7.35;11.36;86.51;86.41;93.41;9.22;10.19;5.79;4.26;3.4;0.8;98.6;105.67;81.49;62.89;24.13;93.69;97.86;76.64;58.5;16.68;16.91;98.99;87.09;19.02;6.28;84.98;90.25;96.23;100;99.53;95.9;5.97;0;24.16;1.36;0.4;1.22;96.26;96.42;88.74;83.13;81.72;49.69;43.63;63.31;59.54;38.01;71.6;33.94;9.65;346.4;500;680;1000;1375;0.39;0;0;0.65;2;8.83;20.56;31.72;6.68;46.45;17.66;32.39;53.55;72.68;7.19;5.33;778.41;260.16;2469.35;426.99;573.5;823.53;1829.68;778.41;0;121.22;205.92;0.26;19.91;1.91;32.42;11.18;5.99;0;59.06;58.36;44.77;30.84;0.45;10.67;18.21;5.18;19.93;70.44;85.83;95.09;1052.32;65.75;10.73;45.96;82.23;71.13;91.63;4.48;26.55;20.42;8.8;3.64;3.41;0.27;45.36;4.38;23.25;98.68;99.82;18.55;99.7;100;0;0;20.23;15.02;0.47;24.41;3.02;36.28;0;6.42;2.28;2.73;0.11;0.69;0;190;152;192;260;280;201;179;178;183;160;134;149;97;109;86;71;2671;50;170;174;206;243;199;178;185;166;178;178;131;148;143;125;106;84;110;2724;3125;35;108;2983;75;265;196;207;226;4382;220;896;231;4162;269;676;277;3486;56;67;61;288;690;740;174;112;2216;1771;593;5395;4802;4754;326;234;4194;5385;5385;497;861;766;717;853;736;-20.7836955;-49.8149752
2010;354000;35;3540002;POMPÉIA;76.81;1.58;12.1;14.01;42.35;95.39;85.89;9.5;11.01;0.89;0.89;5.12;0.9;5.37;0.68;6.14;78.45;80.84;88.91;11.4;10;11.09;10.15;9.16;0;90.82;100.11;63.79;101.91;42.48;86.78;92.58;53.06;79.48;21.33;28.83;98.2;92.72;25.48;19.13;90.27;91.6;93.95;93.92;98.55;97.06;15.61;0.36;7.91;0.76;0.43;3.24;90.26;86.88;77.16;83.51;88.95;63.38;59;63.64;71.17;45.08;68.92;40.61;13.81;303.33;482.5;655;1070;1745;0.47;0.94;1.8;3.43;6.42;15.76;28.05;38.18;4.75;53.56;14.03;27.01;46.44;78.01;10.89;7.64;850.38;201.92;3246.65;394.57;551.77;826.38;2280.03;850.38;37.5;95.06;178.76;0.39;16.16;1.36;7.85;12.59;6.36;0;72.56;73.99;54.89;37.85;0.7;17.2;32.34;0.89;12.94;65.25;81.7;90.56;1341.89;59.53;2.72;38.98;77.64;66.74;84.99;7.08;25.1;24.84;9.54;6.38;10.91;0.37;64.51;1.81;15.28;99.62;99.59;16.11;99.73;100;0;0.91;9.4;9.73;1.45;13.05;1.99;27.06;0;0;8;6.91;0.22;0.78;0;599;812;760;821;845;847;735;672;648;609;506;705;383;300;231;161;9793;159;565;772;700;832;926;926;724;732;719;664;545;590;431;331;254;196;264;10171;10450;43;354;10053;242;1238;914;926;693;15921;900;3113;868;15021;889;2213;934;12808;229;233;261;1408;3262;1896;772;426;8244;6712;1390;19964;18574;17555;1584;909;15062;19896;19896;634;813;786;748;864;0.75;-22.1088293;-50.1720753
2010;354010;35;3540101;PONGAÍ;75.65;1.87;13.8;15.91;41.87;94.78;84.25;12.35;10.82;0;0.68;8.96;0.83;9.42;2.32;10.79;80.59;82.5;87.07;9.27;10.12;8.66;10.14;7.38;4.28;96.22;106.65;72.44;94.6;25.46;89.45;94.15;63.38;72.46;20.57;21.3;98.38;86.39;27.51;10.28;95.85;94.98;96.17;93.54;97.35;94.01;11.2;1.42;23.39;1.63;1.82;0;91.68;91.71;81.59;85.19;93.3;47.47;40.32;71.54;68.02;34.59;72.48;29.38;9.63;280;465;550;882.5;1275;0.45;0;0;3.34;9.02;18.62;37.83;36.8;5.46;51.62;15.46;29.2;48.38;70.43;9.52;6.64;736.33;200.87;2709.5;368.29;506.03;706.12;1889.32;736.33;0;121.5;194;0.34;17.45;2.83;31.33;12.88;8.05;0;60.38;56.53;41.78;39.44;0.16;12.02;4.49;2.86;18.14;71.56;85.81;94.44;1037.89;59.57;1.83;35.06;67.86;66.07;89.47;6.79;100;28.95;17.52;5.83;8.34;0.32;50.85;2.85;23.15;95.54;99.79;12.29;99.75;100;0.21;0.3;25.59;4.15;2.65;27.53;8.55;38.23;0;0;11.18;5.75;0.43;1.87;0;82;121;148;140;135;131;131;110;132;140;112;107;80;65;62;49;1793;48;75;114;109;140;133;111;118;120;132;135;102;81;94;78;52;51;43;1688;1864;4;59;1801;32;180;136;123;86;2780;147;510;154;2633;156;363;151;2270;31;44;44;181;467;430;110;57;1358;1123;556;3481;2925;3130;235;169;2726;3447;3447;475;852;755;701;844;727;-21.7379814;-49.3584449
2010;354020;35;3540200;PONTAL;75.27;2.29;14.3;16.57;42.09;94.58;83.7;4.81;9.9;1.74;1.2;9.63;2.81;10.23;5.15;12.18;74.48;75.7;82.8;14.29;13.35;17.2;11.23;10.94;0;90.65;98.26;69;54.7;8.82;82.77;87;47.18;44.9;5.7;20.07;91.65;74.7;13.59;2.74;74.21;80.88;88.89;97.31;94.52;89.37;12.97;1.18;20.24;3.66;3.72;0.56;83.99;84.79;70.34;77.43;74.3;47.44;40.46;49.45;44.85;26.56;46.25;21.81;4.49;268;423.8;620;890;1205;0.44;1.55;3.3;6.03;12.29;19.03;33.95;34.75;4.96;49.16;14.79;29.67;50.84;82.01;9.4;6.63;699.28;173.44;2430.23;343.54;520.31;740.18;1714.25;699.28;46.15;96.81;168.94;0.36;9.98;0.68;12.78;9.18;3.1;0;82.44;51.28;31.61;26.45;0.43;5.31;38.54;0.47;12.03;57.56;81.51;95.24;1223.89;59.33;8.47;28.41;73.52;67.92;77.78;7.13;32.33;17.94;10.65;6.4;7.62;0.26;78.5;0.72;9.75;99.47;95.89;39.23;99.86;100;0;0.19;33.01;25.79;5.48;28.78;9.41;26.45;2.03;16.5;17.37;6.02;0.59;0.6;0;1704;1786;1769;2383;2396;2210;1716;1485;1208;951;654;1602;445;311;255;164;21175;136;1622;1682;1757;1994;2013;1677;1381;1230;1093;842;662;1589;457;341;285;230;214;19069;19992;294;597;19101;647;2751;2061;2018;2014;30259;2006;7903;2082;28253;2332;5897;2448;22356;665;640;602;3268;7332;1936;1682;1006;14176;10425;752;40244;39492;33694;3468;2103;28124;40083;40083;474;732;725;633;838;718;-21.0239714;-48.0393457
2010;354025;35;3540259;PONTALINDA;75.84;1.97;13.5;15.59;43.14;94.88;84.52;8.3;10.25;1.25;0.96;13.46;2.06;14.33;3.47;17.03;72.61;72.18;82.53;16.32;17.34;15.71;11.07;10.47;1.76;93.17;98.98;78.61;117.96;24.85;87.58;92.45;57.26;89.72;15.27;31.73;98.91;88.14;22.47;6.67;94.57;94.3;97.61;93.52;98.2;95.33;9.65;1.02;4.86;4.34;3.38;3.08;86.75;94.52;76.71;76.2;66.53;34.35;27.28;58.73;48.72;23.77;63.6;18.29;5.75;260;367.5;482.5;636.67;900;0.38;0.57;1.03;4.26;9.27;19.36;32.92;31.74;7.07;45.62;18.73;34.38;54.38;79.61;6.78;4.84;541.56;191.32;1718.9;315.92;423.7;541.63;1226.27;541.56;51.86;111.61;189.48;0.25;15.18;1.19;46.6;9.86;3.58;0;62.78;40.73;28.26;27.01;0.2;8.65;10.18;3.55;21.96;80.32;93.67;97.9;863.75;63.11;6.66;44.68;84.01;70.26;87.66;5.84;0;29.39;7.65;4.85;7.92;0.23;47.62;8.45;24.01;98.55;98.48;14.97;100;100;0.24;0.18;38.3;5.43;1.8;37.51;8.98;41.88;0.76;13.88;15.41;3.3;2.76;0.94;0;165;179;188;216;203;177;147;134;140;111;91;149;91;65;43;30;2160;31;131;131;158;184;172;160;131;146;112;110;91;133;83;58;49;30;35;1914;2211;21;93;2097;71;240;167;186;168;3166;208;741;216;2958;206;533;225;2425;57;70;51;276;653;338;129;104;1510;1169;693;4074;3381;3503;310;209;2984;4050;4050;344;0.8;702;604;847;677;-20.44071;-50.5235329
2010;354030;35;3540309;PONTES GESTAL;73.3;1.86;17.5;20.23;46.91;93.43;80.73;11.87;9.8;1.19;1.72;10.63;0.72;11.18;1.92;12.97;68.28;66.23;76.98;18.98;20.01;17.49;12.74;13.76;5.53;96.71;100.86;84.7;82.79;27.65;91;94.78;70.84;78.13;17.56;28.9;98.24;85.87;24.24;6.95;85.24;88.12;88.37;100;97.84;94.76;3.47;1.16;7.12;1.85;1.99;1.26;92.68;95.37;92.86;87.37;85.94;48.94;42.44;54.13;66.49;33.59;69.13;27.82;7.28;310;448;560;771.25;1015;0.38;0.68;0.95;2.9;7.91;13.59;25.46;31.64;6.86;45.48;18.65;34.31;54.52;72.8;6.79;4.77;642.68;220.3;2033.55;379.09;503.25;649.22;1429.54;642.68;23.62;97.9;187.07;0.26;19.83;0;30.5;6.15;6.97;0;69.58;58.44;40.73;32.38;0;8.59;18.09;1.16;17.22;77.84;89.99;96.04;978.36;57.42;0;27.58;80.64;65.12;88.7;4.7;0;0;9.09;4.81;6.89;0.26;57.33;8.72;13.25;99.41;99.56;10.42;100;100;0;0;24.15;14.76;2.16;25.71;6.19;34.94;0;7.29;20.91;3.45;0.2;1.49;0;73;101;98;106;120;85;73;74;88;79;79;77;55;50;46;27;1256;25;73;98;101;89;88;97;76;100;103;77;62;83;64;69;30;24;28;1262;1272;0;30;1242;20;168;122;133;101;2013;116;394;130;1897;114;278;113;1619;25;27;30;164;400;299;98;60;1008;818;395;2518;2123;2216;199;109;1908;2515;2515;489;0.82;732;0.69;805;705;-20.1833464;-49.7031406
2010;354040;35;3540408;POPULINA;73.25;2.19;17.6;20.34;46.89;93.4;80.64;13.26;11.19;0.84;1.51;13.07;1.53;13.78;1.3;15.8;82.07;85.05;81.9;10.11;8.58;18.1;7.81;6.37;0;96.48;104.22;78.22;96.2;30.34;90.51;95.31;63.2;78.55;18.07;34.47;99.1;86.28;25.87;8.9;100;100;100;100;99.57;95.61;9.44;0;18.4;3.86;2.78;3.51;93.5;95.29;75.65;78.25;82.76;41.53;34.81;53.57;55.69;26.64;59.11;21.91;9.37;263.2;415.5;510;774.67;1116.67;0.41;1.04;1.78;4.39;10.92;19.29;33.2;33.33;5.88;47.82;16.61;32.01;52.18;72.27;8.02;5.76;621.48;182.76;2071.45;333.53;478.24;627;1488.11;621.48;52.17;109.01;179.38;0.29;18.49;1.64;34.65;7.74;4.52;0.3;58.13;50.46;34.41;34.32;0.75;13.5;14.61;4.73;22.59;75.7;90.18;96.44;923.57;59.89;5.68;33.06;79.42;66.78;87.16;6.71;0;28.78;18.25;6.06;10.92;0.26;43.27;8.86;23.02;99.27;95.73;11.58;100;100;4.11;0.88;24.8;0;0.43;32.18;7.6;43.24;0;20.79;10.8;7.73;0.76;1.11;0;122;176;158;178;146;153;134;152;145;153;123;112;108;77;93;60;2139;49;117;131;176;144;162;143;144;136;150;162;121;130;87;93;84;50;54;2084;2234;17;68;2148;57;238;171;184;138;3435;199;656;205;3236;199;457;194;2779;44;47;56;264;638;560;131;107;1706;1386;811;4223;3412;3729;307;206;3217;4208;4208;415;807;714;647;804;699;-19.9427771;-50.5372875
2010;354050;35;3540507;PORANGABA;76.81;2.31;12.1;14.01;47.98;95.39;85.89;11.12;10.36;1.87;1.23;7.07;1.15;7.46;2.1;8.5;78.32;79.09;86.89;12.82;11.73;13.11;8.87;9.18;0;92.52;98.95;73.55;32.59;5.36;86.26;89.94;56.85;32.59;2.33;9.31;93.8;78.74;8.35;1.61;47.35;59.53;75.31;86.4;94.7;90.66;10.96;0.57;11.44;2.94;2.57;0;86.85;84.86;72.3;71.27;70.93;41.4;36.44;38.8;44.42;26.74;42.17;23.77;5.09;204;344;503.33;755;1033.33;0.48;3.18;6.39;12.11;24.03;26.59;46.24;38.81;4.01;53.47;13.37;27.12;46.53;64.59;11.61;8.01;606.65;121.69;2354.33;283.95;416.83;588.95;1624.48;613.84;20.08;86.65;149.45;0.41;23.65;1.57;16.99;7.72;10.09;0.22;52.88;48.39;31.14;39.97;0.08;6.91;11.55;5.06;21.36;80.53;90.43;96.15;911.48;52.69;9.47;34.15;68.22;58.62;81.09;5.69;0;26.23;10.71;5.03;6.95;0.3;44.16;1.73;25.12;92.81;90.88;23.38;99.72;99.42;5.76;0.66;37.74;52.65;5.3;34.77;12.64;47.23;0;2.36;13.91;14.03;0.31;1.85;0.58;251;346;337;315;296;321;270;299;311;268;260;294;220;201;115;90;4276;82;252;331;331;300;275;285;291;265;268;254;246;294;218;168;118;73;81;4050;3819;64;135;3619;84;534;402;415;299;6537;407;1278;396;6130;365;871;361;5259;120;120;103;609;1430;926;330;210;3160;2533;4306;8326;4020;7247;677;396;6174;8306;8209;414;683;703;578;864;696;-23.17615;-48.119464
2010;354060;35;3540606;PORTO FELIZ;75.14;1.78;14.5;16.8;42.44;94.5;83.5;7.96;10.41;1.21;1.21;5.24;1.08;5.51;1.28;6.41;77.99;80.58;84.08;13.59;12.74;14.98;8.41;6.68;0.94;91.47;100.71;65.69;68.05;24.3;88.32;93.09;58.16;57.47;13.32;34.19;97.06;86.19;18.78;8.3;84.38;89.35;93.08;99.09;98.17;95.01;13.97;1.15;6.87;1.71;1.03;0.9;92.13;86.98;76.92;81.7;82.81;56.31;51.03;54.46;60.98;38.49;56;34;9.61;297.5;453.33;633.33;975;1400;0.45;0.66;0.85;2.55;4.77;14.24;24.04;36.82;5.43;51.54;15.06;28.79;48.46;77.05;9.78;6.83;785.76;213.34;2893.54;378.3;539.45;772.69;2020.72;785.76;45.46;92.54;190.14;0.35;17.96;1.72;12.69;11.88;9.19;0.17;71.22;65.84;45.9;37.95;0.97;10.78;23;1.59;10.33;67.45;83.78;93.63;1196.69;62.27;4.5;28.83;79.88;71.29;87.61;5.62;24.45;20.43;10.65;5.07;6.79;0.27;59.68;3.72;15.82;98.08;98.26;22.82;99.81;99.91;0.36;0.3;19.02;15.62;1.83;18.98;4.45;30.13;0.42;3.07;11.56;5.17;0.48;0.95;0.09;1574;2079;2054;2279;2212;1981;1906;1780;1685;1489;1154;1742;872;628;436;333;24535;331;1552;2057;1993;2090;2168;1971;1730;1754;1706;1433;1105;1667;966;665;548;440;513;24358;26347;186;716;25444;643;3307;2455;2469;1851;38204;2399;8412;2340;35805;2484;6013;2568;29792;629;665;641;3571;8498;3894;2057;1199;19074;14991;7797;48893;41096;42314;4136;2484;35694;48375;48375;563;791;758;706;836;737;-23.2137274;-47.5190176
2010;354070;35;3540705;PORTO FERREIRA;74.63;1.77;15.3;17.72;42.53;94.22;82.75;9.03;9.64;1.67;1.28;5.25;1.4;5.52;2.05;6.3;66.75;69.15;74.76;19.27;18.42;19.66;13.98;12.43;5.58;96.8;105.2;76.57;94.22;27.65;88.67;91.25;56.05;78.9;15.18;29.96;98.14;86.93;25.11;10.92;93.16;94.88;98.12;100;98.12;94.83;18.54;1.11;13.09;4.17;3.28;0.4;88.25;89.72;72.4;79.69;78.3;57.51;53.61;47.49;53.43;39.86;48.33;37.32;10.2;297.5;466.67;648.75;995;1473.33;0.45;0.65;1.62;4.01;8.01;16.01;29.32;35.71;5;51;14.64;28.85;49;76.35;9.76;6.94;779;194.93;2781.9;375.31;553.52;784.95;1979.81;779.11;41.2;98.15;177.25;0.35;17.47;2.73;7.8;15.84;6.22;0.07;75.76;66.43;48.12;33.42;1.77;11.87;28.47;1.07;9.76;67.26;83.04;93.24;1196.89;61.53;4.09;41.63;78.73;68.72;85.8;6.46;9.63;26.86;12.25;5.58;6.85;0.28;63.89;3.39;11.69;99.19;99.38;24.46;99.67;99.99;0.02;0.11;20.78;6.84;1.88;19.09;5.33;28.03;0;6.03;12.99;7.57;0.48;1.57;0.01;1739;1940;2128;2310;2267;2096;1911;1860;1766;1578;1147;1815;930;709;527;400;25502;379;1608;1916;2001;2208;2317;2131;1901;1835;1826;1587;1253;1679;1012;837;704;527;556;25898;27412;158;1099;26155;626;3107;2301;2365;2022;40689;2505;8642;2437;38184;2540;6137;2637;32047;698;754;735;3487;8298;4639;1916;1199;20689;16482;922;51400;50478;44555;3856;2640;38058;51290;51283;575;766;751;696;827;736;-21.8529134;-47.4794943
2010;354075;35;3540754;POTIM;73.38;2.39;17.4;20.09;41.1;93.48;80.84;4.44;10.2;2.27;0.54;4.75;1.53;5.06;1.47;5.94;72.05;77.36;67.92;18.38;16.21;26.68;9.57;6.43;5.4;100.91;111.22;66.14;43.54;7.45;90.47;95.92;41.54;38.82;2.4;16.17;99.42;77.66;14.55;9.23;76.66;85.74;95.07;100;99.33;94.38;24;0.34;33.73;4.24;1.94;0;92.5;97.3;58.34;75.86;70.8;50.93;45.43;45.41;40.27;30.05;40.98;27.22;3.43;200;319.2;451;626.67;881;0.37;1.53;1.6;8.5;13.88;30.4;45.13;27.01;6.33;42.92;17.59;34.01;57.08;79.37;6.14;4.88;460.22;145.59;1242.86;259.17;377.76;531.06;988.1;460.22;44.85;103.74;174.02;0.23;23.91;0.29;1.7;25.75;11.86;0.47;47.09;58.57;37.92;41.59;1.21;4;14.75;2.15;26.72;84.63;94.63;98.77;720.38;56.7;19.85;45.25;63.23;61.56;54.23;5.73;13.58;4.81;11.96;5.48;6.09;0.23;40.83;2.12;30.99;99.42;97.34;41.85;99.64;99.78;0;0.07;14.54;23.34;0.67;18.21;8.28;37.54;0;15.97;15.24;8.31;0.21;2.24;0.22;707;793;849;1545;1633;1188;900;668;532;463;306;724;263;176;114;65;10974;48;710;816;727;753;800;688;642;563;517;459;314;696;279;191;103;84;81;8423;9379;319;367;8693;278;1278;977;975;856;13677;925;3478;902;12752;961;2553;1031;10199;282;280;278;1469;3363;861;816;426;6199;4719;4688;19397;14709;16542;1609;811;14122;16751;16751;509;728;697;646;806;651;-22.8377227;-45.2565239
2010;354080;35;3540804;POTIRENDABA;76.41;1.63;11.7;13.57;41.62;94.87;85.44;11.26;9.46;0.88;1.23;6.88;2.05;7.19;3.96;8.16;65.73;68.57;74.83;20.59;18.14;22.02;13.68;13.29;3.16;92.49;104.25;60.52;99.26;27.56;88.19;94.67;50.69;78.09;17.09;30.24;96.19;84.98;20.62;8.93;93.61;95.76;97.98;100;97.98;94.49;18.72;0;12.68;1.76;0.42;0.92;90.54;88.06;63.85;78.3;76.6;48.77;43.46;55.14;54.05;32.29;53.89;28.14;8.05;365.5;502.5;673.33;1000;1343.33;0.4;0.08;0;2.95;7.8;10.58;22.64;32.23;6.25;46.66;17.38;32.13;53.34;76.52;7.42;5.43;785.96;245.69;2532.91;437.22;579.71;833.63;1854.28;785.96;30;111.44;183.16;0.28;23.22;2.19;15.63;11.93;7.24;0;65.1;55.42;36.89;32.17;0.42;8.89;26.36;1.54;13.78;66.96;85.65;94.68;1145.36;63.42;6.16;43.46;79.8;69.12;90.49;4.15;0;13.1;9.02;3.88;3.7;0.28;52.4;3.78;17.26;99.34;99.79;18.85;100;100;0.07;0;24.99;6.39;2.02;26.5;3.88;33.46;1.37;1.74;17.57;4.32;0.17;0.36;0;467;510;603;773;766;640;549;519;527;488;410;461;333;265;214;168;7852;159;439;461;569;617;649;581;527;572;579;466;414;459;327;276;263;194;204;7597;8632;60;278;8294;176;800;597;608;563;12638;653;2557;685;11985;804;1904;823;10081;167;189;169;901;2144;1740;461;320;6231;5047;1565;15449;13884;13611;971;640;12000;15418;15418;488;769;747;661;857;737;-21.0457369;-49.3767154
2010;354085;35;3540853;PRACINHA;73.82;2.2;16.6;19.23;48.01;93.74;81.52;5.42;11.58;0;2.35;11.84;2.47;12.58;4.46;14.33;89.37;93.67;77.55;7.9;4.5;16.2;2.74;1.83;6.25;100.21;104.14;89.33;73.08;4.95;95.37;96.81;79.03;73.08;3.49;45.04;100;82.55;4.52;4.3;100;100;100;100;100;95.37;3.52;0;17.63;0.15;3.19;0;100;100;93.05;76.8;51.72;40.61;35.62;20.26;21.94;19.93;20.25;19.02;2.1;220;305.67;449;616.67;780;0.38;1.91;3.76;7.43;9.04;33.28;56.91;29.67;6.32;44.97;17.05;33.32;55.03;63.45;6.96;5.18;480.62;151.87;1425.99;257.94;390.93;521.76;1061.42;480.62;37.6;97.3;190.69;0.25;9.05;0.35;36.78;5.66;7.54;0;59.33;56.85;43.78;40.5;0.17;5;8.64;6.47;25.24;80.48;93.25;99.4;761;26.93;5.09;43.14;16.83;27.52;21.95;12.09;33.35;11.23;15.78;11.94;20.24;0.21;51.93;5.61;26.59;98.43;100;22.64;100;100;0;1.32;28.33;0;0;28.13;12.39;45.37;0;0;9.76;7.67;3.73;1.71;0;51;64;142;558;359;251;163;104;96;72;44;50;45;28;23;15;2080;15;54;61;70;63;61;56;57;43;39;44;53;65;34;26;18;14;20;778;710;6;34;670;17;109;80;83;58;1182;85;247;75;1097;69;162;72;935;29;21;24;109;275;155;61;41;594;461;1489;2858;1369;2636;125;79;2433;1521;1521;406;783;696;629;814;658;-21.8537103;-51.0862052
2010;354090;35;3540903;PRADÓPOLIS;74.34;2.08;15.8;18.24;39.95;94.05;82.32;6.32;9.83;2.5;1.44;8.77;3.1;9.25;4.68;10.7;68.9;71.11;79.47;17.03;17.07;17.89;14.07;11.82;2.64;94.11;105.11;62.12;108.04;23.14;87.64;92.78;53.53;80;13.26;39.99;93.45;83.76;21.1;11.72;90.82;92.99;95.88;97.73;96.31;93.1;17.56;1.25;6.61;2;0.54;1.93;86.17;86.42;66.26;73.97;69.43;50.8;46.33;46.06;44.65;33.56;44.42;30.91;6.24;300;477.5;667;950.25;1300;0.45;1.74;2.36;4.06;6.74;15.74;26.57;36.76;5.15;50.39;15.02;29.5;49.61;80.7;9.79;6.75;788.76;203.07;2899.29;389.41;570.76;793.38;1998.98;795.68;19.01;70.79;174.67;0.37;11.39;1.58;19.68;11.88;5.98;0;74.02;59.73;41.85;31.56;0.22;8.08;24.41;3.09;16.77;60.34;80.1;93.7;1329.96;61.11;3.12;42.67;78.87;68.45;84.59;7.62;38.25;29.71;12.88;6.62;5.03;0.38;69.79;0.64;13.83;96.73;96.49;26.24;100;99.79;0.86;0.28;24.1;9.18;3.69;23.59;6.3;31.63;0;3.31;8.03;5.36;1.31;0.96;0.21;655;674;753;962;1030;764;627;603;532;497;370;633;265;203;156;86;8882;72;598;685;699;838;808;758;632;589;538;480;381;616;291;208;156;110;108;8495;9088;42;338;8708;233;1079;787;818;758;13516;835;3252;858;12681;986;2417;990;10264;262;273;238;1256;2867;1099;685;414;6596;5059;1277;17377;16100;14871;1359;791;12721;17316;17165;508;736;733;0.65;822;738;-21.3597815;-48.0746603
2010;354100;35;3541000;PRAIA GRANDE;75.04;2.02;15.68;17.57;46.83;94.59;83.75;8.3;9.85;1.59;1.23;4.16;1.18;4.36;1.4;4.94;68.31;71.42;75.96;18.53;17.75;18.86;13.16;10.83;5.17;98.99;106.75;75.39;61.9;23.69;88.19;91.8;49.8;54.61;10.12;30.78;96.59;84.21;23.22;10.3;82.13;85.57;92.14;93.35;96.89;93.75;21.17;1.58;11.73;5.63;2.05;0.79;88.38;88.11;63.64;74.01;81.16;63.34;60.11;45.15;51.48;41.34;51.26;39.51;10.09;255;432.5;646;1073.33;1600;0.49;1.62;3.11;5.95;10.89;20.27;32.88;38.36;4.15;54.42;12.55;25.47;45.58;69.68;12.22;8.68;820.97;170.5;3149.15;344.75;530.13;825.75;2235.16;821.09;34.69;90.06;170.5;0.44;23.77;2.19;0.42;20.08;11.34;0.32;62.44;69.61;48;52.98;1.11;11.2;8.48;1.17;13.45;64.37;79.65;90.96;1279.95;58.01;4.94;31.66;76.19;66.3;82.39;11.15;27.86;40.33;20.45;10.05;11.73;0.32;47.75;7.05;18.42;98.59;97.9;37.67;99.71;99.9;0.19;0.78;19.18;17.87;3.11;16.72;5.55;27.67;0.38;7.15;16.82;9.66;1.34;1.35;0.1;9527;11429;10432;10552;10905;10574;9516;8464;7463;6768;5955;10293;4856;3616;2591;1650;125926;1335;9247;11368;10467;10393;11595;11478;10085;9120;8617;8098;7232;9900;5916;4532;3421;2232;2424;136125;129398;1132;4038;124227;3659;18093;13680;13542;11236;199674;12779;41712;12374;186895;12141;28933;12301;157962;3814;4002;3810;20757;47420;21757;11338;6403;105284;84489;0;262051;262051;223057;22919;12756;187381;261424;261387;633;723;754;692;834;744;-24.005833;-46.402778
2010;354105;35;3541059;PRATÂNIA;72.86;2.26;18.2;21.11;46.23;93.16;80.05;6.57;10.52;0.56;0.73;7.4;1.86;7.98;2.79;9.38;71;75.08;76.52;19.16;18.47;17.92;9.84;6.45;5.56;97.77;105.82;76.83;88.71;15.45;91.85;93.97;58.55;76.97;9.25;17.74;97.83;89.12;17.09;5.48;89.77;94.1;100;100;97.71;95.33;21.27;1.38;11.09;3.53;2.51;0;93.69;95.56;73.57;75.83;75.51;41.02;33.46;47.38;48.93;25.86;56.05;20.8;3.57;236.67;360;490;680;929.5;0.4;0;0;5.01;11.55;23.57;41.61;32.57;6.13;46.75;17.15;32.6;53.25;82.49;7.59;5.45;553.4;169.68;1802.25;304.95;427.5;571.37;1293.54;553.4;0;117.07;181.82;0.27;11.74;1.2;46.54;8.57;4.19;0.45;75.82;47.63;30.76;25.89;0;4.29;11.63;0.15;8.06;79.21;92.74;97.48;964.24;59.2;2.1;24.68;81.87;70.41;83.98;5.4;0;27.11;12.12;4.71;4.96;0.22;64.27;5.68;17.12;98.91;99.43;28.08;100;99.86;0;1.16;31.84;10.23;2.29;29.03;10.45;33.15;0;12.21;16.46;5.36;0.32;0.94;0.14;160;233;242;237;205;190;170;146;161;121;95;202;75;44;48;28;2379;22;160;209;192;195;189;189;183;144;143;105;106;188;57;46;45;32;37;2220;2312;9;73;2229;60;358;266;277;196;3447;275;866;263;3172;250;591;260;2581;64;59;81;415;957;302;209;116;1663;1276;1114;4599;3485;3905;442;297;3166;4599;4599;0.41;787;701;633;798;681;-22.809027;-48.6656779
2010;354110;35;3541109;PRESIDENTE ALVES;73.65;1.85;16.9;19.55;44.11;93.64;81.26;10.31;10.18;2.62;0.52;9.86;0.2;10.44;1.52;12.4;84.25;85.31;84.48;9.13;8.84;9.74;6.61;5.85;5.77;88.28;98.6;58.01;96.57;20.73;84.55;93.85;47.85;64.75;13.66;22.78;98.76;79.79;19.13;8.98;85.11;92.17;97.57;100;98.93;94.06;4.5;0.5;20.36;1.91;1.68;1.94;90.42;86.2;71.34;77.97;86.38;49.46;42.28;65.94;65.24;36.59;67.03;31.02;6.29;245.71;368.75;512.5;816.67;1200;0.47;2.53;4.75;5.69;11.78;22.89;41.94;38.28;4.87;52.8;14.04;27.52;47.2;68.02;10.91;7.53;665.72;162.07;2548.16;305.26;448.66;655.04;1759.91;665.72;29.25;78.14;173.85;0.41;16.53;1.69;40.27;6.65;3.23;0.16;67.58;61.08;47.11;35.35;0.25;7.63;12.59;3.81;16.37;77.98;89.8;96.69;928.84;59.46;8.41;29.78;78.88;66.63;79.4;6.49;0;16.94;13.36;6.3;5.65;0.25;57.84;6.21;14.29;96.59;99.81;18.81;100;99.93;0.07;1.06;31.41;14.89;1.07;26.48;9.66;36.17;1.18;10.71;9.45;8.37;0.86;1.47;0.07;126;158;168;196;160;156;139;148;135;120;125;140;83;53;50;39;2038;42;134;171;158;168;168;165;161;135;147;135;108;108;86;81;54;39;67;2085;2153;28;55;2070;56;267;202;204;155;3286;192;690;191;3094;208;498;222;2596;49;48;48;262;660;425;171;89;1672;1346;692;4123;3431;3620;329;184;3107;4106;4106;495;813;735;689;811;711;-22.09991;-49.438133
2010;354120;35;3541208;PRESIDENTE BERNARDES;75.34;1.4;14.2;16.45;43.73;94.61;83.8;12.76;11.22;1.02;1.29;7.57;1.09;7.99;0.91;9.12;76.51;78.21;86.35;15.13;14.86;9.81;8.36;6.93;3.84;95.84;103.43;79.1;77.33;24.29;90.1;93.16;59.78;77.33;18.72;12.65;98.16;87.6;28.98;6.79;92.54;93.84;97.77;96.75;98.49;95.09;14.9;0.63;13.51;4.99;3.94;0.57;93.46;93.89;76.23;85.12;88.31;54.55;49.12;62.73;63.06;41.57;64.89;38.12;10.86;241.75;382.5;570;920;1457.5;0.46;2.14;2.73;6.52;11.07;23.74;42.46;35.48;4.55;52.09;13.44;27.39;47.91;65.74;10.56;7.75;695.29;158.27;2467.02;308.99;484.93;713.23;1811.72;700.76;23.19;83.64;173.15;0.38;20.75;1.06;19.74;13.46;7.9;0.16;63.02;65.78;51.26;45.79;1.13;12.62;7;5.44;23.97;76.6;85.98;94.47;984;55.39;7.6;20.4;68.82;62.16;86.77;5.78;0;12.45;15.6;5.69;6.84;0.32;48.36;5.96;18.43;97.86;98.46;11.38;99.65;99.9;0.42;0.67;21.49;7.46;1.51;23.04;7.63;36.26;0;3.32;8.67;7.66;0.57;2.86;0.1;334;487;570;563;494;476;457;524;491;432;372;413;305;267;208;154;6683;136;312;467;542;495;511;466;502;547;525;468;353;373;360;330;209;178;249;6887;6721;72;147;6501;142;781;578;603;370;11131;699;2162;681;10432;609;1463;615;8969;134;155;144;798;2063;1731;466;344;5730;4694;3070;13570;10500;12135;954;721;10460;13492;13387;546;825;757;719;839;718;-22.0064236;-51.5543885
2010;354130;35;3541307;PRESIDENTE EPITÁCIO;75.72;2.08;13.6;15.77;44.47;94.81;84.34;8.41;10.95;1.37;0.9;6.79;1.23;7.2;1.46;8.35;76.08;78.02;82.76;14.06;13.39;14.08;9.86;8.6;3.17;96.19;102.35;79.64;77.72;28.01;90.74;92.55;62.86;71.81;13.99;19.85;98.16;88.87;20.44;9.74;86.86;90.67;98.57;100;98.82;96.12;14.51;0.64;14.45;2.47;3.17;0.49;89.35;89.83;76.59;79.17;83.86;57.03;52;45.74;56.68;39.06;52.51;35.75;9.2;251.67;380;532.5;866.67;1312.5;0.47;2.22;3.52;6.86;12.09;21.9;34.13;37.64;4.67;53.01;13.8;27.29;46.99;68.91;10.91;7.67;680.56;159.08;2561.75;310.41;458.98;670.49;1801.35;682.65;32.89;88.24;167.23;0.4;18.74;2.49;9.51;17.49;9.01;0.52;65.78;67.15;48.04;41.81;1.35;11.27;15.74;4.79;18.55;74.05;84.07;92.72;1107.66;54.87;5.93;30.83;72.08;62.26;80.34;10.55;13.86;37.28;19.12;9.56;12.22;0.35;51.53;5.27;17.46;94.74;98.66;17.41;98.72;99.95;0.24;0.57;18.97;13.14;1.18;18.24;6.7;33.02;0;4.5;14.94;9.1;0.7;2.03;0.05;1412;1744;1757;1732;1689;1624;1430;1442;1417;1158;926;1562;718;556;450;286;20217;314;1323;1715;1709;1719;1744;1745;1558;1553;1465;1293;1076;1482;842;648;502;357;370;21101;19548;205;672;18671;506;2773;2062;2103;1653;32056;2100;6916;2094;29956;2059;4816;2051;25140;574;590;587;3138;7333;3476;1715;1044;16570;13143;2773;41318;38545;35625;3459;2180;29987;40865;40740;0.57;776;0.75;0.7;845;714;-21.765074;-52.11114
2010;354140;35;3541406;PRESIDENTE PRUDENTE;76.49;1.48;12.1;14.03;41.11;95.14;85.23;9.43;11.15;1.16;0.8;3.92;0.73;4.11;0.89;4.71;80.39;83.01;82.84;11.71;10.54;13.32;7.9;6.45;3.84;97.08;103.51;80.55;93.83;43.9;89.71;92.48;63.51;75.19;24.68;35.55;96.85;87.65;34.39;14.41;92.39;94.3;97.36;98.32;97.84;94.99;11.52;1.04;8.87;2.93;2.94;2.53;91.69;90.21;80.07;87.64;90.1;67.36;63.34;62.47;68.17;50.38;68.37;47.23;19.01;331.25;504.5;744.5;1265;2003.75;0.54;0.85;1.88;3.28;7.24;12.62;23.65;44.99;4.08;59.25;11.86;23.06;40.75;72.8;15.18;9.98;1080.22;220.44;4860.03;420.06;604.79;955.44;3194.88;1080.39;36.61;92.15;177.75;0.51;19.31;4.02;2.89;19.92;7.11;0.13;73.37;75.26;58.22;54.04;1.4;21.12;11.17;1.43;11.63;61.99;75.93;88.01;1580.36;61.08;3.57;30.34;73.42;68.66;84.6;7.4;32.79;36.64;14.41;6.44;7.47;0.46;55.68;6.16;13.55;99.73;99.33;14.09;99.45;99.97;0.05;0.34;12.38;7.61;2.16;13.3;3.19;22.81;0.35;4.04;8.8;4.53;0.26;0.97;0.03;6342;7739;8381;8474;8548;8290;7617;7601;6888;5984;4870;6823;3930;2972;2352;1536;99894;1547;6044;7566;7987;8769;8801;8663;8215;8337;8013;7093;6000;6372;4673;3646;2916;2189;2432;107716;111216;547;3046;107624;2385;12271;9120;9266;7427;166532;9817;33558;9690;156715;10019;23741;10109;132974;2563;2651;2513;13542;32408;19579;7557;4773;87641;70908;4235;207610;203375;182081;15305;10039;156738;205558;205525;674;829;806;774;858;788;-22.1225167;-51.3882528
2010;354150;35;3541505;PRESIDENTE VENCESLAU;75.19;1.69;13.3;15.43;40.45;94.19;83.72;10.38;10.65;1.04;0.9;6.64;0.77;6.97;1.79;7.99;79.14;81.84;84.66;9.58;8.39;10.86;11.28;9.76;4.48;99.41;105.54;82.85;93.2;27.36;89.77;94.84;57.9;84.93;16.05;16.57;98.95;83.15;27.68;6.87;90.59;92.42;97.24;95.8;98.55;94.39;13.91;1.03;5.66;5.29;1.58;2.09;90.86;91.8;73.95;78.91;81.97;56.45;52.27;54.88;57.13;40.61;56.38;37.9;12.65;297.33;466.67;636.67;1006.67;1530;0.49;0.89;1.14;4.53;8.42;16.36;27.73;40.7;4.6;55.18;13.43;26.17;44.82;75.01;12.12;8.2;846.18;194.47;3443.58;373.8;538.94;789.12;2330.09;848.42;36.2;93.78;175.74;0.42;18.31;3.7;8.55;14.8;6.65;0.06;66.84;69.68;53.14;52.94;1.08;16.12;12.63;2.48;16.94;67.85;79.21;90.9;1387.11;53.37;4.77;35.51;69.14;58.98;70.76;8.33;21.18;43.11;14.04;7.02;8.43;0.49;45.48;12.27;17.99;98.65;97.5;11.27;99.74;99.92;0.43;0.68;14.44;9.41;1.45;19.44;3.59;33.24;0;5.45;8.45;5.16;0.44;1.23;0.08;1055;1405;1410;1563;1631;1787;1492;1486;1356;1076;957;1119;781;569;510;339;18911;375;982;1350;1379;1458;1438;1475;1457;1467;1481;1256;1087;1073;954;661;578;421;482;18999;17998;131;599;17268;388;2220;1634;1677;1219;30921;1673;5810;1668;29248;1673;4137;1707;25111;430;428;430;2297;5629;3935;1349;815;15592;12755;1638;37910;36272;33722;2755;1688;29279;36387;36292;565;792;763;708;837;749;-21.877116;-51.8451047
2010;354160;35;3541604;PROMISSÃO;75.99;1.94;13.3;15.35;44.62;94.96;84.73;8.93;10.83;0.92;1.14;5.6;0.85;5.91;1.25;6.9;75.48;79.19;77.34;12.36;11.07;16.62;12.16;9.73;6.04;95.58;105.48;71.46;91.5;34.49;84.13;88.62;48.82;78.59;16.67;14.48;93.92;84.75;30.63;16.16;90.6;93.92;96.23;100;96.72;93.24;14.92;2.2;4.23;4.59;3.88;1.87;90.61;82.79;69.28;76.29;83.56;52.71;46.96;43.29;50.62;34.01;48.82;30.91;9.55;282;436.67;633.33;962.67;1323.5;0.43;0.99;2.41;3.52;7.24;15.87;28.26;33.56;5.52;48.72;15.37;29.97;51.28;74.32;8.73;6.33;726;200.39;2436.41;357.71;529.73;773.73;1766.89;726.35;25.92;82.94;182.85;0.33;19.95;0.92;12.96;12.35;5.36;0.1;71.39;59.75;39.94;33.2;0.93;10.11;31.94;3.05;12.37;66.38;82.66;92.64;1169.67;58.79;7.14;35.77;72.16;66.23;79.92;8.39;33.98;18.13;16.4;7.68;8.66;0.27;61.73;4.02;10.46;99.54;95.44;19.46;99.41;99.98;0.29;1.87;24.32;9.4;3.28;22.93;6.56;32.12;0.59;10.45;8.19;4.39;0.07;1.69;0.02;1188;1458;1551;1577;1482;1493;1345;1225;1174;1019;812;1264;680;559;389;293;17756;247;1216;1384;1505;1439;1468;1416;1330;1305;1221;1038;844;1309;744;580;470;326;323;17918;18079;203;715;17160;484;2283;1692;1730;1398;27855;1847;6072;1815;26008;1779;4225;1799;21783;522;491;537;2641;6169;3187;1384;904;14009;11065;5604;35674;30070;30751;2842;2000;25909;35331;35314;527;749;743;666;0.85;724;-21.5404913;-49.8574709
2010;354165;35;3541653;QUADRA;74.3;2.48;15.8;18.33;47.02;94.02;82.25;9.18;10.55;1.46;0.63;9.25;2.2;9.83;4.2;11.03;80.45;83.53;93.27;8.13;6.13;6.73;11.42;10.34;0;83.35;101.31;32.3;65.62;18.24;81.31;93.07;28.5;62.85;5.51;28.53;96.34;78.11;9.94;6.76;78.9;85.4;100;100;98.33;93.07;15.6;1.09;2.03;0;1.34;0;90.95;88.09;54.03;54.84;65.44;32.38;27.28;34.56;38.66;21.37;43.12;18.71;4.47;204;333.33;506.67;733.33;1171;0.49;1.09;1.8;9.37;19.67;31.17;52.42;39.67;4.65;54.29;13.18;26.67;45.71;69.4;12.04;8.27;625.35;145.33;2480.47;266.72;421.71;595.63;1702.93;630.17;17.9;105.93;178.63;0.4;24.37;0.93;40.41;7.14;7.22;0;51.6;37.75;25.56;30.73;0.43;6.27;6.66;4.38;17.04;77.15;92.18;96.07;924.69;56.96;7.46;23.5;70.06;64.78;74.99;1.64;0;0;2.43;1.7;2.22;0.28;39.34;8.39;22.95;99.03;98.69;27.13;100;100;0.31;2.3;39.32;21.1;1.67;41;14.86;50.17;0;7.87;2.22;12.24;0;1.03;0;116;138;144;97;128;120;121;136;136;91;103;134;84;63;44;36;1707;16;122;122;113;122;134;118;119;119;89;89;82;106;56;58;30;22;28;1529;1575;19;38;1518;37;205;157;152;151;2498;158;476;153;2340;140;318;124;2022;50;56;38;239;550;297;122;66;1179;944;2408;3236;828;2766;260;163;2343;3229;3205;324;699;678;541;822;0.7;-23.299332;-48.054657
2010;354170;35;3541703;QUATÁ;73.84;1.94;16.6;19.18;45.22;93.76;81.56;8.53;11.3;0.85;1.17;8.04;1.51;8.54;1.9;9.93;83.67;86.07;80.27;9.79;7.2;18.24;6.54;6.73;1.49;91.01;99.93;68.93;70.22;22.99;84.29;90.89;53.87;62.97;11.02;18.1;97.92;86.8;20.61;10.54;85.25;89.17;93.18;96.32;98.65;95.24;5.88;0.88;18.84;2.32;3.31;0.54;91.45;86.09;75.77;80.17;87.74;54.45;48.03;57.22;60.69;40.01;62.2;36.02;8.3;255;425.6;556.67;807.5;1200;0.41;1.16;3.07;3.75;8.8;20.09;31.13;32.84;5.83;47.83;16.42;31.6;52.17;75.21;8;5.84;648.64;189.16;2130.02;343.35;492.19;667.13;1556.19;649.47;33.83;91.83;189.16;0.3;11.79;2.04;9.8;9.24;4.76;0;77.76;65.2;49.4;36.58;1.73;10.23;32.68;1.22;15.18;63.15;84.82;95.65;1101.66;58.28;3.57;33.15;78.55;66.64;83.29;10.09;33.63;28.36;20.58;9.22;9.6;0.25;61.43;9.84;13.77;99.18;98.36;15.79;99.61;100;1.45;0.79;14.69;14.75;1.35;19.16;5.44;30.35;0;15.75;5.08;6.81;1.12;2.17;0;472;528;588;556;531;514;524;495;402;350;284;459;186;171;142;101;6393;90;428;538;537;526;523;544;481;464;405;359;309;467;236;208;148;104;129;6406;6382;38;241;6103;198;827;609;645;542;9894;683;2204;648;9211;640;1521;660;7690;159;190;173;972;2258;1092;537;317;4969;3907;788;12799;12011;10950;1066;726;9158;12700;12684;545;794;738;0.7;814;706;-22.2470977;-50.7003624
2010;354180;35;3541802;QUEIROZ;73.65;2.82;16.9;19.55;53.11;93.64;81.26;8.37;11.7;0;0.69;13.24;0.93;14.18;3.97;16.83;81.55;84.41;87.26;8.57;7.32;10.97;9.87;8.26;1.77;101.61;105.12;89.68;60.76;8.06;91.45;92.58;68.57;54.94;5.8;11.37;97.77;88.39;16.06;0.89;76.66;83.31;91.15;96.51;98.13;95.92;16.41;2.33;21.72;7.93;0.78;0;88.07;93.9;78.77;85.61;83.64;54.44;48.52;46.71;44.59;26.44;52.8;22.77;3.07;200;327.5;455;622.5;833.33;0.42;3.79;6.74;10.76;21.41;30.83;50.45;33.27;5.01;47.6;15.61;31.18;52.4;78.74;8.52;6.1;491.84;123.32;1636.42;260.63;382.86;521.87;1171.57;496.17;24.21;80.35;163.21;0.34;9.85;0.25;23.73;7.68;7.02;0;77.06;65.88;35.86;34.19;1.8;4.94;12.53;1.79;11.13;75.47;89.96;97.5;977.61;54.61;3.97;40.45;69.59;62.83;79.19;11.7;89.72;37.54;13.46;9.79;14.81;0.22;73.39;1.8;12.92;99.89;100;22.67;100;100;0;0.55;17.95;23.34;1.87;20.64;8.52;31.86;0;3.4;15.03;10.26;0.84;1.16;0;95;144;126;124;126;130;111;104;70;59;54;121;38;44;39;18;1424;21;113;130;108;107;126;120;100;79;87;71;46;136;48;44;25;22;22;1384;1279;11;57;1212;36;213;153;166;121;2069;144;465;144;1925;115;321;111;1604;51;55;49;263;578;235;130;67;1005;790;423;2808;2385;2343;274;140;1929;2804;2779;544;762;715;681;811;662;-21.7991405;-50.2392786
2010;354190;35;3541901;QUELUZ;74.38;1.59;15.7;18.18;43.93;94.07;82.37;7.07;10.29;1.31;1.91;6.53;1.45;6.86;1.63;7.98;74.15;78.95;79.61;15.5;14.11;15.68;10.35;6.93;4.71;97.96;109.22;66.48;69.55;14.9;92.31;96.35;54.38;64.92;6.94;5.81;97.57;84.81;13.73;5.3;81.25;85.54;94.03;93.83;98.02;94.54;22.79;1.24;15.18;3.58;1.37;0.87;91.26;96.4;61.36;67.52;75.17;56.79;53.03;55.42;57.84;38.89;64.65;35.01;6.97;190;290;424;635;925;0.46;5.69;8.56;11.06;17.73;33.96;49.94;35.91;4.46;51.16;14.07;28.08;48.84;74.05;10.21;7.27;500.25;111.52;1796.48;240.3;350.4;519.47;1279.15;504.22;25.48;66.65;158.31;0.4;14.01;0.79;8.71;13.71;19.74;0.97;73.78;67.19;46.53;46.72;2.79;8.5;5.26;3.08;13.95;70.45;87.12;96.22;968.27;53.55;1.12;24.38;66.58;61.65;68.59;10.56;58.21;35.61;23.82;9.74;16.4;0.24;66.98;1.06;14.28;84.52;99.31;30.94;96.93;99.63;0.64;0.46;22.1;18.75;1.98;19.53;11.05;32.94;0;6.1;13.58;17.79;1.04;4.12;0.37;393;473;517;482;549;524;451;447;354;286;283;455;182;120;98;78;5757;65;397;444;435;532;496;478;411;366;344;295;233;480;200;137;108;99;97;5552;5132;10;145;4976;121;687;524;530;509;8604;575;1950;563;8029;558;1375;561;6654;156;181;184;974;2057;800;441;250;4199;3242;2034;11309;9275;9584;917;594;8072;10636;10552;568;755;722;687;823;665;-22.5371881;-44.7752585
2010;354200;35;3542008;QUINTANA;73.65;1.51;16.9;19.55;44.92;93.64;81.26;10.38;11.28;1.79;1.62;9.46;1.29;10.01;1.39;11.63;83.43;87.29;87.48;8.71;7.21;12.52;7.85;5.5;0;88.66;101.33;57.16;103.13;30.1;82.39;86.88;48.49;75.89;9.31;19.88;96.54;91.45;13.29;11.36;94.78;96.13;96.61;100;98.14;96.22;14.05;0.71;18.89;0;3.49;2.57;89.68;86.65;82.46;84.12;88.4;51.77;45;58.98;59.93;33.22;62.05;28.28;6.31;231.71;374.8;505;740;1055;0.43;2.11;4.01;7.23;13.68;26.5;45.63;34.11;5.22;49.33;15.47;30.52;50.67;73.33;8.82;6.32;581.09;151.66;1981.86;297.7;437.28;585.58;1420.5;581.09;33.26;90.67;175.42;0.34;15.86;0.49;20.3;12.94;7.78;0;67.12;66.08;44.53;30.95;0.12;7.82;25.14;2.31;15.1;75.11;89.96;96.52;972.61;55.27;4.16;30.9;79.24;62.59;85.29;8.92;14.52;27.68;14.26;8.22;7.04;0.26;60.61;2.25;18.73;98.97;99.43;13.15;99.96;99.86;0.1;4.04;17.12;5.22;1.86;20.79;7.28;38.17;0;1.39;11.6;9.2;1.58;2.49;0.14;176;236;243;265;246;248;228;224;185;172;133;214;120;101;78;41;2969;59;178;250;237;262;259;235;241;204;178;181;153;184;129;127;83;60;74;3035;2897;20;97;2780;72;392;288;297;214;4766;309;1007;292;4457;257;698;289;3759;68;91;70;401;1000;623;250;159;2423;1924;510;6004;5494;5242;486;314;4442;6004;6004;518;819;732;703;811;689;-22.0705513;-50.308652
2010;354210;35;3542107;RAFARD;74.37;1.79;15.7;18.19;43.87;94.07;82.36;8.96;11.25;1.3;0.24;4.74;0.94;5.02;1.01;5.84;71.68;77.62;73.67;15.76;11.39;24.66;12.57;10.99;1.67;95.78;108.97;60.11;45.03;16.89;87.56;92.78;42.13;42.06;8.55;17.64;97.2;86.14;17.86;7.56;91.55;94.9;100;100;98.27;95;24.63;0.56;41.14;4.37;2.46;2.7;95.86;95.27;63.18;77.86;83.18;57.43;52.38;47.51;49.22;32.63;48.94;29.37;7.9;330;462.5;607.67;933.33;1380;0.4;1.47;1.81;3.48;6.17;12.66;22.51;31.25;6.11;46.88;17.3;32.34;53.12;79.96;7.22;5.41;717.07;218.89;2240.69;401.53;539.21;744.98;1679.15;717.49;44.82;85.63;174.18;0.28;14.56;2.06;7.72;11.15;4.52;0;82.76;66.98;39.81;33.13;1.47;8.74;34.2;0.46;8.89;64.3;83.3;94.11;1175.05;59.8;4.9;33.8;79.3;67.45;85.86;3.96;15.36;22.09;4.72;3.24;4.27;0.25;68.58;6.29;8.06;98.45;99.24;24.69;100;99.94;0;0.44;18.34;8.45;1.73;16.82;3.2;26.49;1.5;2.45;9.28;4.18;0.33;1.2;0.06;279;322;343;380;393;364;311;297;314;249;180;330;152;102;95;62;4257;84;277;347;342;404;396;351;315;312;292;234;188;299;169;132;98;99;100;4355;4421;33;148;4240;123;537;403;398;341;6758;409;1469;411;6349;438;1060;440;5289;92;125;119;636;1464;772;347;210;3432;2686;1021;8612;7591;7393;669;438;6286;8603;8598;574;766;745;696;823;722;-23.0152874;-47.5275571
2010;354220;35;3542206;RANCHARIA;76.64;2.02;12.3;14.27;45.13;95.3;85.65;10.03;10.76;1.64;1.22;7.24;1.54;7.65;2.21;8.78;78.49;78.36;90.41;11.22;11.19;7.77;10.3;10.46;1.82;95.19;105.93;68.9;80.67;27.7;84.9;91.24;54.97;65.86;12.51;23.87;97.22;78.78;21.29;9.89;89.22;93.24;97.96;100;97.47;92.05;9.36;0.56;22.24;2.56;2.06;2.77;89.36;86.94;79.84;84.83;81.79;52.35;47.16;44.95;48.24;33.65;48.61;31.08;9.24;255;400;562.5;880;1255;0.47;1.5;4.1;5.23;11.94;20.37;37.81;37.94;4.93;52.13;14.38;27.94;47.87;69.29;10.55;7.27;707.37;174.2;2683.99;334.51;479.35;705.13;1848.44;707.37;26.56;87.11;174.2;0.39;22.42;3.09;15.03;16.47;6.1;0;68.4;62.8;42.24;42.4;0.74;12.65;15.91;2.35;15.83;71.13;85.92;95.21;1064.24;58.18;5.63;31.1;75;65.91;82.57;7.35;37.32;16.72;12.32;6.74;11.47;0.3;50.99;5.15;16.48;98.19;98.11;18.16;99.68;99.71;0.45;1.13;21.77;10.78;2.53;21.89;6.61;34.15;0;4.8;14.78;7.67;0.08;1.38;0.29;923;1136;1249;1182;1148;1049;1009;1027;1062;864;654;1046;539;425;345;241;14153;254;833;1138;1189;1160;1113;1082;1045;1199;1079;864;741;991;592;575;412;305;333;14651;14550;128;502;13921;339;1830;1357;1374;1028;22730;1471;4780;1425;21259;1403;3309;1384;17950;388;385;417;2093;4942;2890;1137;716;11686;9337;2976;28804;25828;25008;2274;1613;21121;28705;28705;524;0.78;751;683;861;0.72;-22.2294981;-50.8922333
2010;354230;35;3542305;REDENÇÃO DA SERRA;72.95;2.33;18.1;20.93;51.07;93.22;80.19;10.43;10.65;1.08;1.47;10.4;2.12;11.06;4.14;12.49;69.84;73.94;84.75;17.11;14.26;12.43;13.05;11.8;2.83;101.85;109.12;81.93;38.84;17.09;91.69;90.16;58.42;36.19;2.33;5.08;93.05;89.62;14.81;3.65;60.65;70.51;85.7;100;95.17;93.68;30.13;1.15;24.45;7.11;2.67;0;87.77;84.51;60.17;66.99;67.59;36.82;31.85;42.42;35.37;21.67;54.8;19.45;2.98;153.2;240;360;540;766.67;0.45;7.55;9.01;14.96;23.93;45.76;65.22;33.51;4.56;49.78;14.07;28.2;50.22;61.91;9.53;7.09;411.77;93.93;1379.92;195.73;290.97;453.41;1026.56;423.76;30.01;74.46;157.88;0.33;22.66;0.27;24.28;8.48;12.75;0;58.01;48.87;32.31;40.09;0.67;3.94;7.12;4.37;23.28;84.65;93.79;98.13;737.51;44.26;3.52;22.16;59.63;51.1;73.15;11.14;32.34;4.95;27.22;11.15;7.94;0.22;47.4;4.84;20.79;84.05;98.49;24.9;99.3;99.3;1.17;1.42;32.77;39.35;4.83;34.47;19.3;51.48;0;3.05;24.58;20.15;1.72;4.8;0.7;124;187;168;127;131;142;144;127;134;141;125;163;92;63;66;34;2017;49;141;169;165;130;137;127;140;121;125;106;94;121;84;62;49;42;43;1856;1479;13;45;1421;53;277;203;210;146;2934;204;581;199;2730;175;377;172;2353;60;66;48;286;705;404;168;101;1411;1119;1660;3873;2213;3340;356;203;2781;3858;3749;368;0.69;657;0.56;799;633;-23.2812573;-45.5348457
2010;354240;35;3542404;REGENTE FEIJÓ;74.1;1.66;16.2;18.7;43.1;93.91;81.95;9.67;11.26;0.79;1.21;7.34;0.73;7.74;2.5;8.97;82.99;84.85;84.87;10.19;9.25;11.85;6.82;5.9;3.28;107.09;106.88;107.65;89.8;39.31;93.84;95.07;72.83;78.22;21.62;38.11;98.26;84.85;25.95;14.1;94.76;96.14;99.28;98.65;98.77;95.01;9.13;0.35;11.53;2.79;3.18;0.83;94.86;96.13;82.75;89.25;88.1;57.54;52.12;67.11;67.88;41.75;73.35;37.11;10.86;291.43;440;626.67;959.67;1343.33;0.46;0.5;0.68;3.5;7.67;15.89;30.77;37.36;5.21;51.78;14.69;28.37;48.22;71.4;10.17;7.01;774.14;201.86;2891.84;366.87;529.25;768.6;1994.2;774.14;33.86;97.69;183.11;0.37;18.03;2.51;11.35;18.6;7.39;0;69.86;68.22;50.29;45.17;0.59;13.45;15.27;2.27;14.85;71;84.18;93.58;1143.19;60.65;5.41;45.84;76.81;67.4;82.22;6.95;19.85;28.25;10.51;5.91;6.45;0.31;50.77;7.9;18.8;99.65;99.54;15.98;99.7;100;0;0.31;16.77;5.24;1.23;18.57;4.72;30.5;0;0;10.37;4.31;0.16;1.48;0;613;733;774;750;765;746;693;660;655;556;458;623;352;252;254;169;9188;135;549;721;700;745;754;734;663;746;697;605;485;543;386;335;246;189;208;9306;9811;79;405;9328;223;1139;850;860;688;14699;908;2965;884;13791;813;2057;879;11734;248;238;235;1241;2955;1788;721;412;7486;6043;1445;18494;17049;16177;1454;883;13840;18456;18456;575;0.86;768;752;818;735;-22.218131;-51.30545
2010;354250;35;3542503;REGINÓPOLIS;74.04;2.3;16.3;18.82;47.31;93.87;81.85;8.3;10.51;3.31;0.41;8.33;0.68;8.81;2.17;10.24;83.25;80.29;94.01;9.43;11.05;5.43;7.31;8.66;0.56;92.82;98.71;77.95;91.83;4.44;88.6;92.88;65.37;64.19;2.83;20.52;97.71;80.4;13.41;14.4;80.45;87.29;94.23;100;98.9;93.66;2.16;0.19;16.26;0.13;4.06;0;90.29;90.72;84.07;80;66.66;53.73;47.28;24.33;30.6;32.41;24.03;33.32;7.38;255;461;625;960;1425;0.41;0.56;1.19;7.19;16.91;19.89;39.42;30.09;5.07;46.74;15.67;31.3;53.26;73.56;7.68;5.96;685.32;173.56;2062.02;363.4;535.72;752.24;1601.42;685.32;37.71;112.99;173.56;0.29;14.77;2.17;28.9;8.85;7;0.18;62.11;60.97;45.84;42.99;0.54;9.25;9.49;1.24;24.98;71.77;86.49;94.41;925.37;47.57;1.86;25.91;37.83;51.59;46.91;6.73;0;14.8;17.75;6.56;10.09;0.64;44.94;10.49;26.91;98.29;100;17.69;100;100;0;0.34;24.08;19.55;1.1;24.04;7.59;33.27;0;4.82;7.07;11.06;0.78;1.08;0;179;223;525;1307;551;362;268;205;191;162;147;161;116;81;70;53;4681;80;170;170;203;210;221;197;193;182;161;151;144;198;115;120;78;57;72;2642;3138;7;70;3060;69;302;232;237;213;4192;243;831;242;3949;244;588;250;3361;66;68;85;380;859;608;170;119;2097;1685;2961;7323;4362;6597;393;272;5932;5267;5267;537;732;728;0.66;817;715;-21.8884118;-49.22273
2010;354260;35;3542602;REGISTRO;76.08;1.95;13.1;15.19;49.74;95.01;84.86;8.41;10.56;1.3;0.94;5.58;1.04;5.94;2.02;6.85;77.66;79.42;83.81;13.16;12.3;12.63;9.18;8.28;3.55;95.15;102.7;72.5;69.44;26.65;89.55;93.42;58.49;64.76;11.37;18.98;96.76;78.44;22.16;10.44;82.62;87.92;97.28;100;97.31;92.59;12.87;0.67;11.62;3.16;2.19;0.29;93.96;91.71;70.63;76.47;82.48;57.15;52.44;49.36;56.59;39.9;58.89;36.8;13.31;203.33;327.5;510;900;1370;0.52;1.74;2.83;10.24;16.25;29.5;42.48;41.18;3.88;56.82;11.43;23.65;43.18;73.86;14.41;10.03;699.41;135.8;2879.91;263.94;427.19;683.01;2003.77;700.33;31.15;99.83;168.4;0.49;19.3;1.91;10.5;18.45;8.3;0.5;64.35;66.12;48.38;49.06;1.68;16.23;5.67;3.24;16.09;69.77;82.15;91.82;1161.71;56.85;4.9;22.94;68.68;66.7;78.01;8.93;28.78;38.19;17.5;7.94;7.92;0.34;50.96;6.97;18.14;98.39;92.62;32.34;97.9;99.9;2.14;0.71;16.68;17.38;2.69;18.01;8.49;32.93;0;7.56;13.71;13.41;0.34;3.03;0.1;1945;2714;2318;2119;2008;2170;1980;1843;1626;1411;1179;2277;921;794;595;392;26656;364;1863;2526;2339;2125;2341;2317;2081;1919;1797;1453;1270;2134;1019;815;633;422;551;27605;26197;257;682;25259;725;4157;3075;3116;2255;40802;2967;8901;2802;37835;2532;5934;2468;31901;828;763;868;4731;10945;4566;2526;1488;21082;16618;6092;54261;48169;46081;5240;2974;37868;54129;54058;572;778;754;702;851;718;-24.497942;-47.844895
2010;354270;35;3542701;RESTINGA;74.55;2.33;15.4;17.86;49.26;94.17;82.62;6.29;9.94;2.15;1.07;8.99;1.53;9.66;2.93;11.58;72.66;73.81;78.62;16.16;15.23;21.38;11.18;10.96;0;87.94;102.51;44.65;64.7;12.4;82.58;92.73;40.53;59.3;9.85;16.09;98.71;79.1;16.5;3.58;82.78;89.35;96.47;100;98.61;93.7;8.83;1.64;23.48;0.48;1.02;0;85.49;83.46;70.94;74.35;78.08;48.61;41.66;39.84;44.43;28.01;35.99;24.13;6.14;225.33;340;505;671.75;887.14;0.38;3.51;4.06;8.2;11.78;26.95;41.03;27.69;5.66;43.1;16.91;33.63;56.9;81.21;6.55;5.07;499.24;141.39;1382.54;280.8;417.2;580.99;1070.31;502.45;26.41;76.39;167.95;0.27;17.65;0.24;24.69;6.1;3.5;0.81;69.56;55.73;32.62;33.15;0.66;6.11;24.1;3.67;15.32;82.8;92.63;97.59;857.79;60.21;8.42;43.53;75.64;69.09;79.79;6.15;51.54;12.19;11.38;5.03;4.27;0.17;65.12;0.39;13.09;98.19;95;29.43;99.9;99.73;0.22;2.38;20.95;17.22;1.39;22.21;8.15;34.13;0;7.02;24.52;10.15;0.08;1.92;0.27;274;312;261;339;265;260;221;233;197;181;162;291;96;64;68;40;3296;32;266;332;322;303;282;249;228;205;209;198;117;285;85;73;55;37;45;3291;3296;54;163;3080;114;512;377;379;315;4827;375;1225;369;4452;349;850;337;3602;111;103;120;605;1369;414;332;196;2408;1783;1408;6587;5179;5475;644;374;4457;6568;6526;486;732;705;639;826;664;-20.605593;-47.483254
2010;354280;35;3542800;RIBEIRA;72.83;2.51;18.3;21.17;58.25;93.14;80;11.02;9.89;0.78;2.5;12.48;2.24;13.35;4.95;15.11;75.76;75.02;79.11;14.19;13.11;18.17;10.05;11.87;2.72;92.5;93.9;88.94;72.35;17.14;89.31;90.1;70.45;68.38;9.37;29.98;97.67;85.02;16.82;7.15;82.77;84.67;91.33;88.05;97.05;93.65;4.76;0.69;3.8;3.58;4.75;0;91.51;82.98;85.07;88.75;79.54;42.89;37.48;69.48;57.61;30.99;66.04;27.06;5.95;135.5;204.17;336.67;510;861.67;0.47;2.82;1.83;20.47;35.63;50.15;73.48;36.73;4.83;52.87;13.16;25.98;47.13;67.58;11.16;8.1;416.85;100.6;1531.18;173.72;267.11;440.93;1111;417.56;33.65;101.84;158.56;0.39;28.63;1.07;37.41;6.8;7.86;0.95;42.9;52.51;40.44;34.94;1.24;8.35;5.89;6.67;35.5;83.07;92;96.03;760.16;46.61;4.29;28.5;52.67;54.5;66.51;3.23;22.92;13.76;9.22;2.47;1.99;0.36;31.67;8.44;24.79;62.87;89.86;27.8;100;97.34;1.57;3.3;24.44;17.23;2.95;27.85;13.18;50.07;0;1.43;19.07;15.78;2.96;3.39;2.66;133;184;168;92;124;102;123;114;104;108;93;138;77;62;50;41;1743;30;110;145;132;121;98;106;119;87;99;85;78;156;92;61;61;33;32;1615;1315;14;63;1238;51;258;184;192;134;2492;200;513;154;2292;151;313;150;1979;58;58;59;307;708;370;145;83;1204;951;2122;3358;1236;2822;329;221;2272;3325;3319;429;843;698;673;797;635;-24.6577435;-49.0086372
2010;354290;35;3542909;RIBEIRÃO BONITO;73.66;2.45;16.9;19.54;47.93;93.65;81.27;8.83;11.03;1.23;1.44;9.52;1.63;10.11;3.62;11.93;75.16;79.78;74.68;14.01;12.07;20.21;10.83;8.14;5.11;91.55;99.83;68.1;67;15.76;85.01;89.81;50.19;58.12;7.81;15.33;99.17;83.69;18.92;9.55;85.42;88.71;97.39;97.19;98.69;94.78;16.78;1.18;9.52;4.98;1.56;0;81.08;77.85;66.17;73.64;79.48;48.9;42.24;38.28;45.16;31.36;42.65;28.35;9.41;253;382.5;520;800;1306.67;0.46;0.29;0.64;4.85;9.98;21.17;36.34;38.26;5.47;52.84;14.96;28.55;47.16;68.94;10.23;7.15;673.96;184.4;2578.26;319.65;458.12;627.04;1800.94;673.96;54.12;106.32;188.52;0.36;9.96;1.38;34.06;7.91;6.12;0;77.45;55.02;35.84;29.71;0.56;10.15;16.21;2.71;15.65;73.81;87.98;94.87;1003.31;59.98;7.04;31.56;71.35;68.21;82.78;7.16;30.42;42.76;14.74;5.71;9.78;0.25;69.28;3.96;12.95;99.12;99.36;25.81;99.69;100;0.53;0;29.41;14.58;1.31;25.45;7.46;29.71;0.85;8.28;10.1;8.66;0.71;1.3;0;485;527;526;556;546;496;448;403;389;327;250;461;193;172;143;92;6104;90;441;486;516;562;504;468;448;428;345;294;279;461;225;169;129;131;145;6031;6155;71;194;5890;198;815;591;616;519;9274;627;2160;628;8647;619;1533;648;7114;209;173;172;947;2178;1071;486;334;4643;3565;915;12135;11220;10262;1013;614;8635;12087;12087;489;707;712;625;811;712;-22.0692867;-48.1781765
2010;354300;35;3543006;RIBEIRÃO BRANCO;72.83;2.81;18.3;21.17;56.05;93.14;80;6.2;9.93;1.33;1.51;12.24;2.65;13.34;5.48;15.76;70.48;72.33;80.27;14.97;14.15;17.39;14.55;13.52;2.35;100.28;111.23;68.09;59.94;9.28;88.38;93.79;47.55;53.75;3.94;14.6;96.59;75.73;18.44;11.56;69.22;77.33;87.98;92.87;97.54;92;17.12;2.41;6.9;5.08;2.66;0.38;87.7;89.39;66.78;75.49;70.02;33.38;25.2;41.92;37.63;19.47;40.78;15.41;3.55;116.2;177.5;266;450;602;0.46;9.6;11.91;27.15;37.39;59.29;74.57;34.81;3.97;50.95;13.41;27.35;49.05;72.85;10.38;7.58;318.44;63.14;1108.5;150.43;221.89;345.52;809.22;323.79;31.47;80.28;143.83;0.39;18.68;1.29;48.22;8.75;5.3;0.07;44.9;39.52;25.07;26.62;0.91;4.95;3.73;10.06;38.19;89.29;95.63;98.48;608.02;53.43;7.03;33.36;65.94;64.31;70.88;12.02;23.51;26.83;17.71;10.96;13.31;0.28;39.96;2.77;28.64;89.31;91.15;31.62;98.3;99.54;4.15;4.76;41.6;30.78;2.46;39.57;25.78;54.03;0;3.79;31.36;20.08;3.4;3.22;0.46;727;1114;947;747;718;712;611;619;532;425;368;933;311;268;167;108;9396;89;741;1064;916;733;724;689;630;553;477;347;356;850;292;200;126;86;89;8873;8000;153;411;7436;285;1727;1275;1292;846;12840;1191;3343;1106;11649;977;2152;936;9497;337;312;324;1922;4460;1133;1064;579;6218;4569;8976;18269;9293;14973;2178;1232;11563;18229;17928;334;711;639;553;797;592;-24.2211495;-48.7678322
2010;354310;35;3543105;RIBEIRÃO CORRENTE;73.86;2.36;16.6;19.15;47.7;93.77;81.58;6.86;10.84;1.51;0.84;9.51;2.07;10.21;3.06;12;73.7;78.34;77.41;16.16;12.58;17.97;10.13;9.08;4.62;100.19;108.67;76.43;80.5;14.22;94.64;99.38;59.61;76.34;8.39;27.37;100;85.89;16.6;5.79;85.77;90.84;100;100;100;96.29;20.83;0.49;7.42;6.66;0.33;1.14;93.12;96.32;71.76;77.83;76.41;44.66;37.75;42.95;47.45;27.61;49.97;23.29;3.95;238.22;362;510;750;1095;0.42;1.18;2.6;5.71;13.37;22.54;42.44;32.35;5.49;47.7;15.88;31.04;52.3;78.79;8.15;6.04;579.04;158.97;1873.04;300.9;438.76;615.65;1388.75;579.04;53.04;98.1;169.96;0.3;15.57;2.11;51.3;6.51;7.21;0;48.21;50.24;32.31;23.07;0.12;4.67;11.1;7.47;25.97;79.99;91.49;96.95;871.03;66.55;7.91;49.26;80.03;76.32;89.23;3.89;7.36;9.56;7.04;3.53;2.09;0.27;42.86;1.56;30.55;98;99.57;25.27;100;99.46;0;0;32.37;14.23;0;27.3;8.74;40.65;0;12.98;22.23;4.07;0.18;0.79;0.54;156;231;192;222;164;201;172;146;125;108;90;169;89;57;44;26;2218;26;172;186;185;171;195;139;165;120;130;113;91;173;75;53;42;26;19;2055;2394;33;121;2241;76;331;233;246;188;3186;238;770;236;2948;212;532;212;2416;64;71;71;357;842;293;186;117;1524;1168;876;4273;3397;3598;417;245;2936;4269;4269;447;0.77;711;642;814;688;-20.457872;-47.590394
2010;354320;35;3543204;RIBEIRÃO DO SUL;74.05;1.73;16.2;18.79;45.89;93.88;81.87;10.62;10.5;1.32;0.92;7.22;0.45;7.65;2.55;8.78;75.69;75.3;85.11;12.3;11.62;11.65;12.01;13.08;3.24;100.84;106.54;86.18;71.36;50.02;92.27;94.19;66.84;60;27.56;28.84;99.03;80.43;35.07;9.44;87.47;90.55;94.22;100;99.07;93.85;10.34;0.75;25.42;3.93;3.95;0;90.13;92.14;74.39;86.43;88.96;47.4;40.94;64.16;69.11;35.96;68.51;30.81;9.75;255;373.33;510;755;1020;0.59;1.01;1.53;5.82;13.96;20.83;38.91;54.3;4.18;63.18;11.47;22.09;36.82;81.96;18.94;11.19;866.43;181.17;4704.38;315.65;460.31;637.9;2779.11;867.03;44.52;103.66;181.17;0.66;20.37;2.14;31.24;8.32;7.7;0;55.87;57.7;46.02;35.06;1.1;12.82;14.34;2.26;22.92;77.65;89.3;95.66;1525.7;56.49;4.21;33.92;73.41;64.15;80.39;4.07;20.83;31.46;6.91;2.93;4.98;0.8;45.33;3.91;26.42;88.22;98.81;17.9;100;100;0.33;0.94;26.77;12.53;0.93;25.42;8.62;42.11;0;4.25;12.97;4.24;0.14;0.9;0;134;200;176;157;149;156;175;170;157;148;127;146;109;86;46;50;2231;45;125;182;170;171;168;172;152;174;144;139;124;133;112;83;63;46;57;2215;2205;16;78;2111;52;302;224;229;144;3475;218;663;197;3257;179;445;183;2812;58;61;50;289;741;472;180;117;1752;1415;1151;4446;3295;3904;382;231;3291;4446;4443;474;807;747;676;818;753;-22.7861813;-49.9285258
2010;354323;35;3543238;RIBEIRÃO DOS ÍNDIOS;73.52;1.61;17.1;19.81;50.24;93.56;81.06;13.81;10.98;1.36;1.11;13.92;3.43;14.61;3.82;16.18;82.42;82.07;90.22;9.82;9.68;9.78;7.75;8.24;0;98.47;100.92;90.9;61.65;31.46;94.3;93.13;75.78;56.14;24.33;40.41;97.43;88.26;26.93;1.82;88.42;91.78;95.87;100;98.71;96.17;8.78;0.91;24.25;0.79;4.31;0;90.31;92.11;85.1;84.17;88.02;44.65;38.66;79.61;74.73;32.18;78.82;26.31;4.5;218.25;335;494;656.67;916;0.38;2.04;3.89;5.73;11.62;29.13;52.61;28.8;6.31;44.16;17.4;33.45;55.84;62.44;6.62;5.09;489.94;154.5;1411.24;271.69;393.26;548.52;1083.74;490.75;22.8;85.99;181.86;0.26;22.43;1.28;37.03;9.02;5.18;0;53.62;55.25;40.06;34.72;0.75;6.71;11.21;11.93;36.02;85.83;94.75;98.49;641.92;58.99;9.01;54.56;75.83;64.76;86.42;6.87;13.58;15.59;11.48;6.36;11.09;0.24;39.31;5.87;21.93;96.51;98.7;8.27;99.88;100;0.11;3.09;21.47;11.58;1.29;27.2;9.08;43.88;0;4.15;14.35;6.23;3.94;1.6;0;60;96;75;68;90;66;80;87;64;73;65;63;49;57;38;27;1089;31;50;89;69;82;68;84;76;91;79;85;52;70;53;62;40;20;28;1098;1148;17;50;1082;18;147;105;112;67;1753;90;294;76;1663;90;204;92;1459;25;32;24;138;345;302;89;43;886;735;337;2187;1850;1946;185;91;1670;2187;2183;447;877;721;701;809;661;-21.8378246;-51.602158
2010;354325;35;3543253;RIBEIRÃO GRANDE;73.43;1.94;17.3;19.98;49.04;93.51;80.93;8.64;10.79;0.87;2.2;13.09;1.9;13.95;3.52;16.27;80.64;81.57;90.54;13.27;13.32;8.13;6.09;5.11;1.33;96.25;99.22;87.72;89.38;6.95;93.28;92.84;72.24;75.55;2.73;10.18;96.87;88.27;9.41;4.59;77.43;84.17;93.93;100;96.77;94.57;13.96;1.11;0.86;3.44;2.89;0;93.77;94.37;83.37;91.41;85.21;45.14;37.42;60.17;58.49;31.29;66.8;26.04;2.69;174;266.67;395;566;802;0.41;4.05;7.02;11.74;18.69;38.07;57.74;31.91;5.38;47.07;15.54;30.91;52.93;70.46;8.21;6.06;436.21;117.25;1391.95;221.73;335.07;480.33;1027.7;437.77;35.68;87.91;164.9;0.31;18.48;0.8;29.71;9.76;9.83;1.56;59.53;55.07;39.64;34.72;0.79;3.87;10.12;6.81;29.83;84.9;93.92;98.16;709.75;56.32;3.33;32.69;70.16;65.32;75.88;8.42;26.87;20.36;21.44;7.83;7.51;0.25;45.84;7.94;20.22;88.96;93.05;23.98;100;99.7;5.1;2.86;23.71;22.57;3.23;25.62;11.97;42.46;0;1.36;7.98;14.92;1.49;1.8;0.3;261;341;331;303;311;297;308;256;265;178;156;292;162;133;104;53;3795;44;256;365;323;293;314;270;267;265;216;179;144;286;142;117;97;52;41;3627;3566;23;133;3410;89;572;432;444;313;5621;409;1250;403;5212;364;841;367;4371;115;143;96;569;1413;641;365;202;2720;2104;5078;7422;2344;6333;706;406;5220;7406;7380;451;828;705;676;807;643;-24.10114;-48.367931
2010;354330;35;3543303;RIBEIRÃO PIRES;75.81;1.56;12.01;13.93;38.3;94.61;83.78;6.95;10.52;1.27;1.1;3.47;0.71;3.62;0.84;4.19;77.5;77.52;88.79;12.6;12.79;9.57;9.9;9.69;1.65;95.77;99.84;84.22;59.87;32.16;87.01;89.44;60.34;52.6;16.24;29.37;96.22;86.36;26.57;12.51;83.67;88.75;94.15;99.24;97.35;94.49;11.31;1.12;17.35;4.55;2.99;0.65;84.17;83.59;79.28;85.43;87.86;68.41;64.66;62.93;66.84;49.72;69.4;46.42;10.74;314.29;501;735;1133.33;1640;0.44;0.99;2.18;3.39;6.39;14.19;23.7;33.89;4.98;49.78;14.56;28.93;50.22;77.33;9.31;6.85;847.11;210.99;2870.84;405.83;608.5;901.71;2112.2;847.11;35.17;88.88;179.74;0.35;17.4;1.68;1.08;13.8;6.06;0.24;74.17;77.09;59.93;42.42;0.86;14.06;23.04;1.33;9.56;58.01;75.3;89.72;1385.7;58.57;4.86;25.31;76.47;66.43;81.02;10.92;47.48;30.83;18.11;10.16;10.9;0.3;62.19;4.56;13.05;99;96.79;29.4;99.16;100;1.11;0.47;9.75;16.33;2.65;10.25;2.19;23.72;0.21;3.78;8.98;6.44;1.22;1.18;0;3511;4694;4517;5014;5105;4764;4291;4072;3751;3305;2841;3862;2156;1478;890;538;55318;529;3364;4346;4434;5023;5149;5016;4670;4429;4078;3692;3086;3680;2363;1563;1131;773;953;57750;57860;439;1349;56072;1333;7230;5415;5468;4136;89611;5352;18988;5193;84259;5592;13636;5899;70623;1406;1488;1474;7864;18760;7855;4346;2643;46360;36903;0;113068;113068;98781;9040;5330;84411;112775;112775;684;801;784;0.76;847;749;-23.7129388;-46.4150871
2010;354340;35;3543402;RIBEIRÃO PRETO;75.65;1.6;16.88;18.92;39.02;95.22;85.45;8.67;10.48;1.76;1.25;2.91;1.02;3.01;1.14;3.4;74.69;78.13;80.88;14.67;13.76;13.34;10.65;8.11;5.78;97.45;105.11;76.82;93.22;42.42;88.16;91.65;55.85;72.77;22.04;41.61;96.35;86.8;31.86;14.75;90.17;91.97;93.94;95.52;96.92;94.18;17.75;1.19;10.75;3.44;1.91;1.58;89.99;89.05;69.67;79.03;84.77;68.31;65.05;54.15;60.4;50.86;58.53;48.97;20.87;382.5;605;905;1597.5;2630;0.54;0.61;1.22;2.53;5.22;9.46;18.81;43.77;3.86;59.13;11.44;22.82;40.87;74.96;15.31;10.28;1314.04;253.64;5751.31;497.71;747.98;1185.91;3863.27;1315.1;37.06;94.14;176.39;0.51;20.84;3.17;1.14;19.02;6.78;0.08;73.83;74.9;56.73;53.08;0.8;21.88;11.16;1.38;8.5;52.86;70.39;84.34;1817.86;64.84;6.39;32.66;75.16;72.29;85.33;5.47;28.28;26.28;11.12;4.72;5.49;0.42;59.2;3.93;11.77;99.39;98.27;19.06;99.82;99.96;0.19;0.84;15.91;9.83;3.08;13.78;3.17;21.16;0.57;5.21;9.56;3.83;0.32;0.62;0.04;17999;21954;23954;27917;29247;26139;21910;20170;19140;17017;13923;19333;10551;7526;5653;3886;290171;3852;17807;21345;23441;28307;29929;26896;23169;21678;21819;19800;16640;18876;13315;9867;8078;5999;7545;314511;343554;2768;9008;331779;7335;34574;25682;26191;21168;487326;28009;103608;27993;459317;29906;75599;31167;383718;7303;7429;7652;39499;92681;52403;21344;13898;256466;204721;1716;604682;602966;529869;43333;27580;458956;599026;598544;683;769;0.8;739;844;0.82;-21.178333;-47.8066671
2010;354350;35;3543501;RIVERSUL;72.94;2.74;18.1;20.95;54.77;93.21;80.17;11.62;10.41;1.69;1.11;13.3;1.37;14.32;3.87;16.33;80.63;81.34;87.08;10.51;10.39;9.36;8.87;8.26;3.57;87.45;93.46;72.14;64.46;13.9;85.75;89.58;59.01;60.86;7.68;17.24;96.82;71.35;11.22;0.7;63.44;70.7;82.8;90.37;95.95;89;8.73;0;1.85;2.53;3.25;0.89;89.46;88.62;70.36;71.13;76.59;35.34;28.88;52.74;53.07;23.7;51.1;19.09;6.15;125;214.33;350;510;866.67;0.5;8.74;13.61;25.07;43.59;50.45;75.59;37.91;3.49;54.1;11.53;24.69;45.9;60.6;13.15;9.55;412.42;71.92;1563.4;165.81;271.47;437.29;1135.12;413.59;39.73;83.58;144.03;0.47;22.38;1.31;37.6;11.34;4.6;0;34.67;45.62;32.93;34.83;0.34;9.03;9.14;12.29;50.55;87.2;92.15;96.89;641.18;47.89;5.54;30.58;60.62;54.89;68.41;4.06;12.04;16.14;9.8;3.4;5.48;0.43;24.51;6.43;33.3;94.47;96.98;21.07;99.64;99.37;0.52;2.46;40.84;36.56;4.05;37.98;22.95;58.08;0;7.12;17.46;21.09;3.23;5.92;0.63;214;271;289;194;230;210;203;198;186;187;161;208;136;122;97;70;3047;71;229;299;269;193;209;212;194;191;215;195;171;244;139;121;109;64;62;3116;2520;32;110;2379;89;473;367;351;254;4698;361;945;316;4337;285;584;256;3753;100;98;101;451;1187;716;299;172;2344;1882;1671;6163;4492;5262;570;358;4334;6133;6115;353;738;664;577;799;634;-23.8303603;-49.4340558
2010;354360;35;3543600;RIFAINA;74.42;2.1;15.6;18.09;45.49;94.1;82.44;10.27;10.43;0.47;0.61;6.81;2.59;7.21;2.22;7.94;70.6;71.49;82.05;13.11;15.61;6.33;16.29;12.9;11.63;97.63;106.52;73.27;59.4;14.35;92.22;96.82;60.18;55.58;8.71;9.37;100;81.04;13.68;5.13;81.94;88.8;100;100;99.26;94.39;14.97;0;22.82;3.26;1.64;0;92.44;95.83;72.01;84.47;79.89;53.52;49.46;48.68;48.2;36.23;51.53;34.39;11.27;253.33;392.5;566.67;922.5;1255;0.45;1.8;3.96;5.18;9.13;22.66;40.42;34.57;5.06;50.31;14.22;28.31;49.69;68.38;9.72;7.06;677.62;171.41;2342.4;310.48;477.42;724.22;1700.23;678.27;41.22;90.5;181.46;0.35;15.72;0.22;17.17;10.02;10.08;0.65;59.51;60.52;42.11;46.7;1.37;12.88;7.71;3.33;17.83;79.39;89.61;95.7;907.07;63.27;7.03;48.61;80.81;70.14;86.52;7.87;14.45;38.81;13.45;6.35;7.39;0.25;44.77;7.77;28.51;96.96;99.9;15.81;99.71;100;0;0;23.46;18.06;0.74;20.67;7.62;33.55;0;10.94;12.59;9.02;0;0.75;0;99;143;127;150;130;129;115;128;122;108;94;136;78;64;43;30;1724;28;108;124;136;101;140;142;120;136;116;116;92;109;83;64;46;38;41;1712;1894;19;84;1791;36;214;166;155;123;2703;164;512;152;2539;146;348;142;2191;47;43;49;253;568;353;124;85;1366;1130;428;3436;3008;2994;267;173;2553;3414;3410;535;783;0.74;0.69;824;713;-20.080256;-47.429109
2010;354370;35;3543709;RINCÃO;74.53;2.15;15.5;17.9;46.63;94.16;82.6;8.09;10.49;1.39;0.74;7.79;2.63;8.3;2.52;9.46;79.74;80.9;88.43;11.15;10.6;9.61;9.11;8.5;1.95;96.82;102.69;79.11;85.29;20.39;89.62;93.08;54.36;66.25;9.39;34.1;96.87;77.34;18.45;8.77;92.98;95.45;98.22;100;98.22;93.02;13.02;0.8;25.16;3.98;3.91;2.34;95.21;92.26;79.99;77.94;78.94;49.22;43.13;47.67;48.46;29.84;54.45;26.03;5.94;240;363.33;530;821.67;1136.67;0.44;2.11;4.98;6.82;14.2;23.31;41.11;34.96;5.06;50.31;14.77;29.19;49.69;72.45;9.47;6.8;626.27;158.51;2189.65;304.12;451.55;641.66;1573.31;626.27;38.38;90.9;170.97;0.35;14.76;1.14;19.93;9.66;3.36;2.26;78.25;58.18;37.2;41.48;0.5;7.94;19.88;1.54;18.23;72.04;86.38;95.52;1006.75;56.33;1.9;23.64;67.72;65.37;83.15;6.25;48;34.27;11.98;5.39;7.15;0.23;69.4;1.23;11.93;99.68;99.46;27.1;99.21;100;0;0;23.81;7.02;1.78;22.41;8.04;30.88;0;4.38;14.51;8.44;0.84;1.42;0;399;472;467;448;444;412;394;377;329;281;242;393;210;138;108;69;5244;61;361;447;443;434;468;388;380;367;302;288;220;398;208;146;122;84;114;5170;5006;17;124;4864;136;720;530;549;467;7944;537;1792;525;7407;544;1255;536;6152;157;151;151;839;1936;842;447;269;3964;3087;1954;10414;8460;8886;919;526;7441;10271;10271;492;803;734;682;826;701;-21.5881095;-48.0724258
2010;354380;35;3543808;RINÓPOLIS;75.59;2.04;13.8;16.01;46.75;94.75;84.15;12.95;11.03;2.29;0.65;10.15;1.61;10.73;2.73;12.41;79.79;81.45;86.53;11.15;9.78;13.47;9.06;8.77;0;94.09;105.46;66.07;54.95;25.58;87.17;93.23;52.32;54.95;17.87;15.41;96.95;85.53;24.11;7.93;85.57;90.46;95.78;100;98.66;94.87;11.35;1.35;25.65;1.63;3.47;2.12;94.93;94.25;72.18;82.73;70.79;43.43;38.42;50.58;45.92;27.74;50.04;24.42;8.13;255;375;505;700;1100;0.43;1.05;2.64;5.17;11.79;21.28;35.66;36.33;6.21;50.42;16.54;30.74;49.58;71.21;8.79;6.11;606.9;188.38;2204.92;313.48;430.88;571.67;1532.39;608.15;17.16;99.07;188.38;0.32;16.91;1.72;35.59;7.77;3.49;0;61.78;55;35.52;28.45;0.33;9.3;18.53;3.9;16.57;80.87;90.46;95.78;904;57.64;4.93;39.07;75.52;63.47;86.23;4.35;33.22;14.51;6.63;3.76;4.16;0.24;53.12;1.95;23.72;99.02;98.09;15.83;99.66;100;1.31;2.23;34.37;14.43;1.34;30.85;8.52;42.51;0;14.2;12.56;6.86;1.38;2.4;0;277;360;421;462;407;357;314;341;337;327;293;332;224;183;159;124;5051;133;299;311;360;400;363;324;342;306;344;349;269;299;230;218;185;117;168;4884;5027;33;184;4810;128;524;373;377;334;8057;465;1643;480;7592;479;1178;485;6414;114;141;121;637;1468;1287;311;216;3975;3215;1299;9935;8636;8721;671;471;7579;9923;9903;434;784;723;644;843;696;-21.7283596;-50.7227246
2010;354390;35;3543907;RIO CLARO;76.72;1.82;13.47;15.1;40.87;95.55;86.33;9.36;10.45;1.19;0.56;3.46;0.69;3.63;1.04;4.18;76.99;79.1;85.21;14.79;14.19;13.26;8.22;6.71;1.53;95.25;103.47;73.27;107.64;36.5;89.81;94.29;61.15;82.5;18.64;35.8;97.63;87.84;27.46;11.47;93.68;95.68;97.13;99.74;98.24;95.41;14.19;1.19;6.78;2.91;0.93;1.13;92.55;92.98;76.55;82.3;89.4;67.09;63.01;61.5;67.24;49.71;67.89;46.5;16.25;360;532.5;764;1260;2003.33;0.5;0.37;0.62;2.67;5.94;10.4;21.06;41.97;4.68;56;13.28;25.54;44;73.68;12.65;8.44;1049.16;245.45;4403.32;450.94;643.23;968.55;2938.37;1049.4;37.37;102.94;183.61;0.43;18.54;3.06;2.49;15.65;7.49;0.16;77.3;74.98;57.33;40.92;0.93;18.01;24.56;0.98;8.73;60.82;76.98;88.61;1490.02;62.96;3.99;35.63;78.77;70.46;86.67;7.03;35.63;33.12;13.31;6.06;7.15;0.35;64.78;2.56;10.26;99.53;98.42;22.44;99.8;99.93;0.02;0.52;14.06;6.32;1.76;12.98;3.17;22.23;0.15;4.12;11.45;3.77;0.15;0.67;0.07;5721;6960;7302;8139;8549;7985;6887;6466;6332;5492;4349;5953;3386;2476;1880;1340;90687;1470;5346;6940;7188;7931;8454;8091;7209;6820;6649;6031;4874;5640;4063;3109;2537;2029;2655;95566;103120;554;3112;99454;2207;11143;8369;8367;6514;149320;8528;30484;8553;140792;9052;21956;9222;118836;2311;2231;2206;12052;28972;17437;6917;4230;77460;62382;4533;186253;181720;163786;13900;8735;141151;185172;185130;671;819;803;766;862;784;-22.4100108;-47.5603933
2010;354400;35;3544004;RIO DAS PEDRAS;75.49;2.01;14;16.19;41.62;94.69;84.01;6.24;9.66;1.17;1.05;6.14;1.41;6.48;2.09;7.61;67.29;67.5;85.87;17.11;17.23;14.13;15.6;15.28;0;98.55;109.66;69.13;69.59;24.8;88.07;94.86;53.01;62.67;12.45;18.57;97.28;85.43;20.74;7.81;81.44;86.7;95.71;100;98.44;94.87;15.95;0.64;15.54;2.79;0.42;0;85.44;86.61;66.94;77.15;85;60.19;54.83;54.04;60.31;41.87;62.63;37.89;7.32;300;475;660;935;1377.5;0.45;0.48;0.7;3.59;6.46;14.39;25.51;37.13;5.27;51.37;15.18;28.97;48.63;74.95;9.78;6.72;804;211.84;2985.29;398.5;554.15;790.56;2051.2;804;44.92;110.52;184.48;0.36;14.69;1.03;5.83;12.04;6.42;0.17;79.38;69.38;50.39;31.31;1.03;8.28;41.28;0.69;9.5;62.73;81.72;93.77;1226.34;64.76;1.52;37.86;83.05;74.17;90.1;10.33;77.91;43.83;16.71;8.88;12.89;0.24;71.93;1.52;10.14;99.25;96.75;25.37;99.34;99.97;0;0;16.1;18.56;1.56;16.01;4.15;25.77;0;3.43;6.09;4.1;0.66;1.24;0.03;1053;1257;1290;1481;1564;1300;1221;1055;949;768;560;1122;479;305;224;152;14914;134;1083;1207;1138;1412;1407;1263;1150;1034;917;735;631;1106;477;353;270;206;198;14587;16273;38;598;15638;382;1974;1455;1496;1320;22673;1428;5321;1408;21245;1542;3893;1595;17352;434;444;421;2274;5214;1842;1207;671;11191;8641;939;29501;28562;25127;2464;1580;21084;29409;29409;602;755;759;0.7;842;741;-22.8441256;-47.6065667
2010;354410;35;3544103;RIO GRANDE DA SERRA;74.36;1.76;15.7;18.21;43.2;94.06;82.35;5.03;11.4;1.55;1.23;5.41;1.13;5.73;1.4;6.75;82.66;86.69;80.84;10.1;8.2;16.48;7.24;5.11;2.68;100.29;103.82;89.59;73.97;19.53;91.61;93.7;64.33;67.18;7.35;18.1;97.93;89.34;19.1;11.96;80.68;86.97;95.42;97.33;98.16;95.97;13.91;1.7;8.33;5.95;2.3;1.23;93.65;94.68;79.75;84.21;86.16;62.11;56.73;57.66;60.65;43.16;64.09;39.25;4.25;243;375;520;766.67;1033.33;0.39;1.98;3.24;7.02;11.67;22.01;33.77;29.46;5.64;45.1;16.58;32.49;54.9;79.09;7.11;5.44;563.57;158.79;1660.09;308.29;448.46;631.56;1270.82;564.49;34.48;90.19;167.53;0.28;12.09;0.7;0.81;13.89;10.13;0.25;69.74;70.16;51.2;42.43;1.36;5.38;24.35;0.8;14.76;72.61;87.6;96.38;987.85;60.41;3.51;31.99;80.42;70.27;80.01;13.37;30.09;51.36;22.77;11.94;10.22;0.21;61.84;4.48;20.15;99.58;97.55;39.3;98.85;99.64;0.57;0.71;15.76;19.32;1.84;14.48;5.5;28.13;0;3.35;15.09;7.38;2.73;0.98;0.36;1710;2085;1922;2037;2098;1921;1721;1573;1365;1086;857;1829;612;421;289;162;21804;116;1601;2057;1963;1987;2131;1978;1826;1568;1371;1144;930;1772;619;465;344;219;195;22170;22374;145;742;21486;600;3348;2531;2503;1991;32920;2351;7909;2288;30569;2286;5558;2341;25011;720;737;700;3658;8619;2211;2057;1206;16740;12790;0;43974;43974;37039;4142;2320;30576;43744;43673;621;816;749;745;823;684;-23.743724;-46.397084
2010;354420;35;3544202;RIOLÂNDIA;74.04;2.39;16.2;18.79;46.52;93.87;81.86;7.33;9.08;1.68;1.56;13.01;4.39;13.77;7.01;15.83;68.69;66.77;94.26;13.01;14.3;0;18.3;18.93;5.74;90.71;98.37;66.22;75.08;20.93;86.21;92.83;49.17;61.02;12.08;17.05;96.17;78.72;18.42;5.62;68.44;77.96;83.94;90.96;96.68;92.4;11.84;0.36;1.59;2.55;1.25;0.94;89.62;89.56;80.86;84;72.8;46.01;39.92;39.62;42.4;25.54;46.83;21.7;5.86;232;342.5;509.75;700;978.33;0.4;1.94;3.38;6.24;12.94;26.31;43.58;30.82;5.94;46.3;16.46;32.05;53.7;80.41;7.49;5.61;539.22;160.26;1662.02;283.41;420.44;583.62;1243.44;539.22;45.35;95.54;181.42;0.28;14.25;0.35;29.18;7.69;4;0;62.54;53.25;33.48;33.16;0.32;8.43;22.22;0.82;23.8;76.29;91.35;97.25;884.8;55.78;10.87;35.01;71.63;61.19;55.05;9.07;37.37;36.3;13.64;7.74;8.47;0.28;51.65;7.94;25.23;98.4;99.63;22.92;99.81;99.93;0.21;0.46;30.57;31.56;3.32;26.9;9.02;35.71;0;13.22;13.38;8.8;2.46;0.95;0.07;363;386;388;694;801;784;496;404;310;251;209;381;173;150;102;55;6022;75;357;373;401;420;370;368;328;305;279;234;190;339;195;140;97;71;86;4553;5098;83;151;4865;134;597;459;443;434;7143;448;1655;444;6695;497;1207;515;5488;148;138;146;742;1645;775;372;236;3472;2656;2209;10575;8366;9140;759;431;7950;9308;9308;0.46;735;703;629;817;677;-19.980944;-49.6814309
2010;354425;35;3544251;ROSANA;74.1;2.08;16.2;18.7;45.32;93.91;81.95;7.08;11.28;1.15;1.35;7.39;1.45;7.91;0.84;9.24;80.04;83.92;81.97;11.3;9.94;12;8.66;6.14;6.03;99.2;105.7;81.11;65.25;32.69;90.41;93.29;58.85;58.26;21.04;22.6;97.46;86.19;33.21;8.96;85.53;90.99;97.96;100;98.08;94.94;15.89;0.92;20.18;5.05;2.74;0.96;92.74;92.12;74.72;81.37;89.66;58.55;52.09;59.09;62.81;42.02;61.09;37.69;10.72;200;350;533.33;920;1479.67;0.6;4.84;6.88;11.37;19.02;30.43;46.04;50.52;2.81;63.54;9.23;19.85;36.46;78.24;21.88;13.83;843.59;118.42;4261.75;271.05;447.61;700.97;2693.96;854.38;25.53;74.3;156.04;0.68;17.97;2.89;14.61;14.06;12.27;0.77;63.9;68.57;49.84;44.48;5.65;14.59;5.49;8.61;23.24;65.7;79.51;89.94;1639.07;53.95;8.55;31.33;64.12;62.42;75.36;10.83;9.2;22.79;20.32;10.36;13.26;0.68;50.53;4.07;16.17;94.67;94.22;13.97;98.16;99.92;2.05;3.23;20.57;14.47;1.92;19.59;9.39;32.86;0;5.01;11.37;10.92;1.19;2.13;0.08;650;1031;993;826;671;653;668;682;587;586;494;783;392;292;233;138;9780;101;606;960;924;790;763;756;797;797;722;603;464;713;382;274;171;88;101;9911;9136;170;364;8602;250;1566;1172;1172;725;14931;1185;3529;1105;13746;1090;2344;1057;11402;280;291;282;1628;3998;1395;959;581;7624;5912;3833;19691;15858;16933;1991;1161;13781;19618;19371;586;811;764;728;818;749;-22.5788641;-53.0552246
2010;354430;35;3544301;ROSEIRA;74.38;2.26;15.7;18.18;41.66;94.07;82.37;6.5;10.99;0.93;0.59;5.32;1.16;5.67;1.09;6.55;71.74;78.34;76.35;18.03;14.51;18.71;10.22;7.15;4.94;101.9;112.87;72.06;104.61;23.56;93.29;96.7;50.55;75.64;11.05;29.03;98.52;83.07;21.03;6.7;95.67;97.28;98.55;100;98.69;94.49;29.14;1.16;20.03;7.47;1.58;1.72;97.01;95.58;61.66;77.64;85.57;59.35;54.15;49.18;56.95;41.86;61.5;38.86;9.61;225;352.5;500;770;1166.67;0.43;0.38;0.7;7.36;11.87;26.56;42.45;32.87;5.48;49.57;15.25;29.42;50.43;75.74;8.62;6.52;588.39;161.14;1934.01;287.43;416.88;618.22;1462.57;588.39;28.67;112.94;182.91;0.32;22.32;0.54;6.26;15.25;10.49;1.3;65.07;68.32;51.17;47.88;0.75;12;16.07;1.93;15.38;76.63;86.63;96.28;972.7;59.38;5;35.69;76.47;67.44;74.64;7.62;39.06;15.72;15.71;7.04;7.55;0.24;54.41;6.14;15.29;98.63;99.07;30.5;99.7;99.81;0.19;0;17.25;4.33;1.31;17.22;7.17;30.09;1.74;5.57;14.02;9.98;0.24;1.64;0.19;342;415;432;408;480;409;395;334;322;276;213;387;147;106;77;45;4842;54;336;387;410;380;439;449;352;336;293;299;242;332;160;116;61;84;81;4757;4844;40;176;4628;138;644;472;487;423;7400;507;1630;513;6893;483;1123;478;5770;117;139;145;738;1717;624;387;253;3702;2912;483;9599;9116;8157;802;493;6862;9519;9519;594;766;737;704;823;691;-22.9012387;-45.3100121
2010;354440;35;3544400;RUBIÁCEA;74.17;2.44;16;18.56;44.47;93.95;82.06;8.43;9.87;1.23;0;10.85;3.27;11.66;3.1;13.39;78.1;79.78;80.23;10.8;9.18;12.99;11.1;11.04;6.78;95.91;100.74;82.73;76.72;16.74;92.72;94.14;68.63;62.17;9.67;34.62;98.57;82.21;12.12;6.83;100;100;100;100;99.39;94.78;10.19;0;19.78;1.69;3.67;0;93.96;96.15;76.53;88.49;85.29;43.06;34.19;61.91;63.61;28.24;58.03;20.81;2.06;275.71;392.5;525;723.33;1000;0.37;1.21;2.29;6;11.03;18.35;30.26;28.95;6.43;43.65;18.2;34.46;56.35;74.85;6.36;4.77;565.62;181.9;1637.75;332.91;459.85;619.12;1228.33;566.57;32.36;91.02;176.14;0.24;9.21;1.03;33.75;6.34;3.68;0;71.73;53.23;35.68;31.92;0.25;3.24;23.3;8.95;20.58;69.16;85.55;97.14;970.67;55.52;1.94;31.88;69.81;63.11;85;5.7;0;15.14;8.83;5.38;8.91;0.23;67.25;0.71;13.01;99.65;99.79;17.04;99.61;100;0;0.22;18;0;0.61;24.07;5.25;38.66;0;9.34;4.97;7.34;0;1.14;0;99;121;116;124;124;112;110;106;89;81;56;87;53;32;42;21;1392;19;92;95;118;125;102;122;97;107;87;58;50;116;52;41;34;19;22;1337;1290;4;45;1241;42;163;124;120;115;2119;147;483;136;1972;135;336;149;1636;34;38;45;218;474;230;95;78;1034;791;1166;2729;1563;2324;216;142;1966;2729;2724;431;831;721;668;0.82;684;-21.2996334;-50.7298698
2010;354450;35;3544509;RUBINÉIA;75.64;1.5;13.8;15.95;46.89;94.77;84.22;13.56;9.9;0;0.78;7.03;1.44;7.39;0.6;8.25;76.56;73.76;95.73;12.4;13.65;4.27;11.04;12.59;0;101.46;104.6;92.86;75.15;51.53;96.49;98.36;76.27;75.15;32.63;47.01;100;95.26;36.26;9.41;100;100;100;100;100;98.73;10.62;0;4.98;3.63;1.64;0;100;100;81.26;90.5;86.06;50.95;45.88;65.43;63.26;37.26;67.56;33.51;10.29;275;466.67;590;890;1210;0.39;0.64;0.86;2.3;2.61;17.14;29.81;31.13;6.15;45.93;17.02;32.44;54.07;63.22;7.32;5.4;676.48;208.14;2105.9;367.6;521.5;731.63;1554.88;676.48;38.51;80;198.02;0.27;17.29;1.51;21.84;8;10.02;0.25;56.86;61.86;46.46;48.45;1.32;15.76;7.54;9.13;20.78;76.02;88.06;94.28;948.46;54.59;3.59;31.89;66.48;60.91;78.56;6.71;34.66;37.6;17.92;5.6;6.38;0.28;28.17;23.44;20.46;97.89;94.72;12.72;100;100;4.36;0;20.7;0;0;27.38;5.79;39.98;0;0;5.72;1.9;0.29;1.42;0;68;112;104;100;78;82;87;95;104;104;108;91;72;74;65;33;1415;38;74;104;94;110;89;105;93;109;119;102;103;77;87;67;54;33;27;1447;1394;8;41;1345;31;179;141;135;85;2320;128;406;114;2192;124;278;118;1914;24;29;30;170;438;388;102;62;1184;982;507;2862;2355;2553;216;130;2208;2850;2850;0.51;867;759;726;844;713;-20.1718325;-50.9995571
2010;354460;35;3544608;SABINO;73.76;2;16.7;19.35;46.15;93.71;81.43;11.54;10.25;2.45;1.14;8.5;2.96;9;1.23;10.05;74.5;72.88;85.92;12.95;12.55;12;12.55;14.56;2.08;94.55;97.43;87.57;118.85;16.33;90.35;90.27;69.97;88.42;11.99;35.84;96.11;83.19;16.41;4.96;98.39;96.89;97.4;90.11;97.32;93.2;9.7;1.09;8;2.43;4.48;0;87.12;85.73;84.19;86.35;82.86;47.14;40.83;51.85;56.43;32.69;54.72;28.5;7.67;296.56;426.67;550;823.33;1090;0.41;0.71;1.52;4.13;8.39;15.97;29.07;33.16;6.12;47.41;17.09;32.04;52.59;68.63;7.76;5.55;655.4;200.55;2173.25;359.62;489.74;673.54;1553.91;655.83;20.42;103.82;182.87;0.29;16.78;0.62;34.98;9.12;3.65;0;68.5;54.36;39.55;38.47;0.21;9.67;8.77;2.11;12.95;75.59;90.68;96.9;959.83;57.24;12.33;31.35;72.46;63.44;87.68;5.54;42.49;16.72;9.06;4.46;4.68;0.23;59.48;2.02;19.75;98.56;98.54;18.59;100;99.47;0.24;0.78;26.1;1.61;2.68;25.91;6.12;35.42;0;3.71;16.23;3.81;0.41;1.88;0.53;170;210;237;199;209;181;153;175;187;175;151;167;123;92;88;49;2623;57;153;182;213;190;196;183;180;184;170;176;138;160;145;104;90;69;61;2594;2602;48;80;2474;72;327;235;265;180;4164;264;839;251;3900;262;575;257;3325;71;83;63;309;824;602;182;117;2091;1688;642;5217;4575;4545;392;254;3899;5214;5210;471;801;728;671;813;708;-21.4598472;-49.5776811
2010;354470;35;3544707;SAGRES;74.78;2.1;15.1;17.45;47.48;94.3;82.97;10.61;11.38;1.18;0;13.47;1.2;14.44;2.84;16.63;71.61;66.98;91.94;14.99;17.38;8.06;13.4;15.64;0;103.43;100.69;111.4;62.56;28.24;94.96;92.35;79.02;56.49;12.77;30.76;98.18;97.07;21.62;8.23;85.47;89.53;95.41;100;99.09;98.57;10.26;1.33;21.95;7.52;4.56;1.88;83.56;84.52;88.04;94.62;86.91;47.64;41.03;56.18;65.96;32.28;58.01;26.61;5.44;220;337.5;500;645;836.67;0.47;1.74;3.49;6.29;14.85;25.45;44.85;40.57;5.34;53.18;14.74;28.28;46.82;71.08;11.01;7.24;592.88;158.15;2405.6;278.92;401.21;549.6;1581.68;592.88;49.18;98.91;177.11;0.41;10.85;0.42;16.16;5.12;5.01;0.33;75.88;61.81;44.66;36.06;1.12;7.8;33.28;1.74;16.08;82.28;93.61;98.69;1038.29;50.33;1.07;19.02;71.65;58.46;75.79;7.11;0;72.98;10.77;5.62;5.72;0.42;70.64;1.81;14.54;98.58;99.61;17.22;100;99.93;0;0;23.93;14.53;0.91;26.1;7.89;39.19;0;0;6.29;6.76;0.3;1.56;0.07;62;100;109;82;92;101;78;67;87;89;52;90;49;40;39;26;1191;28;71;111;94;90;84;92;89;74;63;74;78;83;80;38;29;26;28;1204;1050;2;23;1024;29;169;122;133;79;1878;126;375;111;1752;111;249;102;1503;25;36;27;179;441;254;111;57;939;755;576;2395;1819;2086;211;123;1752;2395;2395;476;808;0.73;677;0.83;692;-21.8840628;-50.9574608
2010;354480;35;3544806;SALES;76.56;2.07;12.4;14.38;45.76;95.25;85.53;10.77;10.95;2.59;2.02;10.57;2.28;11.09;3.1;12.53;82.19;81.74;90.6;10.45;11.07;7.47;7.35;7.19;1.93;95.98;100.01;84.48;83.28;18.67;92.09;97.11;70.04;83.28;11.45;12.6;100;83.5;17.38;4.53;90.67;94.06;100;100;100;95.72;6.01;0;3.85;3.93;0.6;1.4;89.82;91.86;84.39;86.01;82.74;49.08;43.62;58.12;60.35;32.25;58.85;27.69;6.8;276.67;407.33;542;837.5;1196.67;0.42;1.47;3.37;4.77;11.69;18.33;30.67;33.48;5.68;48.13;16.36;31.08;51.87;70.75;8.18;5.91;654.79;186.03;2192.23;349.67;481.83;680.63;1583.64;655.71;33.97;83.46;177.65;0.31;17.32;2.6;22.98;11.2;6.53;0;58.55;59.87;40.97;32.46;0;8.24;20.77;2.16;19.29;75.7;87.18;95.37;979.07;58.68;7.58;53.11;76.04;63.89;86.51;4.41;22.35;9.54;8.45;3.95;5.04;0.28;47.05;6.38;24.73;95.27;99.6;15.19;99.18;99.94;0.11;0.04;27.39;9.33;0;26.5;8.4;38.25;0;3.92;18.29;6.11;1;1.43;0.06;200;206;210;215;223;202;194;188;176;176;163;193;139;97;97;56;2789;54;143;184;204;190;230;189;202;195;185;183;148;195;131;121;71;45;46;2662;2773;30;132;2611;79;309;226;232;196;4315;247;818;261;4068;247;571;247;3497;68;67;82;400;864;587;183;122;2133;1740;544;5451;4907;4726;390;249;4087;5426;5418;491;831;751;697;859;708;-21.3418263;-49.4999228
2010;354490;35;3544905;SALES OLIVEIRA;75.71;1.47;13.7;15.82;41.98;94.81;84.33;9.19;11.28;1.07;0.57;5.02;0.48;5.32;1.48;6.25;79.19;81.66;77.79;13.9;12.46;17.12;6.91;5.88;5.08;97.24;101.76;83.63;92.57;24.23;93.11;96.7;70.47;75.14;15.77;26.55;98.66;85.27;20.78;7.24;84.87;89.29;96.72;100;98.81;95.43;8.66;0.39;7.65;2.6;1.05;0;94.2;94.78;82.87;89.3;91.37;57.33;50.38;62.34;67.62;40.54;65.44;35.01;10.84;333.33;490.5;632;925.33;1333.33;0.43;0.15;0.51;1.84;4.12;12.1;21.18;36.51;5.96;50.15;16.42;30.58;49.85;76.38;8.89;6.12;789.73;235.44;2883.35;412.96;559.01;761.09;1983.91;789.73;26.67;104.59;193.52;0.33;11.72;2.23;10.42;10.76;8.42;0;64.39;68.09;48.73;35.74;0.4;12;31.54;1.53;19.6;67.07;84.55;93.89;1220.48;62.45;16.62;53.42;75.89;67.68;88.35;6.35;23.2;16.25;12.24;5.48;6.45;0.39;56.96;2.7;25.19;98.24;100;20.7;99.87;100;0;0;16.12;15.13;1.19;17.13;3.77;30.79;0;10.7;3.46;5.57;0.08;0.55;0;312;447;442;494;410;422;358;389;366;292;265;365;235;148;127;79;5241;90;325;376;436;435;474;420;388;391;359;360;278;320;224;169;128;105;139;5327;5792;137;240;5415;110;657;503;502;388;8329;526;1782;502;7803;520;1256;543;6547;128;139;136;696;1693;971;374;273;4264;3403;999;10568;9569;9275;823;450;8001;10538;10538;573;0.84;772;739;845;738;-20.769612;-47.836873
2010;354500;35;3545001;SALESÓPOLIS;74.75;2.37;15.1;17.51;49.02;94.28;82.92;8.33;11.54;1.58;1.35;9.13;1.16;9.71;1.79;11.41;85.47;87.94;84.8;10.58;9.73;14.25;3.95;2.33;0.95;99.24;104.01;85.22;56.1;19.67;90.3;92.42;64.1;51.58;8.84;10.18;98.63;82.39;16.92;7.55;64.73;74.21;85.2;96.51;98.37;94.31;9.18;1.59;7.99;3.21;3.68;0;93.91;92.22;82.61;81.44;84.05;52.66;46.52;54.46;58.24;37.09;63.01;32.95;7.87;233.33;350;505;770;1066.67;0.42;1.09;2.04;8.2;15.06;25.52;41.01;31.97;5.38;47.75;15.64;30.55;52.25;72.35;8.18;6.12;576.55;155.1;1843.47;295.89;429.75;625.42;1379.9;576.76;44.32;103.09;173.47;0.31;26.3;2.32;22.48;13.48;8.03;0.19;52.02;60.37;44.32;41.79;1.47;9.16;6.61;4.81;20.62;75.49;88.26;95.39;912.08;59.88;9.95;37.87;82.42;68.25;77.36;7.56;23.77;19.15;15.02;6.74;7.07;0.27;38.9;5.14;22.81;93.7;95.97;34.48;99.79;99.85;0.69;0.55;20.88;35.27;1.63;20.8;8.16;37.52;0;3.39;15.82;8.71;1.87;1.35;0.15;580;742;672;641;605;602;583;563;532;452;329;632;328;230;178;128;7906;109;532;718;685;643;573;593;569;536;501;424;348;627;312;210;192;121;145;7729;7939;145;322;7472;189;1142;872;853;674;11692;813;2623;800;10879;790;1810;779;9069;239;247;234;1299;3002;1303;707;412;5801;4483;5681;15635;9954;13257;1460;850;10947;15565;15559;527;0.79;732;0.69;829;687;-23.528805;-45.84653
2010;354510;35;3545100;SALMOURÃO;75.77;2.52;13.6;15.72;47.64;94.84;84.42;10.5;11.86;0.33;0.37;13.9;2.24;14.93;4.61;17.24;85.32;87.91;88.28;7.47;6.88;9.1;7.21;5.22;2.62;100.1;107.3;83.65;60.35;18.14;93.65;95.64;74.2;56.27;11.23;23.85;97.17;86.67;17.36;2.32;83.84;87.04;94.52;100;98.29;94.75;10.03;2.22;21.34;2.5;2.13;1.09;95.93;96.08;87.39;87.47;78.24;40.09;33.39;52.59;57.57;28.76;62.66;23.69;4.74;250;363.67;500;648.4;925;0.39;1.25;2.87;4.11;8.94;22.15;38.65;32.2;6.75;45.66;18.03;33.6;54.34;70.24;7.14;5.06;544.52;183.84;1753.14;307.05;423.99;564.59;1242.62;544.52;36.51;89.65;191.59;0.27;9.25;0.56;36.6;6.91;4.32;0;71.98;49.62;35.84;25.34;0.17;5.79;25.11;1.13;16.12;80.18;94.22;98.17;863.65;54.43;2.4;16.92;77.46;63.39;79.68;7.04;100;57.32;14.81;5.55;2.94;0.18;66.81;1.48;20.88;98.58;99.04;16.49;99.65;99.78;0.27;0.98;27.99;16.16;1.71;30.54;7.19;39.34;1.44;11.34;23;8.17;0.41;2.57;0.22;160;198;218;201;202;194;191;166;157;130;136;175;90;102;61;48;2477;48;148;199;222;167;167;167;171;164;140;144;119;170;116;81;66;42;58;2341;2274;10;48;2217;56;301;218;230;177;3749;267;803;260;3482;233;536;209;2946;72;77;53;356;845;506;196;130;1816;1428;497;4818;4321;4179;397;285;3497;4775;4775;401;826;719;649;846;678;-21.625096;-50.8605656
2010;354515;35;3545159;SALTINHO;76.39;1.45;12.7;14.7;37.41;95.17;85.29;8.8;10.69;0.77;0.3;2.67;0.12;2.82;0.93;3.29;79.73;81.47;88.77;13.62;12.82;11.23;6.65;5.71;0;96.22;105.05;72.85;64.75;39.73;90.46;94.15;62.5;62.6;27.17;6.26;94.9;85.29;35.01;6.88;77.93;84.91;90.77;96.41;96.79;93.63;13.67;0.71;15.34;2.43;1.71;0.63;97.3;89.66;84.47;87.86;89.08;58.93;53.7;65.98;70.71;41.56;69.31;36.51;8.18;466.67;631;833.33;1164;1593.33;0.39;0.04;0;0.71;1.82;5.43;12.28;32.84;6.83;46.49;18.03;33.09;53.51;83.9;7.28;5.15;967.88;330.54;3178.31;542.23;728.67;988.06;2249.17;968.29;0;116.49;198.96;0.27;26.97;4.7;9.45;20.03;5.68;1.81;72.47;65.86;47.51;31.37;0.22;9.97;29.23;2.4;11.28;56.77;75.36;91.66;1474.03;65.88;4.47;43.94;82.71;72.83;90.49;4.23;26.83;22.98;8.46;3.41;2.64;0.34;55.72;1.65;8.66;99.21;99.2;18.55;99.9;100;0.26;0;14.89;22.07;3.21;15.53;1.82;26.08;0;3.94;5.54;0.26;0;0.43;0;194;261;261;308;327;301;269;243;223;233;210;214;181;124;82;38;3519;50;182;234;284;283;321;325;269;240;240;222;214;216;183;104;88;63;72;3540;4122;22;147;3953;69;388;298;286;225;5758;333;1136;309;5425;319;803;347;4622;82;69;93;468;1079;621;234;174;2908;2341;1168;7059;5891;6258;495;334;5428;7053;7050;589;846;791;0.75;857;771;-22.844167;-47.675371
2010;354520;35;3545209;SALTO;75.19;1.75;13.3;15.43;39.99;94.18;83.71;7.27;10.27;1.21;0.81;3.96;0.73;4.18;0.85;4.89;75.56;77.12;82.32;15.15;14.5;14.4;9.29;8.38;3.28;96.28;103.81;75.42;73.93;35.63;89.23;93.08;62.82;67.66;19.01;20.28;97.66;87;26.89;13.31;81.82;87.18;95.89;97.61;98.38;95.36;12.12;1.08;11.8;2.75;1.32;1.33;89.45;88.14;79.24;85.74;88.95;63.24;57.93;62.48;69.21;45.79;68.51;40.94;10.9;340;507.5;732.5;1100;1637.5;0.45;0.43;0.71;3.3;6.96;11.79;21;35.68;5.27;50.74;15.08;28.99;49.26;77.19;9.47;6.73;876.67;231.01;3128.34;429.84;609.77;888.44;2224.42;876.81;41.12;102.73;180.35;0.35;16.62;2.16;2.02;13.75;8.14;0.16;75.86;72.59;54.36;40.25;1.24;12.87;27.68;1.1;7.92;59.73;77.52;90.18;1356.34;62.84;4.46;40.27;81;70.82;86.49;8.15;30.04;31.19;14.38;7.12;8.75;0.27;65.98;1.64;12.77;99.19;97.11;28.38;99.26;99.97;0.44;0.28;12.95;18.18;1.62;13.62;2.96;25.87;0;6.73;10.58;3.77;0.33;0.81;0.03;3460;4311;4734;4852;4836;4368;3924;3863;3674;3115;2367;3572;1741;1246;906;594;52132;569;3302;4265;4357;4719;4757;4453;3988;4157;3931;3210;2501;3567;1826;1408;1145;837;961;53384;57604;385;2086;55133;1382;6863;5134;5210;3960;83028;5442;18658;5392;77586;5513;13216;5612;64370;1418;1413;1420;7436;17908;7666;4265;2596;42245;33171;742;105516;104774;91666;8633;5180;77853;105198;105180;632;818;0.78;751;837;755;-23.1989983;-47.2913682
2010;354530;35;3545308;SALTO DE PIRAPORA;75.04;1.87;14.7;16.98;44.84;94.44;83.35;7.64;10.49;1.71;0.83;7.85;1.35;8.38;1.47;9.81;72.02;74.7;77.09;15.54;14.85;18.07;12.43;10.46;4.84;97.87;105.07;78.51;69.34;18.97;89.06;93.31;56.01;61.38;10.58;27.37;98.28;82.48;21.49;9.98;78.65;85.09;93.88;98.43;98.63;94.25;15.61;0.82;13.34;5;2.24;0.82;91.99;90.02;70.76;76.27;80.47;51.05;45.2;46.48;50.43;33.02;50.6;29.56;5.75;225;356.92;527.5;800;1130;0.44;1.26;2.33;7.99;15.61;25.43;41.4;34.44;5.01;49.68;14.49;29.11;50.32;74.66;9.51;6.87;618.93;154.98;2131.86;293.55;452.17;656.68;1540.7;618.93;41.98;102.69;173.33;0.35;18.01;0.79;5.98;14.36;10.67;1.96;66.72;61.68;42.62;41.97;1.35;7.05;17.76;2.6;16.71;71.28;87.28;95.53;1070.66;55.28;5.42;29.26;77.6;63.72;81.66;10.62;14.17;45.89;20.3;9.31;7.79;0.28;58.4;2.94;17.67;99.03;95.23;32.82;99.82;99.96;1.45;0.12;23.8;21.35;1.37;20.8;7.87;34.49;0.93;6.28;14.05;10.34;1.5;1.94;0.04;1348;1880;1786;1748;1709;1536;1430;1438;1279;1160;894;1507;801;559;398;264;19949;212;1389;1793;1763;1687;1700;1605;1480;1358;1354;1222;982;1443;775;563;468;279;322;20183;19090;199;654;18237;571;2928;2200;2157;1603;30772;2170;6984;2075;28602;2079;4814;2073;23788;563;559;549;3136;7548;3065;1793;1075;15558;12108;8669;40132;31463;34531;3673;2237;28621;39223;39223;511;758;729;665;834;699;-23.6492626;-47.5729991
2010;354540;35;3545407;SALTO GRANDE;74.5;2.41;15.5;17.96;49.97;94.14;82.55;10.28;10.65;1.62;1.14;9.75;2.17;10.35;3.14;11.69;77.88;78.78;82.25;17.6;17.51;15.37;4.52;3.71;2.38;91.96;98.87;71.13;97.35;11.81;87.74;93.06;56.25;77.83;5.23;14.71;95.12;69.17;18.26;5.29;98.26;97.65;98.21;96.73;96.49;89.69;8.4;0;18.46;3.78;2.33;0;94.84;90.73;68.21;75.12;77.62;44.85;39.41;42.35;42.85;29.11;40.08;26.83;7.27;200;320;442.5;665;920;0.42;2.53;5.21;11.69;20.71;29.92;46.61;33.15;5.05;48.46;15.72;30.6;51.54;67.08;8.44;6.16;499.65;126.07;1656.43;266.57;371.83;523.08;1210.16;500.43;31.84;94.49;163.33;0.33;13.75;2.84;24.06;10.03;6.62;0.4;62.78;55.2;39.19;40.42;0.76;9.9;16.86;5.38;24.85;80.1;92.23;96.74;809.42;53.29;4.98;43.38;71.44;59.72;83.94;10.26;22.57;39.39;19.46;8.69;4.95;0.24;52.15;4.1;22.25;97.29;98.77;23.27;99.61;99.74;0.96;1.12;31.93;1.74;3.51;30.38;13.54;41.19;0;15.32;15.87;14.9;0.88;3.94;0.26;290;380;360;293;353;356;308;317;254;238;233;351;186;146;114;96;4353;78;294;373;343;337;330;330;334;278;295;254;248;318;208;171;124;99;98;4434;4002;38;188;3777;107;618;466;457;354;6669;438;1315;422;6231;392;877;363;5354;116;120;139;663;1574;903;367;216;3395;2729;854;8787;7933;7510;753;433;6324;8693;8679;449;759;704;637;825;664;-22.891426;-49.9851484
2010;354550;35;3545506;SANDOVALINA;73.73;2.32;16.8;19.4;47.94;93.69;81.38;6.11;11.44;1.95;1.09;11.17;0.52;11.99;2.95;14.35;73.61;82.6;83.66;9.8;6.36;13.11;16.59;11.04;3.23;99.56;112.05;61.95;53.89;17.45;95.78;96.46;45.29;50.85;8.43;29.09;97.78;90.27;14.34;4.79;72.5;77.9;91.24;90.39;98.11;96.16;43.48;0;3.75;4.48;1.66;1.5;93.65;96.92;52.65;69.37;85.61;53.29;46.81;55.84;59.32;36.37;59.62;31.76;5.6;200;276.33;466.67;697.2;1010.67;0.43;3.09;5.45;11.12;19.11;34.88;51.11;31.63;5.09;47.99;14.61;29.26;52.01;76.51;8.66;6.58;502.4;127.8;1589.04;239.14;368.06;571.47;1206.84;504.2;31.41;88.31;168.39;0.33;17.4;0.91;30.12;9.46;7.64;0;60.39;58.64;40.6;38.02;0.46;7.2;13.94;12.02;31.23;77;90.25;97.24;798.39;64.25;11.68;33.8;72.58;73.91;87.75;8.85;4.91;27.7;20.21;8.27;9.24;0.26;42.87;11.94;15.57;78.99;99.28;21.65;100;100;0.57;1.98;23.32;27.5;1.89;21.02;12;33.18;0;0;15.72;11.15;1.5;2.41;0;152;184;173;135;162;140;129;142;128;107;70;161;69;45;30;29;1885;29;139;175;168;154;136;144;148;132;129;100;78;128;56;35;41;30;21;1814;2016;42;67;1906;49;256;194;187;168;2444;184;570;174;2260;184;386;181;1874;53;48;49;263;663;226;154;91;1226;930;1118;3699;2581;3137;359;199;2579;3675;3662;533;733;709;659;812;665;-22.4561104;-51.763438
2010;354560;35;3545605;SANTA ADÉLIA;75.08;2.05;13.5;15.66;44.11;94.12;83.56;9.85;10.93;1.48;1.5;7.65;1.14;8.03;1.66;9.31;81.62;82.87;89.1;9.5;9.56;7.32;8.88;7.57;3.59;96.21;107.26;64.11;76.78;25.52;89.54;96.48;53.66;69.82;12.38;12.92;100;83.76;17.04;7.74;97.16;98;98.61;100;100;95.84;10.41;1.19;25.95;1.64;1.81;3.55;97;95.74;78.51;84.79;85.96;48.89;41.87;62.82;65.03;35.62;65.95;30.06;8.03;357.14;510;703.33;1025;1455;0.43;0.22;0;2.79;5.69;10.23;19.07;35.74;5.71;49.64;16.14;30.43;50.36;73.56;8.86;6.19;853.14;243.52;3049.07;444.89;609.74;850.15;2131.62;855.02;0;100.45;181.13;0.33;16.02;2.09;10.37;14.42;4.37;0.08;72.66;57.58;43.6;35.13;0.43;10.11;31.16;1.61;12.49;55.28;78.23;93.81;1273.89;60.7;4.17;40.05;71.59;67.82;85.03;4.7;11.44;14.87;7.41;4.3;6.36;0.29;63.87;1.96;15.06;99.24;97.02;18.55;99.43;99.54;2.73;0.49;22.61;2.84;0;24.63;4.63;32.25;0;3.52;10.38;4.07;0.07;0.88;0.46;448;555;607;623;625;627;572;492;462;396;352;486;282;227;167;111;7164;132;430;562;542;563;641;592;488;525;441;440;378;490;300;239;201;152;185;7169;7555;47;253;7255;157;877;653;671;538;11331;665;2329;692;10666;703;1664;696;9002;179;201;178;1011;2334;1412;562;322;5675;4571;773;14333;13560;12446;1117;633;10697;14215;14184;489;842;0.76;702;835;0.75;-21.2432992;-48.8061481
2010;354570;35;3545704;SANTA ALBERTINA;73.51;2.03;17.1;19.82;44.81;93.56;81.05;13.86;11.44;0.68;0.38;9.98;1.12;10.54;2.44;12.06;78.59;81.62;82.31;13.25;12.64;12.82;8.17;5.74;4.87;98.79;106.04;83.37;68.62;27.13;92.5;94.02;69.21;68.62;20.43;16.56;97.51;88.6;26.06;6.17;86.65;90;100;100;98.77;95.52;12.94;1.26;18.03;2.75;3.35;0;89.75;92.92;80.77;82.07;83.55;42.84;36.48;60.95;63.7;29.09;65.42;23.68;6.98;287.5;445;590;860;1155;0.42;1.03;1.85;3.39;7.61;17.18;33.44;33.55;5.73;47.96;16.4;31.25;52.04;72.51;8.18;5.83;686.89;196.75;2304.38;366.67;509.81;714.18;1643.05;687.71;31.25;86.8;184.15;0.31;17.76;1.42;26.85;9.15;7.32;0.24;60.4;53.97;35.79;29.75;0.46;9.74;21.63;1.74;19.57;68;85.79;95.77;1080.31;54.89;2.54;41.18;74.12;60.07;74.48;5.7;22.53;11.31;14.58;5.4;6.83;0.32;47.82;6.47;24.9;98.8;99.81;9.4;100;99.82;0;0.36;24.39;13.35;1.23;27.99;5.64;43.56;0;7.83;4.74;6.63;0.35;1.61;0.18;157;200;236;228;256;208;188;191;201;198;184;155;125;123;99;61;2905;95;135;169;212;211;195;202;205;197;189;214;164;160;150;143;89;87;96;2818;2814;9;116;2688;61;293;219;225;158;4741;261;884;255;4480;267;623;273;3857;73;70;63;321;780;793;169;118;2351;1930;832;5723;4891;5127;369;282;4475;5662;5655;428;829;728;665;809;716;-20.0323485;-50.7278392
2010;354580;35;3545803;SANTA BÁRBARA D'OESTE;77.04;1.3;10.58;12.27;36.36;95.27;85.57;7.16;10.42;0.88;0.63;3.67;0.72;3.87;0.77;4.51;77.97;78.92;87.56;14.24;14.55;10.51;7.79;6.53;1.92;102.94;109.85;85.63;83.08;29.12;89.03;92.41;61.69;74.7;17;29.76;97.59;85.93;28.04;12.39;90.86;93.06;97.51;98.04;98.44;94.87;12.29;1.71;11.18;3.83;2.62;0.59;91.16;88.87;78.8;84.16;86.44;59.5;54.05;56.33;61.3;39.82;61;35.47;8.01;380;536.67;750;1073.33;1503.33;0.41;0.37;0.55;1.82;3.5;8.67;15.83;33.05;6.16;47.46;16.96;31.78;52.54;79.62;7.8;5.61;863.02;265.73;2852.14;465.96;639.72;895.87;2053.47;863.15;42.52;98.19;187.7;0.29;15.23;1.42;0.84;14.39;6.51;0.09;76.98;69.87;48.94;34.31;1.09;10.07;34.65;0.75;8.15;58.43;78.42;92.32;1338.25;62.52;3.8;39.64;82.21;69.7;85.45;6.35;18.31;23.99;12.11;5.64;6.69;0.27;68.96;1.2;12.68;99.53;98.55;23.17;99.88;99.98;0.03;0.66;13.14;9.14;1.56;14.32;2.68;27.38;0.63;3.73;10.81;3.63;0.16;0.72;0.02;5506;6760;7503;8536;8537;7516;6817;6879;6294;5804;4538;5804;3139;2068;1526;1061;89222;934;5094;6464;7406;8193;8297;7404;6911;7072;6907;6262;4640;5470;3357;2368;2008;1486;1448;90787;98806;503;3471;94832;2129;10684;7903;8164;6254;144883;8834;31636;8837;136049;9282;22802;9546;113247;2217;2330;2229;11482;28016;12894;6464;4356;73750;58152;1413;180009;178596;158030;13224;8756;136051;179631;179604;595;0.81;781;731;867;752;-22.7552511;-47.4144958
2010;354600;35;3546009;SANTA BRANCA;74.68;1.89;15.2;17.63;45.29;94.24;82.82;8.96;10.23;1.47;1;6.86;1.21;7.26;1.53;8.39;73.27;76.94;78.24;15.61;15.32;17.06;11.13;7.73;4.7;102.89;109.71;82.75;68.34;20.37;93.11;96.17;59.66;61.03;9.63;14.95;98.35;88.72;19.5;9.63;79.4;87.26;96.24;100;98.86;96.29;19.92;1.1;13.75;4.8;1.52;2.94;92.83;92.42;70.68;76.78;81.57;52.04;46.46;50.17;58.42;35.56;59.93;31.24;7.48;214.6;354;510;900;1275;0.47;1.36;3.26;7.36;14.81;25.99;48.19;36.05;4.53;52.15;13.4;26.94;47.85;73.87;10.76;7.88;645.59;146.11;2327.68;286.52;436.96;674.97;1703.69;646.11;29.12;97.78;168.88;0.39;15.69;0.74;12.55;10.16;10.17;0.6;64.43;60.2;42.78;42.8;1.01;9.14;19.52;1.66;15.77;73.56;85.43;95.2;1044.55;57.8;2.88;23.52;74.88;66.48;81.15;8.42;12.74;25.99;14.2;7.98;12.24;0.31;58.07;2.48;21.5;96.44;90.17;33.71;97.66;98.93;7.8;0.49;23.34;20.6;1.14;21.71;8.36;35.04;0;5.93;11.77;10.76;0.77;1.51;1.07;471;585;612;576;499;530;536;453;498;397;350;479;294;230;157;114;6875;94;444;582;533;550;548;532;546;498;473;415;341;496;292;212;168;112;146;6888;6872;34;158;6680;196;951;698;728;515;10706;698;2271;691;10008;657;1573;670;8435;204;175;206;1016;2423;1233;582;319;5366;4283;1623;13763;12140;11889;1167;674;10048;13710;13699;0.52;775;735;678;828;706;-23.3974353;-45.8842294
2010;354610;35;3546108;SANTA CLARA D'OESTE;73.25;1.88;17.6;20.34;44.89;93.4;80.64;12;11.38;0.81;0.99;10.78;0.9;11.42;3.33;13.15;84.74;87.93;89.16;8.29;6.86;10.84;6.97;5.21;0;101.13;107.95;85.54;53.53;42.2;94.79;95.09;73.18;48.99;25.9;50.47;97.81;89.08;28.49;6.48;100;100;100;100;98.39;95.56;13.37;0;43.8;2.59;3.3;1.13;98.6;97.19;79.44;82.31;88.64;45.06;38.17;60.74;67.23;32.12;71.8;26.57;7.96;274;400;520;735;1000;0.45;0.39;0;3.17;7.51;17.58;35.23;39.32;5.94;51.78;15.95;30.09;48.22;72.22;9.86;6.49;672.98;199.89;2646.45;336.71;475.85;609.98;1741.92;674.7;23.76;111.23;190.13;0.37;15.24;0.33;27.65;7.17;8.71;0;62.32;59.06;44.3;35.48;0.59;11.08;16.59;5.36;20.82;80.03;91.8;97.37;1068.66;54.07;1.84;31.27;76.01;61.01;79.16;3.4;0;14.62;7.62;2.98;0;0.48;53.23;3.15;22.69;97.25;99.48;10.35;100;100;0;0.31;19.82;0;1.61;27.89;5.46;42.84;0;3.38;8.2;3.58;0.2;0.84;0;49;83;95;90;85;80;78;55;69;61;63;75;62;34;49;23;1073;22;53;76;71;75;67;83;66;72;72;81;67;53;49;37;45;21;23;1011;1001;3;36;962;22;124;91;92;67;1669;101;323;95;1568;100;222;109;1346;13;22;33;139;327;250;75;41;817;674;513;2084;1571;1851;159;116;1576;2084;2079;451;847;733;687;804;712;-20.0938889;-50.9263889
2010;354620;35;3546207;SANTA CRUZ DA CONCEIÇÃO;77.56;1.9;11.1;12.85;45.79;95.75;86.92;11.12;9.73;0;1.65;5.42;0.94;5.65;2.28;6.43;71.48;72.98;78.68;11.89;10.7;19.31;16.63;16.32;2.01;99.03;104.26;83.52;99.5;29.74;93.69;95.21;63.19;67.81;17.9;42.98;100;86.23;26.8;9.98;89.39;93.89;93.92;100;99.62;96.24;16.19;0;17.66;4.25;3.31;0;86.22;93.78;73.68;78.26;81.37;54.1;49.54;50.12;53.49;37.71;44.9;35.07;11.03;284.4;500;690;1050;1426.67;0.67;1.35;4.78;2.05;6.15;14.4;26.83;61.56;3.04;70.9;8.66;16.94;29.1;85.85;28.44;16.76;1400.46;212.55;8621.55;393.67;580.14;851.13;5080.86;1400.97;22.65;57.14;189.08;0.87;23.72;3.88;20.27;9.41;9.6;0.61;66.83;60.89;43.35;33.16;0.21;12.43;21.7;3.71;14.47;69.51;82.91;91.9;2298.18;63.2;5.95;28.47;84.28;71.27;85.87;4.22;0;26.83;7.1;3.74;6.5;0.96;49.13;5.98;13.94;98.77;99.22;14.81;100;100;0;0;15.34;10.61;0.38;18.17;3.24;29.79;0;15.56;3.37;5;0;1.26;0;121;155;152;150;177;144;143;134;120;128;121;126;100;72;53;46;1980;38;123;165;159;147;174;142;153;131;145;132;98;122;95;73;52;38;73;2022;2223;19;50;2154;46;254;174;187;155;3190;182;608;189;3008;178;426;182;2582;43;47;50;267;642;445;165;93;1612;1306;1294;4002;2708;3517;320;175;3022;3991;3990;541;0.76;0.79;679;876;0.83;-22.1378975;-47.4555647
2010;354625;35;3546256;SANTA CRUZ DA ESPERANÇA;74.89;1.97;14.9;17.25;51.41;94.36;83.13;8.76;7.22;0;0;5.33;1.53;5.82;2.11;6.65;56.97;62.88;41.76;21.35;15.82;58.24;21.68;21.3;0;148.26;150.34;143.06;89.62;16.36;64.96;75.7;20.49;58.95;6.27;51.32;89.93;69.39;35.59;27.75;87.2;86.09;100;82.02;86.2;81.38;15.66;1.51;28.25;20.7;0.82;0;88.17;61.96;84.58;68.2;86.67;52.22;45.67;42.22;48.01;28.91;44.95;25.28;5.48;233.33;327.5;510;797.5;1145;0.53;2.49;3.61;8.29;11.48;24.74;32.28;43.93;4.2;58.03;12.21;24.36;41.97;70.7;14.39;9.51;700.57;147.05;3077.27;280.71;425.7;616.7;2034.5;702.78;24.03;90.1;167.4;0.5;14.77;1.14;24.35;9.11;3.87;0.34;68.56;57.23;32.84;44.18;0.25;5.71;10.59;6.95;17.15;75.67;85.95;95.75;1117.6;59.56;11.93;40.51;79.8;67.84;74.58;12.65;33.77;50.81;21.03;10.13;4.3;0.41;62.06;1.34;13.94;85.09;99.66;22.44;99.71;99.56;0.2;0;16.16;12.8;13.8;19.61;5.41;32.47;0;0;5.51;7.99;2.64;2.66;0.44;65;102;87;85;73;58;60;55;59;51;41;71;51;50;25;18;966;15;73;86;87;78;78;86;61;61;56;56;51;72;44;39;27;13;19;987;992;22;49;921;28;147;105;117;69;1313;110;306;94;1203;81;196;79;1007;28;22;18;122;345;171;80;58;671;518;630;1953;1323;1666;188;120;1358;1953;1947;522;787;743;686;832;719;-21.2918648;-47.4309885
2010;354630;35;3546306;SANTA CRUZ DAS PALMEIRAS;73.87;2.03;16.5;19.14;42.66;93.77;81.59;7.39;10.4;1.4;1.42;8.16;2.69;8.62;4.81;9.96;75.88;77.56;89.77;13.46;13.78;6.87;10.67;8.65;3.36;87.78;99.1;55.31;92.85;18.16;85.95;92.96;49.97;84.52;12.41;11.43;95.04;80.53;16.25;5.56;88.37;91.43;96.52;100;97.27;92.95;15.27;0.3;1.63;1.31;0.21;0;88.29;80;66.6;66.81;73.97;47.95;42;40.7;44.7;31.27;45.98;28.2;8.24;272.33;452.5;600;942.5;1410;0.51;1.01;2.11;4.2;8.57;16.66;30.4;42.54;4.52;56.13;13.18;25.83;43.87;80.7;12.91;8.5;829.66;187.67;3529.03;359.05;524.7;748.39;2324.33;829.66;53.37;95.35;173.17;0.46;12.94;1.41;20.02;12.56;3.8;0;80.72;54.58;36.69;34.33;0.61;9.63;22.54;1.5;11.11;62.96;79.92;92.74;1418.56;58.5;3.77;32.2;70.87;66.44;78.85;5.65;25.99;38.29;12.51;4.45;2.69;0.41;72.37;1.52;10.65;98.75;99.42;28.5;100;100;0;0.28;36.38;11.63;2.73;28.24;7.78;29.13;1.15;12.53;17.88;7.86;0.74;1.35;0;1100;1237;1283;1527;1568;1328;1127;1045;919;796;652;1119;479;373;306;186;15222;177;993;1202;1282;1399;1348;1208;1015;1002;943;823;666;1087;565;404;302;208;263;14710;14948;92;471;14385;417;1925;1434;1422;1209;23041;1480;5459;1493;21561;1583;3979;1592;17582;448;447;436;2227;5150;2212;1185;733;11357;8690;932;29932;29000;25553;2439;1462;21653;29824;29824;0.48;0.73;728;635;815;746;-21.823475;-47.248023
2010;354640;35;3546405;SANTA CRUZ DO RIO PARDO;77;1.86;10.9;12.64;46.21;95.19;86.25;10;9.84;1.21;0.94;5.47;1.37;5.77;1.56;6.56;71.75;73.35;80.04;16.82;16.94;14.11;11.43;9.71;5.85;90.6;98.47;68.26;76.67;35.37;86.36;90.27;55.34;70.15;18.76;23.83;94.3;79.06;25.67;10.14;87.27;89.44;93.16;95.06;96.34;91.84;14.32;1.12;6.08;2.81;1.97;0.43;87.95;86.29;72.05;77.8;83.19;54.41;49.17;54.78;57.99;38.81;59.99;35.32;12.89;306;480;640;1020;1606.67;0.46;0.33;0.86;2.89;7;14.56;28.39;36.57;5.11;52.1;14.5;27.96;47.9;75.73;10.09;7.19;818.3;209.1;2992.53;384.09;550.91;815.56;2133.61;818.3;50.94;103.77;182.12;0.36;20.9;3.44;13.11;16.43;8.41;0.11;69.73;63.15;46.08;42.83;1.01;14.81;13.51;2.54;13.28;67.48;81.4;91.55;1242.11;62.03;6.46;38.86;78.43;69.56;85.35;5.85;24.22;31.65;9.17;4.73;6.61;0.36;54.54;2.47;16.41;98.89;99.68;16.27;99.7;99.83;0.1;0.86;21.55;12.73;3.66;21.81;5.53;30.79;0.23;4.86;11.21;5.45;0.29;0.99;0.17;1449;1795;1842;1678;1869;1570;1514;1529;1459;1296;1089;1536;907;717;539;368;21512;355;1456;1726;1737;1801;1794;1633;1628;1524;1545;1373;1212;1497;1011;766;630;491;585;22409;23546;228;809;22510;625;2812;2069;2071;1650;34244;2127;7021;2124;32117;2089;4894;2031;27223;613;613;572;3089;7345;4392;1709;1038;17621;14102;3767;43921;40154;37962;3521;2081;32360;43593;43593;544;0.77;762;686;867;744;-22.9060715;-49.6277378
2010;354650;35;3546504;SANTA ERNESTINA;73.14;2.14;17.8;20.55;41.03;93.33;80.48;6.56;11.63;2.9;0.92;7.09;0.64;7.6;2.02;9.29;82.05;84.94;89.86;11.2;10.72;8.64;6.75;4.35;1.5;102.28;105.34;94.65;70.95;22.6;94.67;94.71;66.04;65.74;15.45;22;98.51;90.21;32.39;8.84;84.63;89.48;97.68;100;99.29;96.69;17.1;0.67;12.2;4.71;4.58;0;93.02;96.09;74.49;86.78;89.19;53.95;45.28;52.82;51.65;33.2;58.04;28.67;6.05;290;415;593.33;866.67;1200;0.42;0.42;0.21;2.62;4.67;15.96;28.71;33.81;5.94;48.62;16.23;30.68;51.38;72.5;8.33;5.98;688.24;204.33;2326.69;354.06;497.49;712.17;1670.7;688.24;34.57;105.73;185.48;0.31;10.58;0.12;32.61;9.03;3.2;0;81.99;60.93;39.85;24.42;0.24;7.48;27.76;0.81;11.11;63.6;85.59;96.67;1096.09;59.1;5.07;34.26;73.92;67.39;79.56;8.64;53.39;26.36;18.3;7.53;7.08;0.2;76.45;1;11.04;99.94;99.55;24.68;100;99.76;0;0;22.32;15.37;0.71;20.07;4.92;26.97;0;4.81;5.74;4.15;0.95;1.26;0.24;199;241;270;312;274;265;187;218;176;134;111;206;96;52;50;25;2852;36;190;226;244;278;270;231;181;214;169;135;99;193;84;67;55;40;40;2716;2821;24;109;2689;70;379;279;294;218;4313;327;1104;316;3986;304;777;324;3209;101;84;84;403;988;365;226;155;2107;1585;423;5568;5145;4774;467;317;3990;5551;5551;0.54;795;738;699;802;716;-21.4634463;-48.3912139
2010;354660;35;3546603;SANTA FÉ DO SUL;75.41;1.52;13;15.08;41.32;94.31;84.03;11.42;11.23;1.2;0.37;6.43;0.78;6.79;1.51;7.82;84.69;85.27;92.13;9.37;8.46;7.87;5.94;6.27;0;105.29;106.8;101.15;59.66;51.94;91.95;93.4;72.25;55.49;27.39;40.6;96.96;90.38;34.39;16.01;92.25;95.45;97.11;100;97.95;95.93;9.29;0.32;18.39;3.38;2.33;3.54;93.11;93.35;84.14;90.14;89.97;57.93;52.24;67.88;70.38;42.27;72;37.27;16.51;342.5;506;667;1052;1468.5;0.49;0.61;1.76;3.41;8.36;10.07;19.9;41.68;5.16;54.95;14.47;26.8;45.05;77.2;11.52;7.6;924.06;238.34;3851.73;430.39;569.52;843.26;2541.67;924.06;25.87;91.78;177.26;0.43;24.26;2.69;6.86;19.03;7.7;0.22;63;68.86;52.06;42.55;1.3;20.88;16.41;2.28;13.26;66.43;82.4;93.71;1400.58;61.65;6.01;50.33;77.91;67.32;85.65;6.43;48.12;25.37;14.12;5.31;6.19;0.48;44.1;8.57;18.32;99.6;99.72;10.99;100;100;0;0.28;13.71;7.75;2.05;17.84;2.43;32.68;0;8.28;5.54;3.14;0.14;1.23;0;754;1027;1103;1216;1120;1102;1010;1014;1044;882;763;837;699;532;394;303;14084;284;756;1038;1146;1218;1195;1145;1099;1166;1074;1019;883;793;796;621;500;327;379;15155;16083;124;628;15331;293;1668;1232;1260;907;24020;1354;4680;1334;22666;1355;3326;1404;19340;310;321;328;1705;4277;3340;1038;690;12563;10200;1151;29239;28088;26088;2065;1249;22774;29081;29081;579;856;784;751;0.84;763;-20.2106188;-50.9270837
2010;354670;35;3546702;SANTA GERTRUDES;75.84;1.87;13.5;15.6;41.91;94.88;84.52;5.48;10.24;1.16;0.47;4.59;0.57;4.88;1.13;5.87;75.43;81.56;92.54;13.1;11.41;7.46;11.47;7.03;0;97.81;114.33;50.4;86.7;22.99;90.08;96.77;37.56;85.35;11.23;12.97;97.26;84.68;18.46;8.64;94.15;94.96;95.67;96.7;98.34;94.81;31.62;1.3;8.8;3.11;0.6;0;92.84;92.75;51.14;71.28;80.39;53.36;47.45;49.93;48.49;30.56;57.63;26.64;5.42;334;492.5;651.67;933.33;1240;0.38;0.52;0.6;1.92;3.42;10.25;17.3;29.72;6.79;45.09;18.04;33.64;54.91;82.66;6.59;4.99;718.03;243.84;2133.9;403.71;560.23;763.49;1615.68;718.03;33.6;82.33;189.1;0.25;10.89;1.16;1.64;9.69;6.25;0.38;78.55;61.62;36.68;29.87;0.99;6.54;48.44;0.96;10.14;57.53;82.07;93.92;1206.96;63.03;2.69;28.29;82.81;72.33;83.57;7.77;16.81;19.34;16.34;7.42;7.42;0.22;72.32;1.05;13.81;97.57;95;27.21;99.66;100;0;0;25.21;5.85;1.66;22.06;4.63;28.48;1.05;7.31;16.01;2.93;0;0.34;0;808;937;898;1172;1188;1056;925;797;649;520;344;815;295;188;167;100;10954;95;832;943;910;986;1078;1034;896;740;618;454;404;827;295;242;166;111;144;10680;11583;48;298;11237;316;1471;1109;1099;977;16075;1056;3859;1049;15019;1081;2803;1102;12216;319;330;310;1643;3818;1185;920;535;7885;6044;230;21634;21404;18377;1788;1054;15535;21561;21561;534;724;737;654;847;723;-22.4590897;-47.532034
2010;354680;35;3546801;SANTA ISABEL;75.02;2.03;14.7;17.02;43.96;94.43;83.32;7.13;10.64;1.07;0.93;7.49;1.09;7.98;1.66;9.37;76.93;79.98;83.92;13.4;11.94;13.94;9.67;8.07;2.15;97.9;105.72;76.64;77.46;21.02;89.04;91.92;58.19;69.15;11.97;20.95;97.17;85;22.37;10.55;79.73;85.2;94.48;98.1;97.81;94.37;17.01;1.54;7.52;3.72;2.21;0.29;89.95;91;71.29;76.48;85.69;53.74;47.4;56.14;57.88;35.5;59.31;31.05;6.84;240;366.67;516.67;830;1203.33;0.45;3.21;5.88;7.63;13.8;24.43;38.12;34.74;4.69;50.49;14.34;28.67;49.51;79.13;9.69;7.03;623.11;145.98;2164.7;300.81;446.49;649.18;1571.29;626.08;34.31;77.06;164.69;0.36;20.67;1.94;5.84;12.65;10.2;1.61;58.14;60.09;42.17;44.88;0.74;8.97;20.78;1.71;13.12;72.6;85.27;94.24;1101.04;56.96;2.53;34.08;74.12;65.53;78.2;10.27;20.28;27.91;19.38;9.51;14.18;0.29;50.2;2.56;23.44;96.2;97.52;39.88;99.48;99.74;1.39;0.12;22.37;20.27;2.19;21.13;8.46;36.05;0;3.25;17.44;8.75;0.95;1.99;0.26;1758;2312;2246;2271;2203;1966;1942;1819;1540;1404;1199;1983;905;647;471;319;25248;263;1704;2191;2090;2120;2182;2069;1917;1871;1658;1486;1203;1861;956;658;498;350;391;25205;24628;114;943;23572;645;3564;2660;2652;2093;38644;2683;8727;2608;35961;2569;6044;2580;29917;724;740;746;4043;9395;3597;2191;1306;19449;15239;10862;50453;39591;43241;4503;2766;35972;50137;49899;537;0.78;738;689;834;0.7;-23.3194222;-46.2271903
2010;354690;35;3546900;SANTA LÚCIA;74.1;1.98;16.2;18.7;43.64;93.91;81.94;6.52;10.04;0.8;1.39;8.04;1.17;8.53;4.42;10.26;75.62;71.58;92.83;12.01;13.07;5.75;12.38;15.34;1.43;98.18;98.39;97.54;97.65;9.67;93.04;91.16;73.58;69.81;5.7;17.24;98.86;86.65;12.14;4.21;92.12;94.26;100;100;98.58;95.58;7.81;0.97;14.35;2.44;5.79;0;89.9;93.94;82.78;92.75;86.23;48.69;39.69;64.9;63.52;35.1;68.43;28.29;3.82;276;396.67;530;801.67;1040;0.39;0.59;1.38;3.91;6.28;15.9;24.29;30.26;6.45;45.35;17.42;32.79;54.65;80.27;6.95;5.21;609.37;196.57;1843.85;334.2;468.28;666.03;1382.48;610.49;16.49;96.49;178.84;0.26;9.84;0.29;9.6;8.92;6.84;0;83.09;58.26;42.45;30.83;0.46;5.69;41.29;0.14;12.73;64.19;85.15;95.16;1119.81;57.21;3.38;21.21;79.51;66.93;83.07;9.71;17.4;32.8;20.55;9.14;8.73;0.23;78.56;1.23;9.94;100;99.07;30.93;100;99.77;0.18;0;21.51;7.88;1.42;18.17;4.07;30.7;1.51;7.58;17.31;7.73;1.18;0.43;0.23;272;401;359;430;406;353;319;297;250;245;159;289;111;88;74;41;4130;36;352;380;359;395;341;345;305;300;247;210;159;274;152;99;97;54;49;4118;4029;26;87;3916;116;626;460;479;375;6280;433;1543;415;5847;455;1110;465;4737;133;111;90;607;1538;538;380;215;3112;2358;494;8248;7754;7043;781;412;5850;8248;8233;487;844;737;703;818;696;-21.6861811;-48.0836814
2010;354700;35;3547007;SANTA MARIA DA SERRA;74.18;2.19;16;18.55;46.18;93.96;82.07;7.61;9.1;2.53;0.35;8.52;2.61;9.15;3.16;10.74;63.64;66.95;74.41;16.17;14.03;22.62;20.18;19.02;2.97;106.89;125.33;56.7;85.68;9.98;86.18;93.3;42.24;78.33;3.79;19.62;97.43;84.69;18.35;12.17;87.95;91.61;94.34;97.87;97.56;94.1;21.87;2.55;6.45;3.69;0.99;0;83.78;84.26;50.03;57.27;68.8;42.61;36.2;36.07;40.58;25.88;39.61;22.29;4.55;222;340;506;732.5;1002;0.45;4.05;5.93;7.46;11.96;25.37;39.7;36.32;4.69;50.59;14.62;29.08;49.41;77.86;9.94;6.91;578.55;135.56;2101.31;287.38;418.18;588.27;1462.07;578.55;18.63;64.12;158.59;0.42;14.04;1.93;34.59;6.61;4.46;0.47;70.14;52;34.15;31.22;1;4.59;16.44;2.03;13.93;77.7;89.93;96.4;996.32;57.75;6.27;37.5;76.54;65.19;79.34;7.6;0;26.23;13.93;6.89;8.55;0.27;61.6;2.9;17.6;96.79;98.23;29.78;100;100;0;0;33.73;12.05;2.44;33.51;12.06;38.26;0.43;20.07;15.57;8.63;0.13;1.51;0;200;212;256;286;280;206;182;181;186;147;116;201;83;81;60;35;2746;34;222;230;245;249;238;180;186;171;184;129;110;222;81;83;56;41;40;2667;2629;28;106;2495;81;356;264;264;248;4024;288;1016;284;3736;317;728;335;3008;82;96;75;393;950;412;224;130;1947;1464;641;5413;4772;4553;442;284;3827;5388;5388;426;661;686;571;0.82;688;-22.5691072;-48.157095
2010;354710;35;3547106;SANTA MERCEDES;75.79;2.21;13.5;15.66;53.28;94.86;84.45;11.97;10.38;1.55;0;11.76;1.24;12.6;1.96;14.74;73.78;75.46;86.85;11.45;10.87;10.3;14.77;13.67;2.85;93.31;103.13;64.63;78.89;6.62;89.38;94.05;51.5;64.17;2.89;39.89;100;95.7;11.54;1.68;93.07;94.27;97.32;95.78;98.89;98.08;17.7;0.58;9.96;2.96;2.23;0;89.79;90.84;66.53;75.55;86.97;56.3;50.53;57.92;63.7;35.75;56.41;30.49;5.37;213.2;370;510;743.33;1049;0.4;0.63;0;5.57;9.01;24.8;40.71;30.48;5.72;45.89;16.22;32.55;54.11;67.45;7.52;5.68;561.64;160.63;1712.09;294.93;458.5;605.47;1292.76;561.64;39.62;105.29;178.25;0.27;9;0.51;21.63;6.08;5.97;0;67.35;68.03;44.44;40.18;0.99;7.95;23.67;7.4;18.58;73.98;87.1;96.64;908.71;53.63;4.44;32.4;64.73;60.79;83.86;7.91;20.29;26.11;9.56;7.12;14.89;0.2;52.31;12.04;18.75;97.76;99.8;20.35;99.14;99.8;0;0.24;22.46;6.93;1.11;22.07;5.9;34;0;5.38;13.89;10.65;0.46;2.4;0.2;87;125;132;117;91;115;87;95;105;83;61;110;43;56;46;30;1423;40;93;111;105;116;113;87;107;99;95;70;66;119;60;56;44;37;30;1408;1306;10;47;1248;32;193;131;149;108;2186;147;470;143;2039;137;323;129;1716;40;55;44;217;509;339;111;64;1085;864;373;2831;2458;2434;236;145;2053;2831;2831;563;779;739;699;847;683;-21.3513258;-51.7534
2010;354720;35;3547205;SANTANA DA PONTE PENSA;75.41;1.32;13;15.08;45.87;94.31;84.03;16.76;12.53;0;0;9;1.23;9.42;0;10.55;90.48;90.25;96.59;6.95;8.66;3.41;2.57;1.09;0;96.82;99.82;89.57;93.11;45.78;94.83;94.58;79.63;78.72;29.79;41.79;100;96.84;32.65;15.38;100;100;100;100;100;99.08;5.85;0.64;11.72;0;4.1;4.63;93.48;94.2;94.15;92.77;95.88;45.65;38.94;83.49;90.62;36.48;94.67;29.24;6.95;376.67;505;706.67;1025;1705;0.42;0.43;1.79;0.96;2.21;9.04;21.76;34.64;6.28;49.88;16.69;30.05;50.12;70.07;8.3;5.97;856.78;269.17;2968.03;445.7;572.22;859.99;2133.69;857.5;40.19;85.76;201.38;0.3;28.42;2.48;43.21;10.11;5.5;0.26;56.01;57.22;45.65;34.11;0.62;12.14;4.87;8.72;24.92;69.87;81.4;93.07;1160.47;59.3;5.08;51.2;71.1;63.57;87.88;1.72;0;0;2.05;1.8;3.17;0.37;34.34;2.05;23.99;99.66;100;2.91;100;100;0;0;23.79;0;0;31.19;2.9;41.76;0;0;4.22;3.07;0;0.7;0;28;51;53;68;47;57;51;63;67;58;70;41;41;53;35;32;841;26;41;44;45;59;46;45;53;67;68;60;53;36;54;49;33;24;23;800;888;5;35;848;18;78;58;61;32;1400;62;225;68;1338;64;163;68;1175;19;17;14;77;194;275;44;26;679;575;544;1641;1097;1497;95;68;1335;1641;1640;457;928;773;733;0.84;751;-20.2543758;-50.7975649
2010;354730;35;3547304;SANTANA DE PARNAÍBA;75.92;1.89;15.49;17.36;41.55;95.25;85.51;4.58;10.01;1.58;0.92;4.5;0.98;4.78;1.7;5.6;71.36;72.84;86.11;15.05;15.37;10.14;13.59;11.79;3.75;93.67;104.9;62.35;74.03;39.48;82.33;88.58;41.83;63.2;18.9;36.64;97.14;87.67;34.16;17.5;92.23;93.57;96.2;96.74;97.27;94.74;16.42;2.53;15.32;3.7;2.38;1.76;87.69;88.19;70.48;79.65;81.62;65.66;62.26;50.6;56.16;49.56;57.78;48.15;23.54;297.75;465.5;783.33;2503.33;5000;0.67;1.45;2.54;4.71;8.96;16.85;28.45;52.99;2.02;72.64;6.07;12.49;27.36;82.87;34.91;23.87;1858.69;187.76;9849.4;376.51;596.69;1381.9;6735.07;1858.96;34.14;88.24;171.66;0.89;18.94;6.2;0.82;11.69;8.42;0.15;75.22;71.87;56;47.46;0.97;24.72;17.72;1.17;8.52;53.33;66.02;75.25;3177.26;61.62;5.1;26.21;71.37;72.18;82.84;8.2;42.2;38.28;14.62;6.98;8.18;0.79;58.41;3.33;12.32;96.26;92.53;34.9;99.48;99.88;2.78;1.19;19.82;7.77;2.73;15.98;5.81;22.43;0.25;5.38;17.86;5.42;1.21;0.78;0.12;4061;5260;4926;4856;4662;4449;3991;3860;3598;3161;2414;4458;1718;947;591;380;53671;339;3886;4961;4739;4938;4978;4878;4537;4131;3825;3176;2385;4328;1649;954;736;438;603;55142;56664;521;1625;54517;1548;8144;6103;6154;4702;81787;5983;19443;5736;75804;5682;13460;5792;62344;1686;1744;1672;9106;21325;4981;4957;2916;41927;32262;0;108813;108813;91952;10221;6200;75531;108248;108233;657;762;814;725;849;876;-23.4446715;-46.9167722
2010;354740;35;3547403;SANTA RITA D'OESTE;75.31;1.27;14.3;16.51;43.27;94.59;83.75;14.98;12.02;0;0;11.36;0.78;12.01;1.75;13.62;86.57;86.52;96.77;11.48;13.48;3.23;1.95;0;0;100.74;100.27;102.15;147.09;36.92;98.75;96.53;83.68;91.32;31.16;41.82;100;98.91;34.63;3.27;91.32;94.18;100;100;100;99.73;11.31;0;0;2.61;3.47;3.93;100;100;88.69;93.81;97.48;47.32;39.44;81.14;83.86;36.05;80.65;28.52;10.98;314;433.33;560;800;1170;0.39;0.52;0.63;2.87;7.24;11.48;24.04;32.13;6.83;46.3;18.07;33.28;53.7;67.88;7.11;5.14;666.14;227.61;2140.56;374.19;506.62;680.29;1548.1;666.14;33.04;92.45;184.42;0.26;20.83;0.88;35;12.51;4.23;0.27;47.63;60.76;47.13;37.21;0.27;18.48;9.28;5.81;24.45;80.49;93.71;96.83;876.03;59.44;3.5;45.68;81.38;64.23;78.7;2.72;0;3.65;7.87;2.7;0;0.31;39.92;0.81;33.64;99.23;99.79;10.14;100;100;0;0.84;25.59;8.68;0;27.27;5.59;43.69;0;0;3.29;2.43;0;0.49;0;51;88;98;92;75;77;78;83;102;104;86;71;80;51;52;46;1264;30;46;66;92;90;96;74;90;97;92;90;100;65;79;79;51;35;37;1279;1372;5;42;1325;17;124;93;99;57;2156;116;372;116;2040;107;256;107;1784;23;24;26;142;339;381;66;61;1102;920;770;2543;1773;2309;154;92;2063;2543;2543;473;925;761;0.74;839;711;-20.1448079;-50.8317569
2010;354750;35;3547502;SANTA RITA DO PASSA QUATRO;78.22;1.59;9.5;11.02;44.35;95.8;87.87;12.83;9.95;1.62;0.51;4.43;0.87;4.65;0.9;5.25;69.24;73.44;76.25;16.37;15.5;19.78;14.4;11.06;3.98;96.31;112.95;57.83;88.09;31.18;85.33;94.82;42.52;84.85;16.09;28.57;95.97;83.62;32.61;16.37;91.64;93.78;93.76;100;97.81;93.52;18.62;1.97;4.19;4.06;0.98;0.73;89.68;90.52;63.35;73.4;86.43;59.48;55.42;47.86;55.17;41.75;56.38;39.73;12.62;325;506.67;756.67;1173.33;1625;0.48;0.53;0.87;3.42;8;13.48;27.71;38.34;4.64;53.16;13.64;27.04;46.84;65.13;11.24;7.76;930.59;215.8;3568.14;418.89;623.55;921.15;2463.45;931.32;22.79;101.07;179.88;0.4;18.43;2.07;10.95;13.2;5.21;0.26;70.85;68.76;48.77;46.78;0.48;14.66;16.79;2.75;13.53;65.25;80.69;90.89;1217.48;58.69;3.72;37.42;75.33;64.76;81.7;6.88;30.37;36.16;12.21;5.72;12.17;0.31;53.28;8.22;15.47;98.86;99.39;15.08;99.73;100;0.34;0.3;18.78;8.36;2.19;17.84;4.23;27.4;0;6.94;6.16;5.46;0.32;1.95;0;700;875;960;1001;1007;955;912;924;967;836;778;752;643;472;430;320;12813;281;702;904;946;1040;987;972;954;953;995;947;823;700;689;606;511;419;517;13665;13845;66;472;13306;281;1419;1069;1078;811;21489;1168;3940;1103;20321;1109;2772;1175;17549;309;271;276;1534;3748;3398;901;584;11150;9166;2777;26478;23701;23589;1779;1261;20549;26068;26047;595;737;775;686;887;764;-21.7103738;-47.4777943
2010;354760;35;3547601;SANTA ROSA DE VITERBO;77.1;1.72;11.7;13.56;44.39;95.53;86.29;10.01;11.49;1.2;1.48;4.94;0.84;5.18;2.02;6.01;78.14;85.04;74.91;13.27;9.89;18.87;8.59;5.07;6.23;105.01;109.93;92.19;120.33;27.85;91.08;90.11;64.6;87.39;13.97;33.15;97.49;93.14;25.37;9.56;98.2;97.48;98.08;95.97;97.91;96.59;20.47;1.3;7.44;5.55;3.28;0.84;89.9;86.64;72.97;80.6;85;58.19;53.05;48.6;55.72;39.81;54.97;36.76;9.82;271.67;433.33;622.5;1000;1466.67;0.5;0.92;0.77;5.44;10.71;18.15;30.08;40.7;4.53;55.23;13.09;25.8;44.77;70.49;12.44;8.51;829.2;187.66;3375.1;355.17;526.9;786.35;2310.67;829.94;45.88;103.95;180.15;0.44;15.74;2.55;9.23;14.29;6.95;1.5;75.78;69.28;49.48;37.24;1.03;12.32;26.3;1.13;13.22;62.42;79.4;92.14;1336.75;55.68;6.93;29.63;71.97;62.86;79.34;10.25;48.79;39.81;17.82;8.82;12.26;0.37;65.97;0.9;14.06;99.49;99.84;16.29;100;100;0;0;17.09;1.8;2.09;17.28;6.41;30.61;0;8.56;6.43;4.85;0.84;1.92;0;752;983;980;1042;1079;910;880;822;790;677;558;754;481;380;275;202;11781;216;749;975;998;1043;948;908;841;863;865;764;569;735;508;404;346;257;308;12081;11622;136;360;11126;292;1580;1140;1229;910;18914;1219;4063;1177;17695;1165;2844;1187;14851;299;260;309;1607;4000;2388;975;607;9622;7581;1115;23862;22747;20872;1958;1214;17700;23724;23703;582;774;0.77;704;868;746;-21.4869452;-47.3654908
2010;354765;35;3547650;SANTA SALETE;76.83;1.47;12.1;13.98;41.27;95.4;85.92;12.3;10.38;0;2.13;6.01;1.56;6.18;0.97;6.82;84.3;79.44;100;7.91;10.35;0;7.79;10.2;0;97.04;96.29;99.27;105.05;45.05;92.37;94.03;82.14;91.57;30.56;32.93;100;92.05;34.81;14.13;100;100;100;100;100;98.01;0;1.14;8.43;3.11;1.74;4.07;91.56;89.79;92.23;98.4;88.8;48.85;43.08;86.29;75.17;37.86;86.19;32.48;6.99;347;505;655;877.5;1136.67;0.35;0.65;1.32;2.85;5.77;10.94;24.06;27.01;6.74;41.55;19.23;36.02;58.45;71.43;5.62;4.33;673.2;226.9;1818.19;420.49;565.09;754.99;1402.87;673.2;22.67;92.63;168.84;0.22;32.47;0.87;49.88;9.08;1.86;0;41.81;53.89;43.37;29.8;0.59;9.48;8.48;20.89;39.44;78.56;89.87;96.71;781.4;72.54;23.1;53.83;76.06;77.61;90.49;2.04;0;6.25;6.16;1.96;4.64;0.3;18.12;13.24;15.65;88.91;100;5.15;100;100;0;0.81;23.86;0;0;27.69;4.4;40.76;0;0;3.04;4.26;0.22;0.68;0;26;59;59;50;60;52;39;68;51;53;54;30;49;27;28;19;743;19;40;40;44;45;51;43;61;47;50;47;52;40;50;25;26;15;28;704;949;23;28;898;12;65;42;50;30;1099;47;175;53;1052;62;128;54;924;15;10;13;70;165;178;33;21;529;450;628;1447;819;1308;99;52;1157;1447;1447;489;925;772;748;864;712;-20.2451795;-50.6889625
2010;354770;35;3547700;SANTO ANASTÁCIO;76.22;1.86;12.9;14.96;46.49;95.08;85.05;11.82;11.31;1.15;0.86;7.03;0.89;7.45;1.53;8.57;82.9;88.3;85.04;7.59;6.23;11.69;9.5;5.47;3.27;101.35;112.22;73.97;80.54;33.44;88.61;91.95;55.23;69.56;17.79;19.89;98.44;85.09;32.15;12.18;93.04;95.02;100;100;98.51;94.7;17.96;0.83;17.35;4.38;2.78;2.54;92.11;90.61;67.38;78.43;85.19;53.34;47.83;53.61;58.92;37.79;56.44;34.14;8.2;231.43;350;527.5;800;1260;0.52;1.13;2.09;6.74;13.23;26.35;45.73;44.36;4.34;57.61;12.23;24.51;42.39;61.31;14.51;9.35;726.34;157.52;3222.15;286.48;446.28;649.28;2075.92;726.34;39.43;98.55;178.94;0.49;15.59;1.93;13.15;15.68;7.93;0.33;65.88;64.58;47.73;46.13;1.49;9.9;13.53;3.75;19.87;75.29;86.86;94.98;1026.49;54.26;4.47;29.99;71.18;61.23;80.73;8.3;13.47;27.37;14.69;7.62;9.77;0.33;53.39;5.75;19.58;99.34;98.21;17.12;99.37;100;0;1.04;15.36;6.96;1.49;20.97;6.96;35.59;0;8.21;11.72;7.72;0.71;2.66;0;602;809;838;825;767;728;681;778;728;618;487;656;405;360;282;206;9982;212;580;815;863;762;741;708;767;848;793;605;551;615;483;450;343;260;309;10493;9713;73;313;9327;228;1305;940;983;680;16375;1041;3283;1007;15334;982;2242;981;13092;272;261;219;1320;3329;2421;812;532;8470;6849;1395;20475;19080;17902;1624;1044;15233;20413;20413;533;783;753;689;854;725;-21.974662;-51.652662
2010;354780;35;3547809;SANTO ANDRÉ;76.66;1.41;12.58;14.1;39.48;95.36;85.81;9.31;10.69;1.21;0.9;2.78;0.73;2.88;0.83;3.26;77.92;80.9;82.5;12.81;11.62;14.24;9.27;7.48;3.26;101.11;106.37;86.24;72.31;52.54;88.64;91;60.15;58.82;25.92;30.66;96.83;90.57;37.96;18.39;85.18;88.73;93.05;95.85;97.41;95.63;15.26;1.35;14.43;4.17;2.32;1.1;90.88;87.71;76.81;83.82;89.21;70.72;67.43;60.11;69.01;54.35;67.98;51.75;20.14;374;615;985.71;1666.4;2605;0.53;0.78;1.82;3.24;7.46;11.77;23.71;41.94;3.57;57.59;11.08;23.04;42.41;74.59;15.14;10.36;1304.31;232.72;5470.08;490.02;779.83;1263;3743.22;1304.42;35.48;94.61;174.84;0.51;18.15;2.72;0.28;15.96;5.28;0.15;74.03;80.37;64.64;46.62;0.94;24.59;19.74;1.15;8.07;49.79;65.44;80.68;1947.56;61.5;5.54;33.9;79.31;68.18;85.98;8.5;32.22;34.83;14.66;7.59;8.63;0.43;61.78;3.09;13.3;98.18;98.18;25.53;99.89;99.99;0.23;1.47;14.15;14.82;2.59;11.92;3.24;22.13;0.39;3.57;9.21;4.21;0.7;0.85;0.01;20138;24218;25040;28838;30191;27569;25086;24115;23187;20288;16821;20982;12657;8974;7154;4700;324458;4500;19164;23613;24500;28534;30630;29217;27268;26225;25775;23436;19707;20349;15803;11869;9908;7131;8820;351949;366055;2648;9726;353681;7777;38198;28631;28680;23353;546963;28968;106717;29196;517995;31436;77749;32594;440246;8067;8156;8064;42560;99933;62963;23537;14335;288304;235370;0;676407;676407;595250;47831;28688;518731;674948;674891;707;802;815;769;861;819;-23.6573395;-46.5322504
2010;354790;35;3547908;SANTO ANTÔNIO DA ALEGRIA;74.8;2;15;17.4;45.52;94.31;83;10.8;9.6;0.97;0.95;5.63;0.79;5.94;1.57;6.93;65.37;66.93;82.73;19.97;20.87;15.01;14.65;12.2;2.25;100.77;109.49;79.07;31.32;18.16;89.65;94.06;52.13;26.51;14.1;4.4;97.34;84.4;26.15;5.47;56.01;67.42;91.39;95.75;97.49;93.74;21.88;0.9;22.88;7.5;1.88;0;89.94;92.04;66.75;79.15;79.16;42.27;35.31;40.2;46.32;27.32;44.44;23.74;8.9;250;366.67;506.67;770.67;1050;0.42;1.24;2.54;6.19;15.64;23.8;44.92;32.64;5.78;48.61;16.14;30.88;51.39;75.15;8.09;5.96;585.63;169.34;1911.73;303.3;431.45;600.8;1408.45;587.13;30.71;93.33;181.35;0.3;26.49;2.65;43.74;10.18;5.5;0;50.68;49.1;31.93;30.31;0.1;10.34;6.65;3.7;16.7;80.78;91.18;96.74;858.88;60.14;2.46;33.49;74.86;68.16;83.71;2.34;18.83;8.87;6.82;2.05;1.72;0.22;40.86;3.73;22.76;96.47;99.46;18.39;100;100;0.09;0.23;36.52;43.99;2.51;32.19;12.54;44.49;1.24;6.5;9.98;5.27;0.26;1.18;0;201;254;254;304;275;244;238;199;210;181;199;208;162;113;91;68;3260;59;183;247;257;257;235;223;191;200;200;186;178;198;139;123;77;63;87;3044;3321;12;110;3199;72;412;317;308;233;5013;317;1072;291;4696;288;755;300;3941;79;79;77;416;1049;681;247;158;2416;1902;1635;6304;4669;5522;501;327;4693;6223;6207;423;721;702;604;0.83;0.69;-21.0893048;-47.1523426
2010;354800;35;3548005;SANTO ANTÔNIO DE POSSE;75.3;1.82;14.3;16.52;44.41;94.59;83.74;7.53;9.77;1.45;0.98;7.82;1.08;8.29;2.08;9.82;68.13;71.88;80.36;18.39;17.67;15.92;13.49;10.45;3.72;93.42;108.91;51.71;87.59;17.25;82.85;90.83;33.44;76.06;6.92;27.72;96.16;81.5;22.49;10.09;92.43;94.81;99.55;100;97.32;93.04;22.18;2.65;4.97;3.1;2.14;1.59;86.19;83.57;48.94;58.12;67.58;42.56;37.44;33.13;38.09;24.82;36.6;22.1;5.82;272.71;440;566.67;866.67;1250;0.44;1.24;2.84;4.14;8.01;17.19;29.78;35.19;5.5;50.33;15.75;29.97;49.67;81.05;8.94;6.37;695.67;191.16;2448.09;356.81;494.56;685.33;1744.44;695.67;47.91;90.6;178.82;0.33;12.17;3.33;13.99;14.45;5.82;0.12;73.52;49.75;30.07;33.54;1.06;6.67;19.13;1.62;11.16;73.71;87.95;93.94;1099.8;62.76;6.26;39.81;79.83;71.44;85.67;5.53;23.79;22.07;7.9;4.64;2.8;0.27;63.22;3.18;16.92;98.16;99.73;30.66;99.86;99.73;0;0.09;39.13;7.57;2.68;36.21;10.48;34.08;0;7.89;18.71;4.24;0.26;0.59;0.27;692;959;870;965;969;860;759;748;674;553;484;816;330;227;220;150;10412;136;740;860;854;922;908;877;780;731;652;580;451;729;333;290;208;148;175;10238;11094;114;440;10540;274;1453;1101;1109;849;15854;1025;3611;1061;14829;1108;2586;1103;12243;309;318;291;1593;3715;1554;860;511;7909;6133;1816;20650;18834;17677;1819;1104;14754;20591;20591;426;0.67;702;576;838;718;-22.6054087;-46.9210727
2010;354805;35;3548054;SANTO ANTÔNIO DO ARACANGUÁ;75.41;1.82;14.1;16.34;40.12;94.65;83.89;7.49;11.31;1;1.25;9.48;1.02;10.07;1.9;11.76;76.54;78.07;85.45;10.84;9.7;10.26;12.62;12.22;4.29;140.47;139.89;141.87;73.57;31.29;92.63;93.79;65.66;57.23;11.44;39.61;99.51;91.2;26.36;23.95;93.87;95.92;100;100;98.92;96.68;15.04;1.83;14.43;9.84;3.7;2.12;97.71;96.22;79.09;90.34;89.2;54.76;48.43;58.74;59.91;33.09;62.21;28.16;6.13;283.33;425;571.67;831.67;1185;0.41;0.77;1.35;3.32;7.12;16.52;28.58;33.05;6.03;47.29;16.68;31.63;52.71;80.61;7.92;5.66;662.71;199.92;2190.12;352.91;495.23;698.56;1564.85;663.71;35.85;86.06;184.44;0.29;14.03;0.56;24.5;4.81;4.22;0.15;74.55;62.52;39.24;29.62;0.08;8.27;33.48;3.18;15.55;71.13;88.57;95.59;1047.23;61.97;8.97;30.28;76.55;70.26;80.43;4.34;16.63;15.7;8.59;3.8;2.22;0.27;68.52;0.79;13.09;96.21;98.96;14.18;100;99.83;0.63;0.97;17.22;6.13;1.08;20.48;4.72;28.39;1.65;1.86;10.1;5.63;0.75;1.47;0.17;229;309;335;329;345;339;306;307;291;222;175;260;157;102;80;42;3879;51;245;319;305;315;286;312;327;289;266;208;182;246;150;95;92;47;63;3747;4116;56;126;3934;99;499;371;372;274;6000;401;1281;375;5599;365;880;388;4719;101;107;85;527;1290;571;319;190;2929;2310;1655;7626;5971;6641;628;415;5599;7621;7609;548;839;757;728;0.84;0.71;-20.9354866;-50.4953504
2010;354810;35;3548104;SANTO ANTÔNIO DO JARDIM;75.12;1.51;14.5;16.82;44.67;94.49;83.47;10.5;8.88;1.91;0.71;8.47;1.11;8.97;1.85;10.27;71.81;70.9;91.16;11.19;10.63;6.98;17;18.47;1.85;95.3;99.94;81.77;92.44;11.41;91.29;93.68;61.7;72.7;8.87;36.62;95.52;80.97;15.08;2;79.89;86.25;93.54;100;97.05;92.94;15.82;0;3.7;5.4;2.33;0;88.46;87.24;74.94;84.18;82.09;41.11;34.14;47.48;49.51;24.45;52.43;20.19;6.23;280;422;516.67;765;1022.5;0.41;2.09;3.38;5.54;10.49;15.91;28.32;34.35;5.6;47.98;16.99;32.15;52.02;75.01;8.09;5.67;635.11;177.92;2181.8;361.58;481.4;630.94;1529.47;639.42;21.55;73.81;154.61;0.32;26.37;3.55;44.15;10.78;4.19;0.1;56.98;49.41;31.1;23.86;0.64;7.19;14.43;3.72;16.35;79.64;90.12;97.18;931.76;60.94;5.99;60.06;84;66.6;80.34;3.53;0;13.4;7.54;3.03;2.36;0.27;45.3;3.14;18.04;96.64;99.93;19.42;100;100;0;0.6;30.18;20.11;2.95;29.6;7.88;44.43;0;4.19;8.17;5.54;0;2.4;0;176;244;244;241;256;236;247;195;195;205;173;187;138;105;77;52;3045;74;169;214;204;227;230;237;221;201;196;177;168;221;117;106;87;59;64;2898;3170;27;159;2984;58;366;275;277;210;4732;283;916;252;4449;244;633;259;3816;77;88;68;412;981;624;214;129;2294;1863;2411;5943;3532;5203;458;265;4480;5938;5898;411;761;714;0.62;835;703;-22.1158536;-46.6839541
2010;354820;35;3548203;SANTO ANTÔNIO DO PINHAL;73.69;2.02;16.8;19.49;48.87;93.66;81.32;8.87;10.92;1.23;1.69;8.08;1.61;8.58;2.92;9.94;75.98;82.41;60.91;14.91;11.11;28.91;9.11;6.48;10.18;95.98;102.12;78.12;88.41;10.87;90.85;93.62;61.33;62.49;6.11;25.27;97.16;79.73;13.96;6.84;81;89.25;100;100;98.34;93.58;13.4;1.66;14.1;2.93;2.78;0;91.16;91.98;70.2;71.03;72.65;44.06;38.53;41.22;42.89;27.35;43.76;24.34;6.54;198.5;327.5;450;678;1025;0.47;1.17;1.92;9.11;17.29;31.16;50.76;38.42;4.88;53.37;13.95;27.44;46.63;78.69;11.02;7.64;569.08;138.76;2186.47;258.21;383.71;546.21;1515.92;569.68;46.7;105.87;172.78;0.39;26.72;1.15;17.16;12.84;10.34;0;47.16;49.21;30.57;50.77;0.68;6.99;6.73;2.93;25.62;82.89;90.46;95.95;888.26;62.38;4.47;46.37;79.33;71.53;82.97;3.23;0;10.32;9.4;2.89;0;0.36;39.24;0.73;29.61;77.89;98.91;23.79;99.57;99.85;0.24;0.94;29.47;19;1.66;27.93;13.41;42.43;1.02;5.34;20.34;9.2;0.71;1.82;0.15;206;323;282;281;236;254;239;234;233;198;137;259;122;100;78;55;3269;32;207;299;282;261;245;240;222;234;228;193;117;256;119;115;81;61;57;3217;3468;28;169;3271;87;488;361;357;247;4913;354;1100;318;4559;324;746;333;3813;78;79;97;566;1316;575;298;184;2444;1903;2631;6486;3855;5561;622;365;4574;6456;6450;441;756;706;632;812;685;-22.8250504;-45.6674063
2010;354830;35;3548302;SANTO EXPEDITO;74.69;2.18;15.2;17.6;48.3;94.25;82.84;12.45;10.64;0;1.31;11.38;1.47;12.13;2.69;13.76;75.43;76.49;81.69;13.65;12.23;16.43;10.92;11.28;1.88;102.04;106.24;93.06;93.55;12.9;94.99;96.48;79.46;74.83;6.06;31.38;97.81;92.19;14.55;6.42;91.59;93.63;100;100;99.16;96.93;10.19;0;13.79;5.14;1.02;0;95.9;98.06;84.47;89.22;91.32;47.05;40.29;71.42;70.03;34.18;70.51;28.71;3.35;220;320;474;550;900;0.41;2.85;5.6;11.41;23.61;28.78;43.32;33.4;5.41;47.1;16.36;32.4;52.9;65.92;8.17;5.77;497.6;134.53;1661.89;272.41;399.08;510.18;1174.68;497.6;37.53;96.72;168.59;0.31;13.42;1;13.87;10.24;7.78;0;71.62;58.48;43.83;44.76;1.22;5.21;20.48;5.82;20.25;83.14;91.71;97.83;825.31;50.04;1.42;19.63;71.87;57.17;81.29;8.6;0;19.86;20.14;8.32;7.89;0.27;53.57;13.3;13.06;94.62;96.77;17.31;99.71;99.88;1.77;0.99;19.74;8.41;0.84;25.82;5.89;38.94;0;6.35;4.45;10.11;2.74;2.77;0.12;78;108;131;101;103;98;89;104;119;87;65;92;62;61;47;23;1403;35;87;97;112;95;84;102;94;125;96;78;86;90;65;77;48;28;36;1400;1229;3;32;1194;30;159;122;123;92;2206;153;425;146;2053;126;272;122;1781;40;44;30;183;443;349;96;68;1107;906;325;2803;2478;2456;205;162;2088;2799;2799;471;879;732;714;828;664;-21.8508736;-51.3925315
2010;354840;35;3548401;SANTÓPOLIS DO AGUAPEÍ;74.78;2.05;15.1;17.45;45.47;94.3;82.97;8.7;11.8;1.41;0.49;8.5;1.49;9.03;4.03;10.86;78.42;84;75.19;11.22;8.1;19.3;10.36;7.9;5.5;95.05;106.51;65.31;92.5;19.46;90.61;94.49;51.97;74.12;9.67;20.78;98.1;87.87;13.3;6.83;92.34;93.68;97.11;100;98.51;95.55;18.16;0;15.86;1.09;4.03;1.63;92.47;93.75;78.16;85.25;80.27;54.43;48.35;63.04;60.32;37.32;66.19;31.91;5.34;260;365;510;796.67;1040;0.35;0.37;0.49;2.41;5.01;18.82;32.82;25.22;7.19;41.7;18.69;35.16;58.3;75.2;5.4;4.45;551.5;198.33;1391.01;316.97;454.22;638.08;1146.2;552.02;44.52;104.72;193.73;0.2;18.21;1.18;17.26;10.08;4.29;0.31;70.47;66.22;47.3;27.51;0.86;7.56;37.46;1.22;12.82;70.19;88.76;97.85;917.54;58.02;1.69;35.25;80.72;65.94;82.96;8;0;23.94;11.88;7.42;10.12;0.19;63.7;3.13;12.91;98.59;99.81;20.48;99.82;100;0.1;0.36;20.2;7.66;1.49;21.86;6.24;34.43;0;2.65;16.04;4.78;1.65;0.95;0;161;165;171;249;221;201;128;145;121;133;76;157;65;61;46;36;2167;31;157;182;195;196;178;158;160;128;123;115;101;141;76;67;51;38;44;2110;2129;6;78;2045;58;283;200;218;192;3306;205;810;224;3101;238;605;243;2496;67;63;48;299;720;372;182;104;1626;1236;144;4277;4133;3669;347;221;3102;4276;4272;544;827;0.74;719;0.83;0.68;-21.6379556;-50.5008527
2010;354850;35;3548500;SANTOS;76.13;1.25;13.7;15.36;44.51;95.14;85.23;14.05;10.84;1.04;0.72;2.22;0.65;2.29;0.83;2.53;76.88;79.21;81.58;14.54;14;14.89;8.57;6.8;3.54;102.4;106.32;91.44;95.58;52.52;91.03;93.3;62.78;71.02;26.5;48.38;97.94;87.35;37.63;16.04;94.03;95.6;97.23;98.78;98.22;95.36;14.06;1.48;12.39;4.86;2.81;2.77;92.89;92.73;77.99;83.54;89.68;75.78;73.76;64.5;71.35;61.08;71.15;59.58;27.82;442.86;748;1200;2125;3336.67;0.55;0.6;1.55;2.39;6.13;8.08;18.12;44.17;3.31;59.69;10.19;21.45;40.31;64.24;17.33;11.72;1693.65;280.05;7481.44;583.28;953.44;1596.37;5060.09;1693.77;37.1;93.33;173.85;0.56;20.27;4.52;0.42;16.27;4.32;0.63;74.95;83.43;70.18;65.49;0.69;32.7;6.83;0.76;7.4;44.68;61.08;76.87;2233.86;58.26;3.04;27.8;71.94;64.09;85.12;8.11;45.61;34.1;19.11;7.43;9.78;0.47;55.47;6.44;12.72;99.73;98.42;22;99.78;99.94;0.15;2.76;11.14;5.97;1.78;9.27;1.98;18.24;0.49;4.42;6.92;4.07;0.2;0.76;0.06;10862;13521;13818;15112;15955;14990;13830;13425;13950;12954;11185;11625;8884;6975;6000;4413;191912;4413;10418;12921;13751;15527;17358;17221;15938;16121;16864;16079;14718;10904;12556;10438;9186;7528;9960;227488;218845;804;4431;213611;4113;21083;15732;15862;12788;349127;16191;58202;16338;332936;17202;42011;17807;290925;4378;4471;4442;23417;55279;58911;12921;8016;193233;163958;314;419400;419086;375661;26442;15940;333279;416553;416524;758;832;0.84;807;852;861;-23.960833;-46.333889
2010;354860;35;3548609;SÃO BENTO DO SAPUCAÍ;73.69;1.83;16.8;19.49;46.84;93.66;81.32;10.68;10.46;1.27;2.39;8.45;0.85;8.88;3.7;10.17;78.58;81.85;84.16;11.33;10.59;11.62;10.09;7.57;4.21;95.57;101.66;77.88;92.79;16.77;89.73;92.32;54.73;84.63;8.9;7.59;98.3;85.43;20.51;6.35;86.78;91.54;94.98;100;98.51;95.16;17.72;1.65;0;5.63;3.36;0.63;92.07;90.92;68.13;77.9;79.29;45.73;40.15;45.84;48.05;30.39;44.6;27.46;9.53;222.4;320;493.5;740;1133.33;0.55;2.21;4.43;6.9;12.37;28.59;42.34;47.44;4.24;60.09;12;23.18;39.91;79.32;15.81;9.98;701.89;148.87;3329.89;272.24;392.54;587.1;2100.4;703.19;20.26;83.87;177.86;0.56;26.39;2.53;20.44;12.77;9.11;0.08;48.51;51.05;35.22;45.27;0.31;10.8;8.78;5.08;24.54;80.07;87.73;94.56;1162.5;59.5;13.77;40.71;71.19;65.96;80.97;4.87;4.7;12.09;9.67;4.58;6.47;0.56;33.96;5.06;27.38;82.3;99.68;15.64;99.41;99.96;0;0.24;28.87;13.22;1.49;29.37;11;43.34;0;7.07;13.82;10.28;1.13;3.39;0.04;317;452;438;395;349;381;376;391;404;335;287;347;238;216;143;91;5271;111;304;435;430;344;380;386;402;405;381;312;255;366;240;201;142;99;115;5197;5437;122;205;5110;97;711;543;522;384;8247;543;1607;519;7704;474;1064;451;6640;140;128;125;761;1849;1118;435;262;4092;3318;5428;10468;5040;9138;887;504;7747;10389;10370;457;753;0.72;638;812;719;-22.6884605;-45.7329767
2010;354870;35;3548708;SÃO BERNARDO DO CAMPO;76.65;1.5;12.84;14.39;37.55;95.39;85.91;6.56;10.22;1.07;0.77;3.04;0.72;3.18;0.86;3.65;73.38;75.41;80.74;15.49;15.13;15.73;11.13;9.46;3.53;100.41;105.55;85.75;97.53;46.96;88.32;90.39;57.33;77.56;20.11;35.28;96.57;89.13;33.08;18.71;92.76;94.49;96.9;98.06;97.59;95.4;16.14;1.61;10.35;4.9;3.14;1.61;88.42;86.28;71.86;79.67;85.72;70.23;67.22;54.57;62.03;52.19;61.58;50.28;19.21;333.33;554.5;871.67;1510;2487;0.54;0.99;1.91;3.54;7.11;13.22;23.93;42.7;3.57;58.49;10.93;22.48;41.51;78.25;15.63;10.71;1212.65;216.55;5177.68;446.14;700.06;1154.15;3549;1213.07;38.53;90.17;175.06;0.52;16.68;2.46;0.53;14.27;5.14;0.05;74.59;78.08;60.97;46.32;0.64;22.38;19.08;1.27;8.75;51.36;67.59;82.23;1873.7;62.46;4.57;30.43;77.88;70.38;83.79;8.75;39.76;35.4;15.15;7.84;8.62;0.43;63.63;2.91;13.33;99.13;96.35;27.51;99.87;99.98;0.68;1.21;12.78;7.24;2.41;11.19;2.93;20.84;0.62;4.1;11;4.95;0.9;0.83;0.02;24952;29707;30036;34307;35508;33323;29733;28057;25432;21845;17518;25868;12549;8567;5795;3395;369626;3034;24257;29167;29703;33868;37068;35922;32614;30181;28768;24806;20108;24794;15074;10298;7730;5323;6156;395837;415619;2690;10628;402302;9840;47166;35428;35318;29347;606198;35347;127783;35476;570851;37434;92436;38804;478415;9961;9990;9759;52240;123009;50235;29121;17587;317352;253848;12805;765463;752658;665428;58874;34926;571628;761343;761075;702;779;805;752;861;807;-23.7080345;-46.5506747
2010;354880;35;3548807;SÃO CAETANO DO SUL;78.2;1.3;9.5;11.02;41.07;95.79;87.84;13.89;11.04;1.06;0.56;1.55;0.41;1.59;0.39;1.76;75.88;80.47;74.44;14.26;12.16;17.45;9.86;7.37;8.11;99.56;104.52;86.45;101.19;76.78;90.91;91.73;64.88;72.32;35.89;56.87;96.46;93.81;45.16;18.5;97;97.09;96.37;97.28;97.41;96.42;15.95;0.78;10.62;3.74;3;3.44;91.22;90.5;79.27;88.77;92.45;76.21;73.9;67.68;75.53;62.46;75.28;60.61;31.19;546;945;1496.67;2560;4016;0.54;0.09;0.25;0.52;0.92;3.85;7.45;43.71;3.69;58.6;10.85;22.35;41.4;76.3;16.12;10.8;2043.74;377.39;8933.87;731.02;1175.12;1946.52;5984.78;2043.74;22.3;89.31;189.35;0.52;20.94;5.62;0.27;14.94;3.62;0.27;75.02;86.47;73.65;50.99;0.62;37.53;17.06;0.7;5.42;36.49;51.45;68.28;2966.08;61.72;3.76;27.81;79.39;67.38;90.58;6.61;28.65;29.04;13.17;6.1;7.01;0.54;57.51;3.01;12.45;99.99;97.75;20.06;100;100;0;0.05;6.83;3;2.59;8.79;0.97;18.36;0.19;1.56;4.79;1.16;0.13;0.75;0;3519;4374;4783;5513;5876;5441;5123;4886;5443;4868;4182;3758;3350;2453;2076;1532;68853;1676;3304;4238;4615;5578;6376;6273;5848;5770;6451;5887;5099;3537;4443;3554;3211;2619;3607;80410;83325;324;1516;81484;1339;6890;5106;5215;4023;126533;5514;20489;5649;121019;5946;14975;6236;106044;1461;1429;1435;7588;18060;20728;4238;2707;69331;59138;0;149263;149263;134996;8612;5451;120933;148195;148195;762;836;862;811;887;891;-23.6195923;-46.5688323
2010;354890;35;3548906;SÃO CARLOS;76.78;1.44;11.19;12.98;39.61;95.19;85.36;8.94;10.66;1.23;0.83;3.64;0.84;3.81;1.02;4.36;76.93;80.09;80.39;14.57;13.45;14.92;8.5;6.46;4.69;97.22;102.63;82.31;98.14;44.43;90.68;94;63.46;77.67;21.84;40.81;97.14;87.08;31.1;16.35;92.87;94.18;96.42;97.08;97.86;94.99;14.54;0.99;5.87;4.51;1.29;0.4;91.73;89.36;74.32;81.44;90.1;69.31;65.47;59.62;67.63;53.09;67.77;50.4;17.81;363.64;560;805.33;1318.33;2110;0.49;0.58;1.43;2.53;5.91;10.01;20.23;39.97;4.56;55.3;13.16;25.79;44.7;76;12.15;8.4;1079.45;245.87;4314.68;464.37;681.47;1020.96;2984.49;1079.45;34.56;96.73;178.42;0.43;18.06;3.38;3.38;16.6;8.18;0.09;76.57;77.87;60.86;47.04;1.07;19.27;20.01;1.35;9.66;57.15;74.1;86.47;1633.98;61.94;3.07;28.48;73.9;69.53;85.99;7.43;21.67;28.27;15.84;6.87;7.93;0.4;63.05;3.72;10.57;99.1;99.59;20.15;99.96;99.88;0.1;0.23;12.21;7.13;2.14;12.16;3.07;21.51;0;5.06;8.48;3.64;0.28;0.82;0.12;6636;8234;8781;9912;10340;9455;8510;7851;7541;6713;5384;7078;4095;2930;2266;1603;108914;1585;6516;7854;8300;9321;10239;9679;8611;8102;8109;7233;6063;6792;4710;3431;2941;2285;2850;113036;120861;497;2814;117551;2606;12860;9606;9731;7854;178787;10039;36313;10246;168748;10748;26274;10919;142474;2691;2754;2716;14343;33911;19847;7854;4942;91847;74227;8889;221950;213061;195118;16170;9883;169065;220666;220666;693;805;805;766;863;788;-22.0183367;-47.890932
2010;354900;35;3549003;SÃO FRANCISCO;73.82;2.07;16.6;19.23;50.24;93.74;81.52;12.14;10.95;2.11;0;11.63;0.38;12.31;1.86;14.28;87.19;88.27;86.58;12.06;10.71;13.42;0.75;1.01;0;100.98;105.8;88.7;89.07;34.9;96.11;98.77;83.21;73.5;26.94;28.33;100;86.2;31.8;1.85;100;100;100;100;100;96.11;2.99;0;22.11;1.13;1.23;0;97.32;97.35;89.66;87.02;80.24;37.41;30.88;62.31;66.05;27.24;74.73;21.32;7.52;253.33;379;510;750;1058.5;0.45;0.29;0.73;4.02;11.48;21.09;39.98;37.8;5.75;51.01;15.67;29.93;48.99;73.81;9.65;6.58;643.37;184.97;2431.84;319.11;458.7;613.23;1657.98;645.24;0;105.01;190.15;0.34;24.26;2.48;46.97;8.32;3.57;0;43.67;43.72;32.1;27.42;0;9.89;8.41;8.95;34.56;80.73;88.66;95.65;955.77;58.96;1.64;31.99;65.88;66.38;90.29;3.05;0;20.19;5.76;2.54;6.02;0.42;26.86;8.53;35.45;89.63;99.85;9.06;100;100;0;0;23.83;0;0;31.88;7.46;48.39;0;12.93;9.05;4.3;1.69;2.35;0;79;97;117;102;92;80;107;93;107;69;81;96;75;68;55;44;1400;38;77;113;97;96;79;108;97;109;93;93;91;85;69;75;50;26;35;1393;1445;3;43;1399;28;142;110;105;83;1987;111;376;120;1876;119;265;115;1611;29;34;18;173;387;339;103;54;990;814;626;2793;2167;2451;210;133;2108;2790;2782;374;873;723;658;814;705;-20.3604438;-50.696603
2010;354910;35;3549102;SÃO JOÃO DA BOA VISTA;77.23;1.98;9.45;10.96;41.32;95.17;85.3;10.43;11.04;0.87;0.66;3.84;0.86;4.03;0.83;4.56;82.47;83.93;88.4;12.03;11.53;10.65;5.5;4.54;0.95;93.92;98.63;81.81;103.87;29.84;88.18;90.57;61.45;84.38;18.04;33.36;96.56;87.45;25.38;8.1;95.88;96.22;97.32;96.87;97.21;94.48;10.66;1;9.57;3.59;3.87;1.99;94.47;90.77;80.4;89.27;86.88;62.38;58.32;56.03;63.06;44.98;64.91;41.98;16.97;328;506.67;720;1155.5;1833.33;0.51;0.32;0.77;1.84;4.1;12.66;24.51;42.62;4.59;56.87;13.01;25.06;43.13;70.21;13.1;8.73;998.31;228.87;4254.29;420.53;601.51;901.69;2835.66;998.42;34.33;101.5;192.94;0.45;23.15;3.07;7.19;17.25;8.94;0.52;72.21;70.59;51.98;43.76;0.82;18.67;13.51;1.07;10.64;63.65;79.96;90.48;1402.85;60.35;3.11;33.28;73.42;67.38;86.61;5.95;22.9;28.22;12.25;5.21;5.6;0.38;56.02;3.69;13.17;99.56;98.11;18.94;99.27;99.96;0.11;0.04;16.27;4.12;2.79;16.16;4.08;26.5;0.9;1.93;9.59;3.68;0.16;1.02;0.04;2369;3054;3201;3406;3469;3295;3081;2989;2895;2687;2155;2560;1726;1260;1020;697;40546;682;2230;2958;3040;3367;3495;3403;3183;3214;3267;2879;2530;2563;1902;1527;1263;1027;1245;43093;44616;187;1303;43126;913;4833;3593;3614;2733;67884;3810;13010;3767;64074;3747;9200;3880;54874;952;1003;974;5294;12651;8720;2956;1897;35333;28927;3337;83639;80302;73933;6012;3915;64006;83244;83234;624;821;797;749;871;776;-21.9778137;-46.7881722
2010;354920;35;3549201;SÃO JOÃO DAS DUAS PONTES;73.34;1.88;17.4;20.15;45.88;93.46;80.79;11.03;11.86;3.06;0.75;9.94;1.97;10.58;1.07;11.9;79.38;82.63;83.78;10.15;5.52;16.22;10.47;11.85;0;101.91;109.66;81.35;91.54;26.23;94.21;96.18;64.13;67.73;21.41;26.04;98.98;95.66;29.76;4.61;90.99;92.43;96.89;100;99.42;98.39;16.24;1.58;17.02;4.25;3.24;1.51;87.52;84.94;78.11;91.28;91.77;45.94;38.74;72.83;67.73;33;68.73;27.55;6.88;251.25;370;506.67;660;875;0.36;0.74;1.79;4.37;9.79;22.06;43.84;29.33;6.82;43.21;18.8;35.39;56.79;71.41;6.24;4.58;532.23;181.51;1560.8;318.8;441.52;569.58;1145.78;532.23;43.98;109.66;188.45;0.24;14.94;0.95;39.28;6.8;3.04;0;64.38;58.07;43.25;33.65;0.92;11.82;14.56;0.89;13.58;86.02;94.04;97.87;833.55;53.38;0.85;17.55;72.89;62.16;73.51;2.96;0;6.69;11.69;2.89;4.59;0.15;51.36;6.86;25.16;99.65;99.03;7.45;100;100;0;0.25;18.7;9.01;0.58;24.3;6.57;40.49;0;0;9.78;4.72;0.24;0.95;0;69;116;110;99;82;95;106;91;101;78;69;82;64;51;27;29;1290;21;74;116;97;81;105;92;100;91;111;85;46;67;56;55;41;31;28;1276;1211;2;22;1186;28;196;148;134;72;2042;133;387;120;1909;99;254;103;1655;43;31;21;154;438;283;116;54;1019;841;605;2566;1961;2268;232;128;1909;2566;2566;459;838;0.72;686;806;675;-20.3878223;-50.378858
2010;354925;35;3549250;SÃO JOÃO DE IRACEMA;74.97;2.08;14.8;17.11;41.49;94.41;83.25;10.17;11.89;1.02;0;11.05;2.93;11.88;0.81;13.5;80.53;82.02;92.63;10.04;12.32;2.98;9.43;5.66;4.39;98.14;105.52;83.46;110.4;45.54;96.32;96.46;76.81;100;30.35;44.84;100;94.6;34.77;10.97;100;100;100;100;98.14;96.96;15.89;1.17;0;1.79;1.69;1.9;96.95;96.56;84.11;89.23;89.81;51.34;44.63;73.01;68.37;35.08;76.91;29.27;7.13;255;391.33;530;700;996.67;0.37;2.9;6.39;6.44;14.88;20.41;34.34;28.32;6.24;42.99;17.86;34.85;57.01;69.26;6.34;4.89;559.18;174.36;1583.82;325.03;475.12;619.58;1220.19;559.18;29.3;84.18;174.36;0.27;18.63;1.29;38.68;9.86;3.32;0;58.85;63.46;44.84;35.23;0.82;10.91;10.77;4.89;28.42;78.58;90.23;96.33;843.87;55.7;1.76;16.11;70.47;64.12;91.12;6.05;100;37.62;14.66;5.16;1.35;0.27;35.82;14.22;24.94;99.83;100;16.39;100;100;0;0;11.23;0;1.86;21.51;4.51;38.24;0;2.21;11.78;9.14;0.23;1.81;0;62;65;90;64;70;61;73;66;57;52;50;53;49;29;28;19;898;10;52;64;80;72;54;63;72;69;61;51;56;45;48;37;23;16;19;882;874;2;17;855;21;98;77;74;68;1439;101;306;104;1338;94;205;79;1133;25;14;16;115;291;181;64;48;721;569;328;1780;1452;1570;129;108;1333;1780;1780;513;885;748;738;833;682;-20.5134345;-50.352595
2010;354930;35;3549300;SÃO JOÃO DO PAU D'ALHO;76.26;1.31;12.9;14.89;50.49;95.11;85.12;15.26;9.68;2.13;4.21;11.27;1.58;11.7;1.79;13.11;77.89;71.63;90.87;9.44;10.43;9.13;12.66;17.94;0;94.39;90.23;104.51;62.14;32.3;93;88.64;83.81;56.59;21.44;57.85;100;90.25;25.77;5.16;84.3;88.41;95.94;93.24;99.24;96.62;1.73;1.12;0;1.39;7.42;2.42;72.8;79.64;93.92;90.71;85.94;48.97;43.99;65.96;65.69;33.59;73.92;29.27;9.77;343;506.67;632.5;880.25;1175;0.33;0.73;2.5;1.1;3.79;8.49;16.94;26.45;7.59;41.5;19.84;35.96;58.5;67.11;5.33;4.15;680.13;258.03;1799.24;416.66;548.19;766.34;1401.49;680.13;23.74;56.08;194.64;0.19;21.98;1.19;28.99;8.72;4.33;0;58.96;61.66;43.49;41.3;0.95;12.53;14.16;1.76;20.87;69.81;87.67;96.48;950.73;55.57;1.28;36.73;82.52;62.2;79.83;2.49;0;10.5;6.51;2.2;1.4;0.22;47.01;4;24.24;88.34;99.78;7.78;100;100;0;0;7.63;15.7;0.76;20.49;1.36;40.79;2.04;10.27;8.06;1.2;0.45;0.36;0;54;86;87;74;62;66;58;71;79;85;64;50;55;58;39;35;1057;34;43;79;70;66;66;67;79;81;65;79;56;53;75;52;42;35;38;1046;1060;2;38;1021;15;141;100;105;60;1650;95;285;87;1555;79;190;86;1365;14;17;26;103;312;321;78;45;831;702;398;2103;1705;1908;165;102;1641;2098;2098;0.49;822;0.75;692;854;714;-21.2701055;-51.6654978
2010;354940;35;3549409;SÃO JOAQUIM DA BARRA;75.8;1.75;12.5;14.5;41.14;94.53;84.59;8.39;10.66;1.15;0.61;5;0.84;5.28;1.58;6.13;77.49;80.1;82.36;14.32;13.68;13.43;8.19;6.22;4.21;97.83;103.34;83.85;71.41;23.46;90.07;92.32;62.83;64.07;15.69;25.82;95.44;85.01;25.25;6.01;89.51;92.32;95.15;98.67;96.69;93.39;14.04;0.56;19.29;4.24;2.97;0.42;92.47;90.1;72.63;76.37;81.98;59.45;55.2;47.4;54.59;40.8;54.28;38.2;11.64;344;503.33;666.67;1002.5;1385;0.42;0.36;1.05;2.51;5.79;11.74;22.4;33.38;5.81;48.19;16.71;31.15;51.81;77;7.99;5.76;799.93;232.57;2669.87;435.88;577.33;826.51;1926.64;799.93;28.51;96.55;186.94;0.3;18.11;1.52;6.93;15.73;6.89;0.1;75.78;70.18;50.55;41.67;1.04;14.79;25.15;1.12;9.94;57.53;78.92;92.26;1316.71;59.75;4.4;35.91;76.47;66.95;84.01;8.61;40.46;37.04;16.14;7.39;8.19;0.29;63.43;3.52;12.56;99.75;98.44;21.42;99.9;99.92;0.06;0;17.82;10.49;3.31;16.77;3.75;27.64;0.52;5.2;7.9;3.6;0.17;0.9;0.08;1488;1797;1835;2049;2253;1954;1788;1606;1455;1360;1085;1607;871;617;434;327;22792;266;1471;1711;1879;2022;2173;1980;1728;1627;1637;1441;1191;1576;1026;724;599;408;527;23720;24124;154;824;23146;611;2782;2054;2081;1768;36835;2284;7776;2190;34551;2179;5492;2303;29059;579;665;638;3242;7584;3901;1710;1155;18950;15052;834;46512;45678;40374;3508;2295;34571;46359;46359;595;769;762;706;847;0.74;-20.5814993;-47.8608238
2010;354950;35;3549508;SÃO JOSÉ DA BELA VISTA;75.61;2.67;13.8;15.99;51.32;94.76;84.19;7.49;10.39;1.99;3.67;11.35;3.37;11.97;5.73;13.94;77.07;78.1;89.08;13.06;12.75;8.71;9.86;9.15;2.21;95.66;103.62;71.28;55.54;6.4;88.53;92.09;49.88;44.84;3.64;19.97;96.68;74.75;13.97;1.99;85.47;89.62;94.99;96.01;97.93;92.23;15.25;2.09;25;3.78;4.07;0;89.75;91.69;67.2;66.18;59.55;39.15;34.45;30.57;31.78;23.19;32.23;21.21;4.42;205.5;322.17;455;638;893.33;0.46;2.45;5.67;7.73;14.87;29.24;46.45;38.49;5.16;51.64;14.88;28.99;48.36;65.95;10.35;6.94;548.31;141.46;2110.34;266.38;387.04;530.84;1416.03;548.31;24.65;85.77;170.35;0.4;15.32;0.65;28.7;9.65;3.45;0;72.33;46.46;29;25.46;0.17;5.73;24.51;2.88;17.92;83.6;92.88;98.27;807.45;58.93;4.51;36.44;77.52;68.23;87.6;7.49;12.58;24.53;17.64;6.72;8.14;0.18;67.9;0;13.68;98.28;98.82;28.76;99.41;99.78;0.05;0;34.11;14.53;2.07;32.78;11.1;37.25;0;3.24;26.31;13.01;1.42;0.41;0.22;353;366;411;418;394;343;316;287;241;196;176;357;164;114;85;50;4312;41;343;426;353;349;321;303;271;277;234;186;173;376;142;128;80;71;61;4094;4119;36;166;3917;119;654;466;490;426;6185;463;1531;467;5722;469;1068;444;4654;151;141;141;730;1706;630;426;221;2949;2247;921;8406;7485;6989;792;456;5741;8376;8376;392;706;693;0.58;844;679;-20.5934194;-47.6416942
2010;354960;35;3549607;SÃO JOSÉ DO BARREIRO;73.8;2.53;16.7;19.26;53.28;93.73;81.49;9.76;9.28;1.57;2.37;10.94;1.87;11.58;6.42;13.31;66.7;69.51;81.16;16.42;16.91;15.85;16.88;13.58;3;93.66;105.5;59.47;69.88;13.15;86.97;92.36;45.64;60.66;4.24;16.48;92.45;77.19;13.89;7.33;76.29;84.49;97.24;96.6;95.52;90.81;22.66;2.18;14.38;6.39;1.06;0;89.36;86.8;62.19;65.11;69.42;43.46;39.09;26.83;35.16;25.08;37.96;23.38;6.3;126.4;217.6;393.33;635;910;0.55;7.09;11.36;22.95;40.19;43.92;67.49;44.11;2.99;58.54;9.66;21.45;41.46;62.16;18.27;12.13;506.16;75.78;2232.66;168.59;298.54;506.29;1482.2;512.77;28.67;83.13;132.74;0.57;19.01;2.25;29.59;9.33;9.65;0;46.24;49.9;28.83;43.1;0.41;6.21;4.25;10.42;33.51;83.86;92.35;97.7;696.54;57.61;8.45;38.85;72.41;66.04;74.8;7.59;31.7;25.28;8.93;6.27;4.01;0.32;40.14;2.28;27.3;93.96;98.37;28.41;99.67;94.87;0.59;4.49;40.17;23.71;4.48;33.89;21.99;45.65;2.04;8.41;20.95;11.54;0.08;3.13;5.13;139;194;172;162;142;136;147;134;140;133;114;180;67;63;53;42;2047;29;142;194;156;152;155;134;156;147;136;105;81;175;83;63;58;40;53;2030;1973;33;93;1847;55;318;230;257;158;3035;211;638;189;2824;198;427;195;2397;63;66;70;347;803;398;190;101;1513;1206;1208;4077;2869;3424;388;239;2797;4060;4008;435;689;684;591;813;666;-22.6452376;-44.5805246
2010;354970;35;3549706;SÃO JOSÉ DO RIO PARDO;77.05;1.52;10.9;12.64;41.46;95.21;86.32;10.19;10.21;1.89;1.29;4.79;1.08;5.03;1.67;5.79;74.62;76.77;81.68;15.92;15.23;14.82;9.46;8;3.5;97.7;105.96;77.17;84.84;30.79;90.35;94.22;62.11;70.61;19.57;25.55;96.56;85.7;28.81;10.82;88.93;92.1;96.24;98.09;97.55;94.15;14.16;1.05;12.26;3.63;1.79;0.53;94.43;92.32;74.84;82.07;85.39;56.31;50.64;57.93;61.93;39.39;59.37;35.01;12.67;281;462;616.67;993.8;1503.33;0.49;0.8;2.25;5.27;13.53;17.98;36.38;40.33;4.51;54.56;13.68;26.72;45.44;70.76;11.79;7.89;818.61;184.69;3301.5;375.24;533.69;766.33;2208.14;818.73;41.64;101.24;175.1;0.41;19.14;2.01;14.57;18.61;6.69;0.11;70.32;65.05;46.79;41.04;0.91;14.86;14.44;1.94;14.84;70.97;84.31;92.9;1177.26;58.24;2.5;25.13;74.72;65.73;85.3;6.24;7.61;31.94;12.18;5.6;6.62;0.35;57.67;2.51;16.98;98.82;97.46;16.95;99.55;99.95;0.1;0;22.34;11.07;2.45;20.15;6.83;31.16;0;6.84;11.22;6.77;0.28;1.49;0.05;1521;1953;2237;2308;2226;1955;1694;1686;1776;1626;1482;1649;1102;767;618;465;25547;482;1400;1832;2171;2286;2135;1930;1889;1858;1851;1837;1474;1569;1163;872;762;584;740;26353;26703;95;644;25964;606;3020;2233;2301;1704;41948;2636;8998;2647;39312;2762;6362;2736;32950;608;568;645;3406;8222;5287;1827;1286;21541;17085;5941;51900;45959;45849;3785;2564;39499;51528;51520;563;809;774;717;868;744;-21.595288;-46.887303
2010;354980;35;3549805;SÃO JOSÉ DO RIO PRETO;75.74;1.48;13.6;15.77;38.1;94.83;84.37;9.47;10.06;0.99;0.77;3.19;0.66;3.32;0.8;3.79;76.04;77.56;83.79;14.15;13.91;12.18;9.81;8.53;4.04;96.89;105.12;74.58;86.32;43.91;87.37;92.05;56.61;70.56;23.07;42.16;97.05;86.83;33.36;13.63;91.89;94.2;97.48;99.07;97.95;94.96;12.54;1.22;6.49;2.96;2.06;1.58;87.98;88.12;74.34;81.51;87.12;66.13;62.41;58.09;63.47;47.89;64.24;45.13;18.88;399;598.33;866.5;1447;2300;0.5;0.46;0.97;1.73;4.04;8.85;17.62;40.65;4.55;56.07;12.98;25.22;43.93;78.86;12.53;8.6;1169.16;265.99;4753.11;492.85;715.66;1093.42;3263.41;1169.43;31.16;89.22;186.78;0.43;22.58;2.98;1.53;18.74;6.45;0.06;70.26;73.3;54.23;46.85;0.78;20.46;12.86;1.07;8.36;55.01;73.66;86.8;1683.97;63.78;4.08;30.96;74.94;70.69;86.55;4.48;14.52;19.66;9.12;4.07;4.66;0.4;56.08;3.11;14.39;96.47;97.9;15.92;99.93;99.97;0.07;0.11;14.39;8.11;2.05;14.9;2.89;23.23;0.19;4.64;7.75;3.42;0.28;0.96;0.03;11638;13914;14932;17475;18305;17403;15401;14329;14164;12308;9914;11981;7917;5802;4553;3052;196016;2928;11325;13390;14661;17721;18791;18196;16328;16202;15825;14426;11756;11536;9559;7180;5971;4344;5031;212242;230647;1113;5286;224249;4852;21883;16210;16607;13575;333096;17312;64550;17504;315784;19000;47238;19812;268546;4460;4581;4564;24183;57495;38657;13345;8581;175159;142940;24768;408258;383490;361626;27304;17073;317249;405342;405249;661;795;797;748;846;801;-20.8125851;-49.3804212
2010;354990;35;3549904;SÃO JOSÉ DOS CAMPOS;76.27;1.63;13.49;15.12;38.9;95.22;85.42;6.22;10.92;1.1;0.89;2.95;0.82;3.09;0.95;3.55;80.65;84.09;80.73;12.04;10.75;16.03;7.31;5.16;3.24;99.1;103.37;87.25;92.61;41.47;88.9;91.39;62.09;72.05;18.51;28.31;97.17;86.66;30.42;16.69;86.97;89.51;93.09;94.63;97.43;94.57;12.61;1.6;9.16;4.66;2.63;0.56;89.77;87.59;78.58;83.95;87.24;70.28;66.87;56.79;63.15;52.82;64.17;50.75;18.04;329;516;800;1450;2450;0.55;1.01;2.08;3.89;7.89;13.03;22.25;44.83;3.6;60.32;10.77;21.78;39.68;76.48;16.64;11.23;1190.96;214.63;5338.63;426.96;655.18;1065.97;3600.98;1191.02;38.87;93.78;172.48;0.54;16.57;2.3;1.18;14.51;9.62;1.28;73.29;77.2;60.14;50.76;1.07;19.73;14.66;1.74;9.98;54.82;70.07;83.29;1823.97;62.12;4.65;29.54;75.63;70.71;83.31;7.88;32.45;28.73;13.26;7.11;8.05;0.45;62.2;3.8;13.65;98.84;97.34;24.25;99.82;99.95;0.66;0.48;12.54;13.03;2.57;11;3.34;20.81;0.48;5.03;9.85;5.34;0.49;0.76;0.05;21303;26101;26269;28465;29718;27760;23723;21723;20015;18343;14909;22417;10814;6955;4484;2761;308624;2864;20884;25174;25753;27886;30564;28480;24909;23432;22757;19811;16254;21285;11874;7786;5631;3991;4826;321297;337925;2382;9212;326331;8548;40723;30412;30717;24980;491463;30745;108088;30651;460718;32275;77343;33112;383375;8538;8484;8410;45492;106705;39188;25090;15117;253307;199794;12815;629921;617106;543951;51275;31188;461488;627707;627677;703;796;807;764;855;804;-23.1805011;-45.8872969
2010;354995;35;3549953;SÃO LOURENÇO DA SERRA;74.36;1.99;15.7;18.21;44.66;94.06;82.35;6.71;10.5;1.58;1.53;8.22;0.88;8.75;1.36;10.41;76.23;76.94;85.86;10.38;9.85;8.58;13.39;13.21;5.56;107.12;115.51;83.52;70.34;19.69;84.95;86.59;62.57;63.89;8.1;21.05;95.79;89.23;28.64;16.34;89.09;92.27;97.38;97.6;97.25;95.15;11.99;5.23;16.84;5.7;2.06;0;80.91;74.62;74.2;77.28;82.59;52.69;46.45;46.65;51.38;34.55;49.64;31.04;7.1;225;355;510;796;1240;0.47;1.61;3.16;7.73;13.69;26.78;41.83;37.71;4.69;52.81;13.57;27.31;47.19;79.82;11.12;7.69;640.64;150.25;2416.14;284.29;440.27;636.91;1671.81;642.32;30.18;96.71;174.1;0.39;25.09;1.27;12.39;12.06;9.36;0.15;56.82;61.03;43.63;44.58;1.03;8.57;8.34;4.97;20.85;73.85;86.77;95.38;1023.16;59.02;6.83;37.3;76.01;68.01;81.24;8.73;21.28;39.82;14.45;7.17;6.69;0.32;43.59;7.13;18.23;93.62;85.38;33.32;97.29;99.46;9.19;0.82;25.36;10.91;2.75;23.74;9.03;36.72;0.6;0;14.25;5.06;0.51;2.6;0.54;483;732;629;640;580;561;544;500;424;403;346;527;266;201;130;53;7087;68;480;629;630;593;597;526;573;494;438;376;300;526;239;181;116;100;88;6886;7068;93;297;6678;185;1075;784;796;582;10596;782;2492;769;9814;751;1710;727;8104;196;184;177;1155;2748;937;629;399;5251;4028;1254;13973;12719;11977;1361;797;9820;13844;13808;527;748;728;666;823;704;-23.8535923;-46.9440587
2010;355000;35;3550001;SÃO LUÍS DO PARAITINGA;74.54;1.64;15.4;17.86;46.18;94.17;82.62;11.08;10.14;0.85;1.74;9.92;1.6;10.53;2.41;12.06;70.35;70.23;84.4;16.9;18.16;14.2;12.75;11.61;1.4;92.22;100.35;71.64;39.85;17.7;89.03;92.61;50.48;35.38;6.84;2.94;100;80.5;13.22;10.38;42.94;61.8;75.59;100;100;94.48;15.55;0.53;5.78;3.52;5.49;1.04;90.54;91.51;68.7;80;79.29;40.85;34.15;50.77;51.35;27.87;51.52;23.77;8.47;196.67;305;495;723.33;1230;0.48;0.99;1.38;9.16;20.29;32.84;59.03;38;4.69;54.27;13.16;26.39;45.73;70.55;11.55;8.23;590.68;138.64;2244.46;249.95;390.7;571.25;1598.82;591.61;30.78;104.31;176.56;0.4;21.58;1.33;27.44;9.91;14.7;0.43;51.71;47.71;33.47;37.25;0.27;10.01;5.16;6.87;25.02;79.83;87.72;94.01;912.71;56.77;5.21;36.48;71.9;64.12;78.21;6.52;14.85;7.15;14.37;6.42;4.35;0.33;43.72;1.2;25.79;88.58;98.85;19.73;99.54;99.65;0.23;1.69;38.03;57.06;0;33.13;14.14;46.7;0;4.63;16.66;9.86;1.04;2.38;0.35;294;461;463;390;394;368;407;387;388;336;290;347;216;196;170;99;5318;112;277;419;472;376;394;347;407;374;345;301;230;334;220;212;151;107;113;5079;5194;46;203;4945;105;703;525;523;334;8237;574;1697;552;7663;508;1123;490;6540;129;136;137;713;1810;1152;416;282;4035;3190;4217;10397;6180;9149;880;557;7712;10333;10317;409;714;697;593;826;691;-23.2220188;-45.3108724
2010;355010;35;3550100;SÃO MANUEL;73.29;1.82;17.5;20.26;44.19;93.42;80.71;8.82;10.73;1.51;1.19;7.05;1.23;7.46;1.58;8.64;79.21;82.59;81.13;11.83;9.79;16.36;8.96;7.62;2.51;92.27;100.8;67.77;66.2;23.36;87.86;90.91;56.67;59.15;14.01;23.79;96.13;85.66;22.08;8.04;86.13;90.63;95.44;100;97.33;94.32;14.59;2.85;11.76;1.38;2.73;0;92.04;84.91;70.73;82.75;82.5;54.78;49.45;54.5;58.26;37.1;55.89;33.03;11.19;293.33;461.43;641.11;962;1404;0.45;1.3;2.68;3.45;7.08;15.61;27.85;36.67;5.15;51.26;14.79;28.78;48.74;74.83;9.92;6.94;773.82;199.1;2837.83;372.96;541.64;772.19;1985.05;773.82;36.28;84.64;176.94;0.37;16.08;1.85;14.56;12.97;6.6;0.05;79.31;63.78;44.78;35.77;0.86;13.19;24.44;1.65;9.16;65.01;83.36;93.39;1217.82;59.15;4.47;24.05;74.11;67.93;83.86;6.31;27.18;21.13;13.78;5.79;5.38;0.29;65.57;3.93;10.91;99.75;99.18;22.33;98.49;100;0.16;0.23;18.91;13.87;2.67;18.74;4.68;28.51;0;4.71;14.68;5.41;0.27;1.34;0;1221;1587;1585;1660;1630;1592;1456;1344;1215;1051;864;1367;724;517;405;285;18766;263;1211;1663;1588;1577;1609;1663;1532;1350;1254;1145;977;1313;782;569;529;362;452;19576;19545;145;460;18940;465;2584;1896;1959;1454;29956;1935;6403;1927;28021;1861;4468;1896;23553;513;518;496;2826;6694;3382;1662;961;15380;12217;929;38342;37413;33042;3250;1912;27881;38157;38157;548;782;744;695;805;735;-22.732081;-48.572316
2010;355020;35;3550209;SÃO MIGUEL ARCANJO;72.95;2.24;18.1;20.94;48.77;93.21;80.17;7.67;10.51;1.44;1.06;7.95;1.12;8.52;1.93;10.03;79.97;80.85;82.97;10;9.15;14;10.03;10;3.02;92.11;95.81;80.93;66.18;7.77;87.28;89.41;57.9;64.08;4;10.68;94.53;75.1;12.58;5.26;77.32;84.1;93.16;97.71;95.92;90.75;8.7;0.88;11.44;3.65;4.72;0.64;88.58;87.81;77.06;78.56;74.9;44.66;38.27;42.52;43.49;26.37;42.78;22.75;6.5;188.75;299.5;450;637.5;975;0.57;4.09;8.47;11.05;20.59;32.62;49.46;49.87;3.63;61.69;11.11;22.24;38.31;79.74;17.96;11.09;657.07;119.2;3277.13;245.67;365.79;528;2023.11;660.24;30.1;83.78;161.81;0.61;30.28;2.36;43.96;14.3;5.1;0;50.78;52.78;33.43;26.57;1.03;7.79;5.61;5.62;25.66;80.63;89.94;95.84;1180.02;56.63;5.34;31.33;74.72;65.75;77.35;6.88;4.58;18.15;12.32;6.49;5.69;0.59;38.68;2.13;22.72;96.97;94.6;23.65;99.1;99.59;2.39;0.71;26.6;22.68;4.08;27.58;11.23;42.91;1.27;6.77;14.41;12.55;0.86;2.3;0.41;1183;1536;1487;1325;1325;1239;1175;1113;1001;828;651;1316;611;462;329;226;15995;188;1110;1515;1372;1307;1272;1192;1156;1073;943;845;678;1237;544;437;336;196;242;15455;15040;163;527;14351;428;2430;1826;1809;1356;23446;1800;5463;1716;21646;1599;3663;1569;17983;491;515;498;2627;6298;2411;1507;873;11540;8873;9948;31450;21502;26559;3051;1682;21826;31274;31124;447;753;0.71;633;799;708;-23.8807771;-47.9963492
2010;355030;35;3550308;SÃO PAULO;76.3;1.52;13.15;14.74;40.64;95.18;85.32;8.13;10.11;1.69;1.17;3.18;0.94;3.3;1.04;3.74;72.92;76.15;77.96;15.07;14.09;17.48;12.01;9.76;4.57;104.82;112.11;83.59;79.6;48.25;86;89.67;50.74;63.68;20.03;38.5;95.27;85.35;36.03;20.04;86.28;89.2;93.01;95.11;96.02;93.29;17.63;2.68;12.94;5.03;2.38;1.43;87.5;86.39;68.92;76.34;82.19;67.68;64.97;50.51;57.2;49.35;56.73;47.88;20.63;316.6;516.67;850;1700;3050;0.62;0.92;1.84;4.27;8.61;14.69;26.54;52.17;2.69;67.19;8.24;17.13;32.81;75.39;25.32;16.34;1516.21;204.1;7910.01;420.63;673.66;1189.16;5105.33;1517.04;37.5;96.12;174.23;0.72;19.07;2.54;0.33;16.01;5.39;0.07;71.87;74.63;56.9;57.07;0.68;23.44;11.36;1.33;8.58;52.49;67.53;80.23;2197.87;61.59;5.24;28.54;73.19;69.39;82.38;7.91;32.08;34.25;14.52;7.07;7.69;0.55;59.67;3.27;14.52;99.45;96.69;32.32;99.76;99.97;0.47;0.68;18.17;13.72;3.98;14.58;4.26;22.58;0.44;4.59;13.4;5.6;1.96;1;0.03;361709;438356;420552;489432;519694;481258;423024;385172;342042;301852;243863;385672;183012;127020;95214;64324;5328632;66436;349218;429074;421705;502227;554888;528818;465661;427807;400678;365806;304250;372607;240043;175318;142087;106645;138039;5924871;6026212;45447;144412;5836353;142819;688360;515828;515281;421276;8912895;505693;1833098;498886;8407202;523852;1327405;550248;7079797;146688;149757;146923;787281;1815171;914646;428988;252791;4771038;3847762;101159;11253503;11152344;9783868;867351;506046;8410471;11172609;11166543;677;0.75;805;725;855;843;-23.5506507;-46.6333824
2010;355040;35;3550407;SÃO PEDRO;76.78;1.7;11.2;12.99;46.85;95.07;85.95;10.96;9.73;1.43;1.48;5.24;1.78;5.49;1.95;6.11;75.36;79.13;77.63;13.11;11.94;11.83;11.53;8.93;10.54;91.2;102;62.01;92.09;22.43;84.23;91.47;47.41;79.78;12.22;31.26;92.05;75.43;22.3;6.08;88.06;91.3;95.91;100;94.79;89.56;14.63;2.15;5.55;4;0.98;0.49;89.79;89.08;65.18;70;78.31;53.91;49.81;50.3;52.38;36.62;52.48;33.97;11.09;283.33;466.67;652.25;1010;1627.5;0.46;0.49;0.53;4.08;8.86;16.24;32.75;36.06;4.85;52.15;14.12;27.73;47.85;70.07;10.22;7.42;803.02;194.62;2896.06;372.15;546.41;808.09;2101.41;803.29;47.77;105.77;177.58;0.37;23.51;2.85;5.84;13.35;9.95;0.73;58.65;58.74;40.52;46.94;0.85;11.88;14.49;3.43;16.49;70.75;84.28;93.32;1114.85;59.96;6;46.3;74.04;66.81;86.67;5.09;36.34;20.63;7.59;4.06;5.87;0.31;47.33;1.97;21.77;98.47;98.24;24.42;99.27;99.95;0.68;1.07;27.15;11.94;5.21;23.55;6.08;33.62;0.7;10.83;11.58;7.33;0.19;1.08;0.05;968;1303;1290;1220;1252;1206;1136;1042;1017;876;797;1072;694;549;425;285;15423;291;935;1283;1285;1146;1272;1265;1200;1064;1070;1009;883;1069;837;641;488;352;440;16239;16564;155;722;15686;366;2098;1564;1579;1099;25017;1559;4939;1534;23458;1524;3380;1466;20078;435;437;435;2188;5317;3471;1283;769;12946;10515;5055;31662;26607;27625;2586;1560;23478;31561;31550;539;753;755;674;863;741;-22.5512765;-47.9072359
2010;355050;35;3550506;SÃO PEDRO DO TURVO;74.58;2.26;15.4;17.81;50.24;94.19;82.67;9.53;10.36;0.95;0.77;8.33;1.13;8.91;0.87;10.35;81.11;80.94;92.23;9.93;10.44;1.57;8.96;8.63;6.19;91.93;100.5;67.89;64.66;28.57;86.82;93.38;55.35;61.59;12.42;39.7;94.25;77.22;17.14;7.28;91.76;94.6;98.73;100;97.39;92.09;8.16;0;21.37;2.94;1.75;2.33;87.7;83.15;71.47;79.69;79.53;42.32;35.48;53.66;51.06;27.83;50.38;23.56;5.82;218;317.14;450;650;900;0.39;1.79;3.69;7.22;13.66;29.59;45.21;29.79;6.13;45.41;17.01;32.72;54.59;73.36;7;5.36;488.08;149.5;1453.83;265.69;383.2;533.87;1112.32;488.27;38.82;94.58;179.86;0.27;22.75;0.99;38.97;12.18;4.02;0;62.63;49.75;32.81;24.13;0.42;6.83;17.4;3.37;22.7;84.3;92.48;97.78;795.14;56.15;4.85;38.23;72.18;64.21;79.28;3.93;18.92;14.25;8.26;3.3;3.71;0.21;52;0.85;20.11;97.61;99.56;15.57;100;99.86;0.08;0.34;25.06;8.24;2.61;30.31;8.97;40.45;0;4.7;6.92;11.24;0.85;1.53;0.14;272;315;318;278;297;240;275;256;239;219;181;292;156;112;78;71;3670;71;227;346;314;278;279;240;232;254;221;194;174;269;146;121;93;67;73;3528;3453;32;152;3268;87;526;393;397;303;5477;391;1188;361;5086;368;797;332;4289;109;114;106;582;1393;686;346;194;2686;2094;2048;7198;5150;6149;661;398;5090;7151;7148;423;779;703;636;826;661;-22.745286;-49.742829
2010;355060;35;3550605;SÃO ROQUE;76.79;2.06;12.1;14.03;41.82;95.38;85.86;8.4;10.28;1.4;0.93;4.47;1.05;4.7;1.07;5.36;67.62;70.1;77.32;16.91;16.68;15.76;15.47;13.22;6.92;98.81;108.42;72.35;75.05;34.57;88.6;92.44;52.54;57.13;16.77;33.02;96.65;88.08;30.85;13.92;83.82;87.32;93.3;96.14;97.58;95.05;19.67;1.46;18.69;4.19;2.12;0;86.05;87.56;68.26;78.79;81.22;59.89;56.08;46.97;53;40.15;51.34;37.86;13.39;300;470;682.5;1200;2000;0.5;1.61;3.76;4.76;10.48;15.04;28.7;39.73;4.27;56.04;12.46;24.68;43.96;76.87;12.76;9;932.62;199.14;3705.63;381.84;569.92;898.9;2615.78;933.1;39.25;90.32;169.77;0.45;18.15;1.9;5.72;14.37;7.66;0.15;70.99;67.09;46.73;47.99;0.96;15.74;15.77;2.09;8.95;62.14;76.92;87.6;1471.04;61.34;4.41;29.39;73.5;69.87;85.79;8.46;39.44;26.07;15.3;7.74;8.26;0.37;58.76;4.15;15.23;97.15;93.6;30.42;98.32;99.67;2.5;0.48;19.84;16.18;2.42;17.38;5.14;27.58;0;5.51;10.6;5.41;0.33;0.87;0.33;2447;3302;3102;3261;3369;3361;2860;2800;2533;2430;2001;2759;1558;1098;813;534;38762;534;2255;3207;3080;3291;3397;3412;3070;2949;2793;2568;2025;2632;1727;1179;966;704;804;40059;42093;287;1152;40654;944;5200;3924;3930;2734;62125;3756;12712;3629;58369;3714;8956;3766;49413;1019;1039;998;5651;13406;6623;3204;1886;31917;25557;7333;78821;71488;68618;6509;3920;58189;78372;78332;599;736;768;687;863;765;-23.5304843;-47.1355473
2010;355070;35;3550704;SÃO SEBASTIÃO;77.51;1.85;9.24;10.72;42.65;95.33;85.74;5.43;10.35;1.32;1.04;5.84;1.34;6.2;2.05;7.22;73.51;77.72;76.38;14.08;12.42;19.05;12.41;9.86;4.57;101.77;110.04;76.62;82.82;21.95;90.28;93.04;52.74;69.3;8.51;38.73;97.31;85.64;20.61;9.37;94.66;95.8;99.07;98.86;98.17;95.07;21.14;1.24;15.48;4.82;2.63;0.3;93.25;92.26;67.95;76.72;78.86;59.09;55.05;46.45;49.87;39.97;49.28;37.95;10.84;283.33;420;623.33;1071.33;1600;0.49;0.68;1.08;3.47;5.69;16.6;26.42;39.55;4.7;55.27;13.1;25.41;44.73;79.06;12.08;8.43;837.48;196.62;3312.5;351.98;515.27;809.35;2313.59;838.17;31.81;97.98;180.89;0.42;18.08;2.86;1.71;13.01;14.02;1.34;64.31;61.46;42.65;62.17;1.26;10.6;3.03;1.42;12.75;65.9;81.14;91.25;1274.29;67.5;5.98;32.48;80.94;78.56;85.5;7.21;12.53;26.15;12.79;6.57;7.9;0.33;53.16;5;19.79;74.14;96.67;34.53;99.92;99.95;1.08;3.19;25.51;5.34;1.83;21.09;6.4;25.48;0.37;7.21;25.82;5.42;0.38;1.15;0.05;2829;3354;3270;3298;3505;3420;3094;2729;2245;1893;1479;2928;1007;750;495;296;36886;294;2748;3268;3070;3292;3639;3640;2950;2555;2314;1882;1525;2959;1031;784;513;423;463;37056;42166;425;1237;40504;1108;5245;3912;3938;3282;55762;3926;12904;3786;51836;3641;8978;3737;42858;1179;1165;1106;6079;13943;4013;3264;1917;28047;21694;833;73942;73109;62465;7098;3809;51557;73583;73523;591;767;772;703;875;747;-23.8027866;-45.4070527
2010;355080;35;3550803;SÃO SEBASTIÃO DA GRAMA;74.19;1.94;16;18.52;44.45;93.96;82.09;9.18;9.81;1.39;0.82;8.17;1.33;8.67;2.9;10.08;68.46;71.91;78.64;17.06;17.15;16.03;14.48;10.94;5.33;97.58;106.86;71.11;78.75;10.51;91.33;93.72;49.65;69.19;8;15.66;98.38;79.01;17.48;3.73;78.91;85.46;93.49;95.34;98.31;93.31;25.29;2.03;6.72;4.35;3.36;0;89.44;89.75;55.06;65.04;73.35;43.75;37.99;49.34;51.58;29.9;55.38;25.68;9.05;250;360.5;509.4;736.67;1032.5;0.41;0.82;2.2;6.02;13.88;23.62;41.9;32.93;5.92;48.5;16.4;31.15;51.5;73.23;8.03;5.84;581.04;171.98;1913.24;304.6;428.44;591.25;1392.28;583.49;18.39;105.18;184.2;0.29;15.27;0.81;37.54;12.24;6.61;0;66.73;49.94;34.58;28.48;0.35;9.67;8.21;2.13;12.54;80.08;90.55;96.44;865.98;60.28;2.38;34.94;75.57;68.58;79.77;4.73;11.43;15.78;9.34;4.32;4.82;0.21;58.41;1.49;21.96;98.05;99.73;15.46;99.31;99.95;0.27;0;33.99;21.09;1.69;32.35;12.31;36.28;0.77;8.39;6.08;7.65;0.26;1.58;0.05;383;513;528;517;524;472;437;451;398;386;332;440;246;191;146;104;6166;98;378;496;491;502;476;470;407;420;404;355;309;402;251;170;140;119;143;5933;6304;24;208;6072;151;794;588;601;447;9487;610;2038;589;8877;601;1428;595;7449;163;178;152;879;2088;1111;496;287;4657;3664;4128;12099;7971;10458;1009;595;8855;12061;12010;438;718;701;609;0.82;689;-21.7118854;-46.8284162
2010;355090;35;3550902;SÃO SIMÃO;76.11;2.01;12.1;14.03;47.08;94.7;85.02;10.27;11.23;1.85;1.69;4.92;1.61;5.13;1.58;5.83;75.3;79.6;73.39;15.21;12.02;20.81;9.5;8.38;5.8;105.27;109.76;91.42;78.55;20.57;93.03;96.11;60.95;65.98;11.03;26.56;100;86.61;24.93;7.64;96.46;97.03;99.02;98.05;99.79;96.57;17.19;1.69;28.97;8.22;1.75;0;94.94;95.63;73.53;81.86;83.28;60.22;55.5;48.57;54.66;43.62;53.83;41.36;9.15;296.67;445;622.5;922.5;1375;0.45;0.71;1.23;4.37;9.21;16.7;31.18;36.8;5.07;51.45;14.76;28.73;48.55;67.82;9.97;6.96;761.14;193.12;2800.95;368.66;531.73;754.35;1954.6;761.83;16.62;91.72;177.97;0.36;16.67;1.94;13.33;12.36;5.18;1.21;73.96;67.42;50.5;37.78;0.11;10.15;23.2;2.99;12.4;70.53;84.56;94.67;1078.56;60.44;4.25;39.84;77.5;67.91;86.16;7.53;44.37;35.75;12.29;6.26;9.03;0.27;63.02;1.99;13.62;96.86;98.21;20.43;99.59;99.18;0.19;0.82;17.9;3.54;0.21;16.03;5.72;26.85;0;10.81;13.28;5.63;0.43;0.89;0.82;457;598;555;638;594;540;479;510;469;414;338;534;300;209;171;138;7061;117;444;569;604;650;545;561;465;485;475;443;383;516;306;266;204;162;207;7285;7490;50;259;7181;167;921;694;673;545;11228;711;2447;681;10517;675;1736;716;8781;189;208;234;1088;2503;1474;569;379;5756;4502;1418;14346;12928;12392;1167;650;10574;14313;14300;602;0.79;766;722;852;732;-21.4800208;-47.5531095
2010;355100;35;3551009;SÃO VICENTE;76.39;1.75;12.79;14.63;43.42;95.19;85.35;7.5;10;1.58;1.26;4.22;0.99;4.42;1.3;5.08;71.51;73.32;80.66;17.83;18.02;15.23;10.66;8.67;4.11;100.19;105.25;85.56;68.77;23.38;88.72;90.87;56.42;57.8;10.4;25.27;96.12;85.06;23.44;11.96;78.79;83.77;90.73;93.83;96.71;93.72;17.34;1.71;9.34;5.49;3.02;0.83;89.82;87.78;69.89;77.53;81.97;64.95;61.65;49.9;56.45;45.36;56.48;43.21;9.77;266.67;438.75;650;1006.67;1521;0.47;1.48;2.61;5.93;11.36;18.56;32.09;36.67;4.49;52.29;13.47;27.11;47.71;72.03;10.89;7.77;789.32;177.3;2894.43;354.5;538.23;812.73;2065.08;789.76;37.15;94.68;170.25;0.4;16.72;1.27;0.4;16.94;7.5;0.35;72.14;73.03;53.91;58.9;1.18;11.69;8.35;1.17;10.73;63.26;80.28;91.62;1257.91;57.57;3.52;28.52;72.12;65.83;81.04;10.15;37.89;36.98;19.15;9.19;10;0.29;61.16;4.58;15.39;99.2;97.9;38.88;99.69;99.93;0.61;2.21;16.65;21.21;3.29;14.52;4.94;25.05;0.6;4.92;15.58;7.3;1.45;1.32;0.07;11724;14042;13825;14178;14801;13686;12164;11248;10063;8820;7502;12557;5272;3817;2706;1697;159664;1562;11203;13934;13543;13984;15427;14605;13042;12176;11537;10619;8917;11800;6790;5090;3975;2846;3293;172781;164116;986;4686;158445;4450;22191;16649;16520;13704;255503;16651;55030;16222;238852;15898;38379;16177;200473;4755;4723;4691;25346;58764;24941;13915;8329;135670;108167;628;332445;331817;285079;27976;16428;240675;330341;330158;0.65;751;768;716;857;738;-23.9603686;-46.3847024
2010;355110;35;3551108;SARAPUÍ;73.86;2.37;16.6;19.16;50.55;93.76;81.58;8.53;10.03;1.13;1.27;8.76;1.26;9.33;2.68;10.9;74.66;76.37;84.51;11.31;10.59;15.49;14.04;13.04;0;93.94;103.39;65.97;83.77;12.81;89.89;94.96;49.54;68.37;4.61;29.95;98;77.53;13.1;6.71;82.36;89.93;96.61;100;99.04;93.61;16.14;1.69;5.34;3.57;3.12;0;93.72;95.24;69.45;74.16;73.72;41.33;35.17;45.11;42.37;24.93;44.33;21.61;6.37;190;300.5;466.67;687;1066.67;0.52;1.67;3.64;8.63;16.12;32.34;50;44;4.35;57.22;12.49;24.86;42.78;66.95;14.1;9.15;619.86;134.95;2727.55;252.06;383.4;555.59;1771.06;620.38;24.38;98.33;173.11;0.47;18.66;1.54;24.68;8.85;7.6;0.65;56.01;50.3;30.56;33;0.98;6.92;19.77;4.93;21.04;83.5;90.67;95.87;934.51;55.52;2.94;36.02;79.62;64.31;78.44;8.69;42.7;22.11;13.71;7.88;8.06;0.36;46.18;3.93;26.25;97.64;98.04;29.62;99.5;99.79;0.64;0.79;32.81;17.64;0.96;32.13;13.73;44.91;0;12;19.97;12.09;0.16;1.4;0.21;302;433;419;377;349;372;308;311;318;250;227;372;179;135;108;70;4594;64;322;433;349;357;361;371;294;289;260;241;203;399;161;138;103;77;75;4433;4243;25;179;4039;137;709;538;550;361;6766;473;1502;461;6293;447;1029;445;5264;126;150;148;778;1798;770;433;225;3279;2573;2381;9027;6646;7643;866;497;6280;9003;8995;413;762;707;621;814;699;-23.63974;-47.824863
2010;355120;35;3551207;SARUTAIÁ;72.65;1.65;18.6;21.55;48.61;93.03;79.71;8.64;10.08;2.08;1.49;11.03;2.17;11.79;7.6;13.7;76.85;78.6;83.48;13.35;13.2;14.5;9.8;8.2;2.01;94.79;102.92;73.8;63.45;10.95;89.64;95.96;53.96;53.11;7.72;35.3;98.47;67.58;15.43;3.58;83.09;87.75;96.59;100;98.66;89.98;12.4;0;8.07;6.04;2.7;0;94.58;92.59;66.67;77.81;80.55;37.43;29.31;48.74;52.83;24.53;53.07;19.2;5.03;230;302;433.33;676.67;1100;0.44;0.3;0.32;6;12.46;27.66;43.19;36.15;6.09;51.36;15.83;29.09;48.64;65.67;9.14;6.49;548.61;166.93;1983.21;267.22;363.79;536.23;1408.47;548.61;62.5;106.4;188.37;0.33;16.85;1.77;44.02;10.02;5.4;1.22;45.43;42.67;29.33;27.82;0.74;5.57;6.63;2.59;29.82;85.47;93.51;97.72;773.63;59.68;3.09;52.07;76.24;67.19;85.05;7.27;32.44;21.25;14.43;6.22;7.24;0.31;37.89;3.99;37.71;96.33;99.84;17.74;99.44;99.31;0;0.47;34.29;16.91;1.34;33.09;12.17;47.57;0;16.43;35.82;10.59;0.75;2.83;0.69;129;156;185;150;131;127;99;128;111;110;96;152;85;59;44;29;1819;28;121;154;151;133;133;106;139;121;108;115;91;142;91;60;52;36;50;1803;1837;10;112;1716;44;240;177;183;154;2712;202;617;201;2510;186;415;174;2095;51;59;63;305;687;313;154;80;1346;1063;665;3622;2957;3078;310;214;2553;3555;3555;374;766;688;603;794;679;-23.259999999999998;-49.48391356925633
2010;355130;35;3551306;SEBASTIANÓPOLIS DO SUL;75.08;1.74;13.5;15.66;39.29;94.12;83.56;11.02;11.59;1.27;1.52;8.33;0.3;8.7;1.05;10.08;84.67;86.01;92.66;10.36;11.7;7.34;4.97;2.29;0;97.16;103.09;83.42;85.21;35.43;95.17;96.16;74.37;82.37;23.02;29.9;98.01;95.69;25.19;4.57;100;100;100;100;99.07;98.05;11.77;0.97;4.35;0.3;2.91;6.57;93.34;96.94;88.23;88.02;93.95;47.94;40.43;86.12;79.28;36.56;82.78;29.59;9.16;366.67;510;700;947.5;1336.67;0.42;0.16;0.57;1.18;4.3;8.77;22.22;36.02;6.32;49.27;17.15;31.34;50.73;81.44;8.4;5.77;840.63;265.43;3028.11;455.23;596.68;815.03;2080.18;842.02;0;107.83;198.77;0.31;14.33;2.87;14.27;8.08;3.5;0;70.5;58.24;45.62;34.97;0.52;12.92;36.06;1.06;11.46;68.18;84.17;92.98;1314.73;65.01;10.17;61.78;87.06;69.71;86.05;6.78;34.7;13.16;11.59;6.12;6.24;0.37;59.57;5.05;17.3;96.49;100;9.27;100;100;0;0;17.71;0;0.93;24.01;3.13;35.47;0;0;8.71;2.39;0;0.13;0;89;105;106;130;150;119;102;109;94;132;88;75;79;44;52;22;1525;29;87;90;109;122;135;115;115;118;109;88;87;75;69;58;62;31;36;1506;1753;20;83;1650;35;157;116;120;112;2510;132;467;126;2378;138;335;140;2043;29;24;32;164;414;334;90;67;1254;1023;684;3031;2347;2697;195;135;2367;3031;3026;479;919;773;0.74;835;748;-20.6581669;-49.9229043
2010;355140;35;3551405;SERRA AZUL;73.6;2.16;17;19.64;36.13;93.61;81.19;5.83;9.85;2.98;1.67;9.13;4.38;9.55;5.08;10.74;67.49;67.17;92.37;18.32;19.8;4.11;14.18;13.03;3.52;100.52;109.39;74.27;70.31;6.9;86.45;88.24;51.73;60.23;2.55;17.79;95.44;87.71;14.29;8.47;76.5;82.54;93.46;93.01;96.88;94.56;21.6;3.46;13.03;3.51;2.65;0;74.67;74.4;64.36;67.55;60.68;43.62;39.77;29.93;29.54;23.94;30.58;22.67;5.37;238;355;506.4;785;1166.67;0.45;1.59;2.41;7.29;12.85;23.01;34.91;35.58;4.95;51.32;14.62;28.77;48.68;80.1;9.73;6.98;613.57;151.8;2183.36;296.84;433.94;610.86;1565.27;617.17;24.18;84.98;164.65;0.35;13.45;0.52;8.93;9.95;6.76;0.21;59.28;50.16;30.54;53.95;0.35;7.62;8.69;2.87;25.03;73.72;85.76;96.14;947.56;52.6;7.66;24.8;54.09;58.93;58.21;6.25;24.17;8.35;13.35;5.96;7.9;0.6;50.86;5.5;28.39;94.41;94.3;30.48;100;99.74;3;0.06;27.85;23.5;3.12;28.28;8.9;37.09;0;7.34;19.68;8.64;1.21;1.57;0.26;324;444;417;876;904;796;622;506;483;328;244;397;211;132;83;56;6873;50;368;431;397;371;360;325;291;268;258;234;211;370;161;103;86;75;74;4383;5165;67;126;4972;133;705;507;527;397;8898;480;2056;458;8418;580;1576;629;6842;157;154;147;775;1812;656;428;250;3203;2438;3239;11256;8017;9819;875;506;8438;8843;8791;436;656;686;572;0.81;697;-21.3132591;-47.5635821
2010;355150;35;3551504;SERRANA;75.08;2;14.6;16.91;42.72;94.47;83.41;5.32;10.11;1.49;1.69;6.41;2.19;6.78;2.59;7.9;70.26;72.79;75.3;16.29;15.41;19.66;13.45;11.79;5.04;93.95;101.56;70.77;72.93;12.01;88.23;92.51;53.2;58.9;5.89;36.73;95.59;84.28;15.96;7.89;86.84;91.39;95.26;99.37;97.53;94.25;16.35;0.18;13.57;3.35;1.86;0;89.03;83.88;63.67;74.7;75.46;53.33;47.78;39.14;44.35;32.64;44.39;29.71;4.89;315;466.67;633.33;893.67;1200;0.37;0.52;1.03;2.94;5.71;14.18;23.81;28.62;6.28;43.97;17.77;33.78;56.03;84.16;6.44;4.91;677.75;212.75;1939.55;389.35;542.75;753.91;1479.06;677.89;40.37;97.42;180.55;0.24;14.72;1.07;7.7;14.07;8.95;0.5;76.14;59.3;37.15;42.12;0.2;5.33;20.18;0.35;11.11;63.4;82.66;94.39;1136.32;63.27;3.15;32.44;78.39;73.12;84.86;6.01;55.33;36.59;8.65;4.77;4.79;0.21;67.23;2.94;13.78;99.74;99.52;29.3;100;99.87;0.11;0.03;24.63;13.16;2.47;22.39;5.23;27.32;0.16;6.51;19.54;6.04;0.42;0.74;0.13;1511;1768;1797;2002;1971;1692;1470;1385;1227;992;725;1538;503;339;263;145;19486;158;1518;1721;1777;1887;1894;1623;1493;1358;1190;972;730;1511;553;399;312;222;232;19392;20802;110;637;20055;604;2759;2033;2074;1805;29311;2125;7463;2069;27186;2194;5338;2263;21848;620;628;576;3151;7379;2070;1721;1080;14642;10978;412;38878;38466;32880;3489;1964;27427;38742;38734;533;718;729;0.65;835;713;-21.2066883;-47.6053774
2010;355160;35;3551603;SERRA NEGRA;77.36;1.73;11.4;13.16;44.28;95.66;86.64;12.06;11.13;0.87;1.38;6.32;1.13;6.6;1.39;7.46;78.93;80.53;87;12.94;13.05;9.71;8.13;6.41;3.29;95.27;102.71;74.14;73.67;24.86;88.13;91.52;58.31;52.32;16.41;46.09;96.47;78.58;21.59;4.96;81.64;85.49;92.86;93.74;97.82;92.81;13.12;1.45;6.72;2.89;2.5;0;89.47;87.1;77.76;80.62;81.77;51.1;46.29;51.1;53.99;35.37;56.41;32.45;11.82;331.25;505;717.5;1166.67;1753.33;0.48;0.25;0;3.19;7.78;12.32;27.19;38.32;4.86;53.62;13.85;26.75;46.38;73.89;11.06;7.76;927.39;225.21;3554.09;417.2;597.78;910.23;2492.47;927.39;42.51;113.76;184.58;0.39;23.52;4.04;14.26;17.86;9.12;0.32;65.61;55.71;38.78;41.7;0.6;12.39;10.05;1.36;12.62;70.7;83.12;92.04;1234.17;65.77;6.6;58.34;80.04;71.65;92.94;3.04;11.73;7.75;6.46;2.75;2.73;0.35;51.42;2.19;17.85;96.75;97.21;18.84;99.02;100;0.64;0;30.52;18.36;2.18;24.48;6.72;31.76;0;4.55;10.29;2.9;0.12;0.64;0;726;971;948;985;1042;997;1045;891;865;795;751;852;639;411;345;287;12866;316;688;908;989;984;1045;1062;957;968;969;910;771;770;676;513;467;353;491;13521;15372;124;670;14578;250;1493;1158;1103;848;21472;1161;3906;1092;20311;1159;2745;1158;17566;316;332;313;1676;3990;3183;908;580;11155;9182;3494;26387;22893;23372;1879;1148;20345;26297;26297;511;778;767;676;873;764;-22.61222;-46.70056
2010;355170;35;3551702;SERTÃOZINHO;76.31;1.96;13.44;15.06;39.19;95.24;85.48;6.72;10.15;1.15;1;5.37;1.11;5.67;1.58;6.63;66.02;69.69;73.98;18.57;17.34;20.69;15.41;12.97;5.32;103.45;115.79;70.89;102.81;29.33;88.07;93.68;47.93;83.12;15.78;38.21;97.72;84.11;28.63;13.6;92.56;95.1;97.51;99.8;98.46;94.51;21.51;2.46;5.35;5.12;1.45;1.09;88;88.59;64;72.94;79.96;56.11;51.13;44.49;51.36;35.81;50.09;32.57;10.76;342.5;532;756.67;1214;1780;0.46;0.6;1.41;2.89;6.2;12.01;21.61;36.89;4.84;52.26;14.19;27.64;47.74;78.61;10.4;7.37;953.23;230.59;3516.72;445.5;641.15;958.25;2490.59;953.3;39.48;95.72;180.74;0.38;16.29;2.61;2.78;13.76;5.7;0;75.42;64.55;42.81;38.15;0.56;12.71;29.36;1.51;11.17;53.65;72.92;88.71;1492.33;62.87;3.89;37.57;78.88;70.95;82.77;7.02;35.39;23.4;13.65;6.25;6.62;0.33;64.04;3.39;12.64;99.71;98.25;24.19;99.92;99.99;0.08;0.37;22.56;7.44;1.54;19.82;4.76;28.21;0;3.59;11.05;4.58;0.25;0.97;0.01;3694;4573;4603;5262;5474;5052;4159;3809;3623;3129;2437;3871;1801;1223;890;570;54701;531;3581;4119;4511;5203;5418;4859;4227;4035;3707;3179;2580;3759;2010;1396;1093;769;927;55373;59912;338;2100;57474;1496;6973;5139;5259;4356;86448;5473;19575;5425;80975;5619;14102;5790;66873;1421;1517;1495;7828;18463;7392;4117;2734;43898;34186;1302;110074;108772;95291;8692;5589;81011;109549;109540;561;735;761;672;855;768;-21.1375782;-47.9913741
2010;355180;35;3551801;SETE BARRAS;74.89;2.49;14.9;17.24;55.65;94.36;83.14;8.62;8.45;1.67;2.19;10.48;2.31;11.22;3.65;12.85;62.19;62.27;82.43;16.65;15.93;17.57;21.16;21.79;0;87.99;97.84;59.77;66.62;14.52;82.43;88.7;42.15;62.09;5.06;13.54;95.88;76.42;14.5;5.26;80.02;84.06;89.44;90.85;96.14;91.03;17.17;0.34;14.18;6.28;1.79;2.07;79.84;80.67;54.43;59.15;72.14;44.42;39.44;28.95;33.48;23.96;34.19;22.25;5.88;138.5;232.67;353.33;600;950;0.5;4.12;5.61;20.09;33.16;46.06;65.2;38.57;4.04;54.66;12.05;24.8;45.34;75.7;12.8;9.07;459.28;92.82;1771.4;184;292.63;471.74;1254.89;462.34;28.4;93.13;153.4;0.44;25.03;2.56;44.54;11.02;5.01;0.46;44.06;52.2;30.05;30.05;0.26;7.53;3.75;6.1;25.39;83.54;90.52;95.83;865.66;51.91;4.71;30.79;60.69;61;71.69;6.01;6.93;12.3;14.08;5.7;6.45;0.34;36.62;3.05;27.31;89.1;93.71;35.77;100;98.39;1.87;2.15;36.09;19.98;3.86;33.37;19.96;45.75;1.24;8.69;16.4;20.44;1.02;4.35;1.61;546;652;643;463;485;495;441;411;374;381;320;588;299;232;168;89;6681;94;516;662;560;452;474;505;427;406;353;355;277;563;235;203;143;84;109;6324;5601;62;245;5295;203;1075;821;825;633;9473;775;2118;740;8698;611;1343;551;7355;226;207;244;1183;2781;1121;662;351;4581;3569;5814;13005;7191;10790;1314;796;8680;12955;12869;444;632;673;562;832;651;-24.3878438;-47.9265798
2010;355190;35;3551900;SEVERÍNIA;73.42;2.33;17.3;20;43.92;93.5;80.91;6.88;9.43;1.89;1.51;10.83;2.33;11.56;5.4;13.67;72.38;73.72;81;13.3;13.59;14.53;14.31;12.69;4.46;87.75;101.98;49.73;62.41;20.63;81.16;90.76;38.69;59.29;14.78;15.93;93.87;76.14;22.82;5.51;87.12;88.85;91.84;93.24;95.98;90.58;11.23;1.88;20.86;1.26;2.1;0.73;93.01;86.64;65.18;70.12;75.16;47.71;41.41;44.58;48.2;27.78;46.43;23.1;5.06;280;414.29;540;792.33;1075;0.41;0.28;0.6;2.68;4.64;15.06;24.99;34.37;6.4;48.48;16.97;31.57;51.52;75.31;8.1;5.63;657.45;210.25;2259.9;347.64;479.82;655.93;1570.77;657.45;34.61;111.21;190.57;0.3;8.32;1.51;50.63;8.65;3.34;0;74.62;53.86;33.32;25.01;0.33;6.43;6.8;0.68;14.53;71.29;87.29;96.32;1020.64;59.85;3.98;32.4;77.71;69.07;82.27;4.41;21.94;33.84;6.86;3.2;2.66;0.23;67.21;2.97;19.58;99.03;99.58;27.59;100;99.9;0;0;27.97;12.88;4.02;24.97;5.72;29.52;0;6.67;13.3;6.37;0.9;0.72;0.1;606;742;739;796;778;660;599;568;504;421;341;568;237;190;128;83;8045;85;524;647;630;740;700;577;561;536;486;396;287;567;222;183;162;109;129;7456;7911;55;278;7578;222;1112;845;803;643;11758;862;2882;832;10896;760;2020;830;8876;258;211;206;1182;2869;1067;641;389;5677;4318;727;15501;14774;13218;1389;857;10972;15444;15444;477;737;715;638;807;709;-20.810753;-48.80538
2010;355200;35;3552007;SILVEIRAS;73.72;2.21;16.8;19.41;51.27;93.69;81.38;9.5;8.78;3.03;0.37;10.89;1.28;11.59;2.83;13.72;58.98;61.32;79.23;26.95;28.95;20.77;14.07;9.73;0;97.7;108.38;58.32;58.96;11.8;91.76;96.06;40.59;57.64;8.04;13.28;97.01;75.56;15.55;5.91;72.52;82.27;87.82;100;98.17;93.34;30.98;2.44;4.74;3.8;1.18;0;93.18;93.51;54.92;62.31;70.49;41.48;35.31;41.15;47.95;28.22;38.88;24.02;4.45;156.67;255.5;403.33;578.83;882.5;0.48;4.87;8.28;18.14;33.45;39.91;61.79;38.01;4.15;52.58;13;26.74;47.42;72.53;11.69;8.09;475.69;98.62;1808.25;210.67;326.67;492;1250.86;478.33;34.47;93.09;154.23;0.42;18.29;1.31;24.67;8.79;8.82;0.3;49.6;50.77;35.52;31.86;0.21;4.7;19.7;3.95;27.3;84.41;91.9;97.38;797.7;54.36;6.72;40.45;67.05;61.59;76.21;3.74;17.56;8.82;5.44;3.34;7.18;0.32;40.08;4.06;32.61;86.13;99.32;23.63;100;99.66;0.16;1.36;39.9;27.48;1.83;34.88;20;45.35;0;2.11;16.67;13.73;1.15;2.14;0.34;187;271;251;259;224;230;195;198;195;143;137;236;133;92;77;53;2936;55;200;282;216;249;235;211;203;180;166;166;115;237;123;105;64;51;53;2856;2681;37;102;2542;62;429;318;327;234;4379;271;975;285;4108;302;704;308;3404;91;100;91;497;1110;550;282;121;2137;1672;2913;5792;2879;4932;553;251;4128;5780;5748;415;693;678;584;812;657;-22.66384;-44.852157
2010;355210;35;3552106;SOCORRO;74.66;1.43;15.3;17.66;43.73;94.23;82.79;11.9;9.25;0.69;1.45;6.84;0.95;7.16;1.36;8.16;67.49;68.49;82.71;19.92;19.65;17.29;12.58;11.86;0;90.83;107.13;49.1;112.98;26.17;81.99;93.19;37.85;80.45;13.79;29.94;95.6;75.78;24.21;9.82;90.93;93.72;95.67;100;97.69;91.54;13.17;1.85;7.77;1.77;0.89;0.96;93.38;87.78;65.05;71.6;80.8;46.15;40.63;42.83;50.83;29.3;46.46;25.87;9.11;327.14;500;640;950;1433.33;0.44;0.88;0.59;5.84;13.24;15.1;31.31;36.4;5.13;50.77;15.57;29.71;49.23;70.25;9.35;6.56;785.71;201.37;2859.86;410.35;555.59;766.62;2005.44;786.7;42.68;100.66;169.41;0.35;34.54;2.29;20.25;14.39;7.69;0.15;55.33;53.34;34.75;33.82;0.53;10.1;18.46;2.65;17.37;76.28;88.72;94.97;1006.22;64.68;10.63;52.28;81.22;70.28;88.24;3.1;19.77;8.37;6.46;2.63;2.9;0.29;41.39;1.96;17.44;93.2;85.33;17.21;99.65;99.92;8.47;0.11;27.37;9.07;2.31;27.84;6.43;41.08;0.69;3.02;13.56;3.75;0.22;1.17;0.08;1056;1304;1363;1434;1488;1412;1289;1288;1290;1188;1053;1109;855;693;584;396;18205;403;978;1237;1387;1388;1463;1393;1347;1301;1241;1228;1127;1113;988;716;618;434;522;18481;20997;270;884;19842;409;2042;1489;1546;1193;29865;1656;5566;1618;28209;1637;3910;1667;24299;429;416;422;2299;5484;4364;1237;798;15141;12368;11742;36686;24944;32464;2541;1691;28232;36547;36501;462;742;729;634;828;737;-22.5902619;-46.5249112
2010;355220;35;3552205;SOROCABA;75.59;1.49;13.43;15.58;39.8;94.68;83.97;7.41;10.59;1.34;1.01;3.1;0.74;3.24;0.94;3.74;77.28;79.23;82.86;14.31;13.78;14.15;8.41;6.99;2.99;98.16;104.43;81.04;81.25;38.72;89.87;93.21;62.63;67.47;18.4;30.92;97.83;87.92;27.58;13.87;86.02;89.76;95.7;97.4;98.1;95.37;12.59;1.27;9.31;3.45;2.04;1.09;91.5;90.66;76.05;81.6;86.49;67.65;63.88;60.25;66.21;51;64.97;47.96;16.99;338.75;520.6;798.75;1333.33;2150;0.52;0.89;1.79;3.23;6.46;12.1;21.58;42.81;4.06;57.96;11.93;23.61;42.04;74.35;14.36;9.71;1107.19;224.59;4740.07;435.74;646.76;1020.41;3207.5;1107.43;36.96;89.66;176.8;0.49;19.57;2.63;0.8;15.87;8.45;0.14;73.25;76.05;59.81;45.4;1.1;19.45;21.75;1.34;9.92;55.22;71.89;85.52;1669.23;60.02;4.67;31.04;76.74;68.01;84.71;9.07;33.31;35.26;16.94;8.09;9.58;0.4;59.78;4.28;12.65;99.68;98.83;26.97;99.91;99.95;0.08;0.35;12.08;13.98;1.9;11.85;2.8;23.41;0.28;3.54;11.2;5.14;0.73;0.71;0.05;18558;24212;24276;26749;27724;25151;22548;20594;19437;16696;13198;20230;9670;6661;4958;3192;287014;3160;17951;23226;23955;25962;27149;26130;23096;21667;21148;18501;14759;19346;11194;8124;6567;5008;5828;299611;307008;2224;8991;295793;7257;38038;28473;28568;21782;463102;28854;100942;28358;434248;29831;72088;30934;362160;7470;7592;7531;41384;98880;43498;23226;14333;239088;189171;5970;586625;580655;511551;47631;28966;434954;581667;581541;677;809;798;762;843;792;-23.501667;-47.458056
2010;355230;35;3552304;SUD MENNUCCI;73.51;2.19;17.1;19.82;42.41;93.56;81.05;8.34;10.87;0.21;0.78;9.47;1.59;10.08;1.48;11.71;74.46;75.53;83.97;13.76;12.49;16.03;11.78;11.98;0;111.09;114.33;103.48;88.39;33.8;90.14;89.72;63.99;81.7;15.76;13.93;97.63;88.79;27.22;14.34;90.79;91.49;93.82;93.27;98.28;95.44;15.26;0.13;9.09;6.39;5.07;3.12;92.02;89.45;74.25;77;84.56;55.22;49.83;51.14;54.26;37.5;59.28;34.42;11.05;266.67;400;546;790;1178;0.54;1.49;2.43;4.16;6.27;17.65;30.81;48.43;4.81;58.98;13.12;24.91;41.02;85.98;14.76;8.98;813.95;195.64;3941.75;338.48;479.79;655.34;2397.47;816.68;31.47;90.14;184.91;0.52;17;1.74;28.14;6.44;4.43;0;72.95;64.08;44.42;33.84;0.62;12.9;20.58;2.21;16.4;67.36;84.31;95.01;1491.03;59.68;4.63;29.07;71.98;68.2;79.82;7.73;18.04;42.69;15.23;6.49;13.97;0.56;62.58;4.22;12.67;98.55;99.42;14.23;100;100;0;0.17;13.17;9.21;1.72;18.97;3.95;29.59;0;6.44;15.35;6.03;0.38;1.57;0;258;306;327;313;313;324;294;245;253;245;173;256;153;108;65;57;3742;52;222;297;302;321;295;310;313;263;255;202;180;255;140;117;76;71;74;3693;3844;28;123;3693;120;478;366;359;284;5841;385;1263;378;5456;363;878;351;4578;76;106;97;530;1265;620;297;181;2919;2296;1046;7435;6389;6440;603;423;5415;7435;7410;552;778;747;694;809;743;-20.6906175;-50.9240834
2010;355240;35;3552403;SUMARÉ;75.71;2.05;14.15;15.86;39.33;94.89;84.55;5.28;10.13;1.36;0.95;4.87;0.97;5.14;1.13;6.05;72.13;74.28;80.95;15.79;15.2;15.31;12.09;10.52;3.74;100.02;106.77;81.32;75.1;25.06;88.1;91.46;56.69;60.11;12.05;26.23;97.02;87.83;24.3;11.42;85.96;90.18;96.1;98.76;97.73;95.1;16.6;1.65;17.97;5.17;1.99;0.49;87.57;86.73;70.85;79.8;82.86;60.02;55.08;51.09;56.56;40.89;56.27;37.49;8.03;302;495.33;690;1020;1500;0.45;0.88;1.49;3.84;7.31;14.5;23.9;35.31;5.05;50.83;14.72;28.8;49.17;83.01;9.6;6.91;820.03;206.99;2895.85;396.41;577.47;835.25;2085.75;820.06;36.87;93.61;178.13;0.37;16.41;1.34;1.61;15.91;9.47;0.1;75.4;68.85;49.06;42.06;1;9.99;19.77;0.74;8.29;58.52;77.13;90.64;1374.83;62.3;4.03;33.94;79.09;71.14;83.69;9.33;39.2;32.9;14.72;8.32;9.83;0.29;67.27;2.26;12.1;99.57;97.23;26.28;99.63;99.97;0.06;0.81;18.75;14.04;2.27;17.04;4.73;27.01;0.75;4.13;15.45;5.14;0.56;1;0.03;8883;10422;10366;11518;12002;11262;9724;8769;7230;6402;5002;8964;3698;2233;1520;926;119863;942;8473;9869;10252;11209;12070;11252;9853;8806;7788;6841;5405;8745;3746;2591;1813;1304;1431;121448;128534;818;4218;123498;3512;16139;12069;12245;10325;185799;12364;43325;12215;173435;12506;30961;12853;142474;3509;3593;3482;18243;42686;12740;9864;6176;94281;72827;2841;241311;238470;206311;20291;12426;173594;241007;240998;0.6;764;762;705;845;744;-22.8217964;-47.267105
2010;355250;35;3552502;SUZANO;77.36;1.96;12.12;13.58;43.67;95.8;87.03;5.49;10.47;1.73;1.15;4.85;1.15;5.14;1.33;5.99;76.89;79.49;82.03;13.85;12.81;14.45;9.26;7.7;3.51;96.12;101.94;79.41;71.67;21.7;87.22;90.02;57.77;62.07;9.53;21.83;96.18;88.36;18.92;9.7;80.26;85.54;92.93;95.6;96.72;94.56;14.63;1.56;14.33;3.81;2.37;0.81;88.7;86.48;73.64;80.04;84.36;61.99;57.26;56.59;61.88;44.6;61.89;40.94;8.45;224;362.5;525;852.5;1252.5;0.47;1.91;3.66;8.54;14.87;25.47;38.97;36.96;4.38;52.41;13.31;26.93;47.59;77.65;11.1;7.87;654.61;143.49;2419.26;292.29;445.79;676;1713.81;655.48;37.71;94.02;165.25;0.4;19.1;1.54;2.8;16.77;8.99;0.26;67.07;71.26;54.31;44.1;1.1;10.99;20.51;1.5;14.14;67.68;82.62;93.05;1167.65;58.06;5.94;32.29;76.38;67.43;80.5;12.16;33.98;34.27;20.3;11.04;13.7;0.3;58.16;3.07;16.92;98.86;95.16;40.58;98.96;99.57;1.32;0.57;15.04;19.74;3.28;13.92;5.64;29.01;0.21;4.36;15.14;8.92;3.13;1.39;0.43;9565;13109;11778;11705;11410;10813;9817;9283;7909;6889;5502;10577;4031;2580;1722;1047;128694;957;9216;12416;11666;11526;11972;11491;10609;9801;8718;7451;5938;10470;4401;2879;2147;1453;1632;133786;129468;1516;4770;123182;3558;20280;15245;15266;11177;196953;14371;46624;13826;182582;13532;32253;13763;150329;4025;4066;4200;22194;52296;14409;12406;7180;101603;78430;9240;262480;253240;222977;25525;14773;182679;261357;261011;0.62;0.78;765;723;873;708;-23.5427842;-46.3108391
2010;355255;35;3552551;SUZANÁPOLIS;73.75;2.37;16.7;19.36;46.51;93.7;81.42;10.02;10.83;0.44;1.89;12.35;2.98;13.02;3.52;14.96;74.53;79.08;89.12;16.57;14.31;10.88;8.9;6.6;0;121.37;144.18;52.98;85.88;37.06;87.74;95.97;34.52;73.04;21.22;17.73;100;88.77;42.98;15.13;94.39;96.41;100;100;99.73;96.99;25.41;5.29;6.35;5.92;1.05;5.12;96.44;95.14;66.47;84.01;77.21;43.88;37.37;40.06;43.98;23.91;47.91;19.99;7.67;196;320;487.5;650;933.33;0.41;3.4;5.7;8.25;14.42;32.63;49.1;31.64;5.23;46.79;15.34;31.21;53.21;72.93;8.25;6.11;500.45;130.89;1583.18;252.96;397.17;550.34;1171.75;500.45;36.71;80.81;171.12;0.32;25.36;0.55;37.17;7.48;4.45;0;56.4;52.02;27.96;30.2;0.25;9.98;15.77;5.34;30.89;77.4;90.35;96.55;850.26;54;3.83;35.9;65.35;60.62;72.9;7;34.7;20.99;12.09;6.29;11.1;0.32;43.32;7.93;17.62;95.32;95.98;18.41;100;100;3.51;0.9;26.03;5.61;0.27;30.21;11.32;42.35;2.29;11.5;23.45;11.6;0.1;2.19;0;116;139;158;150;127;134;104;139;114;112;78;125;71;62;44;36;1748;39;102;132;131;123;129;120;111;121;134;98;81;121;74;59;32;32;35;1635;1570;10;56;1503;45;228;175;170;128;2648;159;562;163;2489;183;403;156;2086;45;50;48;239;576;339;132;80;1280;1026;1125;3383;2258;2908;271;157;2480;3383;3383;439;757;699;631;813;665;-20.5011185;-51.0246771
2010;355260;35;3552601;TABAPUÃ;74.2;1.82;16;18.52;42.05;93.97;82.09;11.22;10.64;0.82;0.82;7.81;1.18;8.19;2.5;9.48;77.59;79.3;81.82;13.32;13.78;9.34;9.1;6.92;8.84;93.12;104.61;65.85;103.94;18.8;88.01;93.58;59.51;68.95;12.83;25.08;97.67;81.29;17.23;7.18;95.9;97.14;100;100;98.43;93.35;9.75;0.62;26.94;0.32;2.34;0;89.85;89.93;77.04;82.99;84.92;44.2;36.97;59.96;59.49;31.03;57.5;25.98;7.59;340;500;620;883.33;1200;0.4;0.49;1.71;2.41;6.13;12.22;27.71;32.4;6.42;46.71;18.14;33.16;53.29;77.48;7.14;5.17;731.31;234.76;2369.22;428.49;549.32;736.01;1715.94;731.31;12.42;88.18;186.5;0.28;13.36;2.62;27.46;11.19;5.95;0;77.03;53.49;37.85;28.92;0.31;9.56;24.16;1.54;13.14;68.88;86.48;95.33;1111.85;61.07;8.22;39.4;82.89;66.99;82.59;3.85;19.76;13.08;9.15;3.35;3.76;0.29;64.1;5.12;13.51;99.28;99.72;15.62;99.72;99.91;0;0.36;19.18;4.1;1.57;25.13;3.34;33.67;0;7.71;12.5;5.28;0.77;1.42;0.09;353;376;427;518;545;451;398;428;415;355;319;321;253;187;164;140;5745;95;330;383;442;462;458;429;422;412;382;342;292;324;250;239;180;131;140;5618;6117;62;211;5844;120;612;455;468;412;9262;487;1845;515;8775;546;1358;558;7417;150;129;126;661;1593;1275;383;254;4575;3673;844;11363;10519;10017;759;535;8723;11280;11280;442;817;735;666;0.82;726;-20.9648397;-49.0332398
2010;355270;35;3552700;TABATINGA;74.1;2.07;16.2;18.7;43.19;93.91;81.94;8.37;10.31;1.56;1.85;9.54;2.05;10.05;2.88;11.77;79.4;79.83;88.37;12.17;11.36;9.63;8.43;8.81;2;88.04;97.38;61.42;68.24;17.46;84.82;90.39;48.02;62.59;9.87;28.59;94.57;66.97;13.33;7.62;86.24;89.06;95.69;94.84;96.53;88.85;9.72;0.53;13.35;0.82;3.93;0.65;86.25;89.94;74.73;73.14;70.69;39.73;33.1;45.4;44.49;24.74;47.55;20.51;6.66;297.5;412.5;526;745;1000;0.4;1.8;4.57;4.27;8.95;15.13;29.26;33.12;6.26;47.27;17.49;32.76;52.73;80.03;7.57;5.39;625.39;195.88;2071.23;350.98;477.49;624.6;1474.14;626.03;33.16;84.25;172.56;0.3;17.53;1.82;30.41;12.15;4.45;0;74.87;45.82;28.68;21.68;0.8;7.22;24.09;1.02;14.02;79.95;91.71;97.15;943.36;64.75;4.71;44.13;82.1;72.65;88.93;3.36;24.64;12.91;5.89;2.83;3.23;0.25;66.81;1.13;11.89;98.5;99.48;22.68;99.74;99.85;0.1;0.08;38.47;13.76;3.47;33.33;7.29;33.34;0.64;8.35;19.5;6.05;0.79;0.7;0.15;473;600;617;802;778;609;549;537;463;442;353;527;255;192;155;111;7565;102;482;578;589;605;646;539;501;492;493;436;327;536;224;233;181;112;147;7121;8215;56;312;7848;177;960;715;728;564;11444;703;2606;709;10741;777;1903;807;8838;209;204;212;1069;2510;1229;574;344;5501;4310;2108;14686;12578;12688;1178;707;10803;14354;14339;397;755;704;609;818;0.7;-21.7373768;-48.6880522
2010;355280;35;3552809;TABOÃO DA SERRA;76.79;1.8;11.75;13.63;40.56;95.3;85.66;4.9;9.98;1.49;1.11;3.97;0.9;4.17;1.2;4.87;70.41;73.72;77;17.58;17.1;18.09;12.01;9.18;4.91;100.89;107.09;82.22;85.7;37.02;87.06;90.57;50;68.9;15.83;31.58;96.12;86.26;30.92;17.06;88.17;90.41;93.16;95.4;96.89;94.24;20.15;2.09;8.88;5.6;2.1;1.4;87;84.35;65.72;75.01;84.89;65.29;61.08;50.04;57.9;44.65;57.93;41.81;11.18;278.57;452.75;665;1046.25;1555;0.47;1.62;3.34;4.72;9.14;17.56;29.28;36.58;4.55;52.44;13.65;27.24;47.56;83.98;10.72;7.66;812.19;184.85;2971.04;369.42;551.85;825.17;2122.12;812.23;34.55;85.29;174.06;0.4;17.04;1.18;0.32;15.55;7.74;0.01;71.82;71.25;50.9;55.35;0.64;13.09;13;0.7;9.48;61.9;78.3;90.57;1342.92;63.27;3.53;30.84;76.53;73.07;83.67;8.7;45.56;38.89;15.19;7.57;8.78;0.28;62.65;3.66;15.05;99.79;98.01;37.26;99.95;99.9;0.42;0.65;17.95;11.83;3.11;14.37;5.18;23.27;0.42;6.11;15.32;6.15;2.06;0.83;0.1;9152;10951;10042;11219;11612;10940;9435;8669;6945;5966;4522;9483;3214;2093;1347;717;116895;588;8830;10835;10181;11473;12469;12134;10557;9567;8320;7044;5526;9314;4103;2700;1950;1260;1370;127633;131285;769;3789;126728;3726;17219;13035;12772;10565;185922;12274;42915;11921;173648;12200;30641;12568;143007;3691;3683;3693;19681;45153;11986;10835;6175;98613;76959;0;244528;244528;207501;21786;12286;173429;243983;243971;653;0.74;769;0.71;863;742;-23.6121912;-46.7790539
2010;355290;35;3552908;TACIBA;73.52;1.77;17.1;19.81;46.59;93.56;81.06;9.45;11.6;1.72;0.33;11.22;1.7;12.01;0.89;13.93;78.62;80.44;83.75;12.24;12.29;8.87;9.14;7.27;7.37;97.28;103.34;81.19;81.92;19.57;91.33;93.52;63.96;78.25;12.6;14.65;98.47;87.89;22.93;5.84;94.4;96.31;100;100;99.25;96.14;12.4;1.45;16.15;3.41;3.45;2.62;92.8;93.88;80.76;84.37;80.68;47.54;41.46;55;53.88;31.57;56.67;27.48;6.62;255.33;375;509;740;1010;0.38;1.61;2.66;4.34;8.94;19.67;31.81;30.05;6.47;45.68;17.91;33.63;54.32;75.28;6.71;5.07;559.1;180.84;1679.97;319.95;439.29;578.53;1269.42;559.1;38.58;94.18;179.92;0.26;17.59;1.31;34.57;10.92;5.7;0.61;72.74;57.17;37.92;35.02;0.47;9.01;10.08;2.42;19.2;77.23;88.81;95.86;960.25;55.64;3.59;26.19;71.5;63.94;81.1;8.35;39.54;30.53;19.86;7.47;9.64;0.27;62.69;1.55;14.68;97.67;97.77;13.22;97.95;99.97;0.47;1.1;18.92;5.6;0.75;22.7;6.22;34.89;0;2.62;12.86;7.37;2.97;1.01;0.03;176;239;258;235;243;217;215;224;207;159;121;203;99;73;90;56;2861;46;200;249;238;218;205;218;231;208;217;137;141;209;107;94;71;55;55;2853;2747;18;80;2650;63;407;297;299;226;4438;301;949;278;4137;285;648;295;3489;87;83;74;410;1023;540;249;149;2195;1739;862;5714;4852;4938;488;306;4144;5683;5683;475;821;723;684;809;682;-22.3901284;-51.2888486
2010;355300;35;3553005;TAGUAÍ;74.05;1.94;16.2;18.79;43.3;93.88;81.87;6.82;9.72;0.7;1;7.37;0.75;7.86;1.28;9.72;74.08;76.72;82.42;14.65;12.04;17.58;11.26;11.24;0;86.4;103.03;47.34;88.85;11.41;81.51;93.78;36.91;82.77;7.07;34.24;96.26;69.18;12.44;6.44;95.35;95.2;93.6;94.65;97.25;88.87;12.98;1.05;7.61;2.81;1.19;2.76;90.87;87.91;67.57;73.38;76.74;45;36.92;47.19;48.07;28.73;48.93;23.8;7.62;300;390;510;737.5;1006.67;0.37;0.68;1.09;3.64;7.24;15.28;28.86;29.97;7.03;44.4;18.94;34.69;55.6;79.59;6.33;4.71;587.51;206.43;1760.99;349.95;462.67;614.15;1310.29;587.51;25.73;102.16;182.29;0.24;14.9;2.51;17.28;10.76;5.47;0.45;66.92;52.09;33.39;19.23;0.18;7.83;44.43;1.41;11.04;84.16;91.94;97.14;852.1;68.21;11.02;72;90.05;74.81;90.64;2.02;0;7.23;3.07;1.64;0.47;0.21;58.14;3.61;19.51;97.64;98.69;25.81;100;100;0;0.08;33.74;4.65;2.75;28.3;7.99;34.5;0.85;10.61;19.46;3.08;0.26;0.84;0;417;471;539;611;509;408;360;314;313;300;217;393;192;129;96;61;5385;55;406;454;510;534;508;429;371;372;342;285;250;393;192;117;108;84;88;5443;6287;102;462;5723;185;718;542;524;475;8294;599;2194;617;7695;670;1595;698;6100;163;147;154;846;1964;738;454;283;4190;3146;3071;10828;7757;9217;925;642;7650;10781;10781;0.45;748;709;631;818;0.69;-23.4534312;-49.4054454
2010;355310;35;3553104;TAIAÇU;73.84;2.04;16.6;19.18;48.08;93.76;81.56;10.71;11.11;1.03;1.15;10.87;1.59;11.67;2.98;13.63;81.83;84.7;87.64;10.37;9.09;12.36;7.8;6.21;0;91.47;104.13;60.13;75.34;17.47;86.72;94;52.96;69.83;13.31;16.78;97.51;77.65;24.12;5.3;84.43;87.52;98.1;95.72;97.79;92;12.61;2.63;10.73;1.93;1.26;0.88;95.29;95.44;65.19;72.52;77.73;42.1;35.04;48.05;51.94;25.87;49.37;20.7;8.17;255;403.33;533.33;800.43;1166.67;0.41;1.42;3.39;4.56;9.48;20.72;34.21;32.26;5.84;47.03;16.71;31.84;52.97;75.66;7.72;5.67;626.12;182.69;2020.02;340.52;473.66;661.37;1482.62;626.12;21.47;83.07;182.69;0.31;16.42;1.02;42.52;11.62;4.92;0;58.8;49.75;31.29;29.55;0.39;10.56;9.14;1.42;15.76;75.23;90.12;96.23;995.8;56.14;3.89;25.76;72.84;64.82;83.77;2.76;16.36;8.81;6.33;2.47;1.31;0.24;51.65;2.72;26.78;98.74;99.7;27.77;99.62;100;0;0;26.12;15.57;2.21;26.04;5.2;41.28;0;11.41;13.36;9.9;0.38;2.91;0;179;265;271;304;237;201;228;207;194;148;130;200;118;89;86;61;2972;54;176;248;246;223;237;214;214;228;175;156;127;209;127;100;92;66;84;2922;2875;20;87;2769;72;388;301;297;203;4591;349;1039;327;4242;286;690;296;3552;79;86;66;445;1071;631;246;170;2276;1809;555;5894;5339;5121;513;337;4271;5891;5891;421;767;0.71;628;814;701;-21.143144;-48.511203
2010;355320;35;3553203;TAIÚVA;75.08;1.76;13.4;15.54;42.74;94.12;83.56;12.04;11.73;0.97;0.71;8.25;1.4;8.75;2.76;10.09;85.53;88.51;90.51;7.49;7.18;5.63;6.97;4.31;3.86;97.17;102.95;83.7;74.24;24.64;92.93;95.22;71.99;74.24;20.42;16.66;98.3;88.4;24.93;3.24;86.02;87.32;96.86;91.85;97.78;94.96;12.43;0.45;9.75;3.55;1.36;0.81;93.92;89.43;82.08;88.98;90.23;52.37;45.37;63.04;68.69;35.71;73.87;29.61;9.99;300;500;664;1006.67;1475;0.42;0.51;1.04;3.38;7.7;15.39;33.91;32.45;5.35;48.22;15.72;30.62;51.78;72.91;8.26;6.14;761.47;203.77;2470.67;394.71;567.41;805.41;1837.83;761.47;32.42;100.77;180.95;0.31;19.49;2.31;30.18;13.1;9.23;0.1;69.97;59.06;41.51;36.02;0.36;11.67;7.93;3.41;15.84;69.21;83.3;93.61;1100.45;61.8;6.97;35.62;70.48;68.36;85.07;6.49;37.17;19.59;19.22;5.77;7.6;0.27;56.58;4.22;13.99;98.7;99.8;18.66;99.88;100;0.2;0;21.44;13.98;2.22;20.1;5.25;30.13;1.51;0;9.53;6.6;0.76;1.1;0;139;203;226;240;219;207;190;184;196;173;163;147;128;90;80;54;2696;57;147;169;225;234;215;177;175;213;176;173;169;170;133;95;101;86;93;2751;2987;26;97;2864;54;310;227;231;169;4472;280;925;288;4192;256;645;258;3547;63;47;56;332;817;656;169;133;2265;1806;480;5447;4967;4833;372;271;4189;5427;5427;524;0.84;0.76;718;835;732;-21.1238184;-48.4512476
2010;355330;35;3553302;TAMBAÚ;76.45;1.63;12.6;14.59;45.08;95.2;85.39;9.52;9.06;1.79;1.04;5.34;0.76;5.65;1.28;6.6;65.46;65.31;76.06;18.88;18.57;19.34;15.66;16.12;4.59;87.76;96.48;64.16;75.45;20.26;82.44;90.44;47.18;70.68;13.93;17.49;95.53;80.53;21.72;4.63;82.91;87.82;90.99;100;97.73;93.09;9.34;1.26;1.93;5.27;1.57;0;85.76;81.25;69.35;72.29;73.93;48.46;43.44;36.54;42.37;31.64;50.63;29.53;10.18;277.5;432.5;602;933.33;1430;0.45;0.72;0.86;4.22;9.65;17.13;33.52;36.15;5.33;51.29;14.79;28.58;48.71;76.91;9.78;6.93;747.11;199.01;2700.95;353.4;515.19;751.87;1915.24;747.11;32.74;100.25;187.54;0.35;18.18;3.12;12.78;11.17;5.71;0.71;72.5;55.42;37.38;36.52;0.49;10.94;28.5;1.14;11.46;68.85;85.29;92.93;1197.63;59.17;5.49;21.47;72.78;67.57;83.81;5.23;11.08;34.44;12.14;4.54;5.98;0.31;60.23;2.21;15.11;96.67;99.94;23.11;98.56;100;0;0;34.74;17.09;2.27;27.93;8.07;33.01;0;5.98;17.62;8.98;0.35;0.88;0;763;923;935;982;895;863;784;757;777;710;586;771;454;343;251;201;11173;178;703;862;987;934;940;793;762;764;795;712;547;798;464;357;287;227;301;11233;11466;98;241;11126;293;1399;988;1088;859;17403;1153;3799;1133;16250;1130;2646;1161;13604;300;277;297;1624;3805;2132;849;621;8777;6877;2497;22406;19909;19377;1785;1125;16468;22289;22289;485;707;731;624;858;729;-21.70292;-47.270344
2010;355340;35;3553401;TANABI;74.73;1.76;15.1;17.51;41.43;94.27;82.9;11.25;9.56;1.26;1.8;7.02;1.38;7.3;2.48;8.32;74.84;75.57;80.93;18.15;17.38;19.07;7.01;7.05;0;89.84;100.23;63.6;90.64;27.11;84.79;93.82;49.9;72.64;20.38;26.35;98.57;78.78;27.32;2.87;90.35;93.44;99.33;100;99;93.26;7.82;0.44;6.63;3.3;1.69;1.86;94.15;91.63;71.5;77.62;85.24;50.67;44.86;54.74;61.99;34.4;64.44;29.76;9.06;323.6;508.33;666.67;955;1355;0.42;0.8;1.49;3.33;7.9;12.98;26.38;34.33;5.71;48.23;16.36;31.26;51.77;72.93;8.4;5.87;775.79;221.3;2663.65;413.17;578.07;795.74;1862.87;775.79;49.95;97.61;183.69;0.31;17.77;2.35;13.85;12.84;5.53;4.9;61.8;57.56;39.91;34.8;0.51;10.21;20;4.18;16.23;72.2;86.53;95.5;1039.08;63.96;7.56;39.95;79.06;70.38;84.48;6.27;38.53;26.27;12.23;5.31;7.54;0.26;53.81;2;20.12;99.07;99.46;13.52;99.13;99.9;0.28;0.12;24.04;9.65;1;25.14;5.07;34.39;0;8.68;5.46;4.76;0.24;1.05;0.1;658;866;883;1057;1100;932;835;881;879;825;628;706;554;437;329;235;12042;237;638;810;867;950;996;918;852;893;900;790;696;660;574;479;405;261;324;12013;13712;127;426;13160;278;1344;972;1032;793;19703;1002;3755;1030;18701;1145;2753;1183;15948;224;269;263;1427;3441;2707;810;494;9897;8081;2320;24055;21735;21439;1676;1066;18697;23991;23991;507;799;748;687;829;735;-20.6251635;-49.6519879
2010;355350;35;3553500;TAPIRAÍ;75.74;2.71;13.6;15.77;58.15;94.83;84.37;8.26;11.02;1.51;1.06;10.95;2;11.83;2.99;13.72;80.89;82.1;84.41;11.51;10.56;13.55;7.59;7.34;2.04;94.23;97.66;83.43;60.52;13.74;90.85;92.37;64.03;59.41;7.41;22.18;97.15;80.64;12.35;3.62;70.41;78.69;87.26;97.54;98.31;94.05;9.98;0;9.89;3.18;3.82;1.32;94.13;92.48;76;75.39;67.96;34.66;28.25;41.16;42.23;21.55;44.67;17.57;4.27;170;255;393.33;615;910;0.44;3.66;5.07;14.68;23.21;40.9;59.82;33.11;5;49.49;14.43;28.83;50.51;71.73;9.18;6.88;449.75;112.34;1488.9;212.18;323.7;487.62;1116.88;451.66;34.4;93.6;162.51;0.35;19.66;1.96;23.92;11.17;10.43;1.11;46.35;40.82;24.96;35.37;3.35;4.76;13.06;7.07;27.39;84.25;92.55;97.39;771.65;56.4;5.67;40.56;79.55;66.4;76.83;9.44;17.88;32.88;16.44;8.1;10.8;0.26;40.09;1.4;31.58;89.44;97.32;34.59;99.78;98.46;1.3;3.32;37.92;29.59;1.69;37.31;17.75;51.34;1.4;7.81;23.51;14.9;1.34;2.53;1.54;313;474;358;303;312;309;256;262;213;197;166;385;168;134;87;65;4043;41;308;437;369;289;291;306;277;254;232;199;154;367;151;132;76;50;77;3969;3799;52;186;3561;127;729;534;553;363;5728;471;1319;437;5257;370;848;369;4409;131;135;147;799;1855;662;437;232;2857;2199;2284;8012;5728;6736;914;459;5363;7975;7941;347;746;681;578;846;647;-23.9638345;-47.5067136
2010;355360;35;3553609;TAPIRATIBA;77.18;1.94;11.6;13.44;43.27;95.57;86.4;9.41;10.52;0.56;0.92;6.28;1.11;6.72;0.96;7.82;72.94;75.09;79.2;16.33;15.73;16.92;10.74;9.18;3.88;94.06;105.55;68.19;89.54;18.1;87.65;93.73;54.25;68.57;12.88;26.27;98.24;88.48;20.04;4.63;93.37;95.08;96.37;100;98.17;95.19;13.27;0.9;21.94;3.5;2.86;1.76;94.57;95.93;81.3;86.63;85.73;49.48;42.41;55.16;63.37;33.93;60.91;28.2;9.84;268.67;398.33;567.78;827.5;1115.5;0.4;0.71;1.33;4.18;8.98;18.12;33.16;31.39;6.01;46.62;16.36;31.58;53.38;70.75;7.67;5.69;637.12;191.47;1999.95;329.71;484.97;694.28;1482.81;637.62;35.8;107.16;184.48;0.28;11.78;1.52;28.1;7.58;6.4;0;76.97;59.33;41.14;34.14;0.17;11.63;20.88;1.76;12.52;72.87;88.84;96.27;998.93;54.21;3.28;25.59;71.4;62.6;80.07;6.97;36.97;19.29;18.19;6.36;5.68;0.26;68.06;2.17;15.2;93.81;98.04;18.61;99.85;99.92;1.88;0.07;24.34;6.63;1.83;22.5;5.48;32.48;0;3.74;11.09;6.13;0.08;0.66;0.08;381;531;611;569;461;432;435;479;479;428;296;424;229;188;179;106;6331;103;341;566;598;513;476;458;436;534;480;411;297;406;268;189;175;114;144;6406;6055;36;198;5821;139;888;652;692;424;10088;761;2291;738;9327;678;1530;668;7797;159;156;147;883;2280;1198;566;360;5093;3982;2233;12737;10504;11170;1097;774;9299;12721;12711;495;819;751;692;0.87;703;-21.46824;-46.7493221
2010;355365;35;3553658;TAQUARAL;74.4;2.11;15.7;18.14;44.11;94.08;82.4;8.55;11.75;1.86;0.81;11.01;2.22;11.67;1.9;13.54;86.94;88.96;87.57;6.83;4.35;9.58;6.23;6.69;2.85;102.52;106.46;90.83;79.29;32.33;95.11;96;77.46;67.21;17.85;37.72;100;89.81;25.06;13.9;93.82;95.83;100;100;98.3;96.15;8.21;0;26.61;2.6;2.3;4.14;93.16;95.33;89.3;92.12;85.45;47.06;39.61;70.43;60.26;27.84;54.22;21.54;4.12;300;435;546;800;1138.5;0.51;1.54;2.96;3.52;7.39;14.54;23.8;46.01;4.97;57.67;14.1;26.25;42.33;80.79;13.05;8.34;811.38;201.63;3732.97;370.52;492.86;652.17;2386;811.38;28.68;70.82;169.88;0.48;18;2.16;41.21;12.17;4.56;0;74.23;58.78;36.82;37.12;0;5.4;4.2;2.01;17.67;75.1;86.68;92.61;1387.26;58.97;1.56;27.93;82.21;67.28;89.89;5.94;0;0;12.9;6.12;7.32;0.54;58.37;5.59;14.17;95.17;99.33;18.56;100;100;0;0;21.7;6.18;1.7;21.83;3.03;33.2;0;3.22;12.76;7.61;0.31;0.22;0;72;109;109;137;108;106;105;88;93;88;69;113;66;41;28;27;1373;14;84;111;112;97;108;118;89;86;91;90;66;97;61;41;36;37;29;1353;1386;3;36;1347;30;161;129;116;86;2035;124;440;133;1911;130;316;117;1595;33;49;43;203;449;233;106;63;1009;810;113;2726;2613;2351;220;129;2002;2714;2714;471;882;759;716;823;742;-21.07373;-48.412553
2010;355370;35;3553708;TAQUARITINGA;74.61;2.02;15.3;17.75;44.32;94.2;82.72;9.76;10.93;1.55;1.44;7.21;1.38;7.6;2.19;8.76;80.19;81.99;86.14;12.76;12.74;10.12;7.05;5.27;3.74;96.85;100.99;85.66;83.35;24.09;90.63;92.26;64.88;70.61;15.83;25.33;97.29;83.19;25.46;7.79;91.56;93.97;96.08;98.61;98.19;94.14;12.58;0.82;14.49;3.75;3.24;0.8;92.91;90.89;77.4;83.82;81.84;53.01;47.6;52.43;55.23;37.58;56.08;34.27;10.87;275;435;599.33;893.33;1377.5;0.46;0.98;2.42;4.64;11.16;17.62;33.31;37.6;5.11;52.28;14.76;28.54;47.72;74.32;10.19;7.03;739.25;188.97;2779.47;356.73;509.3;709.03;1917.18;739.4;43.17;99.5;178.66;0.37;19.17;4.15;19.2;15.62;5.24;0.02;71.71;60.56;43.9;39.06;0.98;12.11;15.48;1.43;15.94;70.73;84.62;93.76;1114.82;60.75;4.03;30.83;71.74;68.72;85.16;6.14;26.56;24.56;12.8;5.47;9.67;0.3;56.42;4.1;14.9;99.71;97.91;20.17;99.64;99.95;0.08;0.05;24.53;8.44;1.81;23.46;6.91;30.75;0;7.6;9.36;7.88;1.82;0.87;0.05;1729;2174;2225;2321;2398;2089;1972;1848;1842;1546;1287;1867;1082;779;651;423;26662;429;1659;2055;2120;2280;2174;2201;1984;1985;1901;1632;1390;1828;1132;931;773;547;734;27326;28454;171;812;27472;620;3415;2501;2631;2080;42676;2648;8946;2595;40028;2591;6298;2662;33730;688;754;752;3755;8966;5267;2055;1278;21784;17384;2820;53988;51168;46840;4229;2634;39977;53797;53786;0.53;797;748;696;827;727;-21.407486;-48.5054848
2010;355380;35;3553807;TAQUARITUBA;73.65;2.28;16.9;19.55;45.14;93.64;81.26;8.37;9.92;1.15;1.23;8.47;1.37;9.03;1.93;10.53;76.91;78.11;88.09;9.61;8.85;9.65;13.48;13.03;2.26;106.3;119.83;73.9;61.78;15.69;82.97;91.91;42.76;51.49;8.03;21.41;96.2;73.86;23.72;14.26;72.27;81.55;89.7;100;97.79;90.75;11.78;2.33;13.29;8.03;2.92;1.43;83.83;87.39;69.77;74.11;77.89;43.8;37.44;41.34;45.54;28.31;38.71;25.1;7.51;213.33;333.33;500;736.67;1194;0.48;2.48;4.13;7.73;15.95;26.81;41.2;39.63;4.62;54.28;13.56;26.78;45.72;75.25;11.69;7.9;624.86;144.26;2476.16;279.35;413.06;591.61;1672.31;625.89;31.79;83.46;168.96;0.42;26;2.31;24.07;13.9;6.67;0;53.63;50.23;33.49;33.5;0.82;9.5;12.5;3.93;21.54;76.08;87;93.91;1003.57;59.06;9.28;38.82;73.13;66.99;78.35;6.29;7.25;24.54;10.01;5.37;8.37;0.35;42.82;2.9;22.46;98.66;97.83;21.45;99.15;99.91;0.23;0.36;29.55;27.73;2.21;28.92;11.59;43.36;0;13.41;21.08;10.6;2.43;1.27;0.09;751;987;975;976;888;880;767;732;762;700;542;822;438;286;259;162;11092;165;754;979;1002;895;922;836;789;809;804;668;589;774;383;345;267;172;211;11199;11307;183;528;10596;308;1567;1150;1208;874;17212;1224;3844;1170;15988;1110;2620;1127;13368;322;336;305;1655;4050;1865;978;635;8688;6793;2712;22291;19579;19144;1966;1361;15817;22190;22153;438;712;701;606;811;0.7;-23.5337307;-49.2452541
2010;355385;35;3553856;TAQUARIVAÍ;73.64;2.42;16.9;19.58;51.68;93.63;81.24;5.4;10;1.15;1.8;9.55;1.91;10.33;2.87;12.48;66.96;69.3;79.94;18.96;19.4;14.77;14.08;11.3;5.3;92.32;103.9;57.77;77.86;5.86;89.93;96.09;44.39;76.32;2.84;0.96;99.23;81.12;10.04;1.75;79.4;85.92;96.23;97.83;99.41;94.82;21.43;0;3.08;3.62;1.92;0.81;95.74;96.19;63.17;73.01;76.15;42.89;34.28;47.82;45.66;25.56;47.83;20.37;2.6;150;216;303.33;510;726.67;0.43;1.77;2.04;17.91;26.8;52.53;66.66;33.79;5.71;49.27;15.64;29.25;50.73;77.97;8.64;6.43;373.06;106.59;1260.44;185.08;253.93;400.67;937.92;374.41;31.2;102.14;168.2;0.31;13.67;1.1;39.39;9.2;3.89;0.1;67.27;51.8;33.2;35.54;0.5;3.44;4.82;3.18;19.37;86.78;92.87;97.97;748.81;51.71;1.77;21.94;69.55;62.91;72.25;7.65;0;38.74;12.68;6.63;5.39;0.23;61.68;1.92;20.05;97.89;95.27;34.87;98.96;97.98;0.82;1.17;27.7;20.6;0.59;27.23;16.73;40.04;0;16.5;19;20.1;0.85;2.99;2.02;207;265;266;261;226;211;155;152;137;139;107;253;66;44;44;23;2578;22;207;293;251;235;227;185;176;163;173;114;91;252;61;54;39;30;22;2573;2189;10;71;2107;66;434;332;317;263;3674;333;1013;311;3341;292;680;284;2661;85;89;98;540;1199;278;293;165;1821;1335;2340;5151;2811;4233;558;325;3350;5129;5111;429;757;679;626;811;617;-23.9257829;-48.7005328
2010;355390;35;3553906;TARABAI;74.37;2.32;15.7;18.19;48.04;94.07;82.36;8.54;11.81;2.54;1.87;10.94;1.5;11.67;4.57;13.8;76.54;78.51;78.42;15.29;14.07;18.85;8.18;7.41;2.73;97.62;101.11;87.64;83.74;18.91;93.03;95.13;69.61;78.03;14.24;16.74;98.81;86.89;19.67;4.66;89.24;93.8;97.44;100;99.26;96.06;10.77;0.38;11.21;3.98;2.32;1.79;93.92;91.77;81.07;86.26;83.69;52.18;45.46;50.16;54.97;32.9;50.21;28.19;5.41;207.33;320;477.75;712.5;960;0.4;2.41;3.6;8.2;14.84;29.7;47.67;30.08;5.57;45.96;16.06;31.56;54.04;75.8;7.49;5.74;505.51;140.76;1520.53;265.24;391.77;568.04;1165.11;508.59;33.38;87.34;172.73;0.28;10.16;2.13;14.56;13.7;9.23;0;69.76;62.94;40.93;36.73;0.6;7.03;24.55;3.94;21.28;77.63;89.41;96.91;871.71;57.36;3.98;30.55;76.49;66.03;80.76;9.33;24.66;34.27;17.39;8.32;10.23;0.23;61.31;3.94;18.81;98.81;99.15;19.21;99.54;99.95;0.58;0.5;21;10.76;0.74;19.83;7.59;33.32;0.8;6.77;12.09;7.98;3.11;1.74;0.05;240;276;318;287;296;271;244;209;209;168;104;293;111;93;68;57;3293;49;222;300;296;278;273;269;248;244;217;190;137;250;93;98;83;60;56;3314;3211;23;110;3078;92;473;364;355;269;5017;374;1176;363;4643;339;802;342;3841;101;98;114;542;1265;564;299;181;2538;1965;498;6607;6109;5597;576;360;4661;6607;6567;522;806;726;697;823;666;-22.3038726;-51.5628675
2010;355395;35;3553955;TARUMÃ;76.13;2.22;13;15.08;42.56;95.03;84.93;6.38;10.99;0.93;0.57;8.6;1.34;9.21;1.23;10.93;73.33;75.9;80.82;17.08;17.2;13.97;9.59;6.9;5.2;94.49;105.29;66.93;91.73;27.25;88.78;95.74;54.43;76.44;15.02;42.01;97.84;84.8;24.1;10.11;94.2;96.08;98.98;100;98.96;94.97;14.78;1.12;12.36;4.13;0.72;0.64;92.85;91.22;68.68;78.04;82.22;52.83;46.53;48.3;50.88;32.67;52.12;28.77;5.24;250;386.67;550;825;1050;0.54;1.72;2.22;5.59;8.57;21.78;34.29;46.78;4.36;58.45;12.45;24.41;41.55;84.32;15.03;9.38;787.79;171.92;3685.09;318.4;471.06;675.38;2300.68;787.79;32.7;87.29;178.55;0.56;13.18;1.26;17.57;7.85;6.29;0;77.36;63.98;42.11;33.15;1.78;7.68;28.83;1.07;15.56;61.51;84.52;95.68;1568.41;56.29;4.4;27.98;71.11;64.62;75.91;11.48;37.34;26.88;17.56;10.74;13.58;0.6;64.32;8.04;12.33;99.9;94.44;18.88;100;100;0;0;16.84;5.8;1.04;18.86;5.95;32.95;0;7.76;11.88;7.17;0.39;1.44;0;531;562;591;609;591;539;510;457;477;347;258;525;204;159;103;62;6583;58;441;505;535;605;548;512;546;465;455;336;272;461;181;167;106;86;81;6302;6147;47;204;5896;202;859;637;637;573;9860;700;2340;678;9160;664;1640;718;7520;197;190;179;1004;2344;822;505;330;4895;3755;759;12885;12126;10921;1067;729;9125;12878;12878;528;772;753;0.68;852;738;-22.7474736;-50.5783374
2010;355400;35;3554003;TATUÍ;75.52;1.82;14.52;16.27;44.86;94.8;84.31;8.03;10.59;1.42;1.12;4.25;1.19;4.48;1.56;5.15;78.13;79.65;88.81;13.36;13.27;9.47;8.52;7.08;1.73;92.91;102.03;66.89;76.83;26.79;87.04;93.57;50.97;72.32;12.66;21.65;96.88;78.45;22.48;9.53;86.59;89.02;94.68;95.4;97.57;92.61;13.31;1.12;7.61;3.85;1.44;0.99;89.52;89.67;69.66;77.28;79.91;56.96;52.27;48.61;53.19;38.23;52.33;35.17;10.18;279.17;441.67;616.67;978.33;1450;0.47;1.18;2.1;4.86;9.28;17.38;30.66;37.05;4.84;52.29;14.19;27.69;47.71;74.54;10.44;7.36;771.05;186.56;2856.56;360.5;520.61;771.47;2012.18;771.05;35.38;97.13;174.05;0.38;17.85;1.56;5.64;14.25;7.86;0.06;73.75;67.46;47.68;40.61;0.88;12;23.04;1.86;9.99;67.06;82.63;92.51;1243.14;57.24;4.2;32.51;75.98;65.44;84.34;6.73;25.57;21.89;12.05;6.05;6.74;0.3;61.57;3.56;13.92;98.66;99;30.16;99.64;99.97;0.52;0.36;21.91;13.41;2.43;20.7;6.34;30.45;0.22;5.43;13;6.9;0.2;0.82;0.03;3682;4764;4605;4771;4807;4516;3879;3636;3292;2909;2371;4037;1881;1405;1093;683;53034;703;3592;4637;4558;4624;4741;4508;4048;3668;3475;3097;2525;3887;2179;1647;1191;886;1029;54292;52710;395;1770;50545;1485;7538;5633;5695;4186;82560;5540;18525;5412;77020;5508;12985;5505;64035;1586;1593;1533;8165;19500;8617;4630;2753;42089;32920;5070;107326;102256;92081;9401;5445;77235;106912;106912;0.57;756;752;688;842;734;-23.3514733;-47.8552438
2010;355410;35;3554102;TAUBATÉ;77.98;1.55;10.12;11.74;40.63;95.87;87.23;7.62;10.15;1.4;0.91;3.04;1.3;3.18;1.08;3.54;71.57;74.41;80.49;16.22;16.06;14.43;12.21;9.53;5.08;99.09;108.34;73.56;83.4;43.55;89.64;93.76;54.89;65.45;19.2;29.39;97.34;86.24;30.61;15.93;93.04;94.83;98;98.6;98.15;94.98;18.88;1.79;11.24;4.44;1.62;1.02;88.87;88.24;69.56;79.1;85.55;68.23;64.88;56.04;64.06;52.33;63.27;50.06;16.76;312.17;502;765;1296.67;2000;0.51;0.84;1.69;3.75;7.72;13.83;24.8;39.91;4.13;55.98;12.21;24.48;44.02;75.49;13.08;9.13;1011.95;209.21;4038.54;408.51;620.96;988.56;2819.58;1012.07;35.66;94.28;175.87;0.46;18.87;2.36;1.46;15.01;7.83;0.46;72.15;76.98;61.38;48.53;0.98;19.19;20.61;1.69;11.5;57.07;72.27;85.41;1602.71;59.32;4.31;29.53;72.95;67.28;81.83;8.13;26.14;31.92;14.94;7.31;8.67;0.4;57.84;6.75;12.82;98.89;98.65;23.9;99.74;99.8;0.11;0.19;13.69;6.96;1.85;12;4.05;23.73;0;5.87;12.81;4.9;0.29;1.01;0.2;9224;11323;11578;12381;12778;11934;10454;9995;9144;7942;6545;9645;4853;3387;2468;1557;136752;1544;8752;11024;11048;12070;12706;12168;10834;10470;9861;8805;6984;9291;5601;4092;3096;2302;2830;141934;143344;963;4042;138340;3517;17840;13384;13382;10569;218786;13443;46924;13331;205343;13972;33481;14358;171862;3820;3720;3726;19561;46538;21231;10987;6567;112550;89514;6013;278686;272673;241653;22347;13685;205621;276215;276183;682;781;0.8;746;883;778;-23.031448;-45.5612792
2010;355420;35;3554201;TEJUPÁ;72.65;2.33;18.6;21.55;53.94;93.03;79.71;7.74;10.38;1.73;1.56;15.05;2.15;16.11;5.77;19.02;74.43;77.19;88.62;15.91;15.99;11.38;9.66;6.82;0;97.87;107.4;67.88;54.72;12.92;91.03;93.77;47.52;49.25;7.24;31.36;97.27;74.48;13.98;6.17;83.52;86.62;91.05;94.41;98.31;92.56;23.82;1.65;24.19;4.65;3.52;1.01;96.36;95.71;66.66;66.47;73.29;33.46;25.4;37.57;39.01;19.67;44.21;15.76;3.25;177;273.33;412.5;630;875;0.48;2.88;4.62;12.71;22.21;34.66;54.97;38.8;4.61;52.94;13.66;26.78;47.06;76.36;11.36;7.73;510.13;117.63;1979.5;230.91;334.56;517.28;1346.75;514.65;30.61;92.64;160.58;0.4;18;0.92;66.34;2.59;2.74;0;45.11;38.54;22.97;21.66;0.26;3.81;4.77;6.25;29.9;85.2;92.28;96.83;787.07;62.56;11.76;45.16;75.9;72.02;76.58;1.81;8.88;7.81;4.03;1.31;1.94;0.32;30.74;9.87;34.93;90.33;94.39;29.75;98.49;99.81;1.92;0.05;40.39;16.48;1.69;36.89;17.49;50.23;0;10.51;16.59;11.02;1.13;2.69;0.19;177;259;212;222;188;194;165;137;161;135;127;220;93;96;42;25;2467;14;184;248;199;181;176;169;166;134;139;136;102;225;88;84;54;33;24;2342;2504;60;123;2322;62;404;296;301;220;3496;256;814;261;3240;230;558;218;2682;79;90;72;458;1035;372;248;123;1685;1305;1689;4809;3120;4002;507;272;3223;4774;4732;335;729;668;563;794;668;-23.3437238;-49.3772468
2010;355430;35;3554300;TEODORO SAMPAIO;76.38;1.89;12.7;14.71;46.2;95.17;85.28;6.92;10.82;2.13;1.06;9.17;1.08;9.78;1.78;11.61;74;75.27;78.86;15.08;15.24;12.45;10.92;9.5;8.69;94.89;97.41;87.31;78.72;20.82;89.46;90.94;62.27;73.47;9.56;13.53;94.99;87.33;20.15;4.64;80.86;86.1;93.51;100;97.1;94.66;12.39;0.69;4.8;5.41;3.45;2.21;87.95;85.62;76.08;80.28;82.55;52.98;46.79;49.87;54.45;35.29;51.03;31.28;6.97;225;350;510;818.75;1200;0.47;5.1;8.39;9.12;16.23;24.69;38.08;35.97;4.17;51.83;13.52;27.64;48.17;80.99;10.64;7.67;619.79;129.31;2229.28;289.69;437.59;636.04;1606.66;625.19;25.76;67.29;152.2;0.4;17.01;1.52;18.1;12.11;7.05;0.08;66.41;60.26;41.62;35.88;0.99;8.81;21.95;7.53;21.68;68.55;85.66;92.8;1086.58;62.44;11.13;42.7;75.82;70.73;81.11;9.67;20.08;19.59;15.2;9.01;11.07;0.34;52.77;6.55;14.8;91.82;98.6;17.63;99.86;99.49;0.58;1.53;20.33;19.14;2.9;20.85;6.85;32.54;0;9.92;12.53;7.33;0.44;2.55;0.51;820;992;919;926;887;914;803;768;666;524;423;853;387;259;227;149;10665;148;731;1008;940;947;915;932;794;800;677;567;461;872;380;262;177;122;136;10721;11356;223;480;10653;296;1596;1175;1202;931;16095;1133;3729;1109;14962;1091;2596;1133;12366;324;304;350;1823;4179;1479;1007;573;8103;6218;4021;21386;17365;18186;2000;1124;15062;21319;21135;0.53;769;741;679;856;699;-22.447000000000003;-52.33384615384615
2010;355440;35;3554409;TERRA ROXA;75.3;1.74;14.3;16.52;44.99;94.59;83.74;9.09;11.21;1.08;0.95;7.28;1.32;7.7;2.9;9.01;82.2;83.71;90.46;11.75;10.57;8.36;6.05;5.72;1.18;96.24;102.56;77.29;102.67;24.07;93.1;95.78;65.72;75.12;15.41;24.45;98.85;86.46;21.45;8.35;86.97;89.22;95.01;93.64;98.9;95.78;13.22;0;9.2;1.92;2.05;1.58;97.24;97.37;76.65;85.11;85.31;49.95;42.47;51.21;56.08;33.15;56.86;28.29;8.93;310.4;450;600;862.5;1255;0.45;0.66;1.66;3.23;7.64;12.92;25.52;37.97;5.65;51.55;15.59;29.45;48.45;77.16;9.74;6.62;759.32;214.56;2883.49;377.5;526.09;721.31;1959.69;759.32;15.98;90.86;178.88;0.36;13.96;1.94;40.95;11.74;4.8;0;75.01;57.8;39.26;32.75;1.27;10.19;7.37;1.29;15.15;65.22;85.3;94.52;1192.42;61.08;3.92;33.49;73;68.98;82.86;5.24;0;31.54;12.18;4.48;5.58;0.35;65.75;3.2;13.86;99.04;99.72;16.02;99.88;100;0;0.06;23.55;13.03;1.1;23.57;3.82;30.71;0;9.08;12.52;3.19;2.18;0.38;0;303;382;360;389;390;320;283;293;300;284;197;328;144;118;82;54;4306;79;284;296;365;366;369;314;298;285;272;259;207;273;171;121;103;102;114;4199;4472;27;130;4315;98;554;406;426;375;6639;422;1480;409;6217;449;1058;475;5159;114;131;124;594;1439;773;296;220;3346;2615;398;8505;8107;7322;678;388;6256;8475;8475;0.5;0.8;749;684;838;732;-20.787015;-48.331442
2010;355450;35;3554508;TIETÊ;78.04;1.76;9.7;11.25;42.49;95.72;87.64;9.07;10.46;1.66;0.65;3.69;0.94;3.88;0.98;4.47;76.75;80.36;76.02;15.28;14.73;16.25;7.97;4.91;7.73;89.57;99.24;63.14;104.61;22.33;86.09;92.73;52.01;84.71;14.48;46.01;96.66;80.69;20.99;6.1;93.54;95.16;98.64;100;97.05;92.67;12.46;0.69;3.89;2.3;1.27;1.12;92.43;90.35;73.79;80.58;77.05;56.27;52.14;45.94;48.72;37.7;46.81;35.5;12.37;328;507.2;700;1100;1700;0.48;1.04;2.45;3.3;7.77;13.53;25.73;39.91;4.65;54.61;13.73;26.47;45.39;76.68;11.63;7.91;927.25;215.48;3700.61;421.04;590.83;876.87;2516.36;927.46;26.48;89.94;179.47;0.42;19.42;3.71;8.2;14.86;6.92;0.08;75.25;62.98;44.1;37.89;0.76;14.1;24.44;1.29;8.26;64.81;79.52;90.9;1351.26;63.07;2.38;36.03;78.06;71.09;86.03;4.45;41;15.06;9.64;3.99;4.71;0.32;63.34;1.19;11.5;98.74;99.63;22.93;99.84;99.94;0.13;0.08;24.46;6.46;2.95;21.12;5.6;26.72;0.89;1.98;18.6;6.96;0;0.86;0.06;1189;1478;1495;1752;1714;1506;1348;1299;1279;1076;819;1199;689;494;385;275;18249;252;1178;1377;1461;1584;1645;1501;1339;1296;1247;1044;932;1221;822;531;486;402;520;18586;20217;68;626;19524;463;2284;1706;1714;1423;29184;1700;6292;1690;27484;1924;4592;1978;22892;481;482;452;2509;5921;3340;1377;843;14802;11757;3346;36835;33489;32057;2855;1736;27465;36638;36630;563;777;778;698;884;764;-23.1030302;-47.7147937
2010;355460;35;3554607;TIMBURI;74.58;1.71;15.4;17.81;49.58;94.19;82.67;11.83;10.9;1.1;0.74;10.18;1.16;10.84;4.76;12.33;83.74;84.44;86.53;6.73;6.99;8.13;9.54;8.57;5.35;94.69;97.22;87.57;65.07;24.13;86.76;87.94;60.87;43.63;11.78;42.83;99.45;92.97;22.02;5.89;89.16;93.34;92.51;100;99.73;97.96;7.11;1.04;31.5;4.82;5.48;0;82.78;76.9;80.47;82.81;84.99;41.29;34.53;54.54;52.32;25.02;57.32;20.8;5.97;230.4;341;457.5;675;1069.5;0.46;1.45;2.01;9.24;15.46;26.9;44.06;37.63;5.09;52.41;14.89;28.79;47.59;65.44;10.11;7.01;580.24;147.57;2183.5;284.32;403.44;545.38;1514.18;580.24;37.2;98.72;173.52;0.38;20.54;2.88;50.25;7.77;7.09;0.64;36.96;46.39;29.35;25.87;0.8;7.43;4.22;5.5;33.12;87.05;92.33;97.4;761.58;58.99;4.69;37.88;70.33;66.68;86.13;3.22;13.86;10.64;5.44;2.84;3.03;0.33;28.14;3.47;40.37;96.47;99.62;14.95;99.54;100;0;0.98;26.6;10.84;0.27;29.82;7.77;47.12;0;3.62;15.44;10.79;1.33;2.54;0;89;131;109;92;95;91;79;84;115;108;66;86;75;47;34;37;1364;26;75;94;102;92;73;91;80;93;102;74;90;89;58;51;43;32;43;1282;1364;11;51;1303;34;182;136;135;92;2082;136;395;134;1946;117;259;104;1687;38;31;41;187;466;313;94;65;1024;830;722;2646;1924;2313;225;133;1954;2621;2621;413;776;0.71;629;826;688;-23.2064076;-49.6045576
2010;355465;35;3554656;TORRE DE PEDRA;74.73;2.16;15.1;17.51;50.57;94.27;82.9;11.93;10.59;0;1.54;4.87;0;5.13;2.17;5.85;72.66;72.17;87.09;16.73;16.94;10.34;10.6;10.89;2.57;96.31;106.03;77;79.96;23.58;90.64;94.32;65.78;75.12;5.35;4.77;98.76;88;14.28;12.08;94.64;96.08;100;100;98.39;94.91;13.36;0;19.52;6.08;2.1;1.77;91.97;92.44;77.41;81.59;79.85;45.76;41.54;38.2;51.78;30.21;46.71;27.55;2.8;210;352;526.67;875;1050;0.39;1.11;0.68;8.39;16.92;27.86;46.02;26.05;5.17;43.16;15.23;31.86;56.84;59.59;6.84;5.66;548.39;141.65;1428.72;275.9;456.01;685.05;1182.37;548.39;38.93;98.95;170.05;0.27;25.11;0.49;13.12;18.87;9.28;2.16;59.75;62.94;43.7;42.79;0.93;4.16;5.83;1.84;17.83;79.34;89.82;95.79;871.37;46;3.67;24;75.99;53.31;79.6;5.13;73.02;9.06;12.77;4.39;7.44;0.2;53.8;1.54;17.23;93.89;96.81;25.72;100;100;2.22;0.63;30.75;5.36;1.61;32.75;10.57;44.98;0;11.91;7.57;7.51;1;1.88;0;79;97;104;82;65;92;97;83;65;67;63;85;72;49;36;27;1188;25;55;101;79;65;73;75;81;81;80;61;61;71;51;49;45;16;22;1066;901;7;37;857;28;158;120;120;76;1766;130;330;106;1636;83;200;89;1436;30;37;38;159;406;269;101;56;839;695;785;2254;1469;1959;198;153;1608;2233;2233;458;769;714;647;829;679;-23.2478026;-48.1941034
2010;355470;35;3554706;TORRINHA;76.11;1.6;13.1;15.14;43.32;95.03;84.91;11.34;10.56;0.91;0.45;6.38;1.12;6.75;1.62;7.86;82.07;85.26;81.14;14.94;12.56;17.54;3;2.18;1.32;92.99;98.46;78.91;105.72;24.59;89.66;93.29;67.41;78.51;17.64;15.93;94.16;80.91;22.41;4.96;84.8;90.06;96.26;100;96.41;92.08;9.37;0;6.29;2.05;1.37;0.87;95.19;93.87;81.05;83.08;80.5;46.37;39.59;41.02;50.45;30.11;50.16;26.07;8.07;300;465;610;933.33;1350;0.45;0.2;0.25;1.54;3.56;13.49;30.47;37.02;5.81;51.14;15.51;29.24;48.86;80.34;9.54;6.59;770.15;223.56;2850.86;373.88;528.48;755.52;1968.81;770.57;27.76;109.7;190.07;0.34;23.52;1.88;37.78;11.62;4.39;0;56.95;50.85;32.79;31.84;0.27;9.12;9.88;5.17;17.32;72.32;85.34;94.99;1088;67.22;14.45;45.62;81.69;73.6;87.53;3.99;25.28;29.55;7.75;2.63;2.71;0.33;45.87;2.62;21.26;98.81;100;19.79;99.64;99.95;0;0.09;29.47;15.2;3.59;25.92;5.43;36.26;1.27;6.01;9.7;3.18;0.19;0.56;0.05;286;346;378;439;407;368;336;308;322;298;248;272;204;144;136;111;4707;104;252;337;398;400;340;341;319;320;311;287;240;267;245;158;136;118;154;4623;5541;99;198;5245;105;549;404;415;319;7542;448;1610;458;7094;477;1162;500;5932;110;108;90;560;1384;1058;337;228;3755;2957;1391;9330;7939;8243;683;434;7126;9285;9280;464;784;744;658;852;734;-22.4302536;-48.1690653
2010;355475;35;3554755;TRABIJU;73.63;2.12;16.9;19.6;50.34;93.63;81.23;9.26;11.63;0.82;2.22;10.43;1.09;11.11;2.48;13.15;78.64;85.67;75.35;12.18;10.47;16.68;9.18;3.86;7.97;101.14;108.18;80;97.57;13.53;96.1;97.57;64.76;78.48;11.15;29.41;96.78;90.19;17.96;5.37;96.74;98.32;100;100;98.46;96.4;24.24;1.07;14.76;5.73;0.89;0;100;95.99;71.94;84.61;78.98;49.69;43.6;58.44;54.36;30.53;58.01;25.57;5.01;198;341.43;450;642;910;0.4;0.53;1.65;9.07;18.09;28.15;48.71;31.14;5.72;46.29;16.32;32.26;53.71;70.81;7.63;5.65;505.36;144.42;1573.57;267.84;402.8;542;1163.78;505.36;60;111.6;169.27;0.27;11.74;0;43.65;6.38;3.17;0;81.84;54.92;34.98;28.84;1.03;5.1;15.95;1.57;18.35;82.18;92.09;97.14;820.76;55.24;1.78;12.08;72.22;66.03;83.44;7.12;0;40.31;16.71;6.67;6.14;0.17;77.99;0.55;8.38;96.77;99.16;31.93;100;99.83;0;0.34;25.91;3.26;1.54;23.38;9.66;28.23;0;4.01;19.73;9.07;2.09;3.23;0.17;53;67;74;66;55;59;54;58;43;42;33;64;28;26;22;13;770;13;51;84;71;62;66;62;56;54;29;47;38;55;30;23;23;14;9;774;733;3;10;720;20;122;89;96;64;1170;90;273;79;1080;72;183;69;897;20;23;24;125;313;143;84;45;584;451;126;1544;1418;1326;151;86;1090;1542;1542;497;826;722;697;811;666;-22.0410733;-48.3350302
2010;355480;35;3554805;TREMEMBÉ;77.38;2.01;11.3;13.11;40.05;95.67;86.67;6.43;9.72;1.37;1.21;4;1.16;4.19;1.68;4.78;67.33;69.79;76.45;18.07;18.69;19.02;14.6;11.52;4.53;97.91;105.85;76.11;74.7;29.56;88.64;91.67;51.88;60.37;13.97;23.89;96.84;84.12;22.34;9.82;87.16;91.32;93.97;97.33;97.81;94.16;20.22;1.63;18.97;4.28;3;1.69;88.46;88.27;71.95;78.87;76.84;63.65;60.95;51.5;46.95;43.7;52.17;43.03;14.43;258;448;677.5;1287.5;2033.33;0.53;1.38;2.23;5.95;10.9;19.16;32.42;41.72;3.57;57.98;10.77;22.47;42.02;77.2;15.49;10.74;959.88;171.5;4004.64;345.5;561.63;938.04;2777.22;959.88;39.05;93.6;167.8;0.51;21.43;2.19;3.63;14.82;9.28;0.79;66.35;72.04;54.39;46.94;0.8;17.8;18.25;1.59;13.79;61.01;74.06;85.74;1579.09;54.47;5.05;33.44;62.82;61.29;61.19;9.02;53.3;26.84;22.52;7.98;10.57;0.45;54.52;4.98;15.58;98.45;97.88;29.11;98.3;99.45;1.05;0.49;17.7;12.84;2.19;13.94;6.09;25.17;0;8.44;10.58;7.97;0.44;0.27;0.55;1266;1704;1620;2323;2507;2209;1797;1546;1409;1172;890;1385;678;456;331;211;21663;159;1261;1602;1560;1638;1686;1696;1386;1399;1402;1125;962;1422;696;512;381;236;357;19321;19322;167;673;18481;535;2622;1969;1972;1485;30691;1898;6644;1834;28793;1892;4746;1957;24047;503;533;562;2948;6861;2636;1599;952;15013;11823;4048;40984;36936;35475;3306;2014;30155;37302;37302;637;765;785;0.72;873;769;-23.412211499999998;-46.5877997
2010;355490;35;3554904;TRÊS FRONTEIRAS;74.73;1.94;15.2;17.54;47.27;94.27;82.89;13.36;11.98;0.29;0.8;9.32;0.91;9.83;2.24;11.19;88.97;89.08;92.76;6.89;7.65;5.59;4.14;3.27;1.64;99.35;100.88;95.25;50.17;34.13;95.3;95.34;83;49.09;24.16;40.03;98.54;93.87;27.52;6.31;80.04;87.8;100;100;98.76;97.43;4.78;0;19.64;1.8;2.79;1.37;99;96.29;90.29;87.83;92.23;45.56;38.52;77.14;79.81;35.24;80.31;28.52;7.06;284.4;436.67;555;830;1150;0.41;0.93;1.66;2.33;4.56;16.91;33.16;33.14;6.08;47.54;16.94;32.07;52.46;67.97;7.83;5.6;663.71;201.88;2199.32;360.22;502.25;676.61;1573.92;665.22;23.19;74.07;189.33;0.28;19.99;2.24;17.82;11.5;9.32;0.84;54.21;57.48;44.34;39.76;0.82;9.25;17.16;5.47;21.77;76.34;88.08;95.22;963.8;56.95;4.63;51.09;79;62.66;75.2;5.97;34.78;13.25;12.69;5.38;6.98;0.31;39.32;7.93;25.35;98.34;99.8;14.34;100;100;0.06;0.1;16.36;19.96;1.24;26.15;5.24;44.2;0;5.03;8.2;5.65;0;1.57;0;145;224;211;199;198;205;179;191;175;172;158;170;136;134;90;50;2718;81;142;201;205;184;204;204;197;200;169;170;169;133;159;112;96;71;93;2709;2754;20;130;2604;59;343;259;253;163;4400;251;799;230;4149;253;548;256;3601;65;53;58;329;845;725;201;127;2228;1839;829;5427;4598;4835;425;254;4156;5397;5385;456;916;753;726;829;0.71;-20.234355;-50.890528
2010;355495;35;3554953;TUIUTI;77.24;1.66;11.5;13.34;43.83;95.6;86.48;11.65;9.91;1.97;1.44;8.79;0.47;9.24;4;10.66;61.4;62.23;77.34;22.04;22.42;16.74;16.56;15.35;5.92;98.84;109.79;69.59;66.53;17.48;87.78;93.12;53.73;64.1;7.84;3.09;96.75;88.09;16.65;10.76;81.18;86.22;95.31;100;97.26;94.77;18.27;1.03;17.09;4.87;0.57;1.11;83.93;87.6;74.59;78.75;80.52;44.25;38.24;46.91;55.64;29.9;59.19;25.64;5.85;266.67;423.33;573.33;810;1080;0.39;0.41;0.86;4.29;11.13;18.31;38.54;30.32;6.14;45.08;17.41;33.18;54.92;71.12;6.97;5.19;630.49;193.66;1911.65;355.05;497.42;685.11;1424.28;631.24;19.08;99.63;186.09;0.26;28.33;1.05;28.4;5.83;9.93;0.12;53.32;51.46;35.65;28.91;0.65;7.28;18.55;3.56;15.52;79.83;90.56;97;881.3;60.77;3.95;26.05;77.14;68.18;87.54;4.65;22.09;22.08;8.52;4.17;7.02;0.2;42.6;2.62;22.26;94.65;88.67;21.76;100;100;10.61;0.54;27.36;18.82;2.74;28.44;8.29;43.17;0;2.22;16.7;5.92;0.22;2.08;0;156;204;236;250;220;251;230;226;188;198;171;167;162;138;87;62;3022;76;163;226;193;232;230;259;196;181;181;171;184;200;164;130;89;51;58;2908;3183;17;69;3097;79;355;262;262;162;4814;277;911;257;4537;241;634;261;3903;78;80;71;362;911;691;226;129;2319;1894;2961;5930;2969;5238;430;266;4542;5912;5905;443;752;728;0.63;871;702;-22.819324;-46.6937627
2010;355500;35;3555000;TUPÃ;76.1;1.3;14.21;15.93;44.59;95.2;85.38;12.53;11.08;1.35;1.47;6.94;2.15;7.25;2.77;8.07;82.48;84;91.4;10.35;9.94;7.82;7.16;6.07;0.78;97.16;102.79;80.84;71.5;27.43;88.7;91.83;59.65;59.21;16.32;24.16;95.66;85.03;25.26;7.41;83.54;88.61;95.58;97.49;97.25;94.12;12.85;0.56;20.06;4.4;2.46;1.32;88;87.62;72.49;77.36;84.57;58.74;54.43;52.48;57.72;41.87;56.69;39.23;16.66;285;457.5;613.33;1016.67;1632;0.54;1.07;2.46;4.98;10.26;17.14;32.46;45.86;4.08;59.76;11.95;23.34;40.24;71.88;15.35;9.91;926.96;188.91;4250.95;365.14;527.66;783.17;2746.16;927.08;23.63;90.85;175.78;0.52;19.88;3.09;7.34;20.02;7.23;0.04;70.22;71.02;51.9;48.09;0.61;19.63;11.08;1.47;12.27;69.64;82.24;91.51;1380.84;57.38;4.21;33.78;75.12;63.28;83.88;6.47;22.89;27.75;12.08;5.79;7.58;0.47;55.91;4.42;15.47;99.51;99.68;15.79;99.05;99.97;0.13;0.71;16.64;16.46;2.75;18.1;5.13;30.8;0.39;8.65;9.12;5.44;0.31;2.51;0.03;1802;2253;2403;2536;2528;2341;2213;2244;2108;1910;1665;1897;1336;1131;960;688;30734;719;1731;2096;2190;2466;2568;2515;2367;2346;2413;2238;1866;1804;1663;1367;1193;882;1037;32742;32264;183;861;31220;657;3477;2564;2633;2088;51771;2782;9582;2684;48989;2777;6800;2886;42189;788;683;722;3889;9284;7954;2096;1323;27056;22406;2546;63476;60930;56232;4349;2549;49334;62563;62555;587;771;771;704;852;764;-21.9348631;-50.5135113
2010;355510;35;3555109;TUPI PAULISTA;75.08;1.39;13.4;15.54;43.44;94.12;83.56;13.21;10.33;1.59;0.66;6.82;0.75;7.18;0.67;8.12;78.62;79.7;89.57;12.42;11.72;7.92;8.96;8.58;2.51;93.46;100.84;75.27;95.05;35.07;89.71;94.58;60.55;74.82;21.52;28.31;98.7;84.3;27.84;6.89;84.87;92.19;100;100;99.34;95;12.8;0.3;3.2;3.61;1.77;0.89;91.71;92.4;73.23;88.65;88.91;53.88;48.67;64.31;69.36;38.9;69.78;34.37;13.47;312;506.67;677.5;1054.5;1533.33;0.49;0.69;1.48;2.78;8.21;12.42;25.42;41.12;4.86;55.41;13.77;26.25;44.59;68.46;11.95;8.02;914.36;222.06;3760.01;407.31;570.62;838.43;2524.18;914.36;61.21;100.67;182.36;0.42;26.43;3.52;13.14;16.93;6.41;0.09;58.64;67.82;51.62;45.31;0.5;19.05;9.71;2.57;21.4;70.25;82.68;92.8;1218.65;55.11;3.21;41.2;71.04;59.62;71.51;4.39;18.27;13.04;14.72;4.04;3.93;0.6;45.32;4.81;17.52;96.6;99.73;10.11;99.4;100;0.09;0.16;11.8;15.13;0.66;19.76;3.03;35.05;0;7.04;5.71;3.84;0.16;0.68;0;289;437;475;620;783;770;645;544;516;502;406;328;380;273;248;164;7580;200;288;419;488;492;457;442;428;499;534;491;468;309;374;303;267;219;211;6689;7187;27;236;6924;134;692;516;516;323;10995;604;1931;562;10391;526;1327;567;9064;120;104;134;697;1797;1885;419;318;5671;4691;3063;14269;11206;13042;856;572;11614;13029;13029;539;823;769;715;835;762;-21.3861914;-51.5761284
2010;355520;35;3555208;TURIÚBA;74.44;2.06;15.6;18.07;45.55;94.11;82.46;14.4;10.3;2.13;0;11.41;1.08;12.18;1.64;13.73;73.96;77.44;88.44;15.98;15.71;7.97;10.05;6.85;3.58;99.85;111.09;76.76;126.36;38.93;95.3;97.04;66.61;81.74;28.55;49.08;100;94.17;31.47;11.76;91.72;94.51;100;100;100;98.09;23.12;0;9.98;2.91;0.96;0;92.8;91.71;75.26;96.3;94.2;53.67;47.79;66.47;66.92;35.16;71.46;30.55;10.24;333.33;502.5;644;905;1200;0.35;1.54;4.04;2.85;7.63;12.47;22.68;26.83;6.66;42.08;19.1;35.5;57.92;71.87;5.62;4.4;676.92;225.44;1816.09;420.97;555.19;758.75;1420.87;676.92;32.42;72.25;184.21;0.22;20.12;0.27;25.35;5.18;5.71;0;64.95;64.06;43.45;43.98;0.37;13.14;18.26;1.98;13.67;70.85;87.28;96.29;973.78;58.1;1.78;28.64;64.87;64.45;85.88;3.86;0;40.43;11.81;2.85;5.83;0.22;36.26;25.11;16.26;99.29;99.8;11.76;100;100;0.1;0;17.26;8.28;0;22.72;4.32;35.74;0;0;4.13;2.79;0;1.5;0;69;73;83;69;60;68;66;71;71;69;70;47;52;52;32;27;997;18;43;47;60;74;62;61;73;67;79;55;57;47;59;52;42;35;20;933;1000;2;27;970;18;94;75;71;63;1604;101;286;79;1503;68;185;80;1318;31;21;21;99;265;278;47;43;796;662;350;1930;1580;1721;120;95;1506;1928;1928;537;836;751;721;824;713;-20.9491284;-50.1082011
2010;355530;35;3555307;TURMALINA;74.04;1.61;16.2;18.79;42.59;93.87;81.86;14.61;10.43;0;0;11.36;2.35;12.04;2.2;13.55;73.92;70.47;90.32;12.83;13.42;9.68;13.25;16.11;0;92.13;97.67;80.3;74.55;40.87;85.4;87.43;63.82;68.02;33.93;33.41;100;90.39;38.31;9.61;100;89.05;83.24;60.43;97.04;94.92;8.52;0;31.98;3.58;4.08;3.11;88.61;100;86.44;87.47;87.34;44.67;38.15;73.58;65.61;29.55;77.16;24.04;12.07;336;486;620;939.67;1403.33;0.39;1.28;4.75;1.86;6.98;11.24;29.11;31.8;6.53;46.87;17.73;32.22;53.13;67.95;7.17;5.3;725.06;236.56;2305.49;406.18;525.21;758.14;1702.88;729.49;21.63;50.59;186.16;0.26;24.97;0;37.72;6.88;3.47;0;54.74;55.78;35.81;40.54;0;16.15;9.44;3.7;21.2;73.41;85.11;94.84;975.87;58.09;7.53;46.55;70.15;63.13;88.24;2.6;0;16.47;4.77;2;2.63;0.27;39.17;11.4;21;99.01;99.3;5.15;100;100;0.2;0;16.37;0;2.96;29.15;4.79;43.5;0;8.97;3.24;2.87;0.46;1.14;0;28;71;68;85;42;51;56;80;91;92;55;53;60;55;46;23;982;26;46;65;92;62;49;47;74;76;99;68;65;39;74;55;42;19;24;996;1056;10;45;1001;15;116;78;81;39;1672;94;307;96;1578;102;213;96;1365;19;16;13;95;270;289;65;52;844;690;571;1978;1407;1818;136;97;1585;1966;1954;447;0.83;736;675;817;724;-20.0530658;-50.4763212
2010;355535;35;3555356;UBARANA;75.62;2.57;13.8;15.98;47.16;94.76;84.2;6.37;9.59;0.52;1.14;9.46;2.33;10.06;4.02;11.71;66.85;70.93;88.9;17.09;17.98;6.22;16.06;11.09;4.88;92.03;105.38;50.9;119.79;15.2;86.95;91.07;38.86;87.74;9.99;18.52;99.61;88.31;17.65;7.38;95.07;96.43;99.03;98.3;99.61;96.85;31.76;0.71;7.33;3.77;1.18;0;84.18;79.3;47.88;57.54;75.64;41.95;34.98;58.51;52.29;26.46;60.15;21.11;3.44;247.5;366.67;500;700;906;0.35;0.71;0.65;3.86;6.11;21.68;35.36;27.39;6.83;42.31;18.79;35.32;57.69;81.91;5.83;4.53;522.27;178.32;1430.49;312.3;431.77;583.95;1110.84;522.27;34.3;88.64;184.23;0.22;13.2;1;20.58;10.67;6.94;0.94;74.66;49.77;33.34;25.31;0.4;4.9;33.25;0.5;14.83;71.08;89.04;96.57;965.49;57.89;2.37;22.39;80.25;68.1;85.71;8.27;27.82;32.18;11.37;7.57;8.08;0.19;65.82;3.31;16.17;99.63;99.78;24.07;100;100;0.22;0;35.72;4.93;0.39;33.61;11.08;36.06;0;9.74;25.81;6.95;0.51;0.41;0;199;249;223;255;253;247;196;168;169;142;129;239;83;59;45;29;2715;30;211;242;222;207;220;215;211;177;139;128;115;218;95;69;46;25;34;2574;2559;12;63;2485;84;382;281;303;251;3931;263;907;258;3668;287;644;287;3024;75;98;94;468;1037;337;242;132;1903;1474;444;5289;4845;4421;491;281;3649;5286;5286;0.42;724;0.7;604;844;672;-21.1637674;-49.7167796
2010;355540;35;3555406;UBATUBA;75.47;1.68;14.4;16.14;44.07;94.74;84.14;6.2;10.73;1.76;1.38;5.8;1.22;6.15;1.56;7.13;75.67;79.59;78.31;14.72;13.13;16.95;9.61;7.28;4.74;99.8;107.04;78.53;83;19.23;89.56;92.63;54.81;72.51;6.64;34.59;96.47;85.28;19.92;12.09;91.68;94.39;96.68;99.55;97.67;94.52;18.38;1.44;12.91;5.8;2.51;0;90.57;89.85;68.4;79.11;79.62;56.72;52.38;41.51;47.64;37.92;48.96;36.08;10.54;223.5;347;510;828.33;1302.5;0.58;2.58;3.71;8.88;14.9;25.64;40.98;49.74;3.52;62.43;10.62;21.42;37.57;64.59;18.73;11.79;803.5;141.39;3997.01;285.46;433.83;648.66;2515.96;805.83;35.91;88.05;163.48;0.62;24.19;2.61;3.54;15.88;14.53;0.18;52.84;59.64;41.09;57.27;0.9;10.54;4.58;2.63;19.59;75.95;87;94.23;1049.14;63.35;6.83;35.43;73.45;73.4;82.27;8.04;17.75;24.79;15.22;7.28;8.2;0.34;42.05;4.07;25.15;75.35;96.74;35.14;99.63;99.04;1.91;1.39;27.68;8.32;2.33;21.97;9.42;32.42;0.21;5.38;24.92;10.01;0.41;1.11;0.96;2767;3851;3539;3227;3296;3292;3183;2948;2489;2092;1747;3082;1348;936;645;403;39176;331;2687;3751;3464;3319;3405;3517;3199;2773;2555;2184;1724;3070;1394;879;681;496;527;39625;42448;522;1539;40388;1049;6023;4463;4557;3190;59447;4410;13508;4156;55037;3905;9098;3923;45939;1202;1179;1170;6518;15495;4886;3742;2169;30052;23286;1894;78801;76907;67006;7639;4344;55023;78469;78243;567;743;751;679;841;741;-23.433162;-45.083415
2010;355550;35;3555505;UBIRAJARA;74.72;2.26;15.2;17.55;49.46;94.27;82.88;10.01;11.86;0.33;0.92;9.31;1.55;9.88;2.38;11.5;89.52;90.26;88.4;8.42;7.52;11.6;2.06;2.22;0;93.4;95.01;89.05;101.64;26.39;92.53;92.75;73.99;76.49;12.02;19.79;98.94;78.72;13.33;9.67;82.98;88.47;94.23;96.8;98.83;93.41;2.9;0;6.49;0;5.55;0;100;98.61;87.28;93.97;90.67;44.51;35.86;50.49;62.8;30.77;59.22;24.77;6.47;227.5;373;505;765;1066.67;0.42;1.26;3.36;8.11;19.33;23.2;42.23;33.31;5.29;48.65;15.95;30.79;51.35;74.63;8.35;6.04;580.57;153.5;1933.62;309.42;430.83;596.94;1397.54;580.57;58.52;96.44;166.5;0.32;17.77;0.67;55.36;6.78;4.49;0;59.12;52.67;36.7;28.23;0.13;7.63;4.51;3.56;22.24;80.04;90.27;97.18;878.53;60.85;6.31;30.94;79.57;69.61;81.2;3.71;54.62;18.43;7.72;2.67;2.71;0.28;50.08;2.52;25.49;95.35;97.96;19.37;99.41;100;0.1;0;24.72;17.02;1.17;26.47;6.67;39.03;0;9.51;17.45;8.65;0;0.54;0;172;206;175;195;197;182;131;152;121;147;127;167;102;63;59;39;2284;49;146;176;179;186;181;139;134;141;138;128;123;155;84;64;68;45;56;2143;2307;24;72;2211;69;299;228;236;198;3405;218;735;231;3187;213;517;213;2670;51;79;62;326;775;443;176;101;1666;1301;1198;4427;3229;3792;382;234;3176;4418;4418;445;0.83;727;674;829;689;-22.5261054;-49.6635412
2010;355560;35;3555604;UCHOA;74.36;1.79;15.7;18.21;43.94;94.06;82.34;12.07;10.27;1.87;0.67;7.3;1.61;7.71;1.77;8.82;69.16;72.24;69.84;19.43;18.41;17.91;11.41;9.36;12.25;107.03;115.86;82.23;90.7;23.38;91.46;95.99;62.06;71.92;15.66;14.19;97.2;83.89;24.2;12.13;75.72;86.09;97.69;100;98.19;94.44;13.87;0.81;3.8;5.58;0.99;0;88.17;93.03;75.02;80.13;81.95;45.46;38.54;45.87;53.44;31.08;59.67;26.84;9.65;266.67;430;591.67;860;1236.67;0.4;1.21;2.56;4.24;8.16;18.08;34.58;30.83;5.69;46.66;16.43;31.96;53.34;71.68;7.51;5.66;655.13;186.48;2020;351.58;508.95;700.18;1523.03;655.13;41.69;94.3;179.81;0.28;16.2;1.14;20.77;11.89;7.54;0;67.52;55.29;38.4;38.37;0.54;11.77;12.34;2.49;14.71;73.86;88.83;95.98;967.86;58.15;1.3;23.48;77.66;65.11;81.98;4.79;48.75;23.56;8.59;4.34;5.72;0.21;53.62;7.1;19.54;99.68;99.41;17.06;99.27;100;0;0;27.45;24.28;1.81;27.26;7.97;38.2;0;3.23;13.72;6.08;2.38;1.58;0;276;346;362;439;373;362;329;336;347;320;267;261;194;165;138;94;4707;98;254;304;368;396;360;346;346;334;320;308;241;307;232;190;156;138;164;4764;4856;8;94;4754;109;534;392;413;315;7723;449;1565;442;7274;449;1116;474;6158;106;105;125;579;1406;1143;304;218;3899;3135;670;9471;8801;8352;650;401;7301;9445;9445;455;767;721;644;823;708;-20.951106;-49.171295
2010;355570;35;3555703;UNIÃO PAULISTA;76.75;2.12;12.2;14.11;49.44;95.35;85.8;10.57;11.47;0.98;1.41;12.11;3.47;12.76;5.96;14.37;80.68;82.96;79.68;15.52;15.26;16.99;3.8;1.78;3.32;94.65;101.61;75.94;64.55;16.32;89.88;96.08;63.67;64.55;9.69;25.52;95.91;81.31;17.85;1.53;75.73;84.05;100;100;96.99;92.74;7.11;1.17;11.18;5.03;0.91;6.99;96.69;94.81;91.67;91.69;81.8;43.21;36.95;67.49;61.85;30.05;62.59;24.89;3.3;278;405;598.8;860;1127.5;0.35;0.77;2.14;1.82;4.46;16.92;32.8;26.08;6.73;42.24;18.1;34.66;57.76;80.74;5.76;4.65;610.77;205.44;1592.91;347.32;505.83;705.43;1283.79;610.77;62.05;75.24;194.75;0.21;21.68;0.27;28.03;4.38;6.42;0;61.84;50.18;36.48;32.37;0.21;4.78;26.56;5.97;16.27;66.3;87.17;96.74;1014.69;59.57;5.93;39.53;70.44;67.22;79.75;3.12;0;9.95;8.92;2.87;5.85;0.2;53.28;2.61;16.44;97.05;100;13.38;100;100;0;0.22;28.37;24.27;3.01;29.79;4.91;39.92;3.01;15.56;12.69;2.91;0;0.23;0;62;69;64;62;85;71;56;60;44;43;47;50;34;25;26;15;829;16;55;65;56;62;66;65;54;52;46;39;37;59;27;31;21;18;17;770;818;8;33;778;18;102;77;75;73;1239;71;244;79;1168;72;173;66;995;26;25;21;116;260;169;65;38;591;473;375;1599;1224;1373;134;83;1157;1599;1599;432;0.89;749;699;863;697;-20.8878168;-49.8986804
2010;355580;35;3555802;URÂNIA;73.25;1.64;17.6;20.34;44.1;93.4;80.64;12.39;11.37;1.46;1.87;9.06;1.16;9.46;1.69;10.78;86.16;86.33;95.56;7.72;8.38;4.44;6.13;5.29;0;95.78;102.23;79.06;118.58;37.09;92.08;94.71;71.54;69.6;20.01;42.28;100;88.94;22.47;10.82;92.77;95.67;100;100;100;96.92;9.06;0;14.97;1.27;1.8;0;95.06;92.76;81.63;78.96;87.02;49.23;43.42;64.04;67.53;35.11;67.48;30.13;10.08;293.33;436.67;600;875;1236.67;0.46;1.42;3.64;4.85;11.54;16.15;35.77;38.01;5.15;51.7;15.03;29.05;48.3;73.51;10.11;6.9;739.08;190.32;2808.98;365.21;517.81;711.68;1917.97;739.57;38.67;93.58;170.41;0.38;25.96;2.34;24.71;15.58;3.9;0;57.61;60.86;45.33;34.07;0.75;13.66;14.71;3.92;19.04;74.49;85.73;94.04;1131.98;58.59;4.71;36.12;78.25;64.61;81.94;6.94;23.71;12.23;14.05;6.66;6.51;0.38;38.36;6.43;23.55;99.54;99.49;10.01;99.86;99.93;0;0;19.45;7.23;0;24.55;5.9;39.74;0;8.31;4.46;4.59;0.14;1.32;0.07;230;294;336;338;368;329;292;304;296;313;266;292;209;169;137;113;4395;109;238;302;315;331;344;339;341;321;292;315;255;253;228;203;158;102;104;4441;4601;28;147;4426;102;479;360;360;270;7227;374;1320;379;6853;392;946;380;5907;96;102;135;560;1316;1095;302;183;3648;3002;1400;8836;7436;7854;596;407;6851;8809;8803;492;852;746;709;804;727;-20.244491;-50.6450868
2010;355590;35;3555901;URU;74.93;1.94;14.8;17.17;41.68;94.39;83.2;11.03;9.49;2.9;4.17;7.15;1.97;7.3;4.21;8.28;76.26;73.49;91.64;10.33;9.7;5.54;13.41;16.8;2.83;98.3;102.02;88.22;81.71;20.43;86.51;90.35;67.07;69.34;13.55;60.71;92.8;78.37;20.72;7.21;100;100;100;100;95.32;90.75;5.69;4.15;22.92;3.02;1.24;0;80.95;83.96;79.85;89.61;75.1;44.41;38.87;45.79;61.41;34.44;59.88;29.57;8.18;233.33;380.33;510;696.67;925;0.39;3.91;5.53;7.6;10.75;24.15;39.1;29.86;5.25;44.01;16.64;33.75;55.99;74.95;7.18;5.32;544.1;142.92;1624.76;309.83;465.37;604.98;1203.91;553.48;24.09;68.95;161.04;0.26;11.9;0;29.97;5.81;4.54;0;74.99;56.28;46.3;49.93;1.41;12.37;1.98;1.22;7.86;74.97;89.4;96.93;940.44;48.05;0;10.31;55.82;54.56;67.94;0.47;0;0;3.01;0.47;0;0.17;66.95;3.22;16.71;98.17;100;11.45;100;100;0;0;29.59;0;4.68;29.97;6.63;39.26;0;0;11.62;13.47;0.48;2.01;0;39;48;46;65;45;46;44;38;50;47;36;38;31;19;19;16;641;14;25;41;37;52;50;45;37;48;54;38;41;39;33;22;19;11;18;610;531;0;5;526;17;69;48;52;37;1021;48;200;44;973;57;152;63;821;10;21;17;76;174;138;41;24;505;416;170;1251;1081;1105;89;53;964;1250;1228;444;766;712;639;832;678;-21.7846064;-49.2819702
2010;355600;35;3556008;URUPÊS;74.03;1.67;16.3;18.83;42.93;93.87;81.84;12.32;11.24;0.6;0.91;6.76;2.05;7.08;2.09;7.93;87.52;88.56;92.9;9.12;9.15;7.1;3.36;2.29;0;91.4;98.39;72.25;105.16;24.07;88.67;92.71;58.9;87.9;15.5;17.57;100;81.35;19.42;3.78;96.18;97.54;100;100;99.08;94.34;8.14;1.16;6.87;0.64;3.84;5.25;95.41;95.84;81.6;78.71;77.8;46.16;40.77;55.2;57.53;32.28;56.72;27.98;6.83;337.2;505;660;900;1266.67;0.43;0.4;1.25;1.53;3.79;9.39;19.81;36.52;6.12;50.18;16.57;30.65;49.82;72.25;8.82;6.05;805.66;246.41;2941.93;420.91;567.26;772.22;2019.72;806.04;32.03;95.71;195.1;0.33;26.16;1.09;25.52;11.94;4.66;0;65.02;53.38;37.99;27.09;0.34;8.66;24.16;0.7;13.12;76.67;89.29;96.31;1049.44;62.81;8.23;56.52;79.48;67.87;85.85;2;0;5.78;4.08;1.86;1.77;0.29;51.17;1.41;19.61;98.77;99.45;15.18;99.8;100;0;0;23.58;3.82;0.92;27.88;4.29;35.48;0;4.96;7.79;3.99;0.14;0.71;0;319;448;468;549;547;462;451;459;442;419;392;355;291;235;206;145;6321;133;315;411;484;478;509;472;440;480;491;397;359;380;315;261;218;182;201;6393;7116;71;301;6744;121;667;470;524;361;10375;549;1962;548;9826;576;1413;614;8413;147;153;145;765;1799;1567;411;284;5235;4280;1400;12714;11314;11329;859;533;9937;12674;12668;462;831;745;683;817;741;-21.2027026;-49.2921996
2010;355610;35;3556107;VALENTIM GENTIL;73.62;1.98;16.9;19.6;39.63;93.63;81.22;8.42;10.72;1.53;0.59;6.95;0.91;7.34;1.6;8.66;80.88;81.95;86.08;10.49;10.28;11.68;8.64;7.77;2.24;94.02;98.62;80.94;113.38;19.31;88.4;92.53;55.12;88.12;14.78;18.75;98.27;81.86;22.71;4.08;94.12;96.01;100;100;98.8;94.39;9.81;1.1;4.74;4.27;4.13;1.19;94.19;95.34;73.91;80.61;85.68;50.58;43.17;55.43;61.09;33.67;61.26;27.88;7.13;340;466.67;582;823.33;1083.33;0.36;1.07;2.47;3.85;8.1;12.32;21.76;28.8;6.88;43.68;19.28;35.13;56.32;75.22;5.98;4.53;654.97;225.43;1886.41;405.85;519.33;693.71;1430.81;655.67;28.87;85.63;173.65;0.24;13.62;1.73;8.71;9.39;6.04;0.17;65.52;59.05;41.19;25.73;0.24;8.47;45.34;1.49;13.85;77.7;90.86;96.86;924.11;64.65;8.16;58.98;83.35;70.6;87.92;4.95;26.52;15.1;10;4.22;3.79;0.17;57.89;2.43;23.12;99.8;94.44;15.06;99.94;99.89;0;1.14;18.64;5.88;1.2;23.19;4.08;33.52;0;4.28;11.07;5.59;0;0.25;0.11;345;405;440;531;536;469;418;389;373;368;270;351;227;160;123;78;5548;65;319;423;461;499;464;480;394;420;351;340;240;360;234;166;144;97;96;5488;6231;68;283;5880;146;654;483;482;388;8833;509;1931;533;8324;605;1422;607;6902;130;160;145;725;1724;929;423;267;4386;3426;963;11036;10073;9638;828;480;8330;10987;10975;506;809;735;692;0.81;708;-20.4226107;-50.0861511
2010;355620;35;3556206;VALINHOS;76.01;1.43;12.64;14.66;36.99;94.87;84.48;8.14;10.35;0.99;0.79;3.13;0.68;3.27;0.78;3.72;73.66;76.12;81.75;16.64;15.76;16.32;9.7;8.12;1.92;98.02;107.17;73.55;94.03;52.93;88.12;91.73;58.02;75.28;25.79;39.2;96.38;90.47;36.15;16.46;92.49;94.74;98.25;99.04;97.18;95.35;16.09;1.45;11.67;2.63;1.62;0.39;89.04;86.84;72.86;83.64;86.67;67.31;63.93;64.98;65.98;51.4;66.46;48.86;21.25;466.67;695;1032.33;1925;3127.5;0.54;0.15;0.4;1.17;3.46;5.9;11.85;44.53;4.08;60.16;11.34;22.15;39.84;76.62;15.7;10.61;1570.91;320.14;6996.05;570.87;848.94;1389.49;4724.95;1570.91;45.33;101.78;192.45;0.52;17.37;3.07;3.24;13.31;6.07;0.15;79.51;73.82;57.62;43.1;0.75;23.36;20.43;1.13;6.02;48;65.32;79.63;2229.19;64.4;3.3;31.98;80.33;71.93;87.67;4.61;14.67;23.16;8.47;4.09;5.04;0.49;67.51;2.02;9.1;99.16;96.94;18.66;99.89;99.98;0.29;0.22;11.08;7.51;2.82;11.94;1.88;20.63;0.73;4.3;7.47;1.78;0.16;0.61;0.02;3150;3799;4090;4559;4651;4510;4286;4365;4136;3331;2657;3352;2015;1354;1043;696;52676;682;3010;3778;3796;4489;4745;4690;4431;4658;4102;3565;2736;3054;2147;1603;1283;889;1141;54117;60702;250;1524;58927;1186;6045;4510;4607;3677;86650;4670;16934;4681;81980;4992;12264;5168;69716;1297;1273;1304;6665;15813;8691;3778;2242;44275;35990;5167;106793;101626;94260;7577;4765;81919;106411;106411;673;813;819;763;0.85;848;-22.97056;-46.99583
2010;355630;35;3556305;VALPARAÍSO;74.47;2.24;15.6;18.02;38.12;94.12;82.5;7.29;10.45;1.22;0.64;7.3;1.49;7.73;3.34;8.99;75.28;78.11;78.88;13.34;13.13;17.32;11.38;8.76;3.81;88.47;100.34;59.78;70.17;23.66;83.19;89.85;48.51;62.18;10.96;17.32;97.85;76.51;18.22;4.51;79.03;81.85;89.33;89.07;98.03;91.73;12.5;2.35;13.52;1.12;2.52;2.03;88.68;82.03;63.23;73.29;74.11;50.72;46.1;48.5;50.43;33.83;47.88;30.55;7.35;260;405;571.43;900;1402.5;0.45;1.47;2.21;4.8;8.75;19.69;34.62;35.12;5.18;50.98;14.77;28.53;49.02;79.51;9.51;6.89;701.02;181.68;2462.25;335.98;482.23;718.31;1784.61;702.51;41.55;86.31;180.36;0.34;13.46;2.02;12.33;9.86;6.75;0;76.13;63.91;45.3;35.4;1.28;10.44;28.59;2.79;13.02;63.21;79.66;92.85;1229.98;51.12;4.13;29.01;64.1;57.26;56.9;7.82;34.99;29.59;13.67;6.87;7.34;0.29;66.66;2.89;12.69;99.37;97.07;23.71;99.79;99.61;0.87;0.63;24.15;20.97;1.97;22.16;8.96;30.03;1.21;4.16;17.84;5.6;0.92;1.13;0.39;779;859;873;1246;1615;1411;1088;907;795;567;443;725;366;254;206;128;12413;151;731;800;898;908;899;830;714;713;695;562;417;690;398;282;257;165;204;10163;10039;69;333;9638;319;1316;962;1009;943;17976;1098;3922;1030;16878;1072;2824;1165;14054;248;274;267;1479;3550;1646;796;556;7933;6128;1107;22576;21469;19637;1659;1147;16831;20302;20259;507;724;725;643;825;719;-21.2237832;-50.8669778
2010;355635;35;3556354;VARGEM;75.36;2.09;14.2;16.42;46.73;94.62;83.82;10.29;10.15;1.79;1.35;9.78;1.49;10.36;2.91;11.99;63.34;65.73;75.98;21.41;21.86;20.32;15.25;12.41;3.7;97.68;107.2;68.11;74.92;13.2;89.84;94.3;49.16;74.92;6.35;17.02;97.51;84.5;19.41;9.15;83.5;87;91;95.84;98.11;94.8;23.05;1.5;5.98;4.91;1.21;0;89.4;87;61.61;70.19;71.55;40.15;34.07;44.88;43.77;24.88;45.93;21.21;4.49;263.33;386.67;533.33;766.67;1066.67;0.38;0.83;0.62;5.31;11.69;19.22;34.08;30.02;6.09;44.93;17.27;33.36;55.07;75.55;6.95;5.22;587.59;178.92;1763.84;328.36;472.82;637.82;1323.36;589.13;19.47;97.69;175.34;0.26;17.25;1.41;12.44;7.51;9.69;0.57;62.43;47.91;30.88;38.21;0.7;5.12;22.25;2.18;12.72;77.48;90.4;96.78;904.74;58.99;6.07;29.18;79.13;66.87;90.09;2.94;6.65;5.45;6.41;2.83;3.89;0.2;57.58;1.01;21.17;94.7;96.34;25.3;100;99.86;2.96;0.26;38.24;16.5;1.89;35.05;10.19;43.36;0;6.03;8.89;7.8;0.14;2.01;0.14;278;381;360;375;389;348;345;291;290;237;237;306;203;195;113;83;4519;88;270;364;337;378;333;332;315;297;265;235;232;298;199;134;108;86;99;4282;4507;45;115;4346;90;614;456;468;342;6904;444;1450;413;6460;394;1006;410;5454;116;113;115;622;1529;906;364;221;3350;2635;4380;8801;4421;7639;745;395;6500;8789;8766;402;717;699;591;839;0.69;-22.8902379;-46.4145366
2010;355640;35;3556404;VARGEM GRANDE DO SUL;76.78;2.04;12.1;14.03;44.24;95.37;85.85;8.79;9.82;1.73;1.12;5.91;1.37;6.22;2.16;7.14;69.8;69.1;85.41;18.38;19;13.12;11.83;11.89;1.47;101.85;108.63;82.71;65.15;21.43;88.04;93.61;51.07;62.99;12.8;13.08;98.72;78.82;21.34;8.47;72.44;79.83;90.62;94.35;98.82;93.59;12.56;1.96;3.55;3.88;3.08;2.47;89.45;90.59;70.71;76.69;76.06;46.91;41.37;50.48;49.75;29.23;52.52;25.34;8.29;292.5;442;605;910;1300;0.42;0.83;1.71;3.46;8.16;15.28;29.85;33.75;5.65;48.81;16.01;30.58;51.19;77.72;8.43;6.09;711.6;200.96;2401.69;368.63;518.42;733.36;1733.14;711.87;37.83;90.22;178.43;0.31;20.1;2.04;18.17;16.6;4.89;0.11;71.45;54.45;34.53;35.59;0.66;9.62;17.58;0.93;13.86;68.7;83.87;94.35;1117.2;61.25;5.73;38.15;77.6;68.89;84.94;5.1;22.91;23.31;10.4;4.27;4.54;0.28;58.89;2.43;15.66;99.3;99.64;22.9;99.15;100;0.09;0.19;31.24;27.56;1.18;28.19;7.62;34.15;0;8.11;16.28;5.3;1.16;0.64;0;1350;1647;1581;1672;1675;1566;1439;1410;1283;1202;952;1393;764;539;434;279;19488;302;1305;1535;1593;1645;1654;1524;1394;1459;1401;1201;994;1360;815;603;489;371;435;19778;20753;182;722;19848;557;2543;1867;1918;1540;30661;1883;6489;1913;28778;1938;4606;1935;24172;558;548;561;2840;6626;3451;1533;956;15570;12334;1992;39266;37274;33885;3182;1892;28811;39159;39144;469;753;737;643;863;721;-21.832194;-46.891286
2010;355645;35;3556453;VARGEM GRANDE PAULISTA;78.02;1.84;9.7;11.25;43.2;95.7;87.6;5.68;10.21;1.33;1.19;4.11;0.81;4.32;1.21;5.04;74.11;76.58;87.61;13.75;13.79;8.76;12.14;9.63;3.63;99.43;110.35;66.67;67.85;24.86;89.1;93.17;50.6;60.79;12.51;21.98;95.64;85.63;22.77;10.4;93.82;95.52;97.3;100;97.2;94.31;20.51;1.34;27.9;2.58;1.92;2.06;92.03;93.79;64.22;73.41;76.72;57.77;53.85;43.18;48.38;38.51;45.17;36.47;11.38;299.6;455;650;1000;1612.5;0.5;1.38;2.67;4.33;8.04;14.62;24.93;42.23;4.53;55.78;13.01;25.53;44.22;80.72;12.98;8.82;876.61;198.67;3702.19;371.75;548.41;819.53;2514.34;877.04;28.93;88;171.74;0.46;20.97;1.55;2.99;14.93;9.7;0.06;67.2;66.09;45.62;42.01;1.02;12.54;20.19;0.51;9.56;62.55;79.76;90.24;1397.32;60.95;4.06;25.28;76.82;70.9;84.57;7.88;53.98;20.63;13.31;7.21;8.69;0.33;57.64;3.35;16.07;99.54;96.78;35.37;98.88;99.97;0.5;0.57;22.24;6.18;2.8;19;5.92;29.85;0;0.6;16.26;5.01;0.68;1.27;0.03;1618;1991;1839;1899;2001;1860;1668;1534;1386;1101;948;1765;628;430;309;197;21342;168;1596;1929;1738;1893;1981;1946;1729;1602;1451;1160;962;1629;700;496;331;225;287;21655;22149;159;552;21438;647;3075;2279;2330;1895;32469;2184;7369;2099;30285;2159;5185;2198;25100;672;711;625;3528;8070;2443;1929;1083;16501;12870;0;42997;42997;36342;3920;2186;30236;42786;42765;578;742;0.77;683;884;755;-23.599338;-47.022038
2010;355650;35;3556503;VÁRZEA PAULISTA;76.8;2.01;11.05;12.82;39.32;95.18;85.33;4.84;9.64;1.39;1.33;5;0.98;5.27;1.45;6.26;72.48;73.15;87.35;15.96;15.66;11.43;11.56;11.19;1.22;97.42;106.35;73;81.48;25.37;85.79;91.26;50.07;70.82;13;16.81;97.54;84.18;21.58;12.52;81.19;86.34;94.35;96.49;96.91;93.51;14.85;1.25;8.27;3.37;2.16;1.39;88.34;88.88;73.58;81.15;84.35;57.16;50.92;56.76;57.49;35.17;59.66;30.05;4.99;301.67;475;660;930.6;1250;0.39;1.15;1.96;3.76;6.16;13.39;22.2;30.24;5.96;45.24;17.03;32.88;54.76;79.72;7.1;5.31;706.02;210.49;2135.3;390.78;559.32;772.47;1597.04;706.02;36.34;89.63;176.15;0.28;12.34;0.51;1.06;14.67;8.07;0.08;78.73;65.41;41.93;38.1;1.05;6.47;27.04;1.36;9.11;64.09;84.01;95.65;1129.7;59.92;6.23;37.13;74.85;68.1;80.58;8.96;66.65;38.16;12.22;7.13;7.7;0.19;73.35;1.79;10.76;99.53;95.35;35.09;99.86;99.98;0.06;0.43;18.76;18.81;3.09;17.71;3.69;28.44;0;2.81;18.39;5.47;0.93;1.01;0.02;3971;4663;4697;5307;5329;4682;4188;3854;3396;3046;2325;4139;1504;967;599;402;53415;346;3817;4544;4738;5213;5229;4657;4177;3848;3617;3135;2299;3905;1626;1032;769;532;536;53674;54682;574;2119;51989;1612;7330;5502;5543;4587;82050;5659;19955;5573;76391;5870;14296;6052;62095;1589;1638;1554;8283;19382;5183;4544;2862;41408;31457;0;107089;107089;91262;9207;5708;76346;106832;106832;572;783;759;705;863;0.72;-23.2113889;-46.8283333
2010;355660;35;3556602;VERA CRUZ;74.79;1.81;15;17.4;48.21;94.31;82.99;11.78;10.94;2.33;1.77;8.03;2.09;8.48;1.66;9.61;80.23;80.77;87.1;13.04;11.63;11.67;6.73;7.61;1.23;93.95;100.63;76.97;120.59;20.37;91.33;95.14;66.27;80.86;13.99;36.53;97.88;92.12;20.06;7.59;88.25;92.52;97.44;100;99.02;97.08;8.89;0.39;4.91;1.8;2.56;0;93.67;95.24;81;89.17;90.29;56.17;50.25;50.32;64.74;38.57;63.74;34.04;9.71;282;420;568.33;896.67;1290.67;0.45;0.88;1.53;5.9;10.89;16.64;29;35.85;5.15;51;14.94;28.99;49;70.84;9.6;6.76;713.66;183.65;2558.64;349.3;501.62;713.82;1802.65;713.66;18.67;104.1;166.6;0.36;18.07;1.69;22.05;11.07;8.93;0;65.03;66.25;46.35;45.23;0.66;11.61;9.65;2.1;15.4;74.19;85.94;94.1;1062.1;60.07;7.2;15.78;78.29;69.01;81.93;7.95;37.19;31.79;21.23;7.22;3.52;0.32;53.61;5;19.53;96.55;97.91;20.15;99.66;100;0;0.65;14.95;11.75;0.98;17.67;4.3;31.01;0;5.58;8.03;7.5;0.09;1.96;0;321;449;463;432;409;405;349;381;359;311;258;367;236;190;131;112;5298;125;323;411;448;422;376;413;391;343;383;337;291;358;259;217;177;145;177;5471;5664;62;92;5510;132;688;514;513;388;8513;566;1763;566;7947;520;1197;520;6750;123;134;143;758;1848;1269;410;280;4365;3496;1406;10769;9363;9430;860;586;7984;10664;10664;562;806;754;715;0.83;722;-22.2212638;-49.8243021
2010;355670;35;3556701;VINHEDO;77.68;1.36;10.9;12.64;38.03;95.81;87.08;7.68;10.03;0.73;0.83;3.37;0.64;3.51;1.16;4.05;70.03;72.37;78.49;17.2;16.3;18.2;12.77;11.33;3.3;102.34;112.98;71.74;94.75;42.59;86.89;92.7;50.83;64.73;20.52;38.03;97.37;85.7;32.55;14.87;94.73;94.82;95.09;94.97;97.45;94.42;16.32;1.57;22.01;3.7;1.05;1.35;89.81;88.49;69.78;77.33;84.01;66.64;63.38;56.78;62.5;51.02;66.75;48.87;20.58;450;666.67;1000;1990;3180;0.53;0.13;0.28;1.35;2.64;5.12;10.46;42.37;4.2;58.71;11.72;22.91;41.29;80.42;14.46;10.03;1493.32;313.51;6326.57;561.26;835.58;1372.43;4386.56;1493.32;60.39;108.06;178.49;0.49;20.07;4.22;2;13.54;7.5;0.06;75.37;71.3;55.74;42.92;0.63;21.64;20.85;0.73;6.3;51.53;68.29;80.78;2184.83;65.24;2.58;31.48;80.86;73.24;85.67;5;26.41;20.14;9.47;4.55;4.6;0.51;62.99;1.65;10.51;99.44;99.6;22.42;99.49;100;0;0.06;16.3;5.27;2.55;14.35;2;20.25;0;6.48;8.31;1.7;0.13;0.3;0;2004;2402;2347;2889;3059;2686;2552;2406;2237;1878;1523;2155;1214;798;548;390;31483;395;1870;2272;2339;2808;3062;2872;2622;2390;2385;2049;1595;1938;1171;882;654;553;666;32128;36324;120;868;35335;819;3687;2746;2769;2271;50970;2784;10383;2803;48186;2947;7599;3107;40587;784;796;800;4284;9796;4886;2272;1360;26048;20901;1999;63611;61612;55674;4674;2757;48243;63120;63120;666;779;817;739;878;0.84;-23.0295183;-46.9756292
2010;355680;35;3556800;VIRADOURO;74.4;1.76;15.7;18.14;44.25;94.08;82.4;9.13;10.19;0.62;1.26;6.64;1.19;7.05;2.25;8.27;76.26;77;87.65;13.85;13.05;12.35;9.89;9.95;0;88.7;98.25;64.8;95.42;33.09;85.36;91.25;54.76;80.23;19.73;39.53;97.87;82.56;26.44;9.89;89.71;93.63;100;100;98.45;93.91;11.71;0.78;6.52;2;1.67;0;91.53;92.47;76.42;82.72;81.77;49.03;42.21;54.56;58.39;33.26;56.08;28.02;9.21;300;442.5;600;900;1250;0.4;0.71;1.29;2.82;5.14;13.78;22.73;31.63;6.39;46.82;17.21;32;53.18;78.67;7.35;5.5;692.01;221;2188.67;374.38;511.88;732.86;1637.73;692.25;37.42;96.43;190.66;0.28;13.89;2.56;15.99;11.8;5.42;0.17;72.71;58.54;40.93;36.14;0.55;11.23;28.72;0.97;14.39;64.66;83.21;94.36;1139.31;60.39;7.12;37.06;77.47;68.12;86.4;7.23;21.42;30.46;12.3;6.12;5.34;0.29;61.04;5.67;15.95;99.76;99.63;24.13;99.7;100;0;0;21.96;10.29;1.55;21.87;5.21;33.61;0;8.07;11.59;5.54;0.31;1.24;0;585;733;819;787;813;701;609;580;540;495;395;624;319;256;196;121;8714;141;550;691;725;806;787;629;586;565;603;472;419;543;339;262;245;161;200;8583;9094;101;352;8641;213;1138;833;851;692;13554;951;3133;926;12603;894;2182;939;10421;227;229;234;1219;2991;1580;690;452;6792;5263;506;17297;16791;15058;1424;950;12684;17263;17257;0.49;806;739;683;823;717;-20.8726051;-48.2968122
2010;355690;35;3556909;VISTA ALEGRE DO ALTO;75.41;1.9;14.1;16.33;39.85;94.65;83.9;7.8;11.18;1.23;0.91;8.08;1.98;8.53;3.63;10.14;77.16;80.59;81.44;13.03;11.69;14.93;9.81;7.72;3.63;95.92;107.65;66.59;93.03;20.62;92.28;97.51;59.29;87.05;12.46;20.48;100;80.02;17.37;4.94;96.84;97.48;98.31;100;100;94.29;15.44;0.62;9.78;0.68;1.79;2.11;95.91;97.08;69.14;75.75;79.75;48.66;41.11;55.19;54.38;33.43;52.4;28.34;5.97;359;505;670;950;1227.5;0.35;0;0;1.43;3.34;7;15.7;28.6;7.38;43.24;19.29;35.28;56.76;85.2;5.93;4.46;732.14;270.15;2093.67;436.12;585.11;786.29;1576.7;732.14;0;119.31;190.3;0.21;13.47;1.89;33.93;14.64;4.18;0;67.31;55.73;38.58;20.82;0.14;6.63;24.5;1.44;13.59;65.71;85;95.95;1126.3;68.59;9.08;48.14;88.65;76.09;90.23;4.73;47.87;15.06;9.29;3.77;4.08;0.24;60.5;0.66;22.84;99.23;100;23.9;100;99.92;0;0.14;22.04;3.16;0;21.44;2.32;32.42;0;5.96;5.6;1.78;0.27;0;0.08;224;260;287;425;403;310;251;242;223;197;139;223;110;89;71;49;3544;41;219;271;299;329;314;270;260;221;211;171;154;228;108;86;88;54;59;3342;4116;48;162;3906;90;408;301;296;268;5461;328;1340;331;5133;415;1012;449;4121;85;117;88;457;1084;537;271;171;2624;1996;534;6886;6352;6001;531;337;5133;6810;6810;487;796;744;676;0.84;726;-21.171293;-48.6299172
2010;355695;35;3556958;VITÓRIA BRASIL;73.63;2.21;16.9;19.6;42.73;93.63;81.23;11.28;10.82;1.09;0;13.16;1.5;14.1;0.69;16.35;86.53;88.97;89.51;8.61;8.16;8.65;4.86;2.87;1.84;92.84;98.38;80.21;74.57;21.14;89.83;93.31;60.73;74.57;15.47;16.7;96.35;80;20.81;3.13;85.87;91.01;100;100;98.29;92.71;9.85;0.74;0;3.58;4.98;6.12;95.82;90.16;82.77;81.9;83.68;43.3;35.93;66.13;67.53;32.62;64.82;26.24;5.77;284;382;521;765;952;0.35;0.28;0.51;3.82;8.83;15.39;23.88;28.07;7.2;42.7;19.16;35.22;57.3;79.43;5.86;4.43;572.68;206.22;1607.29;342.38;459.82;632.37;1214.69;572.68;40.67;109.42;185.84;0.22;26.19;1.63;37.59;16.66;2.8;0;52.83;53.47;40.51;37.76;0.24;8.44;3.42;0.74;18.94;78.81;91.82;98.19;881.17;60.8;5.85;37.29;73.02;67.29;86.22;2.71;0;20.06;4.24;2.08;3.33;0.24;33.48;12.11;26.18;99.64;99.16;7.27;99.58;100;0;0;19.61;14.13;1.71;26.25;4.42;44.39;0;0;7.62;7.1;0;0.5;0;57;56;74;70;75;78;59;71;60;51;49;47;43;38;26;20;891;17;46;62;71;79;70;58;62;53;53;65;47;56;29;36;26;18;15;846;931;7;33;891;20;92;71;66;60;1413;94;294;88;1319;81;200;71;1119;23;22;16;107;258;196;62;45;682;532;302;1737;1435;1532;118;90;1324;1737;1737;433;862;725;685;811;686;-20.1978821;-50.4847947
2010;355700;35;3557006;VOTORANTIM;75.3;1.79;14.74;16.52;41.72;94.66;83.94;6.17;10.42;1.24;0.99;3.48;0.86;3.66;0.87;4.26;75.57;76.99;82.59;15.05;14.22;15.12;9.38;8.78;2.29;95.34;100.62;80.12;89.05;26.61;90.12;92.81;64.01;77.6;11.74;31.06;96.8;86.61;19.51;10.81;90.8;93.56;97.39;99.56;97.84;94.95;12.8;0.67;11.31;3.34;1.93;0.67;92.68;90.42;76.02;84.85;87.24;63.99;58.98;56.72;61.88;45.41;62.81;41.86;8.41;298.75;450;630;940;1307.5;0.4;0.8;1.49;3.89;7.35;15.37;25.37;31.03;5.71;46.57;16.32;31.63;53.43;76.15;7.6;5.7;703.99;200.91;2184.31;373.61;538.67;767.65;1638.67;704.06;38.79;100.38;179.4;0.29;16.77;1.78;1.71;16.55;9.24;0.32;74.51;74.33;55.31;42.35;1.61;10.47;24.08;1.29;10.89;65.26;80.88;93.21;1187.8;59.52;4.15;35.07;80.78;68.14;85.9;10.77;33.53;36.1;18.7;9.66;11.03;0.24;63.26;4.24;12.67;99.05;97.89;31.76;99.91;100;0.14;2.49;11.68;9.2;2.16;12.59;3.32;26.69;0.54;7.25;14.72;6.06;0.94;0.88;0;3826;4841;4738;5070;5143;4740;4140;3746;3381;3008;2348;4253;1830;1176;810;466;54013;497;3618;4793;4704;4941;5095;4654;4085;3832;3637;3251;2514;3986;1920;1374;975;637;780;54796;55429;400;1975;53053;1478;7608;5745;5743;4333;83492;5675;19453;5569;77817;5793;13778;5894;64039;1633;1643;1541;8622;20116;6715;4793;2798;42399;32754;4150;108809;104659;93124;9634;5632;77858;108590;108578;0.64;807;767;747;838;0.72;-23.5466667;-47.4377778
2010;355710;35;3557105;VOTUPORANGA;76.44;1.69;12.6;14.61;38.56;95.19;85.36;10.11;11.17;0.96;1;5.19;0.96;5.43;1.14;6.22;82.65;85.68;88.07;8.72;7.84;9.52;8.63;6.48;2.41;95.12;103.9;73.42;94.16;38.23;87.71;91.1;59.84;72.37;24.15;38.84;98.64;86.57;31.33;9.2;96.65;97.03;98.28;97.78;98.76;95.25;13.46;1.42;17.38;2.04;2.43;1.93;90.84;86.46;76.44;82.71;89.59;61.34;56.42;62.32;67.5;44.89;66.66;40.95;15.73;351;510;733.33;1135;1650;0.49;0.74;1.59;3.29;7.51;10.45;21.18;41.22;4.93;54.74;14.05;26.84;45.26;76.71;11.74;7.84;977.39;240.71;4029.29;445.68;625.43;900.09;2692.19;977.5;43.4;100.63;177.8;0.43;19.28;3.32;4.5;16.82;6.97;0.16;72.12;71.62;53.56;41.73;1.07;18.11;21.92;1.64;10.56;63.72;80.59;91.29;1434.39;62.96;6.81;44.09;81.78;69;87.26;5.91;36.4;19.77;9.9;5.12;6.96;0.41;56.88;4.28;14.83;99.84;98.28;12.22;99.77;99.93;0.12;3.25;17.85;3.35;1.24;18.09;3.95;27.92;0;2.5;7.52;3.55;0.08;1.03;0.07;2297;3034;3230;3666;3630;3369;3162;3036;3023;2660;2193;2432;1836;1360;1037;679;41315;671;2159;2759;3107;3687;3664;3456;3287;3349;3226;3029;2447;2321;2068;1578;1293;931;1016;43377;47616;395;1718;45503;975;4695;3442;3591;2600;69690;3713;13690;3753;65977;4077;9977;4271;56000;881;942;900;4909;12065;8565;2759;1806;36138;29344;2373;84692;82319;75633;5793;3896;65944;84511;84502;613;0.82;0.79;744;857;772;-20.4252506;-49.97226
2010;355715;35;3557154;ZACARIAS;74.56;1.89;15.4;17.84;46.31;94.18;82.65;11.35;12.12;0;0;8.84;0.8;9.3;1.94;10.74;85.63;88.46;85.51;8.83;8.64;11.45;5.53;2.9;3.04;92.26;95.17;83.51;101.57;21.35;88.22;91.42;65.27;78.69;14.34;34.08;100;78.18;23.39;5.58;85.48;86.62;87.66;90.27;98.48;93.41;9.61;0;2.55;4.51;1.25;0;91.49;87.01;81.42;84.09;87.87;47.63;41.04;60.15;59.29;35.34;60.93;31.42;7.43;266.67;393.33;520;773.33;1027.5;0.39;0.36;1.08;2.86;6.32;18.2;34.49;31.4;6.68;45.85;17.57;33.16;54.15;74.3;7.15;5.23;605.79;202.41;1902.35;329.64;472.38;635.81;1392.34;605.79;40;98.67;196.18;0.27;12.91;1.56;28.88;7.42;4.13;0;72.59;59.88;44.51;39.92;0;9.62;17.8;2.71;17.74;77.19;90.04;96.78;965.73;56.49;1.99;20.02;70.15;63.72;76.85;4.78;0;10.31;14.23;4.7;5.8;0.25;62.05;5.29;15.66;96.25;100;12.49;100;100;0;0.33;21.82;14.52;1.52;26.98;5.41;36.19;0;8.97;7.69;5.97;0.19;1.41;0;77;86;91;94;97;89;81;87;88;78;63;72;43;45;39;23;1173;20;73;86;72;87;115;77;97;75;87;66;64;73;46;52;41;22;29;1162;1152;3;19;1130;24;133;108;93;89;1822;91;341;96;1731;105;250;102;1481;35;27;18;148;339;265;81;38;905;748;499;2335;1836;2039;172;94;1773;2335;2335;476;802;729;674;826;695;-21.0519444;-50.0508333
2010;355720;35;3557204;CHAVANTES;74.66;2.44;15.3;17.67;47.01;94.23;82.78;9.08;10.75;1.97;0.79;8.8;1.74;9.38;1.88;10.75;75.54;79.11;80.62;13.86;12.38;12.46;10.6;8.51;6.91;92.66;103.63;63.17;101.51;25.03;87.88;93.66;54.53;76.09;12.61;22.11;97.95;79.24;22.77;7.15;88.3;92.22;97.11;100;98.65;93.39;16.11;1.26;12.2;3.52;0.62;0.63;88.29;86.92;62.69;73.77;80.3;50.63;45.4;50.42;50.27;31.45;56.61;28.13;7.97;255;377.5;516.67;836.67;1225;0.47;0.47;0.39;4.21;9.68;20.76;36.78;38.33;5.42;52.73;14.7;27.97;47.27;63.59;10.43;7.2;677.3;183.47;2596.24;314.35;449.28;653.82;1791.42;677.3;37.9;105.07;183.47;0.38;13.1;2.74;8.88;11.47;4.5;0.08;78.78;62.05;40.08;32.04;2.68;8.83;34.82;1;13.86;70.96;87.78;95.25;1031.49;53.45;5.96;34.98;73.3;60.73;78.1;8.37;44.95;38.83;12.56;6.6;8.53;0.3;69.8;1.18;12.47;99.27;97.92;22.33;100;99.77;0;0.03;26.68;11.7;1.35;25.4;7.37;33.09;0;8.64;9.58;8.37;0.64;1.58;0.23;453;552;529;464;521;474;437;402;379;351;296;446;244;200;136;70;6028;74;386;522;483;477;492;468;459;424;388;359;313;415;280;208;166;109;137;6086;5556;64;229;5263;183;863;647;647;467;9340;629;1953;591;8711;579;1324;571;7387;189;177;170;895;2200;1100;522;294;4763;3803;975;12114;11139;10394;1074;655;8665;12055;12055;506;746;729;655;828;713;-23.0406405;-49.7071698
2010;355730;35;3557303;ESTIVA GERBI;73.87;1.97;16.5;19.13;40.3;93.77;81.6;6.72;9.09;0.88;0.98;5.4;0.85;5.71;1.1;6.75;62.91;65.2;71.07;19.6;18.42;13.73;17.49;16.39;15.2;95.86;103.63;73.86;103.42;16.44;91.86;94.91;58.93;82.8;7.37;21.2;99.44;88.75;15;4.5;86.93;89.97;95.76;95.56;98.55;96;19.98;0.52;2.12;3.16;1.53;0;88.98;93.18;69.91;83.72;84.05;54.87;48.57;58.2;63.59;40.34;64.81;35.33;7.62;281.43;433.33;600;830;1166.67;0.41;0.82;1.26;1.91;2.31;15.32;24.22;33.14;6.2;47.26;16.82;32.08;52.74;73.72;7.88;5.64;686.89;212.96;2276.22;364.76;524.15;709.41;1628.5;686.89;25.96;80.86;194.56;0.3;13.09;1.76;16.47;9.67;5.05;0.21;71.93;65.59;49.9;35.13;0.52;9.42;26.75;0.95;13.3;68.13;84.9;95.02;1079.41;56.68;2.8;27.58;79.82;64.82;84.56;6.43;0;48.17;9.09;5.29;4.9;0.26;66.26;0.33;17.63;98.14;99.19;22.22;99.66;100;0.33;0.42;14.27;13.07;1.45;14.57;4.36;30.95;0;0;13.99;6.33;0.21;0.8;0;340;407;431;478;482;422;408;364;348;321;247;331;172;116;98;58;5074;51;325;443;448;443;429;372;389;365;368;273;231;364;168;115;105;65;67;4970;4943;24;135;4784;132;684;518;503;394;7834;512;1800;507;7322;545;1288;533;6034;139;151;138;710;1753;675;443;243;3838;2947;2033;10044;8011;8720;850;490;7380;10001;10001;549;782;0.74;695;815;716;-22.2754831;-46.9525448