ano,codmun6,uf,codmun7,município,espvida,fectot,mort1,mort5,razdep,sobre40,sobre60,t_env,e_anosestudo,t_analf11a14,t_analf15a17,t_analf15m,t_analf18a24,t_analf18m,t_analf25a29,t_analf25m,t_atraso_0_basico,t_atraso_0_fund,t_atraso_0_med,t_atraso_1_basico,t_atraso_1_fund,t_atraso_1_med,t_atraso_2_basico,t_atraso_2_fund,t_atraso_2_med,t_fbbas,t_fbfund,t_fbmed,t_fbpre,t_fbsuper,t_flbas,t_flfund,t_flmed,t_flpre,t_flsuper,t_freq0a3,t_freq11a14,t_freq15a17,t_freq18a24,t_freq25a29,t_freq4a5,t_freq4a6,t_freq5a6,t_freq6,t_freq6a14,t_freq6a17,t_freqfund1517,t_freqfund1824,t_freqfund45,t_freqmed1824,t_freqmed614,t_freqsuper1517,t_fund11a13,t_fund12a14,t_fund15a17,t_fund16a18,t_fund18a24,t_fund18m,t_fund25m,t_med18a20,t_med18a24,t_med18m,t_med19a21,t_med25m,t_super25m,corte1,corte2,corte3,corte4,corte9,gini,pind,pindcri,pmpob,pmpobcri,ppob,ppobcri,pren10ricos,pren20,pren20ricos,pren40,pren60,pren80,prentrab,r1040,r2040,rdpc,rdpc1,rdpc10,rdpc2,rdpc3,rdpc4,rdpc5,rdpct,rind,rmpob,rpob,theil,cpr,emp,p_agro,p_com,p_constr,p_extr,p_formal,p_fund,p_med,p_serv,p_siup,p_super,p_transf,ren0,ren1,ren2,ren3,ren5,renocup,t_ativ,t_ativ1014,t_ativ1517,t_ativ1824,t_ativ18m,t_ativ2529,t_des,t_des1014,t_des1517,t_des1824,t_des18m,t_des2529,theiltrab,trabcc,trabpub,trabsc,t_agua,t_banagua,t_dens,t_lixo,t_luz,agua_esgoto,parede,t_crifundin_todos,t_fora4a5,t_fora6a14,t_fundin_todos,t_fundin_todos_mmeio,t_fundin18minf,t_m10a14cf,t_m15a17cf,t_mulchefefif014,t_nestuda_ntrab_mmeio,t_ocupdesloc_1,t_rmaxidoso,t_sluz,homem0a4,homem10a14,homem15a19,homem20a24,homem25a29,homem30a34,homem35a39,homem40a44,homem45a49,homem50a54,homem55a59,homem5a9,homem60a64,homem65a69,homem70a74,homem75a79,homemtot,homens80,mulh0a4,mulh10a14,mulh15a19,mulh20a24,mulh25a29,mulh30a34,mulh35a39,mulh40a44,mulh45a49,mulh50a54,mulh55a59,mulh5a9,mulh60a64,mulh65a69,mulh70a74,mulh75a79,mulher80,mulhertot,pea,pea1014,pea1517,pea18m,peso1,peso1114,peso1113,peso1214,peso13,peso15,peso1517,peso1524,peso1618,peso18,peso1820,peso1824,peso1921,peso25,peso4,peso5,peso6,peso610,peso617,peso65,pesom1014,pesom1517,pesom15m,pesom25m,pesorur,pesotot,pesourb,pia,pia1014,pia1517,pia18m,pop,popt,i_escolaridade,i_freq_prop,idhm,idhm_e,idhm_l,idhm_r,lat,lon
2010,355030,35,3550308,SÃO PAULO,76.3,1.52,13.15,14.74,40.64,95.18,85.32,8.13,10.11,1.69,1.17,3.18,0.94,3.3,1.04,3.74,72.92,76.15,77.96,15.07,14.09,17.48,12.01,9.76,4.57,104.82,112.11,83.59,79.6,48.25,86.0,89.67,50.74,63.68,20.03,38.5,95.27,85.35,36.03,20.04,86.28,89.2,93.01,95.11,96.02,93.29,17.63,2.68,12.94,5.03,2.38,1.43,87.5,86.39,68.92,76.34,82.19,67.68,64.97,50.51,57.2,49.35,56.73,47.88,20.63,316.6,516.67,850.0,1700.0,3050.0,0.62,0.92,1.84,4.27,8.61,14.69,26.54,52.17,2.69,67.19,8.24,17.13,32.81,75.39,25.32,16.34,1516.21,204.1,7910.01,420.63,673.66,1189.16,5105.33,1517.04,37.5,96.12,174.23,0.72,19.07,2.54,0.33,16.01,5.39,0.07,71.87,74.63,56.9,57.07,0.68,23.44,11.36,1.33,8.58,52.49,67.53,80.23,2197.87,61.59,5.24,28.54,73.19,69.39,82.38,7.91,32.08,34.25,14.52,7.07,7.69,0.55,59.67,3.27,14.52,99.45,96.69,32.32,99.76,99.97,0.47,0.68,18.17,13.72,3.98,14.58,4.26,22.58,0.44,4.59,13.4,5.6,1.96,1.0,0.03,361709,438356,420552,489432,519694,481258,423024,385172,342042,301852,243863,385672,183012,127020,95214,64324,5328632,66436,349218,429074,421705,502227,554888,528818,465661,427807,400678,365806,304250,372607,240043,175318,142087,106645,138039,5924871,6026212,45447,144412,5836353,142819,688360,515828,515281,421276,8912895,505693,1833098,498886,8407202,523852,1327405,550248,7079797,146688,149757,146923,787281,1815171,914646,428988,252791,4771038,3847762,101159,11253503,11152344,9783868,867351,506046,8410471,11172609,11166543,0.677,0.75,0.805,0.725,0.855,0.843,-23.5506507,-46.6333824
2010,330455,33,3304557,RIO DE JANEIRO,75.69,1.56,13.02,14.65,42.61,92.95,83.1,10.46,9.39,1.66,1.13,2.88,1.04,2.98,1.23,3.31,56.72,60.48,62.84,25.26,24.86,28.37,18.03,14.65,8.79,106.1,114.16,83.2,76.13,46.72,88.44,92.27,46.91,58.49,20.3,33.92,95.99,86.55,38.17,18.16,88.0,90.98,95.5,96.82,96.89,94.2,26.0,2.67,22.34,7.99,1.63,0.99,85.32,86.62,60.08,72.79,82.27,72.19,70.49,45.91,55.67,53.99,54.73,53.7,21.26,299.67,509.67,854.5,1793.33,3280.0,0.62,1.25,2.81,5.01,10.95,16.41,30.81,50.63,2.52,66.97,7.85,16.6,33.03,67.34,25.82,17.0,1492.63,188.25,7557.73,397.27,653.51,1226.01,4975.91,1493.25,36.62,92.66,171.88,0.72,19.41,2.38,0.31,16.44,5.91,0.86,71.28,77.87,61.16,61.93,1.05,23.95,6.32,1.19,8.25,54.26,68.48,80.24,2084.44,56.97,3.54,16.7,62.54,64.47,79.31,7.73,33.47,30.71,17.12,7.25,9.11,0.55,56.1,7.07,14.1,99.02,97.39,28.11,99.17,99.97,0.3,0.52,18.03,12.0,3.11,13.68,4.75,19.97,0.56,5.99,12.02,6.64,1.58,1.17,0.03,184769,236743,233567,253163,269306,251573,221671,205798,200210,184247,152282,201020,118991,84926,66818,47096,2959817,47637,179263,229824,230583,255544,281797,272882,246860,233893,236586,225882,197393,194739,160131,121277,104035,82334,107606,3360629,3167735,16517,46265,3104953,72807,369534,276772,277424,216582,5090476,277985,972140,275422,4812491,285984,694155,294145,4118336,74523,77201,76513,415306,971579,661310,229735,137962,2755905,2269918,0,6320446,6320446,5559923,466608,277074,4816241,6265402,6262802,0.722,0.717,0.799,0.719,0.845,0.84,-22.9110137,-43.2093727
2010,292740,29,2927408,SALVADOR,75.1,1.53,14.92,12.03,36.61,96.68,89.89,6.14,9.16,2.6,1.66,3.97,1.32,4.12,1.57,4.69,55.54,60.75,67.02,20.33,20.74,24.4,24.13,18.51,8.58,109.5,120.69,79.01,89.06,41.06,87.39,91.39,37.91,61.14,17.05,29.47,95.34,85.87,38.44,18.14,88.52,90.33,92.91,93.97,95.85,93.17,34.46,4.77,22.87,8.9,1.51,0.81,83.01,84.79,50.24,61.21,78.22,69.72,67.99,41.77,53.18,52.43,51.26,52.28,14.59,199.75,339.71,533.33,1100.0,2064.64,0.63,3.97,7.32,11.35,20.47,30.24,47.25,52.14,2.48,67.54,7.87,16.76,32.46,73.87,26.51,17.23,973.0,120.43,5072.72,262.24,432.79,763.57,3296.1,973.97,36.8,85.1,159.19,0.74,18.61,1.87,0.62,17.3,8.73,0.57,67.16,75.35,59.02,57.37,1.13,16.71,6.31,1.3,15.87,68.2,78.96,87.45,1495.03,62.17,6.03,24.6,67.49,70.49,81.38,13.54,41.47,46.19,26.15,12.55,15.87,0.58,56.85,4.65,17.07,99.18,95.09,27.16,96.55,99.85,0.69,0.6,20.73,11.48,4.15,15.32,8.31,22.51,0.43,5.03,13.34,11.26,2.91,1.82,0.15,83611,105906,106749,120203,134453,122238,100370,91189,79823,67662,50628,90576,36021,22900,16287,10006,1248897,10275,81658,103013,109809,131349,151337,140966,117105,107458,96631,83172,64067,88037,47383,33970,26578,19077,25149,1426759,1449175,12593,31898,1404685,32836,165530,123726,123743,99681,2122477,129532,467932,130991,1992945,131806,338400,131626,1654545,32724,33798,34429,188135,440716,164225,102994,65246,1153896,912789,733,2675656,2674923,2331049,208698,129653,1992697,2650633,2647972,0.697,0.67,0.759,0.679,0.835,0.772,-12.9822499,-38.4812772
2010,530010,53,5300108,BRASÍLIA,77.35,1.75,14.01,15.85,40.14,94.57,86.19,4.97,9.87,1.1,0.8,3.47,0.8,3.66,1.19,4.31,64.3,68.14,68.25,19.4,18.06,24.12,16.29,13.8,7.63,102.04,109.37,80.71,77.57,56.88,89.92,93.76,52.08,61.5,24.55,23.19,96.93,88.43,39.01,18.87,80.67,85.94,92.46,96.23,97.54,95.21,22.05,2.01,14.99,6.25,1.6,1.83,88.32,89.43,66.32,77.99,83.34,72.32,69.85,53.48,60.54,56.34,60.71,55.4,23.95,299.67,525.0,999.5,2284.0,4033.33,0.63,1.19,2.24,4.93,9.36,16.0,27.07,49.26,2.22,67.2,6.98,15.39,32.8,76.63,28.23,19.22,1715.11,190.59,8448.81,408.03,721.27,1492.89,5751.61,1716.52,37.55,94.01,171.62,0.76,16.2,1.88,1.84,14.55,6.28,0.07,71.62,76.39,61.0,62.48,0.94,24.55,4.25,1.58,8.46,50.98,62.73,73.17,2581.69,64.58,4.89,28.01,71.79,74.34,84.14,8.58,33.4,38.64,16.92,7.58,8.86,0.63,52.08,13.9,14.77,98.13,96.01,23.48,98.87,99.91,0.72,1.35,17.14,19.33,2.46,12.35,5.0,18.69,0.3,4.92,14.7,5.13,1.4,0.71,0.09,95938,110597,108791,120373,127512,118507,100047,88786,72525,55965,43033,101824,30889,21160,15759,8885,1228880,8289,93142,108112,111954,125420,140920,134291,112672,98974,84568,67172,52544,98880,39078,26915,19893,12412,14333,1341280,1408410,10706,36652,1361053,37717,173459,130109,129984,112131,1961144,131544,466336,130855,1829600,135676,334792,138985,1494808,39200,39609,39188,206258,467958,127625,108090,66585,1040869,803625,87950,2570160,2482210,2180903,219091,130872,1830940,2543802,2541714,0.723,0.751,0.824,0.742,0.873,0.863,-15.7934036,-47.8823172
2010,230440,23,2304400,FORTALEZA,74.41,1.62,15.76,16.9,41.16,96.48,88.99,6.58,10.04,3.21,2.19,6.94,2.01,7.3,2.63,8.57,65.14,70.34,71.71,17.68,16.44,21.41,17.18,13.22,6.88,103.47,113.49,77.44,91.25,34.4,87.71,91.74,45.84,65.26,16.28,28.36,95.14,84.35,33.49,16.14,90.39,92.75,95.86,97.43,96.11,92.84,26.34,2.81,21.23,7.37,1.94,0.97,84.8,85.86,59.54,70.73,79.97,65.83,62.43,45.42,53.51,47.4,53.1,45.93,13.73,183.33,306.0,500.0,940.0,1770.0,0.61,3.36,5.73,12.14,21.32,32.88,49.93,51.61,2.83,66.6,8.64,17.92,33.4,75.46,23.9,15.44,846.36,119.82,4368.41,245.77,392.57,655.16,2822.45,847.35,39.42,91.58,160.97,0.69,20.83,1.83,0.8,20.23,6.23,0.14,59.1,72.03,53.78,51.55,0.98,14.79,13.8,1.35,17.87,72.41,81.97,89.51,1356.23,58.33,5.04,22.22,65.77,67.39,78.45,8.12,18.92,29.24,17.27,7.49,8.67,0.56,49.19,4.85,22.39,98.7,95.16,31.46,98.59,99.75,1.11,0.28,21.96,9.61,3.89,16.14,9.43,27.17,0.47,6.42,16.82,11.48,2.23,2.15,0.25,86157,105161,109550,120603,114789,98011,84473,80300,70819,53757,41265,89624,32432,22115,16615,10210,1147918,12037,82657,103344,114603,131695,127373,111471,99265,95071,85295,68035,54353,86739,43956,31736,26272,17459,24943,1304267,1228559,10509,29970,1188080,33298,166512,123001,127109,101424,1897448,135412,476165,136540,1762036,135598,340753,138832,1421283,33985,34579,34395,183462,440339,161310,103255,69059,1030965,784814,0,2452185,2452185,2106309,208505,134848,1762956,2427422,2424565,0.658,0.714,0.754,0.695,0.824,0.749,-3.7304512,-38.5217989
2010,310620,31,3106200,Belo Horizonte,76.37,1.33,12.95,15.15,38.15,94.33,84.33,8.67,9.87,1.12,0.85,2.87,0.62,2.99,0.68,3.45,65.27,69.13,72.59,19.96,18.93,21.3,14.77,11.93,6.11,102.29,111.62,77.13,83.26,56.19,88.72,92.97,50.54,62.44,25.93,34.67,96.71,87.8,38.97,20.27,85.17,89.22,93.68,97.33,97.63,94.97,22.64,1.83,13.56,5.52,1.51,1.01,90.01,89.2,65.35,76.59,85.6,70.15,67.17,52.84,62.19,54.16,60.95,52.6,22.93,332.5,532.5,899.67,1875.0,3316.67,0.6,0.79,1.94,3.8,8.78,13.89,27.04,48.33,2.85,65.0,8.64,17.87,35.0,71.85,22.38,15.04,1497.29,213.5,7236.63,433.33,690.65,1283.14,4865.0,1497.46,37.31,98.26,177.56,0.66,20.31,2.76,0.49,15.92,7.02,0.65,74.62,75.98,60.05,59.26,1.01,24.48,9.15,1.04,7.76,55.15,68.81,80.87,2034.94,63.37,4.82,29.69,72.33,70.87,86.18,6.9,28.35,34.7,12.94,6.07,6.92,0.55,57.44,6.75,11.91,99.7,98.33,17.01,99.46,99.97,0.15,0.15,17.92,14.83,2.37,13.29,4.37,19.7,0.28,4.53,11.03,4.8,1.01,1.02,0.03,67689,86338,90895,106240,110707,102211,84424,78564,75266,66370,52018,73647,39958,28991,21442,14504,1113513,14249,65522,85153,91815,112538,120055,111603,94405,90757,89662,81578,66901,71221,53230,40022,31962,23814,31400,1261638,1328728,8270,31709,1288749,26764,136639,101944,102893,79046,1922188,106485,400594,107820,1815703,116934,294109,122921,1521594,27168,27528,27738,151596,359151,205994,84990,53340,1038033,834073,0,2375151,2375151,2096677,171491,106805,1818380,2356435,2356178,0.702,0.755,0.81,0.737,0.856,0.841,-19.9227318,-43.9450948
2010,130260,13,1302603,MANAUS,74.54,2.06,14.24,15.2,47.41,96.68,89.15,3.88,9.51,2.79,1.38,3.78,1.13,4.0,1.37,4.76,60.17,65.74,66.29,20.28,19.88,23.75,19.55,14.38,9.96,104.12,114.12,75.17,55.55,39.71,85.17,89.26,37.95,43.28,15.59,13.11,94.09,83.59,38.15,20.59,73.97,79.19,85.57,90.41,94.16,91.45,30.79,4.56,27.49,9.3,1.58,1.09,83.69,83.15,51.23,61.63,76.12,67.93,65.76,38.76,48.47,49.57,46.87,49.86,10.97,180.0,300.0,486.67,850.0,1490.0,0.61,3.75,6.15,12.9,20.63,33.5,47.27,51.34,2.89,65.35,8.99,18.67,34.65,80.23,22.86,14.55,790.27,114.35,4057.61,240.72,382.49,631.4,2582.98,792.86,36.21,88.06,157.5,0.68,20.52,1.32,1.31,18.1,7.68,0.35,61.26,73.05,56.21,47.54,0.83,12.46,16.37,2.12,13.26,66.95,80.02,89.47,1454.02,57.59,6.2,22.87,63.16,68.56,74.89,11.59,28.08,33.39,20.52,10.7,12.73,0.49,50.76,7.09,18.87,89.65,83.55,50.19,98.29,99.63,6.45,2.94,18.43,26.03,5.84,14.01,8.17,25.2,1.11,9.77,20.34,11.28,3.26,1.64,0.37,82548,90583,85459,88051,89991,81086,67048,56625,45309,35802,25738,84622,17532,11484,7964,4894,879742,5006,79972,89948,90056,92632,95173,86810,71694,58283,47683,38942,28589,81289,20521,14158,10483,7254,8785,922272,849048,11194,24652,813203,33662,142248,106137,106570,95985,1289639,107661,355222,106588,1181978,101875,247561,101051,934417,32658,33454,32408,170364,385150,69905,89844,55010,669955,487566,9133,1802014,1792881,1474404,180531,107794,1186079,1793443,1787596,0.679,0.648,0.737,0.658,0.826,0.738,-3.1316333,-59.9825041
2010,410690,41,4106902,CURITIBA,76.3,1.58,11.91,13.58,37.98,94.69,85.96,7.54,10.95,0.88,0.6,2.13,0.47,2.22,0.51,2.56,75.46,78.03,81.17,12.08,11.24,14.52,12.46,10.73,4.32,100.59,106.4,84.78,64.99,58.71,88.11,90.58,53.96,50.02,28.6,39.48,96.41,84.54,40.46,19.36,83.62,88.57,94.44,98.42,97.57,94.07,16.16,1.52,19.58,4.44,4.14,3.31,89.06,89.24,71.63,79.25,86.13,73.96,71.58,57.79,64.51,57.35,62.46,55.95,25.95,424.0,675.0,1060.0,1994.25,3250.0,0.55,0.48,0.98,1.73,3.54,7.86,15.15,44.54,3.54,60.64,10.45,21.26,39.36,74.85,17.04,11.41,1581.04,279.87,7041.21,546.57,854.54,1430.78,4715.18,1581.33,38.85,91.73,182.34,0.55,20.29,4.13,0.8,16.97,5.83,0.36,74.49,79.65,63.15,53.68,1.24,27.32,12.98,1.45,7.6,46.23,63.95,78.97,2168.38,65.2,5.83,33.51,74.35,72.99,86.92,5.17,21.52,25.66,10.18,4.46,4.99,0.47,58.6,5.26,10.54,99.82,98.73,13.3,99.89,99.98,0.09,1.35,13.35,16.38,2.43,11.32,2.63,17.31,0.28,4.18,8.97,2.88,0.46,0.66,0.02,54642,66150,70051,78657,81266,75240,66109,61693,56039,48048,39047,57263,28967,19615,14126,9364,835115,8838,53277,63843,69461,79897,84484,79990,71894,68688,66648,58683,47963,54785,36826,26345,20330,15272,18406,916792,998790,7585,27108,964096,22238,103945,76845,78817,63883,1401324,81547,297995,82326,1319777,88798,216448,91602,1103329,21774,21934,21540,116109,274610,132165,63830,40474,744563,595238,0,1751907,1751907,1531838,130148,80886,1320804,1740948,1740627,0.74,0.782,0.823,0.768,0.855,0.85,-25.4295963,-49.2712724
2010,261160,26,2611606,RECIFE,74.5,1.35,15.56,12.54,41.0,96.43,89.01,8.14,9.53,3.05,2.4,7.13,2.18,7.44,2.84,8.49,59.87,63.24,72.21,21.14,21.9,20.69,18.99,14.86,7.1,107.33,115.92,83.61,94.39,43.71,89.01,92.12,45.68,63.59,19.82,35.56,96.26,87.39,38.94,18.58,90.91,92.65,95.26,96.17,97.05,94.48,28.16,3.52,24.59,8.26,2.39,1.55,86.1,87.06,58.51,69.05,78.36,66.35,63.94,46.66,54.15,50.38,54.26,49.62,19.11,176.5,317.14,518.67,1250.0,2525.0,0.68,4.77,8.98,13.2,24.15,32.91,51.22,56.83,1.91,72.53,6.19,13.46,27.47,67.34,36.74,23.53,1144.26,109.26,6503.22,244.75,415.89,801.93,4165.13,1145.56,36.17,82.63,153.35,0.91,19.97,2.78,0.66,19.36,5.65,0.13,64.69,74.02,59.14,59.59,1.45,22.66,6.6,1.13,17.24,66.07,75.63,84.02,1754.41,56.82,3.93,20.02,63.6,64.78,79.56,12.93,36.93,46.31,26.1,12.11,13.96,0.68,51.19,7.43,17.74,97.45,93.42,25.78,97.67,99.92,2.52,1.38,22.68,9.09,2.95,16.67,9.87,26.79,0.6,6.28,13.47,12.63,1.71,2.7,0.08,49129,60882,62620,67534,66963,60573,54799,51214,46608,39488,29759,53570,23054,15661,11768,7586,709819,8611,47717,59217,62954,72360,74189,69801,64814,61179,57606,50280,41317,51407,33517,25268,21142,14775,20342,827885,759234,4720,14898,739616,19132,95330,70865,71816,57632,1214873,75260,265253,75194,1139613,76907,189993,79608,949620,20015,20415,20061,109164,254935,125099,59172,37525,668996,533805,0,1537704,1537704,1336198,120099,74398,1141700,1524313,1522583,0.664,0.716,0.772,0.698,0.825,0.798,-8.0641931,-34.8781517
2010,431490,43,4314902,PORTO ALEGRE,76.42,1.54,11.6,13.09,41.29,95.14,85.99,10.47,9.76,1.37,1.06,2.27,0.83,2.34,0.88,2.6,61.85,65.5,72.13,19.59,19.63,21.26,18.56,14.86,6.6,101.07,110.81,73.58,47.13,64.55,88.12,92.0,44.02,38.74,25.26,30.52,96.55,84.12,39.68,22.28,60.19,70.21,77.71,90.63,96.63,93.36,26.66,2.57,6.34,5.49,2.3,2.17,86.84,87.66,59.3,70.74,82.26,74.78,73.47,48.18,56.9,57.63,54.76,57.76,25.93,350.0,627.75,1100.0,2265.0,3900.0,0.6,0.92,2.56,3.82,9.7,12.51,27.68,47.74,2.52,64.31,8.07,17.67,35.69,69.78,23.68,15.97,1758.27,221.59,8394.81,487.45,844.62,1584.11,5660.55,1758.86,38.73,93.25,170.73,0.69,21.62,3.76,0.72,15.99,5.98,0.1,73.48,80.76,64.53,63.04,1.13,27.81,6.25,1.13,8.66,48.98,63.6,76.78,2349.73,62.02,3.98,28.96,70.96,69.24,85.47,5.78,33.85,28.07,12.14,5.12,6.34,0.56,53.16,7.42,13.08,99.55,97.39,19.0,99.64,99.91,0.38,2.52,18.31,39.81,3.37,12.95,4.51,17.34,0.14,5.86,12.53,4.93,0.59,0.77,0.09,39861,51116,51764,58136,63349,56102,46478,42663,44652,41653,34732,43296,26832,19073,14032,9998,653787,10050,38765,49744,51648,59809,66970,61131,50968,49677,54809,52697,45948,41487,37468,28251,22920,18627,24645,755564,772955,4019,17353,751582,16236,79745,59187,59879,46435,1144434,60897,221205,60414,1083537,64994,160308,67464,923229,15903,16255,16337,89493,210274,147536,49697,30261,625235,513855,0,1409351,1409351,1246317,100860,59918,1085538,1394270,1393799,0.748,0.68,0.805,0.702,0.857,0.867,-30.0324999,-51.2303767
2010,150140,15,1501402,BELÉM,74.33,1.69,16.06,17.25,42.06,96.37,88.81,6.3,9.64,2.53,1.45,3.33,1.22,3.47,1.45,3.99,57.05,61.32,68.58,20.46,21.01,22.58,22.49,17.67,8.84,107.88,113.89,91.47,81.66,37.17,88.32,91.54,41.53,59.37,16.45,22.24,96.27,87.24,40.26,17.31,83.73,86.97,91.29,93.51,96.13,93.74,31.78,3.9,20.2,11.79,2.28,1.74,82.31,85.05,52.6,64.66,78.67,69.19,67.0,39.48,49.78,49.35,47.65,49.25,14.33,182.0,305.78,503.0,996.67,1836.33,0.61,3.54,6.22,13.04,21.36,33.26,47.63,50.86,2.71,66.47,8.4,17.64,33.53,75.58,24.21,15.58,853.82,115.87,4342.61,242.84,394.4,678.5,2794.45,856.28,37.72,90.72,158.7,0.69,26.32,1.58,1.62,23.09,7.49,0.25,54.58,74.16,55.57,54.16,0.97,16.65,5.48,1.8,19.06,68.23,79.24,87.85,1460.93,56.15,4.95,17.12,56.82,65.26,74.03,10.74,26.68,32.3,23.23,10.17,12.65,0.57,40.69,9.02,21.12,96.09,86.84,43.19,97.15,99.76,4.73,2.51,16.61,16.27,3.87,12.52,7.28,25.76,0.53,6.73,12.57,12.52,1.78,2.44,0.24,51052,60184,61146,64563,65008,58501,51690,45575,38334,32399,24496,53835,18261,12987,9263,5785,659008,5929,48442,59377,64894,70842,72408,65881,58326,51648,44291,38479,30212,51887,23924,17983,13740,9713,12344,734391,667049,5915,12854,648280,19853,95007,70108,71947,59561,1068622,75731,261445,76555,992891,76491,185714,77552,807177,20080,20527,20026,109749,255480,87744,59377,38803,574685,438949,11924,1393399,1381475,1188026,119561,75070,993395,1385193,1381212,0.692,0.664,0.746,0.673,0.822,0.751,-1.45056,-48.4682453
2010,520870,52,5208707,GOIÂNIA,75.28,1.42,13.11,14.97,37.17,93.84,83.88,6.31,10.08,1.42,0.79,3.29,0.63,3.46,0.87,4.1,70.8,73.42,77.58,17.65,17.18,18.08,11.55,9.4,4.34,98.52,104.86,81.99,56.86,53.34,86.61,89.79,53.3,44.37,27.94,18.73,96.26,86.57,40.26,16.89,67.24,74.79,83.22,90.26,96.35,93.64,17.06,1.64,14.85,5.12,3.06,3.98,88.42,87.88,72.2,79.82,86.15,71.44,68.11,56.98,63.25,54.34,63.36,52.32,20.67,339.71,533.33,849.09,1597.5,2750.0,0.58,0.54,1.02,3.09,6.5,12.7,23.34,47.42,3.34,63.06,9.84,19.89,36.94,77.47,19.28,12.78,1348.55,224.97,6395.35,438.44,677.79,1149.26,4237.88,1348.7,37.33,101.95,183.83,0.6,24.34,3.69,1.44,20.21,6.69,0.1,63.1,75.84,58.62,50.82,1.04,21.21,13.31,1.54,7.89,55.83,71.31,83.29,1908.95,66.45,8.36,35.66,73.82,74.5,85.82,5.68,21.28,21.68,10.49,4.98,5.96,0.53,45.92,8.22,16.57,99.49,95.44,15.71,99.92,99.96,1.56,0.16,15.65,32.76,3.65,12.68,3.59,20.41,0.51,4.98,10.46,3.72,0.86,0.89,0.04,42933,50019,55171,64221,64092,58341,49000,43686,38572,32488,25325,44189,18723,12997,9459,5804,620857,5837,41532,49326,56556,67610,68361,63089,53809,49936,45628,39301,31492,42642,23737,16597,12904,8791,9833,681144,751201,8309,23225,719667,17291,79443,58528,60369,49818,1030989,64562,243481,66389,966427,72395,178919,75103,787508,17319,17170,17206,89480,211442,82193,49301,32512,547460,423327,4925,1302001,1297076,1130523,99428,65131,965963,1297161,1297017,0.714,0.752,0.799,0.739,0.838,0.824,-16.680882,-49.2532691
2010,351880,35,3518800,GUARULHOS,74.83,1.68,13.34,15.47,42.13,94.06,82.33,5.2,10.15,1.92,1.26,4.1,0.97,4.31,1.22,5.02,74.36,77.37,77.88,14.68,13.52,17.77,10.97,9.11,4.34,101.22,107.87,81.22,75.79,32.37,87.02,90.17,53.34,61.69,14.2,31.05,96.29,87.0,29.73,15.63,86.34,89.86,94.48,97.14,97.08,94.57,16.27,2.33,14.47,4.47,2.64,0.96,88.6,86.16,71.48,78.78,82.39,63.85,59.87,48.96,55.15,43.53,54.28,41.03,11.21,253.33,422.5,632.5,1031.5,1601.43,0.51,1.95,3.36,6.5,11.36,20.63,33.01,40.65,3.97,55.92,12.05,24.59,44.08,81.18,13.49,9.26,829.91,164.85,3373.56,335.35,520.03,808.98,2316.67,830.29,35.01,89.17,169.16,0.47,17.44,1.51,0.35,14.85,6.11,0.09,71.34,71.23,51.22,49.95,1.06,13.66,18.05,1.45,11.46,61.54,78.15,89.68,1403.12,61.21,5.21,33.05,75.18,70.53,80.87,10.4,37.42,39.97,17.02,9.13,10.28,0.36,61.67,3.07,15.45,99.05,96.18,40.47,99.69,99.91,0.56,1.39,17.42,13.66,2.92,14.86,5.32,24.96,0.54,5.24,16.01,7.06,1.66,0.92,0.09,45627,56147,52067,55830,56313,52763,48030,44291,36673,30694,24026,49370,16924,10918,7379,4261,595043,3730,44079,55415,51801,55222,58231,56093,50938,46970,40797,35020,27113,47883,19877,13672,9941,6681,7203,626936,633058,5813,20738,606507,17600,88094,66517,65779,53334,922311,63563,214691,61689,858748,61514,151128,63258,707620,18685,19327,18622,101178,232256,63556,55349,31857,478939,372034,0,1221979,1221979,1034230,111562,62749,859919,1213492,1212934,0.639,0.759,0.763,0.717,0.831,0.746,-23.4430602,-46.524459
2010,350950,35,3509502,CAMPINAS,76.59,1.63,11.81,13.7,38.41,95.17,85.3,8.47,10.1,1.44,0.94,3.26,0.8,3.4,0.94,3.89,72.41,75.32,79.49,15.08,14.48,15.3,12.51,10.2,5.21,100.21,108.01,79.1,75.82,48.63,85.69,89.4,53.07,59.53,21.46,41.17,95.83,85.27,34.26,18.32,86.63,89.42,93.61,94.57,95.95,93.07,17.01,2.27,8.58,4.25,2.06,1.23,87.2,85.61,69.52,75.83,83.04,67.71,64.84,53.2,59.8,50.47,59.55,48.72,21.31,360.0,598.33,942.0,1797.5,3000.5,0.56,1.06,2.3,3.16,6.75,11.39,21.85,44.13,3.34,60.74,10.17,20.89,39.26,77.1,17.36,11.9,1390.83,232.33,6137.8,474.71,745.83,1277.21,4207.44,1391.53,34.62,86.8,173.15,0.56,17.26,2.72,1.13,14.74,5.96,0.16,77.69,75.29,57.98,53.43,0.96,23.92,12.07,1.38,6.98,48.94,66.17,80.49,2052.99,61.53,4.86,31.31,71.31,68.73,82.65,7.01,30.66,29.25,13.18,6.25,7.0,0.45,64.66,3.65,10.67,99.42,97.3,22.07,99.81,99.98,0.32,0.55,16.94,13.37,4.05,14.59,3.64,21.66,0.54,3.97,10.72,4.92,0.65,0.83,0.02,32541,39891,41344,48225,51178,47315,40812,37955,34630,31354,25295,33570,19059,13766,10457,6832,520865,6641,31330,38690,40346,48593,52883,49301,43304,41355,38876,35795,29515,32214,23211,16986,13743,10260,12846,559248,584513,3818,15236,565459,13107,62795,46689,47698,38130,871747,48247,178471,48202,823500,51870,130224,54080,693276,12621,12986,12857,68563,163686,91518,38685,23834,456957,368035,18573,1080113,1061540,949924,78581,48664,822680,1071983,1071443,0.677,0.759,0.805,0.731,0.86,0.829,-22.90556,-47.06083
2010,211130,21,2111300,SÃO LUÍS,73.76,1.75,18.1,19.76,40.67,95.55,87.61,5.19,9.84,2.37,1.35,4.65,1.27,4.92,1.85,5.92,64.67,68.34,71.7,19.03,18.12,22.18,16.31,13.54,6.13,109.53,114.67,95.8,90.58,33.11,89.97,93.07,54.79,63.77,16.21,27.69,96.25,88.78,32.68,15.22,93.27,93.99,96.02,95.57,96.77,94.59,22.49,2.32,25.29,8.48,1.65,1.12,88.14,89.52,67.2,77.23,84.47,73.45,70.41,53.07,60.6,56.05,61.04,54.79,13.73,173.0,291.25,495.0,932.5,1702.0,0.61,4.53,7.34,13.81,22.33,35.27,50.43,50.83,2.68,66.09,8.45,17.8,33.91,77.55,24.07,15.65,805.36,107.77,4093.69,232.41,376.78,648.45,2661.84,811.56,30.97,84.58,156.24,0.69,21.08,1.4,1.83,19.55,10.39,0.86,56.81,78.07,61.64,53.39,0.77,15.54,5.8,2.39,19.17,69.78,80.27,88.62,1392.66,58.54,4.75,16.95,61.03,68.4,76.32,12.48,22.15,35.1,25.52,11.96,14.87,0.54,44.72,7.77,23.06,83.18,81.26,36.37,92.95,99.89,7.43,2.89,14.07,6.73,3.23,10.52,6.47,21.49,0.39,4.65,11.59,13.65,2.78,2.36,0.11,38195,44134,46046,54277,50864,42102,35023,30731,25430,20986,16050,38897,11130,7969,5705,3685,474995,3771,37296,44400,50795,60531,58266,49913,42562,37623,31003,25166,19031,37545,14180,10507,8167,5567,7290,539842,505183,4203,9458,491523,15259,70317,51776,53399,45562,773380,57197,211391,58471,716183,60680,154194,63416,561989,14668,15134,14690,79519,187824,52655,44399,29900,420597,309273,56315,1014837,958522,862993,88534,55808,718651,1005101,997424,0.735,0.761,0.768,0.752,0.813,0.741,-2.5634605,-44.2448718
2010,330490,33,3304904,SÃO GONÇALO,74.96,1.49,14.55,16.37,40.16,92.57,82.29,7.97,9.08,1.39,1.02,3.58,0.82,3.74,0.94,4.25,56.13,59.41,70.33,22.6,23.21,22.8,21.27,17.38,6.87,104.59,114.52,76.66,82.33,28.65,88.1,91.35,43.47,62.51,12.72,27.62,96.26,87.81,30.81,14.17,85.86,88.73,92.14,94.44,96.71,94.37,30.18,3.44,18.44,7.23,1.88,0.84,85.02,85.62,57.28,68.27,80.45,64.51,61.72,45.52,54.32,43.39,54.15,41.49,7.12,254.4,400.0,572.5,900.0,1277.5,0.43,1.55,3.08,6.19,11.5,21.16,34.53,33.21,4.91,49.28,14.66,29.3,50.72,76.13,9.06,6.74,669.3,164.3,2223.0,326.17,489.97,716.88,1653.68,670.6,30.73,93.22,174.06,0.33,18.87,1.07,0.75,18.63,8.48,0.37,67.91,71.67,51.03,53.75,1.05,8.89,9.94,1.3,10.76,68.47,84.02,93.78,1101.04,57.21,4.23,18.41,65.44,65.52,78.19,10.58,37.72,36.8,21.47,9.92,13.22,0.27,57.7,4.65,16.84,92.75,91.75,31.02,93.71,99.97,3.6,0.34,18.7,14.14,3.29,17.14,6.12,26.47,0.46,5.67,10.41,8.05,2.33,1.45,0.03,29560,41654,38604,38853,41225,41775,37441,35406,34302,29077,23905,33388,17958,12630,9111,5483,475264,4892,29100,40118,39555,41640,44749,45102,41066,39700,37915,34146,28289,32874,22555,16467,12773,8909,9506,524464,500395,3460,8809,488127,11242,64505,48478,48372,34977,791805,47546,158379,46420,744259,46700,110833,47396,633426,12353,12759,12770,70489,167220,79651,40034,23855,421729,340673,729,999728,998999,874678,81772,47848,745058,996948,995011,0.645,0.7,0.739,0.681,0.833,0.711,-22.8219014,-43.0309252
2010,270430,27,2704302,MACEIÓ,72.94,1.77,22.02,24.01,43.98,95.13,86.61,5.54,9.43,5.89,3.62,11.86,4.07,12.51,6.38,14.43,58.82,64.02,71.65,18.74,19.49,20.91,22.44,16.49,7.44,104.69,116.39,71.21,83.17,39.35,88.22,91.24,38.98,58.2,18.51,25.05,94.98,84.09,37.58,16.89,81.69,84.6,87.01,90.53,95.03,92.2,35.31,4.73,20.42,8.12,1.85,1.56,83.8,86.04,49.7,59.4,72.19,59.1,56.13,42.62,49.05,43.16,49.49,41.83,14.24,166.67,263.33,455.0,903.33,1701.25,0.63,5.29,9.8,15.57,27.1,39.1,57.31,52.13,2.54,67.44,7.94,16.77,32.56,72.36,26.28,17.0,792.54,100.48,4131.46,213.99,350.11,625.73,2673.37,795.41,37.17,85.19,154.62,0.74,20.24,1.83,1.53,19.37,8.03,0.2,61.18,65.91,50.35,55.78,1.07,16.83,6.49,1.49,19.47,71.7,80.78,88.64,1363.21,56.82,4.94,23.96,64.26,66.23,77.11,12.61,23.8,42.98,27.03,11.63,13.47,0.57,47.07,8.26,21.44,80.17,94.91,28.3,97.74,99.9,2.32,1.36,31.96,18.31,4.97,23.79,15.81,32.11,0.64,9.4,18.0,14.11,2.95,2.31,0.1,36162,43250,41221,41415,40444,37559,33506,30201,25629,20886,15927,38815,11637,7815,5463,3210,436492,3352,35219,42320,42660,45979,46705,44246,40227,36722,30983,25676,20630,37279,15596,10966,8256,5669,7123,496256,445776,4211,12234,429331,14101,68164,50487,51543,42298,697679,51058,170768,49980,646621,49002,119710,49613,526911,14783,14852,14963,78261,181104,51664,42220,25735,380375,291975,619,932748,932129,784570,85274,51055,648241,924611,921284,0.591,0.658,0.721,0.635,0.799,0.739,-9.6476843,-35.7339264
2010,330170,33,3301702,DUQUE DE CAXIAS,75.0,1.73,14.07,15.83,44.2,92.51,82.17,6.61,9.02,2.11,1.3,4.99,1.33,5.28,1.54,6.07,53.89,57.96,64.19,22.81,23.13,26.22,23.3,18.91,9.6,104.36,116.26,70.19,63.91,19.71,87.29,91.1,38.84,46.94,8.85,21.89,95.57,84.62,28.37,13.92,74.58,80.54,87.38,92.85,96.09,93.13,31.97,4.07,23.15,7.66,1.93,0.7,81.04,82.87,51.33,63.77,75.69,58.41,54.92,38.3,46.16,35.28,45.04,33.09,5.5,204.0,340.0,508.67,798.0,1166.67,0.46,2.83,5.44,9.88,18.19,28.43,44.5,34.63,4.52,50.93,13.86,28.17,49.07,77.66,9.99,7.31,592.81,134.11,2052.82,276.78,424.02,619.55,1502.03,593.91,34.97,90.01,164.64,0.38,19.38,1.18,0.55,17.52,9.64,0.82,65.09,65.64,42.37,50.43,1.73,7.05,12.72,1.41,13.0,70.53,85.86,94.61,1045.02,55.5,4.05,21.08,65.04,65.01,75.96,11.5,33.1,30.2,21.85,10.86,11.75,0.27,56.34,3.33,18.69,94.78,88.87,39.91,95.44,99.95,3.23,0.85,25.75,25.42,3.91,21.81,9.75,30.95,0.33,6.69,21.0,10.45,3.45,1.79,0.05,29804,40627,37801,35754,34992,34254,30657,29762,26506,23178,17989,33496,13137,9185,6529,3980,411074,3423,29264,39845,37179,36831,37344,37575,33811,32250,29504,26650,21276,32520,16518,11710,9124,6080,6493,443974,405087,3257,9757,392074,11664,63789,47984,47904,35298,649470,46453,147559,44594,603017,43361,101106,43899,501911,12106,12815,12784,69884,165187,56524,39845,23001,342337,268328,2910,855048,852138,729834,80472,46285,603077,853747,852154,0.584,0.645,0.711,0.624,0.833,0.692,-22.7896225,-43.309929
2010,221100,22,2211001,TERESINA,74.22,1.42,16.13,17.49,41.23,96.09,88.42,5.66,10.36,2.21,1.6,9.1,1.97,9.66,3.5,11.65,65.51,71.14,66.86,18.74,17.25,24.85,15.76,11.61,8.29,113.08,114.79,108.34,85.73,43.42,91.93,94.46,53.31,59.33,22.22,29.52,97.23,89.32,43.35,19.52,95.96,96.51,97.54,97.63,97.82,95.56,26.31,2.98,20.96,11.81,1.93,2.15,90.15,91.15,62.94,74.03,81.08,64.21,59.84,46.22,53.7,45.78,54.22,43.73,14.06,169.6,271.5,453.33,850.0,1605.0,0.61,4.44,7.57,14.6,24.11,37.83,55.26,51.06,2.77,66.09,8.52,17.9,33.91,76.06,23.96,15.51,757.57,105.09,3867.87,217.71,355.31,606.25,2503.54,759.39,36.9,88.65,157.2,0.69,20.84,1.48,3.36,20.45,8.91,0.1,57.45,68.98,51.17,55.22,1.02,15.94,7.62,2.52,21.69,72.97,82.9,90.28,1265.87,59.01,5.04,20.13,61.69,68.47,77.26,10.17,25.63,37.93,21.62,9.42,11.16,0.57,44.01,8.55,23.12,96.22,91.74,28.47,95.41,99.89,2.23,4.54,21.58,4.04,2.18,15.51,9.87,27.85,0.26,6.0,14.76,11.57,1.47,2.59,0.11,30211,35817,36010,41680,38799,33675,27463,24034,21350,17796,13980,31218,10087,6800,4985,3117,380612,3590,28900,35170,38170,46282,44094,39688,33281,30346,26964,22578,17380,30222,12872,9001,7069,5044,6557,433618,409603,3545,8748,397309,11829,56561,42073,42975,34979,621498,43147,161841,43982,578351,47651,118694,49900,459657,12165,11937,11755,63649,149073,46113,35100,22062,338808,254483,46673,814230,767557,694147,70405,43467,580276,806168,804229,0.642,0.742,0.751,0.707,0.82,0.731,-5.0896403,-42.809588
2010,240810,24,2408102,NATAL,75.08,1.58,14.35,15.39,40.87,96.78,89.9,7.02,9.85,4.51,2.87,8.33,2.59,8.73,3.51,10.15,61.86,66.52,70.76,19.46,19.36,21.82,18.69,14.11,7.42,106.11,114.48,84.25,78.37,43.51,88.42,91.65,44.69,53.25,21.24,29.08,95.65,84.92,38.77,18.86,88.39,90.4,92.81,94.4,96.34,93.18,28.61,2.88,26.41,8.12,2.57,1.68,87.76,88.82,56.46,68.02,79.9,65.89,62.64,47.8,56.33,49.34,54.63,47.72,14.87,200.67,340.0,540.0,1100.0,2020.0,0.61,2.92,5.91,10.5,19.91,29.16,46.88,50.53,2.72,66.17,8.43,17.73,33.83,71.63,23.97,15.74,950.34,129.33,4802.25,271.33,442.03,764.76,3152.94,950.68,37.76,90.42,161.87,0.7,18.82,2.22,0.88,20.11,6.8,0.57,67.02,72.62,56.58,56.05,1.25,16.72,9.63,1.26,15.66,69.0,79.11,87.77,1486.75,58.26,3.84,22.42,67.41,67.0,78.67,10.63,31.42,36.21,21.84,9.87,11.49,0.57,53.27,8.12,16.58,98.91,97.54,26.83,98.82,99.84,0.98,0.36,21.16,11.61,3.66,15.65,8.9,26.08,0.03,5.99,13.05,10.14,1.59,1.74,0.16,27129,33517,35245,39654,37784,32061,27117,26524,23966,19155,14336,28348,11647,7639,5635,3578,377947,4612,25825,32650,35823,42264,40836,35638,31417,31400,29361,23762,18578,27410,15687,10982,8876,6070,9213,425792,405162,2538,9537,393088,10564,52799,38977,39947,31409,627557,42908,152592,42517,584649,42959,109684,45324,474965,10918,11286,10749,57700,139307,56441,66091,42908,627557,474965,0,803739,803739,695411,66167,42529,586715,797986,797696,0.659,0.712,0.763,0.694,0.835,0.768,-5.805398,-35.2080905
2010,330350,33,3303500,NOVA IGUAÇU,74.08,1.8,15.35,17.27,44.76,92.93,81.73,6.96,9.25,2.45,1.47,4.63,1.21,4.89,1.45,5.61,55.45,60.28,63.59,22.91,23.07,28.29,21.64,16.65,8.12,104.17,114.88,73.9,69.71,20.45,87.94,91.34,39.58,52.24,9.35,16.98,96.78,87.25,29.58,13.31,78.8,83.35,88.39,91.68,96.22,93.88,32.94,3.56,22.91,8.65,2.06,0.67,83.91,86.7,53.25,64.91,77.4,60.37,57.03,38.81,46.91,37.85,46.21,36.07,6.5,199.14,327.5,500.0,766.67,1157.14,0.48,3.38,6.45,10.56,19.29,30.43,47.03,36.87,4.23,52.75,12.98,26.73,47.25,74.95,11.36,8.12,591.0,124.86,2179.17,258.74,406.38,606.33,1557.94,592.1,35.14,86.97,162.93,0.41,20.91,1.05,0.84,17.9,10.47,0.41,61.64,67.4,45.07,52.95,1.17,8.53,8.51,1.79,14.77,72.64,86.54,94.75,1023.85,53.91,4.57,19.53,62.08,63.26,74.66,11.46,30.15,34.74,21.86,10.71,12.97,0.28,51.43,4.76,20.62,96.48,91.29,39.45,95.39,99.9,2.65,0.3,22.75,21.2,3.78,19.41,8.65,30.63,0.31,6.59,17.63,11.36,4.87,1.84,0.1,27268,38125,35619,32184,32068,31281,28510,27678,24533,21414,16546,31110,12851,8859,6404,3926,381750,3374,26482,37296,35642,33070,34047,34069,31556,30437,27969,24627,20166,30434,15768,11580,8812,6071,6481,414507,367315,3445,8666,355204,10605,59971,44974,45219,31863,605017,44445,136419,42339,560572,40230,91974,40062,468598,11251,11712,11885,65184,155538,55432,37263,22216,320019,251346,8694,796257,787563,681292,75421,44367,561504,795259,793785,0.604,0.661,0.713,0.641,0.818,0.691,-22.7592175,-43.4508728
2010,500270,50,5002704,CAMPO GRANDE,75.62,1.84,16.48,19.89,41.47,93.59,83.86,6.7,10.93,1.05,0.71,3.92,0.74,4.16,0.98,4.91,72.11,77.69,73.11,14.99,13.37,18.12,12.9,8.94,8.77,103.03,112.47,78.74,53.0,42.99,89.52,92.79,50.41,43.28,20.6,29.81,97.59,83.22,32.45,16.05,80.81,86.19,95.14,97.56,97.96,93.83,22.39,2.01,24.8,5.29,3.24,3.08,91.37,91.44,65.13,73.67,81.71,66.69,63.39,50.55,57.61,49.57,58.75,47.81,17.22,284.0,482.0,700.0,1295.0,2204.0,0.56,0.99,1.81,4.59,9.32,17.26,29.83,46.6,3.49,61.75,10.41,21.04,38.25,79.03,17.91,11.85,1089.37,189.92,5076.52,376.84,579.18,937.72,3358.65,1090.0,35.28,95.66,177.1,0.57,21.91,3.34,3.2,19.14,9.47,0.08,63.29,72.36,55.22,54.63,0.98,18.45,7.83,1.89,11.16,61.85,75.47,86.07,1672.34,64.84,6.24,35.29,75.83,73.75,85.25,6.8,23.25,27.5,13.45,5.89,6.87,0.51,46.36,9.87,16.9,99.3,97.21,20.7,99.8,99.9,1.22,0.66,18.86,19.19,2.04,15.78,5.68,23.88,0.3,6.74,11.7,5.08,0.89,1.06,0.1,29074,32845,35337,37134,36008,32463,28755,26397,24015,20165,15841,28829,11651,8329,6257,4025,381333,4208,27887,31843,35218,36719,37004,34940,31480,29231,28141,23114,18584,27542,13858,10170,8003,5493,6237,405464,436830,4039,15042,417749,11661,51679,38072,39426,33657,607906,42202,144137,42004,565704,42687,101935,43243,463769,11466,11320,11090,57761,137823,52691,31771,21074,317768,245977,10555,786797,776242,673730,64688,42622,566420,777917,777466,0.667,0.755,0.784,0.724,0.844,0.79,-20.4640173,-54.6162947
2010,354870,35,3548708,SÃO BERNARDO DO CAMPO,76.65,1.5,12.84,14.39,37.55,95.39,85.91,6.56,10.22,1.07,0.77,3.04,0.72,3.18,0.86,3.65,73.38,75.41,80.74,15.49,15.13,15.73,11.13,9.46,3.53,100.41,105.55,85.75,97.53,46.96,88.32,90.39,57.33,77.56,20.11,35.28,96.57,89.13,33.08,18.71,92.76,94.49,96.9,98.06,97.59,95.4,16.14,1.61,10.35,4.9,3.14,1.61,88.42,86.28,71.86,79.67,85.72,70.23,67.22,54.57,62.03,52.19,61.58,50.28,19.21,333.33,554.5,871.67,1510.0,2487.0,0.54,0.99,1.91,3.54,7.11,13.22,23.93,42.7,3.57,58.49,10.93,22.48,41.51,78.25,15.63,10.71,1212.65,216.55,5177.68,446.14,700.06,1154.15,3549.0,1213.07,38.53,90.17,175.06,0.52,16.68,2.46,0.53,14.27,5.14,0.05,74.59,78.08,60.97,46.32,0.64,22.38,19.08,1.27,8.75,51.36,67.59,82.23,1873.7,62.46,4.57,30.43,77.88,70.38,83.79,8.75,39.76,35.4,15.15,7.84,8.62,0.43,63.63,2.91,13.33,99.13,96.35,27.51,99.87,99.98,0.68,1.21,12.78,7.24,2.41,11.19,2.93,20.84,0.62,4.1,11.0,4.95,0.9,0.83,0.02,24952,29707,30036,34307,35508,33323,29733,28057,25432,21845,17518,25868,12549,8567,5795,3395,369626,3034,24257,29167,29703,33868,37068,35922,32614,30181,28768,24806,20108,24794,15074,10298,7730,5323,6156,395837,415619,2690,10628,402302,9840,47166,35428,35318,29347,606198,35347,127783,35476,570851,37434,92436,38804,478415,9961,9990,9759,52240,123009,50235,29121,17587,317352,253848,12805,765463,752658,665428,58874,34926,571628,761343,761075,0.702,0.779,0.805,0.752,0.861,0.807,-23.7080345,-46.5506747
2010,250750,25,2507507,JOÃO PESSOA,74.89,1.49,16.44,13.25,41.06,96.65,89.79,6.96,9.87,2.54,1.97,8.11,2.09,8.54,3.36,9.98,62.86,66.88,73.77,18.65,18.68,19.59,18.49,14.44,6.63,106.33,116.98,78.15,81.84,48.58,88.05,91.82,44.41,58.14,23.0,28.41,96.44,85.29,42.06,22.61,84.53,88.26,92.59,96.22,96.93,93.74,27.11,4.14,19.32,7.17,2.48,2.82,85.46,87.07,57.48,67.18,78.8,66.25,63.49,47.88,56.15,51.04,55.2,49.91,18.61,195.0,338.4,550.0,1140.67,2100.0,0.62,3.48,6.31,11.59,20.15,30.3,46.05,50.57,2.54,66.55,7.97,17.04,33.45,73.21,25.37,16.7,964.82,122.35,4879.21,262.23,437.45,791.61,3210.6,965.23,38.56,89.53,158.62,0.72,18.4,2.17,0.86,18.03,7.28,0.12,63.26,72.78,58.19,57.11,1.57,21.08,7.11,1.48,17.56,67.74,78.35,86.89,1559.91,57.56,4.11,20.18,61.27,66.03,78.38,10.33,28.16,39.77,23.69,9.57,11.39,0.61,45.54,11.78,20.91,99.51,97.15,22.22,99.24,99.96,1.22,0.72,23.68,15.47,3.07,17.1,10.39,26.0,0.25,8.09,13.0,10.66,1.34,2.1,0.04,25461,29086,30592,33683,33549,29803,24961,23728,21330,16888,13015,26685,10212,6953,5083,3083,337783,3671,24833,28364,31522,36775,37240,33751,29603,28604,25642,20885,17153,25727,13872,10063,8298,5556,7844,385732,356977,2352,7546,347079,10328,45630,33692,34343,29913,562733,36828,132480,37437,525905,38309,95652,39362,430253,10020,10475,10371,53678,123937,50338,28349,18541,306427,238174,2730,723515,720785,620173,57175,37396,525602,713290,712984,0.663,0.709,0.763,0.693,0.832,0.77,-7.1215981,-34.882028
2010,354780,35,3547809,SANTO ANDRÉ,76.66,1.41,12.58,14.1,39.48,95.36,85.81,9.31,10.69,1.21,0.9,2.78,0.73,2.88,0.83,3.26,77.92,80.9,82.5,12.81,11.62,14.24,9.27,7.48,3.26,101.11,106.37,86.24,72.31,52.54,88.64,91.0,60.15,58.82,25.92,30.66,96.83,90.57,37.96,18.39,85.18,88.73,93.05,95.85,97.41,95.63,15.26,1.35,14.43,4.17,2.32,1.1,90.88,87.71,76.81,83.82,89.21,70.72,67.43,60.11,69.01,54.35,67.98,51.75,20.14,374.0,615.0,985.71,1666.4,2605.0,0.53,0.78,1.82,3.24,7.46,11.77,23.71,41.94,3.57,57.59,11.08,23.04,42.41,74.59,15.14,10.36,1304.31,232.72,5470.08,490.02,779.83,1263.0,3743.22,1304.42,35.48,94.61,174.84,0.51,18.15,2.72,0.28,15.96,5.28,0.15,74.03,80.37,64.64,46.62,0.94,24.59,19.74,1.15,8.07,49.79,65.44,80.68,1947.56,61.5,5.54,33.9,79.31,68.18,85.98,8.5,32.22,34.83,14.66,7.59,8.63,0.43,61.78,3.09,13.3,98.18,98.18,25.53,99.89,99.99,0.23,1.47,14.15,14.82,2.59,11.92,3.24,22.13,0.39,3.57,9.21,4.21,0.7,0.85,0.01,20138,24218,25040,28838,30191,27569,25086,24115,23187,20288,16821,20982,12657,8974,7154,4700,324458,4500,19164,23613,24500,28534,30630,29217,27268,26225,25775,23436,19707,20349,15803,11869,9908,7131,8820,351949,366055,2648,9726,353681,7777,38198,28631,28680,23353,546963,28968,106717,29196,517995,31436,77749,32594,440246,8067,8156,8064,42560,99933,62963,23537,14335,288304,235370,0,676407,676407,595250,47831,28688,518731,674948,674891,0.707,0.802,0.815,0.769,0.861,0.819,-23.6573395,-46.5322504
2010,353440,35,3534401,OSASCO,75.42,1.75,13.36,15.5,39.97,94.53,83.58,6.37,10.09,1.78,1.19,3.48,0.99,3.64,1.06,4.18,74.01,76.51,81.89,14.24,13.36,15.13,11.75,10.13,2.98,104.25,109.21,89.6,79.94,43.94,85.35,88.82,51.52,66.46,19.56,28.82,94.68,86.36,35.67,20.09,86.88,90.15,94.75,96.37,96.0,93.56,16.75,2.65,10.4,5.71,2.32,1.36,85.14,84.09,70.02,78.84,83.65,64.81,60.95,52.23,57.26,44.74,58.56,42.17,14.19,299.14,497.5,747.25,1250.0,1900.0,0.53,1.5,3.07,4.8,9.42,16.13,27.15,42.21,3.76,57.56,11.41,23.38,42.44,79.82,14.79,10.16,1003.4,188.86,4235.07,383.72,600.49,955.9,2907.49,1004.0,30.82,86.32,170.9,0.51,16.08,1.28,0.2,15.57,5.73,0.01,74.61,72.9,53.02,54.98,0.76,17.14,12.07,1.34,9.5,56.93,73.67,87.7,1574.82,60.75,5.75,31.96,75.97,68.84,81.09,8.85,31.49,34.14,15.93,7.88,8.35,0.38,64.84,3.3,13.64,98.97,96.15,36.12,99.07,99.99,0.83,2.37,18.8,13.12,4.0,15.29,4.73,24.67,0.45,5.14,15.8,5.64,1.33,0.96,0.01,22836,27759,26675,30446,31050,28788,25518,23709,20642,17763,13728,24093,10018,6810,4860,3106,320436,2635,22290,27402,26806,30622,32578,31164,27607,25997,23577,20571,16348,23655,12612,8648,6761,4714,4952,346304,348745,3172,10128,335445,9005,43579,32657,32501,26516,517418,32338,114173,31825,485080,32441,81835,34141,403245,9404,9530,9240,49342,114537,42462,27289,16201,272305,215059,0,666740,666740,574104,55161,31693,487250,665237,664836,0.648,0.755,0.776,0.718,0.84,0.776,-23.5324859,-46.7916801
2010,260790,26,2607901,JABOATÃO DOS GUARARAPES,74.82,1.81,15.95,12.85,42.41,96.66,89.67,5.9,9.25,3.51,2.51,9.13,2.73,9.62,3.75,11.08,57.82,62.47,66.17,20.35,20.1,26.3,21.83,17.42,7.53,105.94,117.68,72.57,94.71,26.37,87.27,92.37,38.27,62.75,11.21,29.53,95.87,85.39,31.63,15.77,87.92,90.68,93.99,96.29,96.77,93.81,29.96,3.77,23.76,7.89,1.59,0.88,82.21,84.1,51.64,62.57,74.12,58.45,55.13,40.83,47.63,40.4,46.12,38.87,7.77,153.14,254.67,387.0,673.33,1162.5,0.58,6.35,10.32,17.61,28.45,42.63,59.45,47.79,3.07,62.59,9.76,20.21,37.41,74.09,19.59,12.81,593.9,91.24,2838.47,198.48,310.28,510.96,1855.47,595.99,36.61,83.56,152.7,0.61,19.73,1.29,1.03,21.39,7.69,0.23,61.42,66.69,49.12,51.76,1.28,9.82,10.21,1.5,20.48,76.95,86.79,92.91,1077.64,54.45,3.83,20.16,65.84,63.31,76.48,14.1,33.22,42.07,26.44,13.29,14.89,0.46,53.85,3.63,20.27,92.31,87.03,26.62,94.79,99.94,8.0,0.92,28.62,12.08,3.23,22.48,14.56,33.29,0.61,6.25,18.9,15.83,4.23,3.01,0.06,23539,28674,27627,28255,28063,26895,24318,21894,18704,15518,11726,25905,8746,5953,4232,2361,304850,2440,22961,27996,27949,30258,31159,30348,28322,25421,22571,18833,14640,24788,11421,8293,6137,3986,4687,339770,298084,2168,6904,289012,8952,44740,33578,33312,27956,490207,33976,113983,33566,456231,32712,80007,33258,376224,9559,9774,9826,52769,120387,38022,27978,17075,263729,205575,14025,644620,630595,547455,56670,34252,456533,642986,640722,0.585,0.672,0.717,0.642,0.83,0.692,-8.1752476,-34.9468716
2010,354990,35,3549904,SÃO JOSÉ DOS CAMPOS,76.27,1.63,13.49,15.12,38.9,95.22,85.42,6.22,10.92,1.1,0.89,2.95,0.82,3.09,0.95,3.55,80.65,84.09,80.73,12.04,10.75,16.03,7.31,5.16,3.24,99.1,103.37,87.25,92.61,41.47,88.9,91.39,62.09,72.05,18.51,28.31,97.17,86.66,30.42,16.69,86.97,89.51,93.09,94.63,97.43,94.57,12.61,1.6,9.16,4.66,2.63,0.56,89.77,87.59,78.58,83.95,87.24,70.28,66.87,56.79,63.15,52.82,64.17,50.75,18.04,329.0,516.0,800.0,1450.0,2450.0,0.55,1.01,2.08,3.89,7.89,13.03,22.25,44.83,3.6,60.32,10.77,21.78,39.68,76.48,16.64,11.23,1190.96,214.63,5338.63,426.96,655.18,1065.97,3600.98,1191.02,38.87,93.78,172.48,0.54,16.57,2.3,1.18,14.51,9.62,1.28,73.29,77.2,60.14,50.76,1.07,19.73,14.66,1.74,9.98,54.82,70.07,83.29,1823.97,62.12,4.65,29.54,75.63,70.71,83.31,7.88,32.45,28.73,13.26,7.11,8.05,0.45,62.2,3.8,13.65,98.84,97.34,24.25,99.82,99.95,0.66,0.48,12.54,13.03,2.57,11.0,3.34,20.81,0.48,5.03,9.85,5.34,0.49,0.76,0.05,21303,26101,26269,28465,29718,27760,23723,21723,20015,18343,14909,22417,10814,6955,4484,2761,308624,2864,20884,25174,25753,27886,30564,28480,24909,23432,22757,19811,16254,21285,11874,7786,5631,3991,4826,321297,337925,2382,9212,326331,8548,40723,30412,30717,24980,491463,30745,108088,30651,460718,32275,77343,33112,383375,8538,8484,8410,45492,106705,39188,25090,15117,253307,199794,12815,629921,617106,543951,51275,31188,461488,627707,627677,0.703,0.796,0.807,0.764,0.855,0.804,-23.1805011,-45.8872969
2010,317020,31,3170206,Uberlândia,78.09,1.7,10.68,12.49,38.18,95.28,86.69,6.84,9.92,1.01,0.77,3.74,0.59,3.94,0.92,4.65,67.46,71.49,70.82,16.92,15.68,20.69,15.62,12.83,8.48,101.77,110.28,79.42,71.9,48.55,88.3,91.44,51.11,57.78,25.24,32.96,97.68,84.97,38.63,16.25,82.88,87.39,93.04,97.25,97.98,94.39,20.8,1.84,15.42,5.45,3.1,2.24,88.24,87.66,66.81,76.2,84.03,64.56,60.39,53.45,58.36,45.55,58.83,42.8,15.77,337.0,509.5,742.5,1215.0,1957.33,0.5,0.7,1.47,2.98,6.84,12.41,22.91,40.84,4.54,56.12,12.98,25.11,43.88,79.82,12.59,8.63,1001.45,227.31,4090.2,422.48,607.5,940.07,2803.32,1002.73,33.95,98.17,183.75,0.43,20.35,3.12,3.77,17.82,7.65,0.1,71.42,71.23,51.28,50.67,0.81,17.15,10.23,1.33,8.25,60.59,76.2,88.85,1501.35,64.61,5.66,35.54,75.12,72.5,85.23,5.76,16.63,27.42,10.33,4.98,6.19,0.4,56.68,5.78,13.01,99.52,98.97,14.5,99.85,99.92,0.18,0.5,17.8,17.12,2.02,16.05,4.53,23.27,0.34,6.08,8.64,3.77,0.5,0.81,0.08,20035,23145,25535,29173,28544,26576,22834,21532,19788,16581,13122,20812,9418,6695,4841,3098,294914,3185,19171,22341,25337,28706,28596,27312,23857,23155,22051,19222,14829,20085,10942,7776,6439,4237,5043,309099,338494,2576,10510,325407,7866,36680,27210,27495,23392,478401,29399,108739,29992,449002,32712,79340,33820,369662,7944,8207,8215,41496,97635,41313,22341,14632,247494,193454,16747,604013,587266,523900,45486,29577,448838,600747,599978,0.646,0.754,0.789,0.716,0.885,0.776,-18.9188041,-48.2767837
2010,311860,31,3118601,Contagem,74.94,1.77,15.4,17.95,37.81,93.55,82.41,5.97,9.53,1.28,0.85,3.55,0.77,3.74,0.89,4.36,63.68,66.83,71.31,20.52,19.82,22.2,15.81,13.35,6.49,102.68,113.06,74.8,79.0,37.4,87.94,92.9,48.72,60.99,15.96,23.92,96.68,87.99,31.12,18.53,79.86,85.15,92.65,97.32,97.4,94.85,20.99,1.94,12.08,5.73,1.82,0.8,87.94,89.4,66.08,76.36,82.13,62.3,58.16,48.08,55.21,43.03,55.19,40.5,8.8,276.8,460.0,660.0,1022.0,1536.67,0.48,1.15,2.28,4.81,9.36,17.95,30.28,37.98,4.53,53.17,13.45,26.82,46.83,77.57,11.29,7.9,824.3,186.62,3130.97,367.84,550.76,824.72,2190.3,824.37,34.48,94.59,177.44,0.41,19.47,1.47,0.95,18.2,7.06,0.43,72.54,69.91,50.28,46.44,0.64,10.3,15.97,1.62,9.36,64.62,80.43,91.42,1237.3,63.67,5.9,35.22,77.95,71.95,83.67,8.02,34.64,32.54,13.68,6.95,7.65,0.31,61.28,3.87,12.45,99.61,97.52,19.42,99.57,99.95,0.23,0.15,19.05,20.14,2.6,15.98,5.39,25.05,0.72,3.81,12.56,5.81,1.37,1.18,0.05,19783,24627,25163,28273,29670,27739,23310,21492,18792,16577,12365,20966,8931,6187,4285,2550,292798,2088,19248,24205,25349,28333,30307,28494,24646,23075,21335,18669,14605,20657,10737,7552,5650,3760,4022,310644,332500,2862,10729,318908,7741,38921,29131,29118,23240,473152,30077,106919,29969,443075,31134,76842,32335,366233,7985,7928,7830,43422,102447,36030,24163,15118,246137,192553,2042,603442,601400,522255,48545,30461,443250,600466,600415,0.623,0.737,0.756,0.697,0.832,0.745,-19.9132749,-44.0840953
2010,354340,35,3543402,RIBEIRÃO PRETO,75.65,1.6,16.88,18.92,39.02,95.22,85.45,8.67,10.48,1.76,1.25,2.91,1.02,3.01,1.14,3.4,74.69,78.13,80.88,14.67,13.76,13.34,10.65,8.11,5.78,97.45,105.11,76.82,93.22,42.42,88.16,91.65,55.85,72.77,22.04,41.61,96.35,86.8,31.86,14.75,90.17,91.97,93.94,95.52,96.92,94.18,17.75,1.19,10.75,3.44,1.91,1.58,89.99,89.05,69.67,79.03,84.77,68.31,65.05,54.15,60.4,50.86,58.53,48.97,20.87,382.5,605.0,905.0,1597.5,2630.0,0.54,0.61,1.22,2.53,5.22,9.46,18.81,43.77,3.86,59.13,11.44,22.82,40.87,74.96,15.31,10.28,1314.04,253.64,5751.31,497.71,747.98,1185.91,3863.27,1315.1,37.06,94.14,176.39,0.51,20.84,3.17,1.14,19.02,6.78,0.08,73.83,74.9,56.73,53.08,0.8,21.88,11.16,1.38,8.5,52.86,70.39,84.34,1817.86,64.84,6.39,32.66,75.16,72.29,85.33,5.47,28.28,26.28,11.12,4.72,5.49,0.42,59.2,3.93,11.77,99.39,98.27,19.06,99.82,99.96,0.19,0.84,15.91,9.83,3.08,13.78,3.17,21.16,0.57,5.21,9.56,3.83,0.32,0.62,0.04,17999,21954,23954,27917,29247,26139,21910,20170,19140,17017,13923,19333,10551,7526,5653,3886,290171,3852,17807,21345,23441,28307,29929,26896,23169,21678,21819,19800,16640,18876,13315,9867,8078,5999,7545,314511,343554,2768,9008,331779,7335,34574,25682,26191,21168,487326,28009,103608,27993,459317,29906,75599,31167,383718,7303,7429,7652,39499,92681,52403,21344,13898,256466,204721,1716,604682,602966,529869,43333,27580,458956,599026,598544,0.683,0.769,0.8,0.739,0.844,0.82,-21.178333,-47.8066671
2010,355220,35,3552205,SOROCABA,75.59,1.49,13.43,15.58,39.8,94.68,83.97,7.41,10.59,1.34,1.01,3.1,0.74,3.24,0.94,3.74,77.28,79.23,82.86,14.31,13.78,14.15,8.41,6.99,2.99,98.16,104.43,81.04,81.25,38.72,89.87,93.21,62.63,67.47,18.4,30.92,97.83,87.92,27.58,13.87,86.02,89.76,95.7,97.4,98.1,95.37,12.59,1.27,9.31,3.45,2.04,1.09,91.5,90.66,76.05,81.6,86.49,67.65,63.88,60.25,66.21,51.0,64.97,47.96,16.99,338.75,520.6,798.75,1333.33,2150.0,0.52,0.89,1.79,3.23,6.46,12.1,21.58,42.81,4.06,57.96,11.93,23.61,42.04,74.35,14.36,9.71,1107.19,224.59,4740.07,435.74,646.76,1020.41,3207.5,1107.43,36.96,89.66,176.8,0.49,19.57,2.63,0.8,15.87,8.45,0.14,73.25,76.05,59.81,45.4,1.1,19.45,21.75,1.34,9.92,55.22,71.89,85.52,1669.23,60.02,4.67,31.04,76.74,68.01,84.71,9.07,33.31,35.26,16.94,8.09,9.58,0.4,59.78,4.28,12.65,99.68,98.83,26.97,99.91,99.95,0.08,0.35,12.08,13.98,1.9,11.85,2.8,23.41,0.28,3.54,11.2,5.14,0.73,0.71,0.05,18558,24212,24276,26749,27724,25151,22548,20594,19437,16696,13198,20230,9670,6661,4958,3192,287014,3160,17951,23226,23955,25962,27149,26130,23096,21667,21148,18501,14759,19346,11194,8124,6567,5008,5828,299611,307008,2224,8991,295793,7257,38038,28473,28568,21782,463102,28854,100942,28358,434248,29831,72088,30934,362160,7470,7592,7531,41384,98880,43498,23226,14333,239088,189171,5970,586625,580655,511551,47631,28966,434954,581667,581541,0.677,0.809,0.798,0.762,0.843,0.792,-23.501667,-47.458056
2010,280030,28,2800308,ARACAJU,74.36,1.44,15.61,16.9,39.67,96.21,88.64,6.0,9.76,2.85,2.0,6.61,1.98,6.93,2.85,8.08,58.09,62.92,68.87,20.42,20.28,24.57,21.49,16.8,6.56,105.19,117.19,72.69,91.48,56.94,90.03,93.77,43.18,60.13,27.07,29.22,97.29,89.04,44.16,20.01,89.3,91.63,95.01,95.9,97.42,95.16,32.3,2.9,26.64,7.58,1.63,2.37,86.28,88.57,53.84,66.77,81.43,69.5,66.74,50.71,59.31,54.24,58.33,53.06,19.2,199.5,350.0,601.67,1344.0,2414.75,0.62,3.43,6.99,11.11,20.87,29.31,46.35,49.63,2.32,66.47,7.47,16.35,33.53,71.42,26.59,17.79,1052.03,122.03,5221.67,270.68,467.51,903.39,3493.05,1052.49,35.67,87.25,157.51,0.74,19.57,2.69,1.15,17.49,7.22,1.63,66.69,75.44,61.28,58.13,1.14,21.62,6.05,1.62,15.16,64.68,74.91,84.68,1671.16,58.11,3.69,18.55,62.86,67.09,80.39,11.35,32.74,34.38,22.1,10.76,13.2,0.6,51.4,8.96,16.01,99.23,95.98,23.04,98.75,99.89,0.72,0.48,22.48,10.7,2.58,15.59,9.43,23.56,0.44,6.46,15.78,9.31,1.39,1.82,0.11,20735,23686,23842,27700,27507,23941,20229,18211,15851,13002,9994,20507,7555,4984,3416,1994,265484,2330,19938,23112,25190,30575,31445,28552,24278,22332,19557,16070,13073,19935,10026,7006,5326,3849,5401,305665,284815,1729,5479,277607,8050,37171,27550,28001,24489,442332,29107,107022,29303,413225,30281,77915,31766,335310,8049,7958,7824,41905,98559,34264,23047,14846,242242,186577,0,571149,571149,490097,46798,29533,413766,565274,565029,0.695,0.715,0.77,0.708,0.823,0.784,-10.9162061,-37.0774655
2010,291080,29,2910800,FEIRA DE SANTANA,74.2,1.98,15.64,12.89,42.96,96.14,88.38,5.91,9.11,3.96,2.49,9.08,2.59,9.59,3.61,11.24,54.03,59.85,62.22,19.67,19.43,28.35,26.3,20.71,9.43,111.28,122.59,78.94,85.5,27.35,90.09,94.01,36.99,58.32,11.01,22.19,97.01,86.69,35.03,15.54,90.54,92.81,96.29,97.0,97.38,94.61,37.94,6.01,28.86,10.78,1.38,0.97,78.9,83.76,46.67,56.42,71.17,57.59,54.37,34.99,45.02,40.83,44.45,39.84,7.27,164.8,262.0,424.4,708.0,1200.0,0.6,5.38,9.1,15.8,26.43,39.42,56.0,49.85,3.0,63.82,9.44,19.65,36.18,74.2,21.13,13.52,662.24,99.26,3301.18,213.24,338.05,547.34,2112.32,663.81,37.05,85.33,154.72,0.66,24.23,2.16,6.54,22.39,9.02,0.19,51.94,62.78,46.26,43.26,1.24,8.33,11.56,5.11,27.06,78.1,86.73,93.61,1049.48,62.26,7.99,28.23,70.63,71.59,81.52,10.88,15.5,28.94,19.93,10.27,13.21,0.5,41.59,4.73,22.65,95.87,86.61,26.04,97.43,99.77,6.1,0.34,28.34,9.46,2.62,22.29,13.52,34.18,0.36,7.06,17.69,11.57,1.65,3.05,0.23,20714,24696,24787,26240,27529,24318,20317,17630,14758,11919,8794,22730,6654,4898,3425,2235,263999,2355,20250,24178,25424,28578,30015,27000,23031,20868,17443,14232,11034,21792,8802,6792,5025,3600,4579,292643,293538,3907,8399,281233,8561,38818,29110,29071,24549,422216,30244,105024,30354,391972,29897,74780,29865,317192,7844,8736,8672,45832,104959,32896,24174,15233,226390,172390,46007,556642,510635,471446,48874,29757,392816,552741,551435,0.576,0.642,0.712,0.619,0.82,0.71,-12.2578934,-38.9598047
2010,510340,51,5103403,CUIABÁ,75.01,1.79,15.49,18.75,39.13,93.34,83.35,5.17,9.91,1.54,1.07,4.24,0.9,4.47,1.13,5.31,67.4,70.54,72.65,18.6,18.09,21.58,14.0,11.36,5.77,98.12,106.28,75.97,61.75,52.63,84.31,89.52,45.83,52.64,24.48,24.03,95.47,84.37,39.99,19.81,79.24,83.17,90.09,92.7,95.8,92.72,17.98,2.23,19.99,5.53,2.34,3.59,86.65,86.33,67.39,75.71,81.92,70.16,67.35,51.14,56.84,52.42,55.79,51.37,19.88,283.33,463.33,724.25,1400.0,2333.33,0.59,1.33,2.7,5.31,10.75,17.21,30.02,47.88,3.16,63.37,9.51,19.45,36.63,79.06,20.14,13.42,1161.49,183.52,5561.49,368.71,577.09,998.1,3705.16,1162.65,33.96,93.58,169.61,0.62,20.45,2.26,2.4,17.2,7.69,0.31,65.63,75.13,57.68,54.71,1.07,21.17,6.45,2.04,9.55,58.66,72.89,84.37,1766.24,64.63,6.8,31.77,70.06,73.62,80.94,7.1,27.55,35.24,13.41,6.02,8.0,0.49,49.4,9.77,16.39,97.04,93.01,27.25,98.28,99.92,2.54,1.0,16.92,20.76,4.2,13.45,5.19,20.97,0.53,5.41,9.13,5.66,0.7,0.81,0.08,20804,23145,24472,27654,27051,24663,20862,18474,16527,13948,10710,20788,7575,5028,3469,2081,269204,1953,19749,22304,24610,27997,28159,26161,22471,20374,18370,15637,11716,19635,8682,5826,4322,2785,3096,281894,303814,3093,9018,291703,7995,36149,26575,27461,24220,423751,29204,104505,29270,394547,30630,75301,31663,319246,8275,8341,7943,41197,96791,28499,22261,14641,219761,167261,10284,551098,540814,470056,45449,28384,396223,547297,546748,0.702,0.738,0.785,0.726,0.834,0.8,-15.5986686,-56.0991301
2010,313670,31,3136702,Juiz de Fora,75.65,1.56,15.42,17.79,39.65,94.16,83.9,9.25,9.91,1.14,0.77,3.25,0.69,3.4,0.81,3.92,63.63,67.73,71.53,20.22,20.0,19.71,16.15,12.28,8.76,102.73,111.19,80.47,82.37,44.88,91.5,94.58,53.23,66.79,25.28,26.26,97.76,88.26,40.0,16.08,88.06,91.19,95.61,97.63,98.31,95.54,25.36,2.19,16.43,6.71,1.84,0.2,88.56,91.38,63.45,75.59,84.12,64.97,61.27,50.03,59.07,47.99,58.32,45.85,17.4,276.25,462.0,699.75,1275.0,2185.0,0.56,0.88,2.13,5.48,12.3,17.73,33.93,45.43,3.51,61.15,10.54,21.19,38.85,65.62,17.25,11.61,1050.88,184.59,4774.44,369.07,559.76,927.83,3215.27,1051.44,36.89,99.74,174.08,0.56,19.91,3.57,2.63,17.17,8.24,0.23,73.74,71.1,53.19,53.73,1.09,19.17,11.42,2.03,12.08,65.91,78.47,87.99,1438.12,58.94,3.62,22.86,67.06,66.51,83.53,8.13,26.85,35.74,18.24,7.45,9.47,0.46,55.13,7.17,12.56,97.98,98.48,17.38,99.13,99.77,0.35,0.26,20.95,11.94,1.69,16.74,6.21,23.67,0.49,3.56,11.48,6.34,0.94,1.14,0.23,14761,19257,21095,22687,21420,19884,16748,17480,17590,15843,12648,16047,9848,6668,5027,3441,244024,3580,14119,18828,20980,23028,22710,21179,18885,19903,20508,19110,15707,15542,12550,9097,7228,5544,7305,272223,268526,1380,5515,261632,5839,30639,22735,23293,17032,415849,24420,87420,24840,391429,26670,63000,27388,328429,5922,6153,6133,32649,79534,47739,18766,12172,223011,179137,5869,516247,510378,455555,38085,24120,393350,512779,512508,0.65,0.744,0.778,0.711,0.844,0.784,-21.7609533,-43.3501129
2010,420910,42,4209102,JOINVILLE,78.34,1.78,9.32,10.97,37.62,95.86,88.01,5.65,10.02,0.85,0.6,2.26,0.54,2.37,0.58,2.76,71.89,73.39,80.41,17.52,17.46,16.57,10.6,9.15,3.02,93.09,101.05,72.02,59.24,42.0,87.19,91.92,53.74,49.98,21.69,29.79,97.66,84.28,31.59,14.31,70.89,76.83,81.65,88.92,97.34,93.76,14.12,0.86,5.47,3.31,2.57,2.63,91.6,90.92,74.72,83.32,88.02,70.87,67.21,59.99,64.58,51.41,63.26,48.59,15.98,401.67,600.0,850.0,1333.33,2003.33,0.49,0.29,0.58,1.67,3.57,7.98,15.01,40.64,4.92,54.47,13.9,26.72,45.53,79.21,11.7,7.87,1126.74,277.11,4579.42,505.77,722.26,1059.83,3078.74,1126.97,36.7,101.94,186.9,0.41,16.29,3.47,1.65,16.57,6.52,0.13,79.53,79.11,59.39,41.48,0.92,17.88,28.41,1.33,6.85,52.87,73.09,87.04,1674.23,65.5,4.04,39.17,83.64,74.21,89.31,5.02,20.95,22.41,7.88,4.28,4.39,0.37,66.78,3.35,9.03,98.16,98.13,13.32,99.92,99.93,0.34,1.21,12.04,29.11,2.66,11.17,2.5,19.41,0.37,4.43,9.83,2.25,0.38,0.48,0.07,17663,21432,22746,24820,24934,22825,20240,19771,17600,14761,11325,17986,7633,4773,3376,2064,255756,1807,16625,20775,21939,23421,24093,22576,20726,20239,18676,15168,12278,17265,8642,5720,4521,3189,3679,259532,292112,1702,10405,280006,6955,33775,25306,25474,20356,403024,26466,92789,26407,376558,27674,66323,28437,310235,6926,7123,6734,36440,87788,29105,20739,13008,204605,159312,17438,515288,497850,445974,42105,26564,377305,512406,512304,0.709,0.77,0.809,0.749,0.889,0.795,-26.3044898,-48.8486726
2010,411370,41,4113700,LONDRINA,75.19,1.65,11.73,13.79,41.76,93.71,83.64,8.62,10.35,0.99,0.75,4.52,0.64,4.76,0.89,5.58,72.82,76.13,80.72,15.15,14.97,15.13,12.03,8.9,4.15,97.44,106.65,72.97,68.32,50.36,87.3,91.26,49.53,52.89,25.86,28.97,96.64,83.58,36.48,18.3,72.87,80.24,89.05,96.14,97.34,93.58,19.34,1.49,10.96,4.85,2.98,2.64,89.62,88.64,65.76,73.91,83.72,64.87,61.15,53.96,60.38,47.81,60.93,45.33,19.07,337.5,512.5,777.14,1375.0,2212.5,0.51,0.74,1.56,3.27,6.83,12.38,22.92,41.14,4.14,57.23,12.15,23.94,42.77,78.35,13.54,9.41,1083.35,224.11,4456.65,434.28,638.24,1020.18,3098.84,1083.98,32.49,96.33,177.63,0.47,20.39,4.01,3.66,18.46,7.23,0.06,71.13,72.27,54.33,50.82,1.05,21.04,12.77,1.75,11.09,58.65,73.77,86.33,1641.73,62.78,5.15,33.36,73.14,70.77,84.65,5.36,17.15,22.58,10.57,4.74,6.73,0.44,56.66,4.04,13.55,98.96,98.6,15.65,98.67,99.82,0.34,1.31,18.62,27.13,2.66,17.15,4.87,24.34,0.23,5.32,13.42,4.51,0.62,0.84,0.18,16401,20214,20739,22309,21624,19927,17492,17264,16176,13926,11725,17093,9161,7003,5232,3429,243059,3344,15737,19345,20926,22917,22620,21319,18863,19709,18788,16606,14020,16485,11318,8486,6571,4708,5224,263642,276779,2038,8291,266450,6545,31316,23341,23687,18859,399149,24400,86404,24502,374749,25815,62004,26635,312745,6561,6708,6620,34738,82324,43702,19250,12094,210865,167285,13181,506701,493520,440897,39559,24855,376484,503548,503258,0.649,0.746,0.778,0.712,0.837,0.789,-23.3112878,-51.1595023
2010,330330,33,3303302,NITERÓI,76.23,1.41,12.91,14.52,40.54,93.43,84.14,12.17,9.68,1.5,0.84,2.27,0.74,2.34,0.92,2.59,62.3,65.45,73.93,21.0,20.93,20.12,16.7,13.62,5.95,101.59,110.89,76.27,86.51,74.14,88.95,92.32,50.0,63.26,36.4,40.24,96.47,89.23,50.09,22.47,90.7,93.03,95.47,97.31,96.98,94.9,24.97,2.24,13.28,5.8,1.77,1.5,86.16,87.18,64.27,76.71,87.72,79.35,78.04,58.86,68.63,66.23,68.93,65.86,33.68,375.0,708.33,1400.0,2900.0,4600.0,0.59,0.8,1.88,3.34,8.02,11.59,23.92,43.68,2.37,61.62,7.62,17.8,38.38,67.24,22.94,16.23,2000.29,236.58,8737.31,525.05,1019.0,2057.78,6182.34,2001.07,40.61,95.45,176.69,0.67,19.88,4.01,0.42,13.03,5.23,1.41,72.5,83.31,71.87,69.25,1.25,37.1,5.31,0.96,6.87,44.22,56.79,70.05,2724.79,57.66,3.32,13.51,56.17,64.3,80.21,6.74,22.08,32.42,16.37,6.4,8.29,0.58,50.5,11.14,13.74,98.88,96.6,18.37,98.63,99.98,0.64,0.13,15.79,9.3,3.02,10.59,3.66,14.66,0.44,4.35,7.89,4.73,0.58,0.93,0.02,11983,15884,16545,19048,20347,19071,16506,15833,16509,15432,12854,13301,10356,7628,5909,4279,225838,4353,11694,15546,16421,19689,21928,20713,18506,18303,19458,18829,16744,12793,13845,10776,9041,7325,10113,261724,252388,1043,2628,248717,4716,24857,18581,18711,14041,405460,19175,71540,19500,386285,21044,52365,21862,333920,4862,5038,5068,27484,65153,59321,15513,9466,221283,185246,0,487562,487562,437702,31430,19447,386825,482950,482761,0.794,0.762,0.837,0.773,0.854,0.887,-22.8832371,-43.1154552
2010,150080,15,1500800,ANANINDEUA,74.24,1.7,17.17,18.46,43.01,96.38,88.83,4.06,9.65,2.43,1.35,3.44,1.28,3.62,1.43,4.21,56.24,61.4,62.59,21.44,21.25,27.98,22.32,17.35,9.43,106.55,114.36,84.53,75.28,25.69,88.79,92.88,40.79,55.92,11.04,18.34,96.42,88.28,33.97,15.55,82.67,86.07,90.69,93.75,96.72,94.51,32.06,3.39,23.07,11.05,1.58,0.89,81.56,83.63,51.25,64.04,77.5,66.91,64.22,37.22,45.6,44.0,45.69,43.6,7.27,170.0,271.5,411.29,700.0,1130.0,0.52,4.16,6.56,13.94,21.45,37.46,51.23,41.69,3.93,57.19,11.9,23.9,42.81,80.56,14.01,9.61,564.76,111.02,2354.31,225.12,338.84,533.79,1615.91,566.65,36.98,88.85,160.79,0.48,25.97,1.02,1.89,24.22,10.06,0.15,51.75,71.06,48.39,49.59,1.0,8.4,7.24,1.92,20.17,75.21,86.59,93.38,1055.55,57.3,4.49,20.47,59.68,67.84,75.26,11.5,19.36,34.94,22.94,10.82,13.12,0.39,41.81,6.47,23.15,92.1,78.93,43.37,97.83,99.85,9.43,2.36,17.81,17.33,3.28,14.02,8.36,26.96,0.18,7.08,15.36,12.9,3.59,2.11,0.15,19068,22813,22071,22513,22708,20455,17865,15288,12502,10213,7580,20482,5201,3291,2134,1228,226635,1223,18305,22285,23320,24621,25129,23139,19981,17139,13736,11696,8701,19831,6177,4198,2888,1954,2245,245345,225873,2026,5624,218223,7355,35623,26387,26886,22333,349196,27534,92525,27433,321662,26857,64991,27064,256671,7685,7806,7610,41982,96240,19161,22285,14075,184924,136983,1161,471980,470819,394224,45098,27471,321655,470444,468874,0.669,0.652,0.718,0.658,0.821,0.684,-1.374035,-48.4016623
2010,330045,33,3300456,BELFORD ROXO,73.5,2.08,16.54,18.61,45.09,92.58,80.94,6.18,8.88,2.26,1.51,4.97,1.26,5.25,1.53,6.07,51.95,56.51,63.84,23.12,23.71,26.9,24.93,19.78,9.26,107.56,120.15,70.88,67.81,12.89,86.85,91.02,34.25,50.06,5.34,21.71,95.89,85.71,30.94,13.98,78.63,84.15,89.67,94.16,96.16,93.49,35.58,5.69,22.43,10.08,1.67,0.62,80.03,82.72,47.96,58.44,72.43,54.9,51.28,32.06,39.49,31.33,39.39,29.64,3.42,190.8,300.0,455.0,671.43,921.11,0.42,3.31,5.16,11.55,19.2,33.24,49.74,31.84,4.97,47.41,14.99,30.29,52.59,77.6,8.5,6.36,491.51,122.07,1565.19,246.29,375.98,548.01,1171.09,492.92,32.7,89.67,164.06,0.33,18.89,0.48,0.28,19.0,10.4,0.28,61.92,62.06,38.37,51.98,1.02,4.65,9.59,1.5,13.62,76.83,91.02,97.27,884.81,53.93,4.48,19.41,62.32,63.71,74.68,10.72,30.68,32.29,21.42,9.99,12.08,0.21,54.42,3.59,21.49,94.35,88.53,43.96,88.07,99.89,2.98,0.28,24.9,21.37,3.84,23.13,10.54,34.1,0.43,6.48,19.47,12.83,5.97,1.64,0.11,16630,23628,21517,19228,18956,18608,17198,16396,14335,12364,9522,19163,7167,4946,3404,2037,226757,1658,16458,22612,21441,19776,20205,20339,18677,17894,16147,13996,11186,18387,8514,6118,4705,2986,3134,242575,214903,2073,5089,207741,6451,36705,27389,27481,19772,352454,26625,81962,25557,325829,24457,55337,24247,270492,6865,7164,7304,39921,94820,28988,22612,13326,185118,143901,0,469332,469332,398520,46240,26220,326060,468774,467432,0.549,0.624,0.684,0.598,0.808,0.662,-22.7667284,-43.4033603
2010,330100,33,3301009,CAMPOS DOS GOYTACAZES,74.82,2.12,14.72,16.56,45.51,92.47,82.08,8.11,8.5,2.85,1.86,6.85,2.17,7.21,2.76,8.21,48.29,51.63,65.12,23.49,23.99,27.55,28.22,24.38,7.34,104.81,119.81,62.56,77.49,26.66,89.67,94.18,37.94,57.85,13.45,40.57,96.77,85.75,32.76,12.8,90.44,92.68,95.78,97.31,97.34,94.3,35.42,3.99,23.08,7.12,1.28,0.91,77.3,82.83,49.24,62.27,72.74,55.5,52.07,39.31,46.85,38.29,45.87,36.59,10.38,172.4,300.0,498.33,836.67,1436.67,0.55,3.67,6.82,13.49,24.02,35.04,51.73,44.63,3.32,60.51,10.27,21.5,39.49,76.18,17.38,11.8,682.59,113.39,3046.37,237.13,383.26,614.14,2067.89,685.8,34.34,90.06,160.07,0.55,21.09,1.47,4.77,16.18,10.46,2.2,64.66,63.62,46.67,49.74,1.1,13.62,8.29,1.78,15.37,70.49,82.26,90.7,1247.58,52.79,3.14,17.39,60.31,61.38,74.4,10.78,27.52,34.67,22.05,10.19,11.63,0.43,51.6,5.82,18.48,97.44,91.54,30.58,98.65,99.81,5.23,0.19,29.76,9.56,2.66,25.24,14.38,33.87,0.36,7.01,18.34,13.36,1.32,2.8,0.19,16224,20268,20150,19518,19396,17948,15399,15503,14627,12830,9879,17923,7710,5716,4500,2809,223259,2859,15774,20038,19825,19743,20321,19255,16874,16832,16743,14664,11895,17061,9558,7246,5758,4098,4787,240472,209553,1266,4199,204089,6267,32059,24006,23917,18975,355379,24369,79042,23645,331010,23437,54673,23506,276337,6671,6880,6725,36170,84736,37610,19993,12051,187002,147543,45006,463731,418725,396966,40306,24146,332514,460592,458440,0.555,0.654,0.716,0.619,0.83,0.715,-21.7558619,-41.3326895
2010,330510,33,3305109,SÃO JOÃO DE MERITI,74.87,1.89,14.56,16.38,43.4,92.49,82.12,7.47,9.22,1.9,1.24,3.38,0.96,3.54,1.01,4.02,55.41,59.75,66.56,22.97,23.62,23.06,21.63,16.63,10.38,104.69,115.84,73.18,67.79,20.92,88.17,92.17,40.58,51.79,9.24,17.46,96.68,86.14,28.35,12.57,78.25,83.02,87.78,92.75,96.58,93.85,32.01,2.92,23.24,8.36,1.52,0.61,84.12,86.36,52.59,64.54,79.75,61.42,57.97,40.87,50.45,38.7,50.41,36.49,5.25,231.17,355.0,510.0,800.0,1125.0,0.43,2.01,4.12,7.91,15.24,25.79,41.51,33.3,5.0,48.67,14.78,29.72,51.33,74.94,9.01,6.71,597.57,149.53,1990.19,292.19,446.26,645.75,1480.98,597.72,39.98,94.11,171.6,0.34,20.03,0.93,0.18,20.42,8.02,0.31,65.55,69.01,46.14,52.92,0.76,6.59,11.09,0.9,11.49,72.66,87.66,95.37,996.41,55.83,3.79,18.35,65.72,65.0,78.08,9.82,33.88,34.69,19.49,9.13,10.76,0.23,55.81,4.72,17.81,97.73,95.46,41.01,97.82,99.94,0.44,0.29,21.43,21.75,3.42,19.08,7.62,29.17,0.45,5.6,15.45,10.11,3.51,2.08,0.06,15056,20563,19353,18479,18442,17752,16254,15490,14743,12924,10353,17435,7831,5246,3848,2396,218104,1939,14824,20218,19220,19263,19711,19678,17952,17610,16660,15538,12631,16467,9965,7009,5664,3946,4213,240569,220440,1546,4411,214483,5887,32337,24257,24398,17785,354110,23909,76315,23015,330201,22417,52406,22684,277795,6208,6663,6423,35683,84262,34261,20218,11946,189060,150577,0,458673,458673,394810,40781,24043,329985,458238,458123,0.614,0.663,0.719,0.646,0.831,0.693,-22.8043744,-43.3724125
2010,520140,52,5201405,APARECIDA DE GOIÂNIA,75.01,1.85,13.2,15.55,42.35,93.61,83.35,3.84,9.31,1.88,1.03,5.3,1.03,5.65,1.57,6.82,62.59,66.46,71.19,19.61,18.74,20.25,17.8,14.8,8.56,98.28,108.9,67.19,44.83,26.15,84.36,89.69,38.8,35.53,12.77,11.48,97.02,83.86,30.51,14.16,50.69,61.69,72.22,81.76,95.31,92.39,24.71,2.69,11.19,6.28,1.8,1.44,86.69,86.64,60.37,70.71,76.35,57.0,52.07,39.01,45.45,36.23,44.73,33.88,7.3,254.17,382.0,541.0,832.5,1225.5,0.47,0.99,1.62,5.22,9.74,21.21,33.26,38.54,5.0,53.09,14.11,27.6,46.91,84.03,10.92,7.47,689.3,172.31,2656.74,314.1,464.7,665.65,1817.77,689.8,34.0,98.72,181.07,0.39,19.89,1.24,1.44,17.22,12.01,0.08,62.87,62.21,40.74,45.25,1.15,7.94,13.84,1.46,10.21,70.68,85.43,94.19,1121.67,65.72,8.16,39.4,76.49,75.62,81.78,6.4,21.01,24.09,9.96,5.44,6.74,0.31,53.52,4.78,19.4,98.43,86.19,24.23,99.65,99.94,10.19,0.11,24.3,49.31,4.69,21.34,7.5,28.86,0.62,5.46,15.52,6.17,2.08,0.93,0.06,18810,21244,21412,23179,23531,21719,18237,15570,12310,9553,6926,19602,4718,3243,2271,1293,224798,1180,18556,20896,21364,22676,23508,22130,18902,16446,13811,10802,7921,18928,5395,3703,2726,1618,1477,230859,249521,3439,9937,236145,7465,33670,25183,25306,22306,337594,25462,88624,25606,312132,26123,63162,26490,248970,7594,7790,7539,39206,89953,17509,20895,12771,172466,128428,464,455657,455193,379649,42140,25221,312288,452269,451938,0.57,0.646,0.718,0.62,0.834,0.716,-16.8226769,-49.2452546
2010,430510,43,4305108,CAXIAS DO SUL,76.58,1.51,11.19,12.62,37.35,95.19,86.11,7.07,10.05,1.04,0.8,2.34,0.56,2.44,0.56,2.81,69.86,73.18,73.41,17.83,17.24,20.08,12.31,9.58,6.51,97.02,107.84,67.38,40.24,56.73,85.85,91.8,47.62,32.06,26.15,20.01,97.27,81.41,36.31,20.95,43.36,56.6,66.2,83.42,96.32,92.33,16.65,1.76,4.48,3.32,1.93,3.39,90.28,91.12,69.68,77.15,85.19,66.77,63.09,51.69,58.28,46.95,58.0,44.68,13.51,436.67,675.0,999.67,1518.67,2300.0,0.48,0.36,0.81,1.72,3.85,7.08,14.72,39.1,4.65,53.96,13.53,26.64,46.04,76.48,11.56,7.97,1253.93,291.58,4902.64,556.95,821.84,1216.13,3382.98,1254.09,28.08,97.04,180.25,0.42,18.89,3.23,3.84,14.32,5.69,0.04,81.67,74.37,53.9,36.87,1.01,14.07,31.71,1.33,7.82,49.24,70.56,86.5,1691.78,67.44,5.05,40.47,82.62,75.25,89.06,4.36,23.62,17.67,6.78,3.8,4.87,0.35,66.07,2.77,7.91,98.34,97.84,10.29,99.62,99.97,0.19,1.57,18.25,56.64,3.68,15.74,2.86,20.35,0.38,5.37,12.52,2.35,0.11,0.41,0.03,13839,16355,17341,20333,22297,19138,16586,15282,15071,13226,10106,14155,7329,4816,3482,2249,213612,2007,13315,16109,17100,19930,21290,18603,16459,16073,16226,14462,11583,13754,8644,6041,4742,3507,4114,221952,256860,1639,8085,247136,5426,25957,19347,19402,15976,346796,19818,74458,20074,326978,22135,54640,23014,272338,5654,5471,5564,28740,67934,30796,16055,9816,178166,141256,16158,435564,419406,380849,32464,19976,328409,433304,433247,0.668,0.695,0.782,0.686,0.86,0.812,-29.1684796,-51.1793861
2010,110020,11,1100205,PORTO VELHO,74.14,2.13,15.52,16.6,42.97,96.42,88.56,3.52,8.99,1.85,1.28,5.1,1.2,5.43,1.66,6.62,56.08,60.78,66.98,21.49,21.56,23.51,22.43,17.66,9.51,96.9,111.14,57.31,51.7,33.41,84.89,90.61,34.79,43.16,15.84,15.32,94.64,82.02,31.45,14.29,67.26,73.94,81.06,87.43,94.52,91.21,30.64,2.82,18.14,4.67,1.28,1.48,84.84,86.44,50.79,62.39,73.42,61.88,58.7,42.07,49.2,44.44,48.87,43.12,12.21,250.0,418.5,649.6,1120.0,1812.5,0.56,2.64,4.3,7.95,13.61,21.78,34.31,45.08,3.29,60.3,10.35,21.64,39.7,86.56,17.42,11.65,929.19,152.66,4188.64,328.17,524.4,839.3,2800.4,936.28,24.03,81.92,160.08,0.56,21.6,1.2,6.27,15.38,12.82,0.54,65.48,66.77,49.95,49.35,1.84,13.47,4.99,2.46,10.77,58.62,74.74,86.65,1655.47,60.49,7.7,27.94,64.17,70.84,74.28,6.23,16.37,19.76,10.94,5.61,6.39,0.47,50.22,11.07,14.04,92.87,72.14,36.73,95.67,98.2,17.76,3.41,23.82,32.74,5.48,19.05,7.93,26.48,1.05,8.04,17.06,6.99,0.76,0.75,1.8,18021,21065,21134,24129,22820,19772,15925,14573,12716,10009,6953,18649,4628,2978,1853,1165,217618,1228,17339,20473,20855,22526,21371,19143,16248,14397,12113,9413,6588,18142,4411,2877,2127,1417,1469,210909,215855,3175,7076,205604,6860,32850,24383,24813,21460,314653,25250,88605,25001,289403,25816,63355,26638,226048,7011,7389,7151,38049,87846,15099,20462,12641,154878,111516,37794,428527,390733,356826,41256,25331,290239,422555,419354,0.619,0.647,0.736,0.638,0.819,0.764,-8.7494525,-63.8735438
2010,420540,42,4205407,FLORIANÓPOLIS,77.35,1.23,10.81,12.14,34.08,95.43,86.89,7.5,10.79,1.03,0.88,2.07,0.53,2.14,0.52,2.47,73.76,77.7,76.12,14.57,13.4,17.85,11.67,8.9,6.03,96.47,103.5,78.28,62.82,73.12,88.74,92.34,52.95,51.9,35.23,47.54,98.09,84.89,44.03,22.72,87.32,89.97,93.06,95.78,98.37,94.61,17.6,0.87,10.46,4.08,3.43,3.35,93.09,91.81,70.6,81.33,90.18,80.03,77.97,63.42,71.08,66.21,70.28,65.21,31.47,475.0,770.0,1265.0,2500.0,4000.0,0.54,0.27,0.55,1.35,3.26,6.42,13.86,40.96,3.46,58.67,10.28,21.35,41.33,71.4,15.94,11.56,1798.12,310.73,7364.98,613.63,994.69,1796.78,5342.25,1798.26,42.92,98.32,184.37,0.53,19.9,4.15,1.25,16.1,6.57,0.1,75.24,83.8,70.3,66.68,1.69,31.3,4.56,1.45,7.7,45.84,61.92,76.05,2351.08,64.67,3.68,28.9,71.18,72.0,87.94,5.31,23.83,30.25,11.39,4.67,5.33,0.5,53.47,10.61,10.72,96.35,99.29,11.59,99.84,99.96,0.08,1.45,12.2,12.68,1.63,9.0,2.0,12.5,0.16,4.94,8.53,2.6,0.32,0.38,0.04,11669,14486,16228,20849,21987,18880,15932,14250,14054,12204,9944,12035,7639,4930,3573,2235,203047,2152,11169,14107,16345,20367,21869,19295,16635,15825,16408,14321,12019,11939,9019,6124,4627,3492,4632,218193,241855,1046,5330,235479,4595,22712,16817,17226,13472,344576,18216,73562,18932,326360,22020,55346,23214,271014,4664,4576,4560,25052,59721,31592,14053,9150,180339,143741,15954,421240,405286,373988,28471,18445,327072,417579,417546,0.8,0.8,0.847,0.8,0.873,0.87,-27.5973002,-48.5496098
2010,354850,35,3548500,SANTOS,76.13,1.25,13.7,15.36,44.51,95.14,85.23,14.05,10.84,1.04,0.72,2.22,0.65,2.29,0.83,2.53,76.88,79.21,81.58,14.54,14.0,14.89,8.57,6.8,3.54,102.4,106.32,91.44,95.58,52.52,91.03,93.3,62.78,71.02,26.5,48.38,97.94,87.35,37.63,16.04,94.03,95.6,97.23,98.78,98.22,95.36,14.06,1.48,12.39,4.86,2.81,2.77,92.89,92.73,77.99,83.54,89.68,75.78,73.76,64.5,71.35,61.08,71.15,59.58,27.82,442.86,748.0,1200.0,2125.0,3336.67,0.55,0.6,1.55,2.39,6.13,8.08,18.12,44.17,3.31,59.69,10.19,21.45,40.31,64.24,17.33,11.72,1693.65,280.05,7481.44,583.28,953.44,1596.37,5060.09,1693.77,37.1,93.33,173.85,0.56,20.27,4.52,0.42,16.27,4.32,0.63,74.95,83.43,70.18,65.49,0.69,32.7,6.83,0.76,7.4,44.68,61.08,76.87,2233.86,58.26,3.04,27.8,71.94,64.09,85.12,8.11,45.61,34.1,19.11,7.43,9.78,0.47,55.47,6.44,12.72,99.73,98.42,22.0,99.78,99.94,0.15,2.76,11.14,5.97,1.78,9.27,1.98,18.24,0.49,4.42,6.92,4.07,0.2,0.76,0.06,10862,13521,13818,15112,15955,14990,13830,13425,13950,12954,11185,11625,8884,6975,6000,4413,191912,4413,10418,12921,13751,15527,17358,17221,15938,16121,16864,16079,14718,10904,12556,10438,9186,7528,9960,227488,218845,804,4431,213611,4113,21083,15732,15862,12788,349127,16191,58202,16338,332936,17202,42011,17807,290925,4378,4471,4442,23417,55279,58911,12921,8016,193233,163958,314,419400,419086,375661,26442,15940,333279,416553,416524,0.758,0.832,0.84,0.807,0.852,0.861,-23.960833,-46.333889
2010,352940,35,3529401,MAUÁ,76.13,1.53,13.06,15.1,39.52,95.04,84.94,5.23,10.65,1.5,0.96,3.95,0.85,4.16,1.0,4.9,76.98,80.2,80.5,12.92,11.76,15.43,10.1,8.03,4.07,98.93,106.0,79.22,79.47,25.02,87.31,91.09,55.03,66.33,11.91,23.1,96.57,86.65,22.94,13.39,86.13,89.62,94.22,96.92,97.39,94.56,15.13,1.7,11.37,3.74,2.37,0.62,89.08,87.01,74.04,80.36,85.36,64.11,59.39,56.27,61.84,43.75,61.52,39.74,7.21,266.67,425.0,612.0,965.0,1336.67,0.44,1.41,2.62,5.28,9.75,18.44,30.44,33.41,5.1,49.09,14.91,29.46,50.91,78.38,8.97,6.58,709.25,180.74,2369.62,347.85,516.1,760.61,1738.81,709.43,35.23,93.28,173.49,0.34,15.05,0.91,0.33,16.13,7.83,0.24,73.61,72.35,52.33,41.3,1.05,9.6,25.16,0.9,10.84,63.26,81.03,93.06,1196.16,60.33,4.92,34.42,77.89,68.98,81.9,12.47,40.37,42.76,21.08,11.12,11.14,0.24,66.68,2.38,14.31,99.62,96.4,37.46,99.76,99.95,0.42,1.1,15.78,13.87,2.61,14.16,4.46,25.91,0.39,4.7,14.92,7.3,2.43,1.06,0.05,14700,18321,17740,20267,20089,18311,15971,15202,12945,11071,8591,15505,5956,3787,2738,1591,204093,1308,14168,18173,17726,20386,20723,18860,17070,15870,14409,12073,9280,15105,6735,4633,3431,2147,2182,212971,215666,1794,7509,206363,5784,28964,21786,21604,17157,319686,21195,75464,20772,298491,21894,54269,22729,244222,5907,6093,6041,32000,75262,21802,18166,10580,165460,127363,0,417064,417064,357459,36494,21818,299147,415015,414910,0.641,0.784,0.766,0.733,0.852,0.721,-23.6669527,-46.4616922
2010,320520,32,3205200,VILA VELHA,76.84,1.64,10.86,12.74,39.19,93.51,84.32,7.19,9.83,1.49,1.03,3.57,0.87,3.73,1.18,4.31,67.69,71.16,74.86,18.07,17.8,19.33,14.24,11.04,5.81,97.06,106.34,70.67,60.71,45.15,88.0,91.94,49.64,49.69,22.74,27.83,96.85,84.58,33.93,14.55,78.71,82.82,87.91,90.79,96.75,93.59,21.41,1.45,17.35,4.06,2.01,1.56,88.72,89.5,66.62,76.11,85.05,71.67,68.96,53.66,61.92,54.81,61.0,53.37,18.49,302.0,510.0,832.0,1561.33,2580.0,0.56,0.83,1.77,4.27,9.45,15.74,28.83,44.04,3.29,60.36,10.08,20.95,39.64,74.65,17.47,11.98,1211.79,199.36,5336.29,411.66,658.41,1132.45,3660.72,1212.01,41.98,99.84,177.21,0.56,21.67,3.46,0.88,19.07,8.5,1.49,70.0,77.91,61.47,51.4,0.97,20.23,11.26,1.06,8.41,56.37,70.97,83.56,1820.83,61.4,4.06,28.39,70.29,69.44,83.65,7.35,22.4,32.5,14.85,6.61,8.48,0.49,54.71,5.99,13.27,99.49,98.32,18.54,99.32,99.92,0.42,0.95,16.29,21.29,3.25,12.96,4.81,20.2,0.12,5.17,10.75,6.33,0.87,0.91,0.08,13517,16351,16340,19204,19307,17398,14656,14366,13756,12137,9281,14345,6473,4466,3287,2248,199146,2014,12907,15868,16759,19051,19874,18948,16215,15838,15386,13749,10954,13895,8148,5798,4581,3512,3957,215440,221145,1309,5475,214361,5443,25595,19208,19279,15623,326772,19592,71176,19489,307180,20477,51584,21472,255596,5269,5537,5551,29122,67836,29806,15817,9855,172278,136567,2011,414586,412575,360188,32219,19285,308684,411491,411418,0.717,0.742,0.8,0.734,0.864,0.807,-20.3297293,-40.2920284
2010,320500,32,3205002,SERRA,75.66,1.89,13.2,15.42,42.08,92.96,83.12,4.51,9.4,1.83,1.18,5.55,1.12,5.88,1.4,7.02,61.94,66.09,67.29,20.99,20.51,23.48,17.07,13.4,9.23,98.58,108.38,68.93,48.82,26.52,87.88,92.53,42.67,41.74,11.01,24.18,96.36,81.65,24.58,13.45,77.72,82.67,89.04,92.85,96.94,93.14,25.76,1.78,15.97,5.52,1.78,1.08,87.29,86.15,56.97,68.33,78.46,61.44,57.31,42.8,50.1,41.81,48.91,39.79,7.52,249.0,384.0,573.0,933.33,1383.33,0.47,1.57,3.03,6.1,11.33,22.69,35.62,36.64,4.61,52.64,13.43,26.91,47.36,80.0,10.92,7.84,705.89,162.87,2586.71,311.01,475.92,721.7,1857.98,706.06,37.96,94.16,174.55,0.39,16.89,1.24,1.11,16.11,12.61,1.87,72.76,67.83,48.1,46.71,1.36,8.59,12.15,1.19,10.38,66.12,82.04,92.24,1202.07,61.27,5.12,32.62,74.06,70.79,81.95,10.33,35.53,34.04,17.85,9.28,10.41,0.31,63.72,3.72,13.46,99.07,97.86,26.33,98.45,99.95,0.4,0.96,24.14,22.28,3.06,19.77,8.37,25.59,0.37,7.0,15.37,8.79,2.15,1.15,0.05,16435,18943,17822,20652,20541,18454,15035,13298,11887,10430,8046,16840,5088,3067,2244,1367,201415,1266,15806,18530,17967,20253,20845,19115,15840,14450,13115,11250,8440,16233,5488,3786,2771,1845,2118,207852,210548,1922,6906,201720,6633,29469,22331,22094,18914,306021,21504,76567,21278,284517,21768,55063,22804,229454,6628,6588,6558,34353,78306,18441,18489,10808,157054,118903,2817,409267,406450,343632,37513,21170,284949,407614,407516,0.614,0.69,0.739,0.664,0.844,0.72,-20.1252961,-40.3064477
2010,354980,35,3549805,SÃO JOSÉ DO RIO PRETO,75.74,1.48,13.6,15.77,38.1,94.83,84.37,9.47,10.06,0.99,0.77,3.19,0.66,3.32,0.8,3.79,76.04,77.56,83.79,14.15,13.91,12.18,9.81,8.53,4.04,96.89,105.12,74.58,86.32,43.91,87.37,92.05,56.61,70.56,23.07,42.16,97.05,86.83,33.36,13.63,91.89,94.2,97.48,99.07,97.95,94.96,12.54,1.22,6.49,2.96,2.06,1.58,87.98,88.12,74.34,81.51,87.12,66.13,62.41,58.09,63.47,47.89,64.24,45.13,18.88,399.0,598.33,866.5,1447.0,2300.0,0.5,0.46,0.97,1.73,4.04,8.85,17.62,40.65,4.55,56.07,12.98,25.22,43.93,78.86,12.53,8.6,1169.16,265.99,4753.11,492.85,715.66,1093.42,3263.41,1169.43,31.16,89.22,186.78,0.43,22.58,2.98,1.53,18.74,6.45,0.06,70.26,73.3,54.23,46.85,0.78,20.46,12.86,1.07,8.36,55.01,73.66,86.8,1683.97,63.78,4.08,30.96,74.94,70.69,86.55,4.48,14.52,19.66,9.12,4.07,4.66,0.4,56.08,3.11,14.39,96.47,97.9,15.92,99.93,99.97,0.07,0.11,14.39,8.11,2.05,14.9,2.89,23.23,0.19,4.64,7.75,3.42,0.28,0.96,0.03,11638,13914,14932,17475,18305,17403,15401,14329,14164,12308,9914,11981,7917,5802,4553,3052,196016,2928,11325,13390,14661,17721,18791,18196,16328,16202,15825,14426,11756,11536,9559,7180,5971,4344,5031,212242,230647,1113,5286,224249,4852,21883,16210,16607,13575,333096,17312,64550,17504,315784,19000,47238,19812,268546,4460,4581,4564,24183,57495,38657,13345,8581,175159,142940,24768,408258,383490,361626,27304,17073,317249,405342,405249,0.661,0.795,0.797,0.748,0.846,0.801,-20.8125851,-49.3804212
2010,160030,16,1600303,MACAPÁ,74.19,2.25,14.04,15.38,53.07,96.64,88.66,3.48,9.6,3.15,1.94,6.17,1.97,6.62,2.65,8.05,61.62,64.36,72.95,18.85,19.2,20.4,19.53,16.44,6.64,98.89,105.84,78.24,55.7,39.02,86.59,90.09,45.32,44.51,16.89,11.0,95.52,82.91,35.67,16.37,64.52,72.4,80.08,87.39,94.84,91.83,24.32,3.06,16.97,9.24,2.21,1.69,82.46,84.61,58.53,67.53,78.13,67.87,64.71,40.85,51.88,51.4,50.37,51.26,14.1,151.38,274.38,491.25,944.0,1545.0,0.59,5.89,9.14,18.15,26.81,37.48,50.3,46.06,2.5,62.78,8.4,18.63,37.22,84.9,21.95,14.95,717.88,89.66,3306.79,211.7,367.31,667.34,2252.66,723.32,35.68,83.88,143.02,0.65,23.41,1.39,3.73,18.79,8.97,0.37,54.08,72.65,57.85,54.41,1.07,15.91,3.83,2.49,18.67,64.3,75.33,86.5,1465.8,58.3,6.73,21.98,62.84,71.49,77.25,12.03,26.48,30.6,23.79,11.18,13.37,0.51,37.41,13.62,22.14,95.07,74.07,50.18,98.31,99.81,16.25,3.38,20.0,35.48,5.16,14.63,9.81,26.67,0.83,9.24,22.17,13.83,1.06,1.82,0.19,19906,22517,21053,20413,19016,16606,14369,11460,8774,6902,4880,20414,3173,2420,1598,1045,195613,1067,19313,22540,21763,21409,20649,18028,15094,11735,9081,7091,5164,19519,3482,2728,1978,1344,1673,202591,185996,3029,5729,177238,8058,35702,26619,26917,23320,273995,26297,84638,25974,247698,24952,58341,24737,189357,7841,7583,7592,41705,95156,13853,22540,13312,141219,98047,16990,398204,381214,319028,45031,26064,247933,395465,392487,0.679,0.655,0.733,0.663,0.82,0.723,0.0401529,-51.0569588
2010,353060,35,3530607,MOGI DAS CRUZES,76.07,2.08,12.23,14.19,44.09,94.84,84.42,6.8,10.98,1.4,1.12,3.95,0.94,4.15,1.05,4.8,77.9,80.9,79.19,12.73,11.63,16.47,9.37,7.47,4.34,99.33,103.08,88.35,67.18,34.52,90.8,91.85,63.13,56.09,15.79,26.37,97.12,87.04,26.74,12.75,85.58,89.42,93.74,96.91,97.74,95.01,14.3,1.18,18.41,4.56,3.51,0.85,90.82,91.5,75.77,81.14,84.94,66.24,62.49,52.99,60.4,49.32,58.99,47.1,16.28,255.0,428.57,666.0,1150.0,1836.67,0.54,1.93,3.81,7.06,13.74,20.23,33.68,43.06,3.57,58.43,11.0,22.63,41.57,78.34,15.66,10.67,916.81,163.46,3947.55,340.75,533.33,868.04,2688.97,917.57,34.78,90.18,163.46,0.53,19.46,2.2,4.6,15.56,8.35,0.33,70.59,74.86,58.68,47.86,1.23,18.98,15.45,1.28,10.29,59.91,74.44,87.11,1576.45,58.81,4.02,30.66,73.85,67.78,82.81,10.09,31.1,36.73,18.34,9.05,10.74,0.43,57.56,4.91,14.82,97.44,95.39,33.37,99.08,99.92,1.68,0.72,16.27,14.42,2.26,14.19,5.48,25.69,0.26,4.21,12.69,7.82,1.2,1.33,0.08,13918,17560,16343,16687,16658,15861,14260,13281,12385,10708,8375,15326,6115,4399,3217,1999,188857,1765,13491,17127,16028,16944,17305,16633,15241,14516,13558,11708,9238,14812,7191,5168,3987,2847,3128,198922,193943,1395,6149,186399,5388,27520,20502,20716,16440,295089,19914,65923,19092,275175,19099,46009,19525,229166,5549,6032,5785,31189,72328,26358,17110,9867,153275,120334,30466,387779,357313,329764,34687,20058,275019,386276,385957,0.662,0.783,0.783,0.74,0.851,0.762,-23.5234284,-46.1926671
2010,351380,35,3513801,DIADEMA,75.65,1.7,13.94,15.83,39.52,94.81,84.32,4.78,9.59,1.62,1.14,4.36,0.95,4.59,1.0,5.39,71.29,73.89,77.49,16.45,15.69,17.88,12.26,10.41,4.63,102.4,108.58,84.44,65.2,26.05,86.85,91.1,53.83,58.12,11.47,22.47,96.13,85.59,25.26,15.3,82.44,87.31,94.62,96.85,96.84,93.96,16.16,2.14,8.66,5.21,1.55,0.79,87.71,85.57,71.59,78.23,83.81,62.7,58.02,51.91,57.8,42.16,57.42,38.69,7.12,266.67,424.25,602.0,949.75,1302.0,0.43,1.44,2.72,5.51,9.69,18.67,30.15,32.66,5.16,48.57,15.07,29.78,51.43,82.53,8.67,6.43,694.55,179.34,2268.06,344.04,510.96,751.81,1681.35,694.57,36.46,94.48,172.93,0.33,13.9,0.89,0.21,13.14,4.98,0.02,73.97,70.87,50.26,41.31,0.78,9.16,26.66,1.27,10.78,66.97,82.71,93.78,1154.39,62.46,4.65,34.32,78.25,71.53,83.55,10.13,36.28,37.99,16.83,8.96,8.93,0.23,67.07,2.39,14.82,99.52,95.8,39.43,99.52,99.99,0.24,0.94,17.55,17.56,3.16,15.57,5.06,25.56,0.24,5.15,17.27,6.92,1.25,0.8,0.01,14029,16878,16229,18559,18811,17029,15050,13903,11498,9673,7431,14902,5154,3203,2120,1262,186803,1072,13785,16673,16365,18533,19525,18178,16635,15186,13083,11084,8661,14522,6234,3981,2950,1943,1948,199286,205249,1558,6774,196917,5534,26606,19913,20021,16626,294757,19706,69475,19400,275051,19728,49769,20590,225282,5631,5710,5646,30615,70385,18472,16666,9823,154206,119326,0,386089,386089,328590,33551,19735,275304,385473,385461,0.627,0.765,0.757,0.716,0.844,0.717,-23.681347,-46.62052
2010,250400,25,2504009,CAMPINA GRANDE,73.73,1.72,17.3,18.71,46.08,95.93,87.8,7.79,9.69,3.45,2.38,11.68,2.7,12.39,4.87,14.61,58.73,63.25,69.59,19.25,19.81,22.19,22.01,16.94,8.23,106.73,117.62,76.29,94.03,39.98,90.45,93.02,42.42,66.35,20.16,28.48,96.89,86.65,39.25,18.19,93.26,94.59,96.77,97.3,97.59,94.71,33.2,4.92,21.85,7.57,2.74,2.27,85.08,87.02,53.16,62.36,74.35,57.44,53.54,44.14,50.94,41.83,51.19,39.73,12.69,155.5,255.0,404.0,725.0,1280.0,0.58,5.02,8.95,16.34,28.22,40.74,58.71,47.9,3.14,62.94,9.75,20.2,37.06,73.73,19.64,12.94,630.03,98.87,3017.62,208.39,329.08,530.97,1988.52,630.8,38.07,87.68,154.62,0.61,23.41,2.68,4.38,21.11,7.33,0.39,55.75,64.67,48.89,48.75,1.21,14.75,12.38,3.94,24.19,76.06,84.71,91.37,1114.87,55.03,4.49,20.82,60.63,63.79,76.52,11.1,18.39,32.05,23.92,10.53,12.85,0.51,41.52,8.06,20.68,97.87,94.98,25.54,97.86,99.86,1.83,0.65,29.73,6.74,2.41,22.86,15.26,35.11,0.28,6.46,15.95,13.96,0.86,3.14,0.14,14445,17052,17280,18062,17393,15141,12703,12248,10702,8462,6748,15149,5401,3766,3021,1918,182205,2714,13760,16379,17487,18939,18490,16584,14723,14171,12913,10301,8548,14716,7400,5515,4874,3228,4980,203008,179922,1502,4286,174134,5805,26758,19871,20202,16771,293712,20893,71768,20992,272819,20979,50875,21051,221944,5629,5685,5727,30853,71599,30016,16379,10371,158153,121727,18004,385213,367209,326980,33431,20585,272964,382571,382105,0.574,0.698,0.72,0.654,0.812,0.702,-7.2246743,-35.8771292
2010,310670,31,3106705,Betim,76.82,1.79,12.68,14.74,41.74,94.66,85.12,4.55,9.49,1.29,0.95,5.34,0.9,5.7,1.01,6.82,64.6,68.12,68.78,20.45,19.34,25.32,14.95,12.55,5.9,97.88,108.05,69.56,64.61,25.44,88.48,94.11,50.32,52.09,11.18,24.93,97.44,86.78,23.17,12.27,78.45,85.29,92.34,97.97,98.03,95.06,19.26,1.7,11.76,4.95,1.16,0.66,90.19,90.08,68.48,77.43,82.89,58.65,53.01,46.49,54.43,38.63,54.62,34.95,6.53,241.43,371.43,525.0,820.0,1205.0,0.47,1.58,3.09,7.04,12.92,23.98,38.15,37.87,4.78,52.72,13.88,27.54,47.28,78.81,10.91,7.61,660.56,157.74,2501.39,300.6,451.23,651.83,1743.84,660.74,36.72,95.91,173.4,0.4,17.28,0.97,1.79,14.24,10.47,0.64,72.48,66.08,45.19,44.5,1.03,7.59,21.66,1.45,11.51,70.89,85.8,94.14,1080.99,63.25,5.12,38.64,81.12,73.22,83.95,10.01,34.04,37.17,17.0,8.6,8.84,0.29,62.3,4.75,13.41,98.27,98.75,23.29,98.68,99.86,0.45,0.18,21.78,21.55,1.97,18.25,7.59,27.01,0.28,4.41,18.14,7.37,2.14,1.15,0.14,14362,18080,17749,18034,18038,17053,14482,13408,11134,9786,7032,15188,4505,3017,2056,1276,186352,1152,13833,17794,17232,18110,18848,17538,14951,13820,12426,10296,7380,14800,4888,3430,2708,1723,1960,191737,202273,1838,8344,192091,5730,28447,21272,21381,16646,281807,21172,70576,20500,260635,20566,49404,21287,211231,5592,5796,5697,31066,73836,17187,17653,10428,144198,109107,2758,378089,375331,319805,35874,21596,262335,376682,376578,0.587,0.744,0.749,0.687,0.864,0.709,-19.968056,-44.198333
2010,260960,26,2609600,OLINDA,75.16,1.66,14.79,11.92,42.86,96.8,90.07,7.99,9.63,3.21,2.34,7.03,2.21,7.35,2.88,8.35,61.9,66.37,71.94,19.27,19.41,21.56,18.83,14.22,6.51,101.79,113.19,69.67,95.26,36.02,87.07,91.35,40.61,64.61,16.71,33.01,96.25,85.52,36.51,16.43,89.39,91.75,94.91,96.22,96.89,93.91,28.7,3.81,21.84,6.59,2.02,1.02,84.9,83.74,54.12,63.24,75.09,63.95,61.8,43.09,50.65,46.5,50.73,45.71,11.79,169.67,280.0,459.5,822.67,1371.5,0.55,4.99,8.77,15.18,26.18,36.97,54.13,43.17,3.16,59.84,10.09,21.38,40.16,69.36,17.11,11.85,640.13,101.28,2763.48,221.74,361.36,600.86,1913.38,641.29,36.96,85.7,154.12,0.56,20.66,1.55,0.55,19.37,7.24,0.06,62.33,72.42,56.0,59.0,0.99,14.55,6.56,0.96,18.95,73.75,84.3,92.26,1086.94,53.88,3.37,16.08,62.43,62.09,77.28,13.66,39.87,42.17,28.41,13.0,15.64,0.41,51.1,6.34,19.6,97.33,92.53,27.69,96.63,99.93,4.05,0.95,23.74,10.61,3.11,18.21,11.21,29.42,0.38,6.62,12.98,15.12,2.32,3.95,0.07,12694,15681,15437,15683,15512,14817,13852,12776,11455,9387,7019,13693,5822,4050,3078,1888,174724,1880,12165,15367,15540,16961,17587,17114,16207,15329,13818,11784,9856,13533,8462,6344,5252,3408,4328,203055,175359,1037,3019,171303,4843,24502,18211,18437,14743,294138,18593,63480,18527,275545,18685,44887,18944,230658,5216,5272,5281,28359,65213,30193,15334,9315,161725,129298,7447,377779,370332,325443,30790,18772,275881,376158,375479,0.64,0.693,0.735,0.675,0.836,0.704,-7.9986401,-34.8459552
2010,351060,35,3510609,CARAPICUÍBA,75.52,1.89,14.0,16.1,41.19,94.72,84.09,4.9,10.22,2.04,1.25,4.36,0.98,4.59,1.18,5.38,74.75,76.79,82.07,13.22,12.66,13.57,12.03,10.55,4.35,99.49,106.69,78.54,75.69,29.25,84.05,87.99,50.57,63.35,12.78,25.71,95.21,85.6,26.77,17.16,80.5,85.73,91.28,95.9,96.15,93.45,14.49,1.95,9.81,4.23,2.58,0.83,85.02,83.16,71.5,76.58,81.55,60.0,55.31,50.09,56.32,40.07,57.51,36.53,7.21,255.0,403.33,599.0,900.0,1275.13,0.46,1.77,2.98,6.12,10.57,20.1,31.45,36.47,4.83,51.48,14.23,28.16,48.52,82.09,10.25,7.24,712.78,172.01,2599.19,334.99,496.51,725.53,1834.1,713.1,31.21,90.25,172.01,0.38,14.54,0.57,0.18,15.01,7.94,0.04,74.65,68.62,47.9,50.12,0.73,9.11,13.08,1.09,9.23,66.02,83.51,93.82,1226.88,58.49,5.04,30.96,74.39,67.29,78.52,9.79,32.31,37.43,16.03,8.63,8.7,0.27,67.6,2.33,14.25,98.35,95.47,41.04,99.51,99.93,0.7,1.83,18.45,19.5,3.85,16.23,5.28,27.79,0.51,4.92,17.08,7.98,2.33,1.22,0.07,14040,16516,15691,17297,17754,16216,14353,12702,10385,8981,7611,14799,5356,3450,2069,1119,179284,945,13624,16369,15780,17219,18791,17319,15391,13422,11876,10547,8779,14395,6277,4048,2808,1756,1899,190300,182833,1656,6013,175164,5464,26037,19606,19535,16409,279813,19319,65977,18689,260494,18716,46658,19423,213836,5783,5797,5740,30231,69312,18093,16366,9643,145897,112904,0,369584,369584,312598,32885,19419,260295,368909,368746,0.6,0.745,0.749,0.693,0.842,0.721,-23.5234673,-46.8406808
2010,352590,35,3525904,JUNDIAÍ,76.94,1.58,11.51,13.35,39.72,95.38,85.87,9.28,10.79,1.14,1.08,3.08,0.83,3.2,1.05,3.61,81.58,82.91,87.02,9.65,8.92,10.89,8.77,8.17,2.09,96.81,103.2,78.64,96.84,55.23,87.39,90.98,58.59,76.08,24.94,34.79,97.73,87.33,33.17,18.43,92.17,94.18,97.44,97.77,98.25,95.41,10.06,0.8,11.0,2.37,3.0,2.22,88.87,86.38,78.38,83.09,86.42,67.38,64.04,63.26,65.87,50.75,65.64,48.1,20.62,424.5,664.17,1000.0,1746.67,2703.33,0.53,0.52,1.16,1.87,4.12,7.81,15.2,43.55,3.94,58.61,11.43,23.01,41.39,73.9,15.24,10.17,1431.55,281.85,6234.66,536.43,828.89,1315.61,4161.85,1431.72,45.58,93.52,183.38,0.51,17.85,2.39,1.78,15.58,5.23,0.08,77.99,76.04,59.55,48.48,0.86,23.95,21.43,1.36,7.4,47.2,64.53,80.75,2033.3,62.87,3.07,34.63,79.4,69.88,86.56,5.87,27.68,27.68,10.14,5.19,5.9,0.43,64.32,3.99,10.27,99.03,97.28,22.29,99.92,99.97,0.49,0.48,13.11,7.83,1.75,12.81,2.23,22.22,0.23,4.07,9.52,3.16,0.28,0.78,0.03,11203,13328,13582,15750,16879,16002,14124,13626,12452,11270,9083,11549,6874,5106,4012,2662,180049,2547,10912,12549,13240,15388,17203,16516,14726,14093,13592,12384,9967,11321,8158,6187,5126,3912,4803,190077,204422,793,5419,198209,4430,20698,15442,15632,13168,299056,15722,57919,15735,283334,16822,42197,17480,241137,4497,4469,4436,23537,54797,34338,12539,7844,155193,126583,15922,370126,354204,325159,25877,15647,283635,368777,368732,0.674,0.82,0.822,0.768,0.866,0.834,-23.1887866,-46.8845122
2010,353870,35,3538709,PIRACICABA,75.88,1.53,14.44,16.18,40.66,95.07,85.02,8.41,10.22,1.41,1.04,3.1,0.9,3.23,1.0,3.67,76.08,78.12,85.67,13.8,12.9,12.12,10.12,8.99,2.21,98.41,106.28,75.8,72.63,37.61,88.14,91.92,54.54,59.04,18.69,40.11,97.07,85.67,29.98,14.49,82.09,86.66,90.09,95.85,97.5,94.45,16.06,1.91,4.14,3.65,2.33,0.71,91.85,90.04,70.32,76.78,83.46,63.98,60.26,51.51,57.49,44.98,58.18,42.59,15.73,351.67,547.5,827.5,1370.0,2133.33,0.52,0.94,2.13,3.11,6.72,11.62,21.93,42.68,4.02,57.66,11.93,23.77,42.34,73.15,14.31,9.66,1143.2,229.56,4879.41,452.32,676.91,1061.55,3293.19,1143.43,36.57,86.4,173.25,0.49,17.98,2.76,2.24,16.75,7.59,0.09,75.41,72.07,52.73,45.06,1.14,17.8,19.49,1.1,8.99,53.14,71.39,86.29,1672.39,60.86,3.7,30.34,75.44,68.59,82.66,7.12,38.61,29.65,13.29,6.34,7.21,0.38,63.16,3.46,11.7,98.71,98.26,24.48,99.85,99.98,0.24,0.48,17.48,17.91,2.5,15.5,3.84,24.5,0.41,6.2,11.59,4.67,0.45,0.81,0.02,11345,14321,14517,16208,17146,15238,13522,12596,11958,10620,8840,12289,6790,4622,3417,2459,178345,2457,10838,13795,14022,15719,17134,15931,13860,13049,12980,11435,9859,11795,7787,5652,4601,3493,4276,186226,193677,1040,5023,187614,4297,22369,16532,16882,13150,287204,16844,59866,16478,270360,17428,43022,18051,227338,4549,4738,4606,24561,58330,30643,13645,8321,148306,118834,7828,364571,356743,318222,28116,16558,273548,363011,362938,0.64,0.759,0.785,0.717,0.848,0.797,-22.72528,-47.64917
2010,314330,31,3143302,Montes Claros,77.07,1.62,13.04,15.05,41.96,94.93,85.81,6.07,10.25,1.42,1.17,6.25,1.0,6.64,1.38,8.05,70.83,73.93,77.65,18.21,17.76,16.72,10.96,8.32,5.63,100.58,107.1,83.08,86.97,42.09,91.35,94.62,58.61,65.3,22.08,25.42,97.68,87.61,32.78,15.41,90.03,92.84,96.94,98.86,98.43,95.49,18.85,1.37,14.23,5.58,1.9,1.46,93.33,91.96,70.94,80.49,86.23,64.59,59.19,58.03,64.5,49.08,65.48,45.23,13.28,181.11,300.0,475.0,808.33,1302.0,0.53,2.71,5.06,11.99,21.75,33.87,52.54,43.06,3.77,58.71,11.21,22.82,41.29,77.89,15.37,10.48,650.62,122.65,2801.46,241.97,377.7,600.99,1911.35,651.8,37.11,95.92,164.42,0.51,20.55,2.71,5.6,20.82,10.35,0.16,59.42,70.88,55.18,50.88,1.03,14.8,9.53,2.63,20.36,75.3,85.17,92.37,1101.09,60.33,4.75,25.65,70.05,69.85,82.16,10.38,23.53,37.36,20.28,9.5,10.88,0.45,42.94,9.69,21.72,95.05,95.22,24.93,98.6,99.66,0.64,0.48,17.81,9.97,1.57,14.52,8.14,27.64,0.19,3.72,10.89,10.91,0.64,1.96,0.34,13064,15854,16797,17947,17160,15173,12884,11585,10168,8634,6596,13957,5098,3628,2602,1601,174249,1501,12689,15699,17346,19331,18345,16435,14056,12826,11424,9589,7647,13680,5958,4375,3382,2238,2646,187666,186390,1497,5137,179756,5170,25167,18779,18929,15365,276748,19919,71337,20235,256829,21574,51418,22123,205411,5218,5264,5353,28759,67092,21972,15699,10034,145565,108898,17488,361915,344427,308936,31553,20023,257360,359278,358628,0.646,0.798,0.77,0.744,0.868,0.707,-16.7273538,-43.8717676
2010,411520,41,4115200,MARINGÁ,76.1,1.4,11.05,12.99,36.51,94.34,85.14,8.08,11.37,0.77,0.62,3.27,0.4,3.44,0.62,4.09,77.58,81.35,84.69,12.01,11.4,12.32,10.42,7.26,2.98,97.93,106.41,76.94,71.43,55.93,90.51,92.55,56.81,52.52,31.38,46.98,98.07,85.17,39.93,17.92,90.89,93.25,96.45,97.89,98.38,94.58,19.11,1.06,21.92,3.24,3.87,2.17,92.25,92.23,71.46,79.37,88.25,69.06,64.96,63.87,68.59,53.46,68.19,50.23,20.01,424.33,620.0,899.0,1490.0,2360.0,0.49,0.29,0.66,1.39,3.2,6.25,12.16,39.62,4.97,55.15,13.64,26.03,44.85,79.47,11.62,7.93,1202.63,298.58,4765.31,521.65,745.01,1131.41,3253.93,1202.63,42.97,100.05,188.55,0.41,20.81,5.53,2.19,20.93,6.73,0.05,71.67,76.08,59.62,49.38,0.63,21.33,14.73,1.0,8.57,54.53,71.83,85.48,1749.98,64.9,4.85,30.51,73.73,72.46,87.11,4.76,19.64,24.93,9.77,4.15,4.44,0.42,54.32,5.64,12.94,99.22,99.36,9.49,99.86,100.0,0.06,0.29,11.78,9.11,1.62,12.49,1.93,20.93,0.11,2.71,7.44,1.92,0.07,0.63,0.0,10595,12637,14722,17744,15875,13998,12790,12888,12017,10126,8381,10782,6545,4808,3499,2189,171724,2128,10139,12190,14751,17857,16287,14833,14068,14840,13803,12059,10129,10193,7884,5718,4226,2969,3407,185353,204889,1205,5146,198538,4218,19841,14570,15120,12285,289662,16653,64890,17273,273009,19793,48237,21023,224772,4178,4225,4022,21603,52452,28866,12158,8218,152387,119876,6424,357077,350653,315711,24827,16870,274014,354512,354512,0.691,0.81,0.808,0.768,0.852,0.806,-23.425269,-51.9382078
2010,320130,32,3201308,CARIACICA,75.64,1.83,13.2,15.46,43.62,92.94,83.08,5.99,9.38,2.24,1.57,6.08,1.32,6.42,1.48,7.55,64.49,67.96,73.86,18.68,18.45,19.09,16.82,13.59,7.05,96.65,108.37,62.31,53.71,21.73,84.79,90.35,39.64,48.01,10.14,15.64,93.97,79.3,23.51,11.56,71.21,77.8,86.31,90.79,94.81,90.86,23.14,2.11,14.55,4.66,1.95,1.17,86.14,86.41,57.92,66.33,75.27,54.33,49.63,39.94,47.35,34.91,46.35,32.11,6.16,233.2,358.75,519.0,827.5,1193.33,0.45,1.64,3.29,7.87,14.74,25.29,40.07,34.55,4.88,50.32,14.26,28.59,49.68,78.14,9.69,7.06,620.89,151.62,2145.28,291.17,444.92,654.48,1562.09,621.65,36.73,97.64,172.34,0.35,18.35,0.91,1.28,19.79,10.7,0.95,70.45,62.38,41.95,50.07,0.98,7.77,9.53,0.96,11.07,71.7,85.58,94.49,1044.62,58.86,4.99,31.43,72.67,67.67,80.0,9.3,41.73,34.98,16.03,8.12,9.39,0.26,61.94,2.78,15.24,99.26,95.31,24.99,94.44,99.96,1.07,1.39,26.98,28.79,5.19,23.16,9.4,31.07,0.46,8.21,18.4,10.46,3.31,1.66,0.04,13343,15571,15450,16112,16284,14916,12618,11744,10314,8960,6869,14359,4717,3329,2353,1538,169958,1481,12883,15372,15020,16643,16673,15570,13307,12359,11558,9981,7944,13409,5785,4222,3204,2256,2594,178780,173514,1544,5706,166265,5387,24379,18331,18346,15630,263214,18531,63092,18155,244683,18163,44561,18666,200122,5171,5367,5424,28865,65659,20904,15352,9063,136837,105226,11095,348738,337643,294798,30943,18156,245700,347354,346926,0.543,0.676,0.718,0.628,0.844,0.699,-20.263202,-40.416549
2010,350600,35,3506003,BAURU,76.26,1.87,12.18,14.13,41.3,94.98,84.78,9.12,10.58,1.45,0.91,3.08,0.78,3.21,0.87,3.66,75.85,79.36,79.79,14.27,12.46,17.52,9.89,8.18,2.68,95.28,103.03,74.21,97.7,43.68,88.17,91.73,57.38,74.16,21.94,38.37,95.87,87.34,30.97,14.88,92.4,93.94,95.73,97.0,96.94,94.36,16.12,1.04,8.41,2.92,1.82,0.85,89.13,87.34,74.25,81.35,85.43,67.21,63.85,58.77,62.17,50.0,61.87,47.76,17.7,335.0,518.0,787.5,1374.0,2180.0,0.55,1.08,2.35,3.71,8.36,12.95,25.45,45.58,3.7,60.22,11.15,22.25,39.78,71.44,16.35,10.8,1163.86,215.41,5304.54,433.4,646.03,1020.07,3502.08,1164.08,35.45,90.0,171.68,0.55,19.24,2.82,1.4,18.59,7.56,0.14,73.83,75.36,58.08,53.81,1.29,19.48,12.17,1.25,10.1,58.82,75.22,87.72,1632.43,61.81,5.77,36.5,75.14,68.99,83.29,6.64,32.19,30.53,13.12,5.64,5.83,0.45,58.91,5.64,12.41,99.58,98.49,19.48,99.46,99.9,0.1,1.06,16.0,7.6,3.06,13.86,4.05,22.97,0.72,5.45,10.98,4.85,0.34,0.98,0.1,10569,13185,13660,15254,15696,14398,12602,11896,11139,9796,8036,11499,6092,4521,3495,2421,166649,2390,10178,12734,13039,14488,15618,14716,13232,12668,12673,11440,9501,10979,7473,5778,4723,3739,4309,177288,186013,1495,5890,178627,4145,20800,15371,15851,12241,274670,15967,56410,15849,258703,16429,40443,16974,218260,4355,4448,4372,23125,54594,31367,12730,7746,143356,115839,5753,343937,338184,300962,25919,16136,258906,339422,339356,0.672,0.795,0.801,0.752,0.854,0.8,-22.3218102,-49.0705863
2010,520110,52,5201108,ANÁPOLIS,74.33,1.66,15.14,17.16,43.01,93.37,82.79,6.67,9.82,1.02,0.72,5.77,0.68,6.14,1.2,7.32,67.03,69.54,76.0,17.98,17.72,18.25,14.99,12.74,5.75,97.41,103.68,80.02,41.3,39.03,87.44,89.82,49.96,33.9,19.72,11.19,97.12,84.27,34.62,15.45,47.13,60.57,71.35,86.41,96.31,93.12,20.9,1.84,9.61,6.74,3.58,2.47,86.93,87.26,67.09,76.16,83.8,60.88,55.94,49.53,58.72,42.69,59.03,39.23,11.49,254.0,400.0,582.5,965.0,1502.5,0.5,1.0,1.65,5.74,11.21,21.26,35.4,41.06,4.3,56.26,12.51,25.0,43.74,80.45,13.13,8.95,785.17,168.7,3224.01,322.49,490.19,735.85,2198.78,785.84,34.68,99.18,178.31,0.44,24.34,2.24,3.64,20.73,8.33,0.07,60.17,67.32,48.6,45.17,0.86,13.48,15.9,1.61,10.62,66.22,80.56,90.58,1307.12,60.55,6.38,36.46,73.09,69.06,81.1,7.13,19.72,26.63,13.0,6.21,7.41,0.38,47.91,5.63,18.6,98.99,96.09,15.87,99.51,99.98,2.13,0.19,18.88,52.87,3.69,18.37,6.58,29.5,0.18,6.8,9.93,6.75,0.51,1.55,0.02,12059,15054,14770,15582,14489,13913,12484,11660,10408,8529,6635,12983,4990,3589,2751,1669,163256,1691,11489,14406,14472,15376,14867,14548,13582,12929,11464,9588,7734,12330,5953,4371,3471,2295,2482,171357,172917,1879,6537,164502,4806,23532,17411,17795,13960,256286,17526,60200,17293,238760,18005,42674,18495,196086,4780,4993,4931,26247,61461,22319,14406,8632,133129,103281,5858,334613,328755,285577,29460,17929,238188,333067,332782,0.609,0.687,0.737,0.66,0.822,0.737,-16.3332828,-48.9525756
2010,120040,12,1200401,RIO BRANCO,72.85,2.06,20.03,21.37,50.39,95.37,86.48,4.31,9.72,2.48,1.81,9.03,2.35,9.71,3.44,11.76,66.87,69.08,74.31,18.68,17.53,21.36,14.45,13.39,4.33,94.3,102.38,70.68,57.85,36.59,84.44,89.88,45.78,51.05,15.18,9.77,94.56,81.54,32.44,18.18,72.38,78.77,85.2,91.93,95.08,91.63,16.77,2.0,17.86,6.57,2.05,1.7,84.36,83.69,64.23,72.98,76.74,60.69,56.25,42.34,49.36,43.07,49.66,41.33,12.93,169.57,295.0,499.4,870.33,1500.0,0.59,4.85,7.45,14.38,22.92,35.25,50.55,48.11,2.69,64.04,8.78,18.92,35.96,80.39,21.91,14.54,744.67,100.31,3582.55,226.75,377.55,634.46,2378.25,754.63,27.69,82.35,151.65,0.64,19.66,1.33,5.13,17.15,9.21,0.09,59.16,66.47,49.47,55.38,1.08,14.97,4.47,2.83,14.8,66.65,78.81,89.03,1389.79,56.6,6.3,21.44,62.69,68.26,73.92,9.94,31.04,38.09,19.22,8.77,10.48,0.48,48.32,7.2,21.16,94.09,62.1,39.42,97.38,99.34,18.43,5.52,24.68,27.62,4.92,19.97,11.53,30.15,0.85,9.55,23.31,12.36,0.75,1.64,0.66,15436,17935,16357,16538,16303,14228,11624,9893,7707,6303,4889,16319,3385,2409,1706,1134,163592,1426,14948,17764,17519,17512,17417,15862,12498,10923,8450,6979,5293,15721,3754,2818,1994,1340,1654,172446,154892,2251,4491,148150,5753,28350,21350,21187,18320,237875,20631,67915,20163,217244,20134,47284,20168,169960,6302,6307,6248,33067,75361,14480,17760,10629,123995,88970,27493,336038,308545,273669,35699,20942,217028,333052,328655,0.607,0.69,0.727,0.661,0.798,0.729,-9.9765362,-67.8220778
2010,355100,35,3551009,SÃO VICENTE,76.39,1.75,12.79,14.63,43.42,95.19,85.35,7.5,10.0,1.58,1.26,4.22,0.99,4.42,1.3,5.08,71.51,73.32,80.66,17.83,18.02,15.23,10.66,8.67,4.11,100.19,105.25,85.56,68.77,23.38,88.72,90.87,56.42,57.8,10.4,25.27,96.12,85.06,23.44,11.96,78.79,83.77,90.73,93.83,96.71,93.72,17.34,1.71,9.34,5.49,3.02,0.83,89.82,87.78,69.89,77.53,81.97,64.95,61.65,49.9,56.45,45.36,56.48,43.21,9.77,266.67,438.75,650.0,1006.67,1521.0,0.47,1.48,2.61,5.93,11.36,18.56,32.09,36.67,4.49,52.29,13.47,27.11,47.71,72.03,10.89,7.77,789.32,177.3,2894.43,354.5,538.23,812.73,2065.08,789.76,37.15,94.68,170.25,0.4,16.72,1.27,0.4,16.94,7.5,0.35,72.14,73.03,53.91,58.9,1.18,11.69,8.35,1.17,10.73,63.26,80.28,91.62,1257.91,57.57,3.52,28.52,72.12,65.83,81.04,10.15,37.89,36.98,19.15,9.19,10.0,0.29,61.16,4.58,15.39,99.2,97.9,38.88,99.69,99.93,0.61,2.21,16.65,21.21,3.29,14.52,4.94,25.05,0.6,4.92,15.58,7.3,1.45,1.32,0.07,11724,14042,13825,14178,14801,13686,12164,11248,10063,8820,7502,12557,5272,3817,2706,1697,159664,1562,11203,13934,13543,13984,15427,14605,13042,12176,11537,10619,8917,11800,6790,5090,3975,2846,3293,172781,164116,986,4686,158445,4450,22191,16649,16520,13704,255503,16651,55030,16222,238852,15898,38379,16177,200473,4755,4723,4691,25346,58764,24941,13915,8329,135670,108167,628,332445,331817,285079,27976,16428,240675,330341,330158,0.65,0.751,0.768,0.716,0.857,0.738,-23.9603686,-46.3847024
2010,431440,43,4314407,PELOTAS,75.64,1.43,12.39,13.98,43.33,94.67,84.76,10.39,9.89,1.57,1.21,4.12,1.13,4.31,1.53,4.9,60.26,64.92,70.16,18.5,19.08,20.71,21.24,16.0,9.13,101.39,112.63,70.39,52.67,54.03,88.65,92.53,41.22,43.93,26.49,17.76,97.76,84.22,42.46,20.98,54.23,65.97,77.86,87.52,96.85,93.49,30.59,3.58,5.31,6.67,2.23,2.22,86.19,87.32,55.85,66.5,77.4,57.99,54.37,43.85,53.29,40.96,52.32,38.66,13.49,250.0,412.25,625.0,1069.0,1750.0,0.54,2.1,4.67,7.56,16.58,22.46,41.7,44.15,3.5,59.28,10.82,22.4,40.72,67.82,16.32,10.97,894.35,156.55,3948.73,327.45,517.45,819.43,2653.61,895.49,39.71,93.47,166.44,0.54,26.56,2.7,8.36,18.49,7.45,0.12,65.12,65.44,47.88,51.67,1.11,15.79,6.95,2.9,16.76,68.44,80.94,90.13,1317.27,56.12,4.69,21.86,64.13,63.61,79.99,7.83,13.29,32.29,16.65,7.26,10.12,0.46,45.57,7.32,15.3,98.11,97.32,20.41,99.18,99.7,0.42,1.13,29.22,45.77,3.15,24.47,9.82,31.49,0.27,5.38,16.6,7.19,0.33,1.63,0.3,9505,13011,13306,13570,13411,11461,10296,10466,10611,9832,8355,10619,6870,4774,3522,2412,154198,2177,9096,12802,13366,14245,14189,12310,11629,11817,12469,11863,10181,10101,8770,6545,5293,4280,5121,174077,162163,1210,3383,157570,3663,20530,15393,15410,11014,262906,15911,54430,15638,246995,16352,38519,16721,208476,3902,4013,3987,21938,53286,34095,12794,8018,141966,114381,22082,328275,306193,288984,25813,15476,247695,326650,326233,0.58,0.659,0.739,0.632,0.844,0.758,-31.7699736,-52.3410161
2010,320530,32,3205309,VITÓRIA,76.28,1.38,11.37,13.34,37.89,93.11,83.46,8.22,10.04,1.41,0.93,2.98,0.67,3.1,0.69,3.59,70.44,73.12,74.88,17.31,16.77,19.65,12.25,10.11,5.47,98.47,104.14,83.08,61.32,66.99,89.21,92.16,58.08,51.25,35.3,52.86,96.84,88.13,45.85,20.3,97.24,97.59,97.91,98.27,97.61,95.06,16.13,1.05,16.94,4.63,2.58,2.66,88.94,88.79,74.56,81.44,89.37,78.94,76.83,63.81,70.88,65.22,71.84,64.08,31.86,350.0,653.75,1232.0,2533.33,4066.67,0.6,0.64,1.39,3.51,8.39,12.34,24.66,46.31,2.39,63.49,7.66,17.34,36.51,72.01,24.17,16.57,1866.58,223.47,8643.44,491.9,902.52,1789.54,5926.96,1866.76,34.91,97.28,172.39,0.69,18.26,5.24,0.74,14.89,5.67,2.11,76.32,83.64,71.28,61.7,1.1,34.73,6.69,0.69,7.19,45.93,58.56,72.18,2641.19,61.93,4.82,25.91,64.6,69.44,83.73,7.55,39.46,36.97,16.53,6.7,8.2,0.6,54.24,10.79,10.96,99.92,99.08,16.04,99.88,99.98,0.01,0.61,12.47,2.76,2.39,9.04,3.29,14.28,0.46,4.47,8.43,5.15,0.34,0.85,0.02,9932,11944,12450,15297,15511,13475,10801,10429,10427,9690,7818,10165,5500,3822,2746,1927,153948,2014,9666,11686,12932,15970,16621,15295,12346,12151,12577,11893,9528,9727,7022,4996,4095,3265,4083,173853,178575,1139,3793,173643,4008,18835,14011,14329,11735,264681,14654,56649,14990,250027,16446,41995,17552,208032,3855,3936,3892,20751,49372,26948,11686,7385,142774,113872,0,327801,327801,288346,23630,14637,250079,325399,325368,0.789,0.813,0.845,0.805,0.855,0.876,-20.3200917,-40.3376682
2010,230370,23,2303709,CAUCAIA,73.48,2.01,17.57,18.84,47.93,95.98,87.56,5.1,9.71,4.81,3.34,12.86,3.8,13.8,5.66,16.52,61.99,67.01,69.86,19.98,19.47,21.95,18.03,13.52,8.19,99.74,110.63,70.18,90.51,15.25,87.92,92.18,43.75,64.9,6.63,32.15,95.71,82.71,23.69,10.73,94.18,94.44,95.11,94.93,96.35,92.68,28.38,3.12,17.69,8.01,1.56,0.3,87.43,86.38,55.75,65.9,74.03,53.29,47.64,36.77,43.43,33.42,42.82,30.69,4.33,127.5,204.0,305.0,508.0,733.33,0.48,6.53,10.17,22.82,34.71,51.67,67.99,37.12,4.3,52.68,13.2,26.71,47.32,78.94,11.25,7.88,379.63,81.53,1409.08,168.96,256.43,391.19,987.31,381.99,34.52,87.75,150.37,0.41,20.02,0.83,5.41,18.54,10.48,0.32,48.25,60.36,40.0,42.02,1.28,5.18,16.4,3.35,26.41,85.19,93.0,97.16,738.42,52.97,4.94,18.97,61.55,63.97,73.69,9.09,18.87,26.54,17.75,8.47,8.85,0.28,42.79,3.06,30.44,91.28,82.92,39.39,86.73,99.3,8.94,2.49,29.9,5.82,3.65,23.73,17.11,38.76,0.26,9.01,24.93,18.7,3.64,3.48,0.7,13552,17323,17228,16601,14645,12560,11452,10734,9194,6476,4660,14204,3670,2580,2081,1255,159598,1383,12736,17084,16948,16483,14908,13407,12340,11700,10148,7211,5401,13881,4187,3108,2608,1647,2046,165843,143574,1699,4005,137870,5178,27221,20092,20703,15872,235608,21245,66986,20704,214363,19160,45741,18917,168622,5145,5311,5181,29647,71235,16591,16998,10519,121601,88297,35221,325441,290220,271058,34407,21115,215536,324220,322217,0.533,0.688,0.682,0.632,0.808,0.62,-3.7300563,-38.6593082
2010,430460,43,4304606,CANOAS,76.83,2.09,10.62,12.07,42.56,95.27,86.3,7.49,9.89,1.33,0.91,2.61,0.72,2.73,0.76,3.11,61.32,65.94,64.05,19.25,18.98,26.16,19.43,15.08,9.79,100.3,108.86,74.9,35.15,42.0,87.6,91.73,42.48,28.96,16.94,22.62,97.04,83.57,33.37,19.25,47.08,59.57,66.27,81.2,95.88,92.77,26.45,2.95,5.76,6.91,2.16,2.26,88.34,89.27,56.71,67.67,79.52,64.57,61.7,41.18,50.26,43.63,48.08,42.35,10.35,300.0,497.0,722.5,1200.0,1853.33,0.51,0.93,1.98,4.4,9.67,15.72,29.35,40.43,4.21,55.76,12.45,24.82,44.24,74.54,12.99,8.99,952.13,200.54,3849.71,392.37,588.81,924.45,2665.12,952.29,43.01,98.7,174.96,0.46,20.58,2.26,0.81,19.01,7.43,0.31,74.51,72.89,51.79,50.54,1.06,11.86,14.94,0.98,9.26,59.62,76.47,88.92,1455.73,60.58,3.14,31.85,77.2,69.1,85.29,6.86,35.78,29.09,12.0,6.03,6.71,0.36,59.1,5.25,12.1,98.8,95.7,20.45,99.12,99.93,0.78,3.46,22.7,52.92,4.12,18.32,6.47,24.41,0.58,4.96,15.77,4.97,0.74,0.93,0.07,10963,13779,13223,13594,14197,13024,10994,10722,10686,9814,7739,12078,5803,3756,2563,1610,155936,1391,10775,13341,13168,13632,14770,13522,11459,11701,12015,10776,9185,11531,7089,4972,3835,2857,3263,167891,168578,851,4979,162748,4220,21261,15867,15939,13043,251189,15814,53574,15616,235375,15864,37760,16204,197615,4439,4602,4564,24793,56681,24239,13326,7873,132159,105385,0,323827,323827,278280,27120,15633,235526,322949,322895,0.646,0.631,0.75,0.636,0.864,0.768,-29.9216045,-51.1799525
2010,352310,35,3523107,ITAQUAQUECETUBA,75.66,2.02,15.5,17.37,45.96,95.05,84.98,3.69,10.19,2.35,1.53,5.66,1.31,6.04,1.55,7.2,72.57,76.38,76.54,14.23,13.13,17.53,13.2,10.49,5.93,93.85,102.23,69.16,59.78,12.48,84.97,88.54,46.37,52.33,4.93,15.21,96.06,83.52,17.64,8.47,69.37,77.79,89.6,93.14,96.39,93.13,19.5,1.96,11.32,4.78,2.91,0.6,88.79,86.24,64.07,71.93,77.72,54.16,48.36,40.74,47.84,32.92,45.81,29.25,3.7,199.88,306.25,459.5,676.0,930.0,0.42,2.81,4.76,10.21,16.71,31.34,45.12,32.0,5.06,47.79,15.06,30.1,52.21,83.29,8.5,6.32,502.85,127.18,1609.2,251.38,378.3,555.79,1196.01,503.6,36.61,91.22,166.02,0.32,17.73,0.58,0.7,15.08,9.91,0.1,65.73,61.26,39.45,38.98,1.22,4.78,21.72,1.12,14.51,75.87,89.88,96.63,964.91,57.83,5.68,31.25,74.68,68.51,79.1,13.02,36.45,41.73,19.04,11.52,13.65,0.21,58.68,2.82,19.41,98.57,96.83,49.07,98.7,99.82,1.27,0.28,24.32,30.63,3.61,20.58,9.64,32.85,0.48,7.01,23.86,10.97,5.07,1.21,0.18,13507,17171,15645,14972,14394,13313,12055,11112,8993,7836,5725,14916,3786,2332,1337,794,158542,654,12999,16547,15490,15373,15009,14127,12727,11542,9893,8310,6017,14293,4117,2658,1763,1185,1178,163228,153877,1914,6072,145891,5175,26624,19974,19868,15922,232165,19368,61431,18568,212797,17702,42063,17788,170734,5386,5684,5598,30557,70295,11889,16527,9678,119302,88462,0,321770,321770,266095,33718,19430,212947,321198,320722,0.542,0.708,0.714,0.648,0.844,0.665,-23.4754492,-46.3514033
2010,351620,35,3516200,FRANCA,75.5,1.59,14.3,16.03,42.34,94.75,84.16,7.6,11.19,1.07,0.83,3.44,0.71,3.62,0.8,4.22,82.47,84.75,84.96,11.07,10.07,11.98,6.45,5.18,3.06,96.13,101.69,80.7,72.27,28.19,90.37,93.78,65.35,64.84,16.93,21.27,97.6,83.84,23.9,9.57,80.99,86.69,97.0,98.55,98.16,94.36,10.27,0.64,10.06,3.35,1.91,0.96,93.39,90.82,79.61,85.77,88.63,63.09,57.8,58.98,63.23,44.49,63.47,40.61,13.15,327.5,499.25,672.86,1004.0,1502.5,0.46,0.65,1.33,3.34,7.07,12.87,24.51,37.67,5.17,52.2,14.85,28.38,47.8,79.21,10.14,7.02,846.57,218.68,3188.69,410.09,572.52,822.13,2206.01,846.58,34.51,97.7,177.18,0.37,21.05,3.34,2.45,16.89,5.64,0.04,69.62,70.54,51.01,33.16,0.92,14.29,35.45,0.92,9.86,68.64,82.7,91.83,1289.46,64.78,5.51,44.83,81.15,72.94,87.86,5.58,21.05,22.77,8.87,4.71,5.04,0.33,57.14,2.28,15.4,99.79,99.13,20.57,99.93,99.98,0.0,0.08,15.49,19.01,1.84,14.67,3.34,25.1,0.18,5.13,12.19,3.89,0.22,0.83,0.02,10541,13536,13893,14391,13430,12243,11498,11295,10683,9024,7203,11801,5570,3886,2920,1843,155464,1707,10425,12943,13401,14226,13701,12977,12268,12074,11329,9989,8093,11297,6577,4672,3604,2655,2945,163176,177759,1458,7233,169067,4040,21020,15591,15854,12474,248097,16342,55911,16210,231755,16818,39569,17165,192186,4452,4464,4427,24093,56132,24232,12943,7990,128511,100884,5594,318640,313046,274418,26479,16134,231804,317558,317553,0.631,0.822,0.78,0.753,0.842,0.749,-20.5381768,-47.4009795
2010,260410,26,2604106,CARUARU,72.96,1.99,18.91,20.27,46.57,95.6,86.69,6.99,8.89,4.77,3.93,15.58,5.41,16.5,8.15,19.21,59.5,63.49,71.83,19.26,19.67,22.21,21.25,16.84,5.96,98.08,112.07,58.78,75.16,18.88,83.01,89.8,32.29,53.93,10.19,23.35,93.65,75.78,27.0,11.2,78.01,82.82,88.21,92.3,94.91,89.88,26.86,3.92,21.23,5.86,1.7,0.92,79.94,80.78,46.57,56.89,62.1,46.81,43.08,36.29,37.95,30.94,37.46,29.23,7.63,164.4,265.0,416.67,666.25,1020.0,0.53,5.66,10.4,16.31,28.61,39.22,57.29,42.77,3.46,57.59,11.26,23.53,42.41,78.27,15.2,10.18,553.99,95.97,2369.61,215.88,339.82,523.14,1587.31,558.33,34.06,83.31,153.84,0.51,34.29,2.01,5.86,23.04,5.98,0.11,44.02,53.84,36.75,35.74,0.89,8.33,22.51,3.2,25.07,81.37,89.16,94.88,940.8,59.51,7.59,35.38,73.18,68.04,80.2,7.33,16.78,19.49,12.51,6.7,7.69,0.41,34.62,3.7,23.0,89.22,88.45,26.84,98.15,99.68,4.66,0.32,43.18,21.99,5.09,34.55,20.49,45.17,0.18,7.74,28.31,12.99,0.42,2.83,0.32,12398,14169,14185,15278,13957,12652,11055,9932,8310,6252,4805,12982,4218,3049,2519,1491,149153,1901,11851,13872,14804,16165,15456,14048,12769,11690,10050,7586,6216,12794,5420,4301,3531,2274,2932,165759,157832,2129,6136,149567,4710,22083,16439,16487,14545,236846,17341,60432,17300,219505,17652,43091,18070,176414,4994,5043,5026,26691,60280,21998,13872,8795,127242,96273,35323,314912,279589,265208,28041,17343,219824,313111,310677,0.468,0.628,0.677,0.569,0.799,0.681,-8.2829702,-35.9722852
2010,411990,41,4119905,PONTA GROSSA,75.22,1.83,12.19,14.33,45.88,93.83,83.92,6.87,10.34,1.06,0.8,3.67,0.64,3.9,1.0,4.6,73.1,75.6,80.91,14.36,13.87,16.25,12.54,10.53,2.85,97.23,105.68,73.05,54.4,37.25,89.24,92.98,51.36,44.23,19.51,22.88,97.22,78.72,30.52,13.98,76.77,83.97,91.77,98.41,98.18,93.14,18.0,1.22,20.78,4.51,3.21,2.51,91.83,91.78,67.6,74.0,81.71,61.37,57.04,49.91,55.8,42.88,53.81,40.13,13.25,253.75,416.67,625.0,1021.0,1706.0,0.54,1.63,3.41,6.72,13.58,21.4,35.48,44.12,3.76,58.78,11.28,23.01,41.22,74.53,15.64,10.43,877.1,164.74,3869.44,330.0,514.57,798.32,2580.94,877.74,37.59,93.41,170.62,0.52,20.0,3.33,4.52,17.84,9.26,0.38,72.23,69.97,51.12,49.49,1.32,15.86,13.02,1.5,12.86,61.73,77.49,88.93,1464.2,56.95,3.31,26.62,70.9,66.41,80.54,7.22,29.69,30.97,13.67,6.33,6.18,0.42,58.84,3.82,12.7,98.78,97.0,19.92,99.29,99.63,0.46,1.73,21.76,23.23,1.82,18.9,8.65,27.83,0.39,8.51,15.41,8.79,1.05,1.23,0.37,11789,14479,14392,13764,13214,12423,11069,10234,9278,8052,6470,12544,5005,3330,2412,1543,151362,1364,11418,13994,14078,13497,13097,13186,11729,11070,10569,9096,7525,12324,5852,4352,3302,2415,2745,160249,149918,951,4528,144439,4568,22619,16908,17113,13590,234847,17152,55693,16873,217695,16908,38541,16947,179154,5041,4954,4818,25730,59976,21416,13985,8516,122383,94829,6878,311611,304733,263232,28737,17010,217485,309810,309586,0.614,0.753,0.763,0.703,0.837,0.755,-25.0891685,-50.1601812
2010,420240,42,4202404,BLUMENAU,78.64,1.47,8.55,10.08,35.53,95.9,88.12,6.3,9.97,0.85,0.54,1.77,0.48,1.84,0.57,2.13,73.3,74.87,82.14,14.69,14.4,15.07,12.0,10.73,2.79,94.6,104.94,67.52,53.26,46.44,84.82,91.14,47.83,45.11,22.86,50.02,96.12,77.49,32.68,17.27,78.31,84.41,88.41,97.46,97.04,91.63,13.42,1.28,8.18,2.89,2.68,3.3,90.41,89.09,72.34,79.29,86.46,65.88,61.55,51.38,57.91,44.12,56.57,41.22,15.49,499.75,705.0,980.0,1496.67,2266.67,0.46,0.12,0.09,1.02,2.31,4.41,9.2,38.36,5.43,52.81,14.93,28.25,47.19,76.14,10.27,6.99,1253.17,339.94,4806.93,595.75,834.63,1186.54,3271.13,1253.3,36.04,105.65,187.11,0.37,18.0,3.67,0.87,15.21,6.64,0.05,83.99,72.63,49.58,40.18,0.58,16.59,29.79,1.03,4.53,51.11,72.81,87.79,1641.07,68.74,5.82,47.44,85.33,76.44,90.44,2.92,19.24,15.27,4.28,2.3,2.43,0.31,68.19,3.18,6.18,97.89,96.83,11.6,99.88,99.97,0.5,1.44,17.36,21.69,2.96,15.37,1.85,18.18,0.61,3.07,14.12,1.6,0.14,0.27,0.03,9428,12104,13001,14967,15020,13454,12113,12121,11115,8779,6912,10035,4764,3028,2132,1330,151542,1239,8930,11394,12640,14592,14630,13630,12589,12683,11875,9643,7855,9640,5598,3866,3049,2254,2601,157469,186376,1364,7041,177971,3784,18815,14010,14085,10840,247087,14761,55104,15022,232326,16536,40343,17268,191983,3695,3820,3797,20447,49067,19478,11370,7314,127310,100124,14238,309011,294773,271115,23445,14840,232830,306393,306361,0.659,0.756,0.806,0.722,0.894,0.812,-26.9195567,-49.0658025
2010,293330,29,2933307,VITÓRIA DA CONQUISTA,72.3,2.01,21.24,17.13,46.97,95.14,85.67,6.94,8.75,4.13,2.54,13.31,2.73,14.16,4.55,16.84,51.75,55.62,70.41,21.98,23.41,21.27,26.27,20.97,8.32,107.45,120.01,71.52,56.84,30.74,89.11,93.52,35.41,44.68,14.39,18.68,96.31,83.42,36.17,17.74,71.68,79.7,86.65,94.97,96.83,93.35,36.8,5.91,18.35,9.51,1.51,1.01,84.01,88.54,47.3,57.61,68.13,49.26,44.85,33.93,40.34,32.85,40.35,31.1,8.07,151.67,255.0,399.25,658.5,1070.0,0.55,5.6,9.3,18.07,30.24,41.16,58.84,44.58,3.33,59.4,10.72,22.34,40.6,77.27,16.64,11.12,555.66,92.59,2477.22,205.18,323.01,507.21,1655.11,557.96,37.57,86.71,150.42,0.55,24.82,2.18,10.97,20.53,8.29,0.08,50.21,56.41,39.19,42.91,1.06,9.59,9.6,3.53,28.32,78.69,87.61,93.94,957.04,59.5,7.68,29.34,69.16,68.53,79.57,9.6,17.57,27.9,16.96,8.87,11.01,0.47,38.67,5.5,25.75,91.58,87.03,22.42,96.81,99.19,6.33,0.88,39.55,28.32,3.17,31.42,20.39,41.67,0.16,7.34,19.75,12.0,1.01,3.09,0.81,11950,13917,13453,14266,13968,12592,10704,9838,8445,6905,5058,13262,4229,3249,2589,1559,147879,1895,11401,13446,14320,15230,15272,13679,11679,10978,9397,7512,6209,12792,5050,4064,3184,2042,2732,158987,153292,2101,4936,146255,4595,21676,16135,16185,14004,229968,16721,57229,16784,213247,16426,40508,16539,172739,4735,5239,5176,26471,59285,21295,13437,8540,121293,91758,32127,306866,274739,257616,27363,16824,213429,304599,303343,0.493,0.63,0.678,0.581,0.788,0.681,-14.8567487,-40.8414804
2010,261070,26,2610707,PAULISTA,74.77,1.73,15.0,12.09,40.35,96.57,89.42,6.25,9.83,2.39,1.72,6.13,1.86,6.44,2.08,7.34,63.58,67.42,72.66,17.9,18.01,19.77,18.52,14.57,7.57,102.81,111.42,78.58,96.19,32.38,89.21,91.41,46.49,64.38,13.42,29.55,97.54,86.86,32.91,14.72,90.4,92.77,94.79,97.57,97.87,94.98,27.39,3.5,23.34,7.55,3.25,1.18,87.15,86.39,60.28,69.9,80.35,66.62,63.93,46.58,56.04,47.84,55.3,46.24,7.69,168.8,275.0,432.5,705.0,1040.0,0.49,5.25,9.83,14.83,25.34,37.58,54.13,37.46,3.8,53.82,12.12,25.34,46.18,73.87,12.37,8.85,528.04,100.4,1978.23,219.55,349.07,550.11,1415.21,528.67,35.73,84.29,155.43,0.45,19.37,0.95,0.86,19.9,7.79,0.11,63.19,75.26,57.69,55.04,1.11,9.82,9.21,1.45,18.93,76.36,87.86,95.23,945.23,55.17,4.06,19.34,67.12,63.62,78.44,15.05,41.21,41.21,27.87,14.3,18.01,0.33,53.23,6.48,18.85,97.84,93.94,24.64,90.74,99.97,3.32,1.04,19.87,9.6,2.13,15.54,9.57,27.67,0.24,5.04,13.75,13.66,3.49,2.96,0.03,10423,12799,12335,12724,12758,12352,11429,10117,9134,7837,6273,11314,4847,3060,1951,1155,141630,1122,9889,12432,12418,13390,14343,13918,13183,12114,10966,9633,8096,10780,6135,4048,3069,1922,2500,158836,142293,1025,2957,138310,4041,19975,14925,15001,12081,232200,15010,50701,14861,217190,14603,35691,14831,181499,4111,4148,4193,22985,53048,18776,12361,7449,125405,99687,0,300466,300466,257939,25231,15292,217417,299758,299400,0.666,0.722,0.732,0.703,0.83,0.673,-7.9340069,-34.868407
2010,330390,33,3303906,PETRÓPOLIS,75.79,1.49,12.86,14.47,43.64,93.01,83.23,9.9,9.36,0.96,0.73,3.97,0.75,4.19,1.14,4.78,57.19,61.58,68.29,20.75,20.82,24.59,22.06,17.6,7.12,102.77,113.47,73.35,65.49,33.97,88.92,91.9,45.17,49.28,16.66,29.8,96.72,88.78,35.87,14.2,75.78,83.76,92.13,98.04,97.4,95.11,31.35,4.17,18.72,8.14,1.53,0.89,82.0,85.49,57.13,67.7,77.9,56.59,52.93,40.41,48.97,37.72,48.34,35.79,12.08,255.0,403.75,604.0,1066.67,1855.0,0.55,1.5,3.26,5.94,12.97,20.7,37.52,45.84,3.76,60.68,11.01,21.95,39.32,71.54,16.66,11.05,922.49,173.34,4228.66,334.43,504.85,800.84,2806.5,923.68,33.86,93.43,173.34,0.54,23.02,2.91,1.71,16.16,7.78,0.42,67.08,62.93,43.54,47.07,0.84,14.05,16.05,1.01,10.28,68.36,81.9,89.78,1354.6,58.6,3.47,21.4,68.92,66.98,81.8,7.2,37.32,32.92,15.78,6.49,6.62,0.41,53.94,3.47,15.87,77.38,97.05,24.95,99.21,99.91,0.67,0.45,27.03,24.22,2.6,22.46,8.0,30.13,0.18,5.7,16.92,7.74,1.12,1.48,0.09,8690,12116,12253,11420,11270,11060,10438,10494,9840,8720,7222,10052,5879,4262,3185,2102,140996,1993,8389,11628,11773,11462,11717,11901,11355,11816,11230,9898,8747,9741,7513,5614,4542,3333,4262,154921,151931,823,3113,147995,3364,18924,14120,14208,10235,235301,14509,46908,14262,220792,14220,32399,14161,188393,3480,3751,3832,20862,49575,29293,11628,7137,125163,101928,14631,295917,281286,259264,23744,14549,220971,294326,293946,0.566,0.679,0.745,0.639,0.847,0.763,-22.519963,-43.192613
2010,150680,15,1506807,SANTARÉM,73.44,2.37,17.91,19.23,58.59,95.88,87.45,5.38,10.26,2.16,1.31,7.4,1.55,8.07,2.7,10.0,63.87,68.79,64.9,19.51,19.01,25.06,16.61,12.21,10.04,104.86,111.1,86.65,57.1,23.85,90.47,93.14,48.46,47.59,11.16,9.59,97.15,84.31,32.96,13.75,71.09,78.82,89.16,94.53,97.3,93.99,26.23,3.78,21.31,11.36,2.73,0.72,89.6,91.06,60.2,69.9,77.0,56.86,50.89,37.61,46.0,36.92,46.29,34.23,7.23,95.71,177.33,298.8,510.0,783.33,0.58,14.85,22.91,31.07,44.62,55.4,70.34,45.6,2.16,60.57,8.86,20.17,39.43,77.34,20.6,14.17,409.07,44.08,1865.4,137.04,231.52,393.76,1282.81,418.33,30.57,70.69,126.01,0.63,34.31,1.49,21.32,18.6,7.51,0.5,37.89,61.62,41.72,39.34,0.67,8.39,6.99,10.89,39.59,81.85,90.22,95.5,830.9,53.78,9.34,23.44,60.01,65.17,73.03,9.18,13.64,16.05,18.6,8.8,10.68,0.52,25.83,5.29,23.29,79.61,62.09,49.1,94.65,90.97,26.99,9.06,24.72,28.91,2.7,19.51,14.25,37.85,0.11,5.85,19.19,15.59,1.62,4.36,9.03,14702,16678,16077,14254,12708,10913,9228,7705,6798,5548,4524,15451,3446,2760,1985,1393,145533,1363,14412,16423,16141,14867,13220,11453,9635,8102,7096,5810,4782,15310,3431,2925,2124,1592,1724,149047,126139,3093,4636,118410,5676,26325,19495,19843,17393,201502,19983,61308,19439,181519,18088,41325,17689,140194,6027,6166,5957,31331,71168,15859,16415,10025,102847,71853,78790,294580,215790,234565,33101,19782,181682,293064,286578,0.569,0.691,0.691,0.648,0.807,0.632,-2.438489,-54.699611
2010,317010,31,3170107,Uberaba,75.71,1.62,14.0,16.38,39.26,93.97,83.43,8.61,9.94,1.18,0.83,4.19,0.85,4.4,1.31,5.11,65.43,68.61,74.23,18.87,18.54,19.68,15.7,12.85,6.1,100.81,109.25,78.84,67.37,45.57,88.17,92.41,49.86,54.35,26.29,28.22,97.04,85.71,38.85,14.84,78.46,84.45,91.3,96.72,97.66,94.35,21.47,1.62,12.8,5.93,2.23,2.02,89.01,87.18,64.99,76.11,84.18,62.95,58.7,52.62,57.92,44.21,56.98,41.46,15.52,332.0,509.0,739.33,1200.0,1875.0,0.5,0.67,1.81,3.4,8.13,13.63,26.66,40.42,4.47,55.57,13.02,25.37,44.43,78.6,12.42,8.55,978.01,218.67,3953.05,417.97,604.11,931.68,2722.48,978.24,38.12,96.29,183.18,0.44,20.72,2.3,5.16,16.48,8.75,0.21,72.97,69.14,49.51,49.34,0.98,16.92,12.79,1.11,6.63,60.97,77.85,89.17,1467.59,62.92,5.53,30.66,69.97,70.46,84.62,5.81,22.03,24.86,12.28,5.17,6.38,0.39,56.47,6.79,12.87,98.9,98.09,15.06,99.75,99.85,0.13,0.19,20.65,21.54,2.34,17.94,5.02,23.9,0.28,6.47,10.49,4.87,0.38,0.84,0.15,9116,11118,12205,13891,13688,12468,10657,10149,9868,8823,7010,9448,5255,3798,2974,2017,144461,1976,8884,10503,11825,13399,13246,12459,11059,11029,11027,9823,8000,8928,6510,4736,3943,2842,3314,151527,163365,1195,4275,157894,3546,17229,12785,13033,10658,237142,13828,51126,14083,223314,15411,37298,15969,186016,3686,3614,3491,18897,45278,25477,10425,6825,122785,97664,6612,295988,289376,259646,21621,13943,224082,292644,292576,0.63,0.745,0.772,0.705,0.845,0.772,-19.750833,-47.936666
2010,261110,26,2611101,PETROLINA,72.95,2.22,18.67,20.16,49.14,95.58,86.63,4.64,9.25,3.71,2.82,12.04,3.83,12.89,5.64,15.39,58.82,62.42,74.47,19.28,19.59,18.9,21.9,17.99,6.63,102.68,115.06,66.55,63.17,24.38,87.61,92.63,36.9,48.44,12.26,14.35,96.19,82.19,32.07,14.58,76.18,82.55,89.85,95.26,97.0,93.22,30.35,5.24,22.34,7.53,1.95,1.79,83.33,85.17,50.85,60.15,68.05,53.6,49.6,37.32,43.59,37.81,43.29,36.21,9.46,142.4,238.8,350.0,602.0,1030.67,0.62,6.99,10.79,19.61,30.03,45.73,61.57,53.15,2.8,66.1,9.0,18.57,33.9,82.99,23.62,14.69,605.06,84.64,3215.64,187.66,289.45,463.84,1999.98,609.0,34.49,83.46,150.6,0.71,22.18,1.86,25.42,18.74,7.9,0.12,54.34,58.67,43.01,37.07,0.94,10.41,5.3,4.17,24.88,78.45,86.9,93.02,1181.17,58.03,6.25,25.84,66.0,69.0,77.27,10.86,23.37,25.97,18.23,10.17,11.44,0.62,44.03,5.83,22.7,91.95,91.26,36.89,97.32,99.18,3.08,3.04,34.73,23.82,3.0,26.94,18.96,35.71,0.62,8.16,20.61,14.46,1.38,2.42,0.82,13246,15282,14391,14762,13510,12752,10860,9017,7205,5347,3906,13803,3240,2397,1629,865,143252,1040,12880,14737,14772,15499,14407,13605,11733,9909,7844,5998,4516,13248,3839,2741,2086,1240,1656,150710,139348,1862,4580,132906,5258,23804,17696,17933,15610,210602,17629,59368,17375,192973,17426,41739,17527,151234,5245,5360,5235,27854,63587,13645,14723,8919,109770,79521,74747,293962,219215,240136,29797,17723,192616,291908,290022,0.536,0.653,0.697,0.611,0.799,0.695,-9.3817334,-40.4968875
2010,315460,31,3154606,Ribeirão das Neves,74.31,1.84,16.4,19.08,43.54,93.16,81.49,4.46,9.0,1.77,1.38,6.31,1.3,6.72,1.51,8.01,59.4,64.5,66.79,21.19,20.54,24.32,19.41,14.96,8.89,100.09,114.85,57.66,67.36,12.85,86.35,92.22,36.69,56.26,5.66,17.12,95.37,84.66,20.29,9.97,74.74,81.63,89.38,95.1,96.54,93.48,29.53,3.09,13.32,5.41,1.13,0.4,88.5,86.7,53.84,64.62,71.25,46.23,40.32,35.67,41.71,26.84,40.11,23.33,2.53,203.33,319.6,450.0,650.0,873.0,0.39,2.21,4.1,9.25,16.58,30.03,46.41,29.54,5.72,45.08,16.64,32.52,54.92,81.3,7.1,5.42,479.77,137.17,1417.0,261.88,381.06,537.3,1080.97,479.99,36.81,95.18,170.94,0.28,16.85,0.51,1.24,17.26,14.23,0.13,71.88,52.72,32.27,49.07,0.82,3.0,9.52,1.41,11.75,80.63,92.83,98.21,820.32,60.44,5.06,30.79,75.49,70.9,79.53,8.65,31.15,39.91,13.75,7.27,8.06,0.17,62.69,4.24,14.49,97.97,94.16,28.88,97.03,99.83,1.9,0.19,30.97,25.26,3.46,26.52,11.22,32.85,0.33,5.44,24.71,8.88,5.75,1.38,0.17,11438,14610,13729,14714,14611,14007,11344,9565,7988,7317,5612,12701,3634,2494,1501,933,146982,784,11089,14411,13647,13689,14088,13744,11386,10166,9071,7840,6118,12407,4166,2749,2015,1343,1406,149335,150184,1469,5274,143441,4495,23017,17232,17281,13335,219628,16798,55772,16233,202830,16040,38974,16358,163856,4695,4843,4685,26262,60732,13219,14410,8419,111413,84079,2164,296317,294153,248479,29021,17131,202326,291880,291742,0.462,0.668,0.684,0.591,0.822,0.658,-19.7672898,-44.0875436
2010,351870,35,3518701,GUARUJÁ,76.23,2.21,13.19,14.8,43.68,95.13,85.2,6.03,10.0,2.08,1.33,5.1,1.23,5.39,1.47,6.25,70.26,75.01,73.59,15.75,14.1,21.93,13.99,10.89,4.48,97.69,107.5,69.9,69.67,19.48,86.81,91.34,47.61,59.58,9.57,20.47,94.69,82.82,23.91,10.66,75.97,82.59,92.83,95.86,95.85,92.45,21.73,2.69,9.69,5.73,1.64,0.42,88.08,86.84,63.06,71.78,78.96,59.41,55.36,46.31,52.25,39.65,52.48,37.03,8.67,244.89,392.0,570.0,933.33,1366.67,0.5,2.25,4.09,7.04,12.33,22.83,35.89,40.24,4.2,54.98,12.58,25.42,45.02,74.17,12.79,8.76,745.0,156.41,2997.9,312.36,478.15,730.12,2052.04,746.0,38.65,89.58,168.24,0.45,18.86,1.41,1.61,16.34,10.43,0.24,64.76,65.43,46.03,57.47,0.8,9.91,5.69,1.09,14.05,65.98,82.09,92.5,1231.31,58.71,5.59,31.42,71.36,67.76,78.21,11.25,56.08,38.14,20.35,9.79,11.63,0.32,55.16,3.37,20.41,93.6,96.49,37.64,98.95,99.99,1.68,4.97,19.86,24.03,4.15,17.49,6.84,29.28,0.4,6.15,18.96,10.27,0.96,0.94,0.01,10920,13408,12785,12803,12431,11892,10986,10416,9035,7720,5991,11619,4258,2947,2095,1245,141711,1160,10519,13168,12677,12604,13248,12747,11941,11001,9908,8464,6506,11209,4947,3549,2762,1816,1975,149041,144627,1485,4983,138160,4063,21001,15744,15727,12855,219755,15768,50842,15350,203987,14601,35074,14899,168913,4506,4466,4548,23897,55506,17537,13158,7899,114071,88800,56,290752,290696,246323,26576,15860,203887,290055,289668,0.594,0.726,0.751,0.679,0.854,0.729,-23.9927768,-46.2558332
2010,410480,41,4104808,CASCAVEL,75.74,1.83,11.73,13.73,39.99,94.18,84.74,5.81,11.22,0.78,0.65,4.47,0.71,4.77,0.97,5.71,77.97,80.77,83.56,11.27,9.79,14.61,10.76,9.44,1.82,95.71,103.05,76.85,52.1,42.15,87.83,90.43,53.58,39.98,22.64,26.26,97.58,83.37,31.42,13.33,70.79,80.21,92.46,98.29,98.12,93.99,15.57,1.14,21.12,3.39,4.66,3.8,91.68,91.22,74.32,79.62,82.89,63.02,58.41,54.84,58.8,44.52,60.18,41.21,15.2,324.0,500.0,733.33,1212.5,1900.0,0.51,0.8,1.62,3.27,6.45,13.68,23.31,42.02,4.26,56.93,12.51,24.43,43.07,81.84,13.43,9.11,1003.38,213.76,4216.0,413.99,597.75,935.26,2860.07,1004.04,35.19,95.74,179.04,0.47,21.03,3.85,5.83,20.48,8.27,0.08,71.98,70.23,50.63,44.65,1.55,17.04,13.33,1.71,11.42,59.32,75.93,87.84,1539.08,65.83,6.36,41.28,78.41,74.9,85.26,5.13,17.98,24.08,9.1,4.18,4.27,0.41,55.36,5.25,13.04,98.2,98.7,14.01,99.66,99.75,0.59,1.14,17.12,29.21,1.88,16.71,4.79,23.6,0.51,6.49,12.99,4.2,0.39,1.13,0.25,10212,12398,13490,14018,13036,11779,10751,10247,8927,7124,5904,10239,4299,2920,2024,1252,139771,1151,9767,12251,13427,13717,13198,12225,11790,11071,9972,8327,6440,10180,4726,3349,2533,1735,1726,146434,161807,1567,6635,153605,4170,19688,14693,14957,11605,220271,16012,54446,16041,204259,16367,38434,16569,165825,4126,4087,3876,21130,51577,16623,12217,7969,113775,86732,16156,286205,270049,245796,24649,16074,205073,281772,281585,0.63,0.783,0.782,0.728,0.846,0.776,-24.9554996,-53.4560544
2010,140010,14,1400100,BOA VISTA,73.95,2.18,15.39,16.16,49.68,96.47,88.36,3.29,9.5,1.83,1.36,5.83,1.3,6.27,1.85,7.74,62.42,65.36,73.08,20.18,20.37,21.18,17.4,14.26,5.73,99.45,109.37,70.4,55.22,45.32,88.73,92.9,47.24,45.03,17.39,16.44,95.97,86.5,34.42,20.15,76.09,82.16,89.44,94.06,96.63,94.05,24.07,2.35,23.82,6.15,1.78,2.03,87.38,89.05,62.28,72.86,82.21,68.7,64.71,48.28,57.04,52.2,57.52,50.76,12.99,179.0,315.5,510.0,1000.0,1750.0,0.58,5.03,7.5,13.61,20.62,32.27,45.49,46.11,2.73,62.42,8.96,19.35,37.58,85.88,20.58,14.13,786.55,107.53,3627.1,244.88,408.63,716.83,2489.67,788.91,33.28,81.73,150.01,0.64,20.0,1.69,4.37,16.18,8.18,0.41,56.73,74.81,59.18,55.1,0.91,14.75,3.75,2.88,15.55,64.6,75.65,85.82,1502.68,59.51,6.1,26.31,65.74,71.7,77.98,8.06,16.44,21.66,15.49,7.45,8.26,0.5,33.49,19.56,22.95,98.7,89.2,44.85,97.76,99.29,4.18,3.66,16.58,23.91,3.37,13.09,7.53,24.93,0.79,10.01,19.64,10.23,0.67,1.18,0.71,13752,15194,14587,14505,14372,12391,9944,8534,7044,5417,3905,14054,2690,1715,1157,750,140801,790,13234,15114,15058,15126,15237,13171,10352,8517,7155,5378,3870,13673,2661,1765,1281,843,1077,143512,136734,1849,4702,130183,5395,23880,17770,18059,16244,198383,17767,58984,17856,180616,17342,41217,17027,139399,5217,5589,5437,28238,64141,9351,15029,9006,101035,70990,6514,284313,277799,229760,30308,17875,181576,281538,280694,0.687,0.718,0.752,0.708,0.816,0.737,2.8208478,-60.6719582
2010,355410,35,3554102,TAUBATÉ,77.98,1.55,10.12,11.74,40.63,95.87,87.23,7.62,10.15,1.4,0.91,3.04,1.3,3.18,1.08,3.54,71.57,74.41,80.49,16.22,16.06,14.43,12.21,9.53,5.08,99.09,108.34,73.56,83.4,43.55,89.64,93.76,54.89,65.45,19.2,29.39,97.34,86.24,30.61,15.93,93.04,94.83,98.0,98.6,98.15,94.98,18.88,1.79,11.24,4.44,1.62,1.02,88.87,88.24,69.56,79.1,85.55,68.23,64.88,56.04,64.06,52.33,63.27,50.06,16.76,312.17,502.0,765.0,1296.67,2000.0,0.51,0.84,1.69,3.75,7.72,13.83,24.8,39.91,4.13,55.98,12.21,24.48,44.02,75.49,13.08,9.13,1011.95,209.21,4038.54,408.51,620.96,988.56,2819.58,1012.07,35.66,94.28,175.87,0.46,18.87,2.36,1.46,15.01,7.83,0.46,72.15,76.98,61.38,48.53,0.98,19.19,20.61,1.69,11.5,57.07,72.27,85.41,1602.71,59.32,4.31,29.53,72.95,67.28,81.83,8.13,26.14,31.92,14.94,7.31,8.67,0.4,57.84,6.75,12.82,98.89,98.65,23.9,99.74,99.8,0.11,0.19,13.69,6.96,1.85,12.0,4.05,23.73,0.0,5.87,12.81,4.9,0.29,1.01,0.2,9224,11323,11578,12381,12778,11934,10454,9995,9144,7942,6545,9645,4853,3387,2468,1557,136752,1544,8752,11024,11048,12070,12706,12168,10834,10470,9861,8805,6984,9291,5601,4092,3096,2302,2830,141934,143344,963,4042,138340,3517,17840,13384,13382,10569,218786,13443,46924,13331,205343,13972,33481,14358,171862,3820,3720,3726,19561,46538,21231,10987,6567,112550,89514,6013,278686,272673,241653,22347,13685,205621,276215,276183,0.682,0.781,0.8,0.746,0.883,0.778,-23.031448,-45.5612792
2010,352690,35,3526902,LIMEIRA,76.11,1.86,15.22,17.06,39.79,95.35,85.79,7.87,10.53,1.44,1.14,3.99,0.98,4.17,0.94,4.79,75.2,77.7,82.05,13.76,12.42,15.91,11.04,9.88,2.04,103.43,111.52,80.65,76.44,35.92,88.07,92.9,56.18,60.37,17.77,36.25,97.21,87.06,28.23,15.69,92.67,94.38,97.11,97.88,97.65,94.88,14.92,1.73,23.14,4.0,1.19,0.52,89.88,87.58,71.65,79.23,83.87,61.03,56.59,53.27,58.89,41.95,58.76,38.66,11.76,324.71,503.0,706.0,1112.5,1666.67,0.48,0.85,1.65,3.25,6.31,13.48,24.7,38.72,4.72,53.73,13.82,26.93,46.27,77.95,11.21,7.77,910.85,215.18,3526.63,414.14,597.14,880.97,2445.39,911.09,36.34,89.22,178.88,0.41,21.19,2.99,3.2,16.33,7.34,0.06,70.33,69.92,49.89,37.79,0.67,13.47,26.25,1.11,11.96,61.59,78.44,90.68,1389.32,61.79,4.23,34.75,77.78,69.51,85.42,6.3,26.47,26.73,11.0,5.54,6.65,0.35,57.9,2.96,14.05,99.12,97.54,23.52,99.67,99.91,0.6,0.15,16.9,7.33,2.35,16.0,3.91,27.86,0.16,4.29,12.22,4.72,0.14,0.96,0.09,8709,10948,11062,12242,12385,11410,10296,9963,9350,8459,6858,9367,5041,3484,2634,1741,135628,1679,8276,10662,10882,12255,12458,11641,10793,10454,10112,9241,7173,8885,5380,3997,3146,2272,2767,140394,148790,914,4467,143409,3350,17446,12987,13119,10038,219138,13121,46435,12996,206017,13534,33314,14058,172703,3597,3606,3621,18804,44998,21715,10661,6479,112555,89420,8237,276022,267785,240784,21610,12857,206318,275032,274960,0.61,0.78,0.775,0.719,0.852,0.761,-22.5615068,-47.401766
2010,412550,41,4125506,SÃO JOSÉ DOS PINHAIS,76.53,1.97,10.63,12.49,42.42,94.61,85.77,4.61,9.68,1.02,0.79,3.4,0.62,3.6,0.81,4.25,67.39,69.57,77.11,16.88,16.99,16.11,15.73,13.44,6.78,97.95,107.51,70.42,49.15,31.62,86.79,91.97,45.17,39.25,12.75,24.01,96.22,77.81,26.33,13.92,73.5,81.36,92.58,98.37,97.44,92.38,18.88,1.92,21.14,5.31,2.72,2.44,87.98,87.93,61.7,68.76,78.25,61.71,58.12,41.87,50.01,41.64,47.85,39.82,10.37,324.4,500.0,699.5,1075.0,1535.0,0.45,0.66,1.17,2.56,4.84,12.32,20.13,35.79,5.28,50.78,15.07,28.98,49.22,82.78,9.5,6.77,846.93,223.71,3031.32,414.64,589.02,857.09,2159.2,847.08,39.77,94.8,181.48,0.35,19.89,1.97,3.9,14.62,7.85,0.33,74.2,68.0,47.49,43.72,1.04,11.38,19.07,1.5,9.5,59.26,78.04,90.94,1337.93,66.22,6.14,40.02,81.19,76.23,86.06,5.12,23.11,21.45,9.21,4.26,4.66,0.28,63.38,3.52,9.9,98.85,98.4,18.95,99.75,99.91,0.2,1.74,20.05,26.5,2.56,18.44,5.02,23.44,0.53,7.4,18.88,4.53,0.66,0.52,0.09,10614,12340,11664,11700,12533,12268,10940,9539,8012,6360,4933,10836,3492,2235,1455,898,130597,778,10288,11945,11636,12055,12834,12195,10928,10021,8334,6843,5357,10483,3865,2528,1868,1155,1278,133613,147027,1490,5764,139773,4434,19263,14377,14552,12299,197690,14186,47050,13787,183504,13757,32864,13911,150640,4167,4299,4029,22040,50904,12193,11944,7100,100890,77201,27315,264210,236895,222039,24285,14403,183351,263194,263146,0.617,0.71,0.758,0.678,0.859,0.749,-25.533816,-49.2072163
2010,312770,31,3127701,Governador Valadares,75.06,2.05,14.66,17.15,46.11,93.53,82.35,8.12,9.47,1.58,1.18,7.58,1.29,8.06,1.87,9.48,62.33,65.93,71.49,19.33,18.69,22.32,18.34,15.38,6.19,97.49,109.12,65.54,61.49,26.78,87.14,92.7,43.22,52.65,12.52,19.13,96.57,83.52,26.6,13.22,73.99,80.71,91.18,95.84,97.23,93.57,23.93,2.23,11.5,5.47,1.72,0.92,87.09,87.63,59.46,70.03,75.87,54.91,50.5,40.9,47.63,36.83,45.74,34.56,9.96,203.75,328.75,509.0,840.0,1358.5,0.52,2.36,4.35,9.97,18.29,29.84,46.61,42.05,3.94,57.59,11.77,23.85,42.41,73.04,14.29,9.78,678.74,133.74,2854.36,265.65,409.99,629.94,1952.02,680.31,35.46,94.09,168.03,0.48,23.22,2.0,4.69,21.33,9.15,0.63,62.82,63.35,44.48,48.74,1.08,12.18,8.9,2.01,15.74,72.79,84.81,92.42,1123.63,56.64,4.68,27.29,72.13,65.34,80.2,10.46,31.21,33.73,19.36,9.53,10.55,0.39,45.8,8.62,18.71,98.49,98.0,21.87,98.1,99.87,0.62,0.32,25.83,26.01,2.77,22.7,10.9,34.17,0.39,5.05,15.58,11.41,0.36,2.58,0.13,9108,11871,11401,11385,10959,10049,8613,8757,7845,6599,5363,10240,4077,3118,2479,1760,125237,1613,8947,11720,11828,11988,11800,11163,9971,9979,9031,7882,6536,9874,5198,4149,3331,2419,2636,138452,127798,1096,3893,122810,3372,18636,13943,14073,10784,200674,14117,46332,13682,186557,13481,32215,13626,154342,3763,3912,3837,20796,49039,21404,11621,7094,107260,83586,10389,263689,253300,225625,23399,14266,187960,261663,261058,0.549,0.697,0.727,0.644,0.834,0.714,-18.8539497,-41.9458753
2010,354100,35,3541000,PRAIA GRANDE,75.04,2.02,15.68,17.57,46.83,94.59,83.75,8.3,9.85,1.59,1.23,4.16,1.18,4.36,1.4,4.94,68.31,71.42,75.96,18.53,17.75,18.86,13.16,10.83,5.17,98.99,106.75,75.39,61.9,23.69,88.19,91.8,49.8,54.61,10.12,30.78,96.59,84.21,23.22,10.3,82.13,85.57,92.14,93.35,96.89,93.75,21.17,1.58,11.73,5.63,2.05,0.79,88.38,88.11,63.64,74.01,81.16,63.34,60.11,45.15,51.48,41.34,51.26,39.51,10.09,255.0,432.5,646.0,1073.33,1600.0,0.49,1.62,3.11,5.95,10.89,20.27,32.88,38.36,4.15,54.42,12.55,25.47,45.58,69.68,12.22,8.68,820.97,170.5,3149.15,344.75,530.13,825.75,2235.16,821.09,34.69,90.06,170.5,0.44,23.77,2.19,0.42,20.08,11.34,0.32,62.44,69.61,48.0,52.98,1.11,11.2,8.48,1.17,13.45,64.37,79.65,90.96,1279.95,58.01,4.94,31.66,76.19,66.3,82.39,11.15,27.86,40.33,20.45,10.05,11.73,0.32,47.75,7.05,18.42,98.59,97.9,37.67,99.71,99.9,0.19,0.78,19.18,17.87,3.11,16.72,5.55,27.67,0.38,7.15,16.82,9.66,1.34,1.35,0.1,9527,11429,10432,10552,10905,10574,9516,8464,7463,6768,5955,10293,4856,3616,2591,1650,125926,1335,9247,11368,10467,10393,11595,11478,10085,9120,8617,8098,7232,9900,5916,4532,3421,2232,2424,136125,129398,1132,4038,124227,3659,18093,13680,13542,11236,199674,12779,41712,12374,186895,12141,28933,12301,157962,3814,4002,3810,20757,47420,21757,11338,6403,105284,84489,0,262051,262051,223057,22919,12756,187381,261424,261387,0.633,0.723,0.754,0.692,0.834,0.744,-24.005833,-46.402778
2010,355250,35,3552502,SUZANO,77.36,1.96,12.12,13.58,43.67,95.8,87.03,5.49,10.47,1.73,1.15,4.85,1.15,5.14,1.33,5.99,76.89,79.49,82.03,13.85,12.81,14.45,9.26,7.7,3.51,96.12,101.94,79.41,71.67,21.7,87.22,90.02,57.77,62.07,9.53,21.83,96.18,88.36,18.92,9.7,80.26,85.54,92.93,95.6,96.72,94.56,14.63,1.56,14.33,3.81,2.37,0.81,88.7,86.48,73.64,80.04,84.36,61.99,57.26,56.59,61.88,44.6,61.89,40.94,8.45,224.0,362.5,525.0,852.5,1252.5,0.47,1.91,3.66,8.54,14.87,25.47,38.97,36.96,4.38,52.41,13.31,26.93,47.59,77.65,11.1,7.87,654.61,143.49,2419.26,292.29,445.79,676.0,1713.81,655.48,37.71,94.02,165.25,0.4,19.1,1.54,2.8,16.77,8.99,0.26,67.07,71.26,54.31,44.1,1.1,10.99,20.51,1.5,14.14,67.68,82.62,93.05,1167.65,58.06,5.94,32.29,76.38,67.43,80.5,12.16,33.98,34.27,20.3,11.04,13.7,0.3,58.16,3.07,16.92,98.86,95.16,40.58,98.96,99.57,1.32,0.57,15.04,19.74,3.28,13.92,5.64,29.01,0.21,4.36,15.14,8.92,3.13,1.39,0.43,9565,13109,11778,11705,11410,10813,9817,9283,7909,6889,5502,10577,4031,2580,1722,1047,128694,957,9216,12416,11666,11526,11972,11491,10609,9801,8718,7451,5938,10470,4401,2879,2147,1453,1632,133786,129468,1516,4770,123182,3558,20280,15245,15266,11177,196953,14371,46624,13826,182582,13532,32253,13763,150329,4025,4066,4200,22194,52296,14409,12406,7180,101603,78430,9240,262480,253240,222977,25525,14773,182679,261357,261011,0.62,0.78,0.765,0.723,0.873,0.708,-23.5427842,-46.3108391
2010,431690,43,4316907,SANTA MARIA,75.89,1.78,11.6,13.52,41.26,94.72,84.89,9.5,10.85,1.23,0.84,3.18,0.65,3.33,1.04,3.87,68.56,74.36,69.14,16.66,15.64,21.86,14.79,10.0,9.0,98.94,108.71,73.59,50.94,57.27,89.9,93.45,48.06,45.34,27.52,20.81,98.2,85.49,38.63,20.84,64.0,74.39,84.29,93.64,98.11,94.6,24.61,1.46,6.45,5.1,3.08,3.08,92.13,92.61,63.25,74.24,85.85,68.31,64.74,52.77,62.05,50.72,60.37,48.42,18.85,299.5,502.33,766.67,1436.67,2350.0,0.55,1.19,2.84,5.47,13.2,16.37,32.64,43.79,3.34,59.89,10.36,21.3,40.11,65.25,16.91,11.56,1127.25,187.98,4936.72,395.76,616.62,1060.28,3375.34,1128.75,35.58,95.41,168.4,0.55,20.66,3.12,4.56,17.69,7.2,0.09,71.16,74.62,56.53,57.97,1.13,20.34,7.13,2.7,15.59,62.01,75.15,85.98,1549.97,57.54,4.52,24.25,62.82,65.04,80.22,6.43,12.82,26.64,12.61,5.9,9.29,0.48,47.95,12.35,13.41,97.52,96.95,15.05,98.86,99.62,0.64,2.18,19.0,36.0,1.89,15.55,5.66,23.1,0.14,3.24,13.1,5.69,0.28,0.87,0.38,7732,10041,10799,11988,11498,9452,8500,8435,8746,7601,6040,8295,4925,3550,2560,1788,123634,1684,7482,9792,11152,12137,11849,9851,9067,9521,10118,9337,7644,8023,6108,4783,3909,2953,3671,137397,132060,896,3100,128064,3060,15721,11709,11757,8879,208927,12675,45939,12880,196252,14024,33264,14291,162988,3212,3195,3226,17111,41265,24798,9753,6398,111710,88486,12684,261031,248347,229504,19833,12783,196888,258667,258323,0.683,0.731,0.784,0.715,0.848,0.795,-29.6860512,-53.8069214
2010,240800,24,2408003,MOSSORÓ,73.64,1.95,17.91,19.21,42.87,96.07,87.88,6.33,9.97,4.54,2.58,13.8,3.58,14.67,5.73,17.33,62.41,66.64,70.95,19.13,19.19,22.51,18.46,14.17,6.55,107.26,116.05,83.94,68.45,34.04,88.36,92.44,43.98,47.55,16.95,32.51,96.94,84.0,35.33,16.91,92.81,94.42,96.6,97.72,97.68,93.94,26.72,3.19,26.17,9.05,2.57,2.1,87.18,86.25,57.96,68.75,76.98,56.48,51.55,45.68,52.06,40.6,52.69,37.84,9.89,174.57,286.67,449.8,733.33,1187.5,0.52,3.72,6.06,12.81,21.37,35.33,50.4,42.45,3.85,57.6,11.61,23.66,42.4,79.4,14.63,9.93,600.28,115.55,2548.46,232.92,361.61,562.37,1729.62,603.34,33.58,90.62,161.7,0.49,20.93,1.95,5.67,19.72,9.78,4.5,62.25,64.57,48.61,43.71,0.76,11.84,8.52,2.83,17.71,73.37,84.9,92.29,1134.72,55.37,3.93,20.54,64.24,64.09,74.55,10.88,36.28,36.45,21.41,10.07,11.89,0.44,52.55,4.55,17.42,92.76,90.97,27.37,97.94,99.57,4.16,1.23,25.05,7.19,2.32,20.58,12.37,34.4,0.22,5.92,12.89,11.61,0.43,2.26,0.43,9896,11173,11525,13118,12532,10828,9520,9125,7909,5736,3956,10172,3481,2347,1790,1103,125747,1536,9543,10530,11758,13597,12812,11503,10186,10088,8847,6624,4943,9656,4320,3002,2523,1633,2503,134068,122145,852,2911,118382,3923,17335,12825,13322,11726,198845,14285,49998,13885,184560,13906,35713,14616,148847,3790,3998,3905,20198,47214,16437,21703,14285,198845,148847,22574,259815,237241,220583,21703,14170,184710,258460,257148,0.565,0.719,0.72,0.663,0.811,0.694,-5.1904332,-37.3443872
2010,330630,33,3306305,VOLTA REDONDA,74.98,1.3,14.15,15.92,39.1,92.51,82.17,8.36,9.82,0.89,0.6,3.3,0.64,3.47,0.76,3.98,64.56,68.5,71.04,19.99,19.11,23.01,15.45,12.39,5.96,103.13,110.43,82.54,89.61,42.74,90.86,94.42,52.29,68.2,21.77,31.28,97.91,89.41,38.96,16.63,92.13,94.03,97.37,97.78,98.52,96.14,23.98,1.78,18.93,7.45,1.6,1.48,88.09,88.99,64.31,75.59,86.06,67.18,63.76,48.17,58.11,48.34,57.21,46.57,15.23,290.5,480.0,695.0,1179.0,1800.0,0.5,1.47,3.45,4.77,10.4,16.69,30.55,39.99,4.14,55.72,12.35,24.71,44.28,68.52,12.95,9.02,920.51,190.46,3681.0,377.99,569.04,900.42,2563.94,920.82,38.81,93.06,174.19,0.46,18.07,2.23,0.64,17.51,8.67,0.58,73.12,75.22,56.83,48.47,1.01,18.7,18.81,1.07,11.14,61.41,76.91,88.65,1403.43,55.85,3.02,23.46,69.43,63.16,82.23,8.71,26.32,27.34,18.55,8.2,9.41,0.39,60.85,3.75,14.4,99.47,99.13,19.34,99.84,99.98,0.09,0.62,17.2,7.87,1.48,14.84,4.92,24.42,0.1,5.76,9.64,5.51,0.39,1.18,0.02,7541,10095,10165,10601,10836,9661,8277,8484,9131,8825,7040,8319,5054,3150,2356,1692,122919,1692,7349,9697,10163,10778,11340,10640,9429,9867,10704,10089,8295,7859,5969,4036,3309,2541,2819,134884,126589,598,2758,123233,2879,15757,11775,11904,8894,206561,12257,41622,12026,194304,12121,29365,12505,164939,3096,3108,3052,17046,41067,21559,9681,6040,109816,88909,117,257803,257686,226657,19792,11757,195108,257116,257032,0.672,0.745,0.771,0.72,0.833,0.763,-22.5225497,-44.1040128
2010,430920,43,4309209,GRAVATAÍ,76.74,1.88,11.3,12.75,42.09,95.33,86.48,6.61,10.16,1.26,1.01,3.2,0.82,3.35,0.85,3.85,66.83,70.4,75.57,18.65,18.83,18.66,14.53,10.78,5.77,99.12,106.9,75.96,21.29,34.9,87.7,90.82,46.25,18.71,13.95,12.5,96.79,84.68,28.2,16.29,37.13,52.82,64.27,82.74,95.73,92.95,24.38,2.31,9.27,5.31,2.62,0.76,89.89,90.51,61.57,72.38,80.63,61.11,57.24,43.78,51.67,39.31,51.96,36.86,5.64,278.0,444.0,639.0,995.0,1383.33,0.44,1.54,3.13,5.39,10.85,18.01,31.6,33.71,4.89,49.39,14.69,29.21,50.61,76.61,9.18,6.64,737.29,180.23,2485.08,361.16,535.34,788.93,1797.44,737.62,40.07,92.29,170.6,0.35,21.34,1.98,2.19,18.1,8.08,0.05,71.67,70.14,47.6,41.4,0.86,6.38,25.1,1.44,10.65,64.69,82.55,93.42,1184.6,59.38,3.93,30.83,79.31,68.1,82.84,7.66,15.62,31.78,12.86,6.84,7.99,0.26,59.79,2.99,12.59,98.65,96.24,19.54,99.67,99.77,1.35,3.26,20.57,62.87,4.27,18.8,6.59,27.83,0.28,4.28,17.64,5.42,1.14,0.98,0.23,8666,11385,10806,10805,11510,10652,8708,8307,8070,7786,6540,9868,4833,3015,1891,1151,124880,887,8424,10930,10585,11033,11670,10316,9084,8999,8967,8643,7251,9570,5361,3676,2521,1801,1949,130780,130088,876,3956,125256,3304,17548,13149,13116,10204,196817,13075,43229,12766,183742,12622,30154,12948,153588,3582,3796,3842,20409,46703,16891,10930,6455,101856,80238,12163,255660,243497,219083,22315,12830,183937,254991,254877,0.611,0.649,0.736,0.636,0.862,0.727,-29.9440222,-50.9930938
2010,410830,41,4108304,FOZ DO IGUAÇU,76.46,2.05,10.83,12.69,43.88,94.6,85.74,5.05,10.09,1.05,1.06,5.64,1.19,6.04,1.86,7.12,67.78,71.58,76.94,14.31,13.77,16.23,17.91,14.65,6.83,94.66,106.25,64.03,48.9,39.85,85.58,90.32,43.3,38.27,19.07,29.23,95.75,81.85,32.53,15.83,71.84,79.39,86.9,95.83,96.36,92.38,22.63,2.2,16.93,4.9,2.7,3.19,86.51,87.27,60.61,67.4,76.61,59.08,55.18,45.71,50.28,40.32,51.21,38.11,13.38,247.0,400.0,600.0,1033.33,1670.0,0.53,1.75,2.94,7.37,12.97,22.71,35.08,42.8,3.71,57.98,11.31,23.22,42.02,82.58,15.14,10.29,842.26,156.29,3604.55,319.94,501.5,791.71,2451.16,842.4,42.25,94.19,167.79,0.51,25.97,3.56,2.26,23.21,8.2,0.04,58.71,66.02,46.45,51.64,2.71,15.11,5.62,1.97,17.39,64.55,78.1,89.0,1413.43,62.2,6.19,36.06,75.62,72.34,81.63,7.68,26.95,29.77,12.92,6.47,7.25,0.43,44.63,5.43,18.76,99.19,98.95,20.85,99.21,99.83,0.21,1.7,25.73,28.16,3.64,22.25,9.61,30.48,0.37,5.59,20.07,6.81,0.68,1.75,0.17,10022,12506,12290,10954,10204,9975,9641,9155,7757,6542,4959,10637,3522,2560,1648,1020,124218,826,9768,12008,12391,11772,11493,11450,10640,9986,8872,7114,5369,10233,3906,2630,1903,1175,1160,131870,133924,1518,5602,126805,4010,19633,14621,14864,11633,190914,15249,47407,14785,175665,13994,32158,13803,143507,4147,4121,4040,21630,51522,12922,12008,7692,99861,75698,2126,256088,253962,215329,24514,15534,175281,254276,254233,0.591,0.699,0.751,0.661,0.858,0.748,-25.5401479,-54.5858139
2010,510840,51,5108402,VÁRZEA GRANDE,75.5,1.87,13.7,16.86,43.15,93.45,83.61,4.54,9.62,1.85,1.21,5.87,1.14,6.26,1.38,7.52,65.54,68.0,73.22,19.4,19.09,22.33,15.05,12.91,4.44,97.49,107.19,70.95,50.76,34.09,81.77,88.13,39.07,44.12,15.77,13.86,94.68,82.26,32.25,15.73,68.96,77.11,86.31,93.8,95.92,92.26,17.64,2.65,20.2,5.78,2.8,2.72,82.42,81.89,64.28,72.19,77.07,60.35,56.24,43.76,50.03,40.23,49.37,37.83,8.96,245.0,374.75,542.0,882.5,1300.0,0.46,2.01,3.27,7.03,12.18,23.21,36.23,35.99,4.68,51.96,13.77,27.47,48.04,85.93,10.45,7.55,668.86,156.43,2407.38,304.13,458.1,688.09,1737.53,671.17,34.07,91.41,169.87,0.38,20.92,1.29,2.77,18.97,8.18,0.43,62.06,66.3,46.01,45.66,0.91,10.05,10.24,2.47,10.26,68.33,83.0,92.78,1177.38,61.68,8.71,34.2,70.02,70.97,79.52,7.35,17.59,23.33,12.46,6.55,7.11,0.3,50.85,6.64,18.5,97.23,89.28,31.6,95.02,99.92,6.13,0.84,21.18,31.04,4.08,18.5,7.02,28.69,0.53,5.28,12.98,7.99,1.16,1.33,0.08,10582,11708,11820,12282,12095,11626,9889,8710,7263,5720,4391,10606,3131,2196,1505,914,125267,829,10183,11288,11766,12784,12559,11942,10255,8901,7370,6096,4469,10261,3377,2321,1589,1035,1133,127329,130196,2002,4923,123271,3846,18259,13575,13791,12478,187179,14222,48467,14071,172957,14232,34245,14566,138712,4343,4409,4160,21024,48892,11468,11232,7037,95199,70744,3892,252596,248704,211088,22996,14395,173698,251845,250979,0.604,0.692,0.734,0.661,0.842,0.711,-15.645816,-56.132218
2010,230730,23,2307304,JUAZEIRO DO NORTE,73.58,2.25,18.12,19.43,52.29,96.08,87.83,7.54,10.14,4.33,2.81,16.2,3.75,17.36,6.17,20.96,62.95,67.62,70.37,18.77,18.19,22.23,18.28,14.18,7.4,101.48,110.88,74.19,97.66,27.05,90.65,94.26,46.51,71.54,13.88,31.44,96.31,85.31,30.41,12.66,97.06,97.34,98.13,98.0,97.25,94.19,28.72,2.43,14.37,7.86,1.7,1.9,87.35,88.8,58.43,68.67,75.28,52.77,46.76,39.37,46.73,35.81,45.5,32.9,7.44,127.5,202.5,310.4,510.0,786.67,0.54,6.73,10.55,23.43,35.88,51.95,68.59,44.66,3.73,58.25,11.27,22.81,41.75,76.46,15.85,10.92,439.53,82.07,1962.91,165.54,253.64,416.17,1351.49,440.64,38.07,89.36,148.88,0.53,27.35,2.11,4.61,27.38,7.71,0.11,41.41,60.59,43.04,39.0,1.15,8.71,17.48,3.25,34.97,84.25,90.84,95.28,839.76,54.65,7.01,30.24,67.76,63.92,75.77,10.3,20.14,28.54,17.93,9.4,9.79,0.47,32.36,4.87,30.93,95.04,90.63,40.05,95.76,99.58,2.85,0.92,28.82,2.94,2.75,23.54,16.29,41.79,0.5,7.12,18.45,15.55,1.02,3.97,0.42,10478,12846,11962,12306,10939,9896,8031,6929,5599,4369,3645,10723,3131,2534,2039,1364,118353,1562,10102,12538,12240,13377,11677,11073,9056,8201,6948,5597,4848,10167,4291,3498,2988,2166,2819,131586,113751,1778,4360,107612,4081,20150,14882,15386,12261,182401,14551,49714,14573,167850,14416,35163,14584,132687,4181,4081,3888,21915,51834,18856,12504,7314,98396,72878,9811,249939,240128,208158,25384,14420,168354,248222,247595,0.528,0.708,0.694,0.642,0.81,0.644,-7.2153453,-39.3153336
2010,210530,21,2105302,IMPERATRIZ,73.17,1.95,19.52,21.26,48.52,95.2,86.72,5.66,9.9,3.03,1.77,10.87,1.96,11.67,3.38,14.33,61.76,65.6,69.52,20.7,20.32,22.37,17.54,14.07,8.12,107.91,115.04,87.63,79.26,32.75,92.53,94.8,51.4,58.87,15.51,30.48,98.32,86.79,33.22,16.2,94.24,95.5,97.3,97.96,98.4,95.38,27.61,3.24,29.41,8.86,2.48,1.61,89.32,92.23,62.18,73.22,81.7,61.72,56.27,48.07,54.61,42.82,54.82,39.61,7.93,170.0,266.5,425.0,710.0,1170.0,0.56,3.51,5.9,14.35,24.08,38.33,53.49,46.03,3.72,60.35,10.95,22.0,39.65,81.33,16.81,11.06,613.87,114.07,2825.52,222.18,339.12,541.66,1859.83,615.14,39.07,92.97,161.19,0.55,26.95,2.15,5.36,26.52,9.04,0.28,49.38,68.72,49.68,46.2,1.39,9.53,7.7,3.04,21.46,74.62,85.01,92.28,1138.9,58.33,5.25,22.15,69.55,69.43,76.82,8.39,20.58,25.79,16.59,7.76,9.04,0.48,39.49,3.92,24.96,96.58,87.48,32.87,95.34,99.9,5.49,4.65,20.66,5.76,1.6,16.78,10.25,31.98,0.33,8.09,13.48,11.31,0.4,2.46,0.1,10512,12301,11911,12433,11597,10251,8091,7125,6001,4881,3883,10959,2977,2209,1772,1137,119227,1187,10029,12325,12603,13309,12919,11193,9117,8050,6911,5615,4404,10708,3382,2651,2113,1338,1611,128278,119657,1293,3267,115097,4091,19528,14364,14892,12222,180671,14610,50256,14562,166061,14848,35646,15055,130415,4228,4228,4308,22537,52027,14018,12325,7487,95216,69304,12958,247505,234547,205148,24626,14751,165771,246317,245810,0.617,0.742,0.731,0.698,0.803,0.697,-5.5269279,-47.478115
2010,355280,35,3552809,TABOÃO DA SERRA,76.79,1.8,11.75,13.63,40.56,95.3,85.66,4.9,9.98,1.49,1.11,3.97,0.9,4.17,1.2,4.87,70.41,73.72,77.0,17.58,17.1,18.09,12.01,9.18,4.91,100.89,107.09,82.22,85.7,37.02,87.06,90.57,50.0,68.9,15.83,31.58,96.12,86.26,30.92,17.06,88.17,90.41,93.16,95.4,96.89,94.24,20.15,2.09,8.88,5.6,2.1,1.4,87.0,84.35,65.72,75.01,84.89,65.29,61.08,50.04,57.9,44.65,57.93,41.81,11.18,278.57,452.75,665.0,1046.25,1555.0,0.47,1.62,3.34,4.72,9.14,17.56,29.28,36.58,4.55,52.44,13.65,27.24,47.56,83.98,10.72,7.66,812.19,184.85,2971.04,369.42,551.85,825.17,2122.12,812.23,34.55,85.29,174.06,0.4,17.04,1.18,0.32,15.55,7.74,0.01,71.82,71.25,50.9,55.35,0.64,13.09,13.0,0.7,9.48,61.9,78.3,90.57,1342.92,63.27,3.53,30.84,76.53,73.07,83.67,8.7,45.56,38.89,15.19,7.57,8.78,0.28,62.65,3.66,15.05,99.79,98.01,37.26,99.95,99.9,0.42,0.65,17.95,11.83,3.11,14.37,5.18,23.27,0.42,6.11,15.32,6.15,2.06,0.83,0.1,9152,10951,10042,11219,11612,10940,9435,8669,6945,5966,4522,9483,3214,2093,1347,717,116895,588,8830,10835,10181,11473,12469,12134,10557,9567,8320,7044,5526,9314,4103,2700,1950,1260,1370,127633,131285,769,3789,126728,3726,17219,13035,12772,10565,185922,12274,42915,11921,173648,12200,30641,12568,143007,3691,3683,3693,19681,45153,11986,10835,6175,98613,76959,0,244528,244528,207501,21786,12286,173429,243983,243971,0.653,0.74,0.769,0.71,0.863,0.742,-23.6121912,-46.7790539
2010,290570,29,2905701,CAMAÇARI,72.9,1.91,17.37,14.31,41.5,95.35,86.23,3.64,9.24,3.72,2.3,7.78,2.24,8.22,3.13,9.73,55.44,61.48,56.76,21.09,21.01,31.46,23.47,17.5,11.78,103.33,116.1,65.1,77.67,17.09,86.17,91.63,32.1,52.3,5.99,21.06,95.77,81.7,24.92,11.94,84.08,87.6,90.82,94.83,96.68,92.92,33.82,4.18,23.89,7.61,1.31,0.51,81.4,82.45,47.7,58.06,71.09,57.79,54.39,34.4,43.14,39.09,41.58,38.06,5.24,161.0,259.33,401.71,680.0,1052.5,0.53,6.01,9.63,16.39,25.68,39.6,54.46,42.79,3.44,57.99,11.11,23.0,42.01,78.87,15.4,10.45,553.18,95.16,2367.08,212.19,328.87,525.84,1606.57,554.9,36.57,82.76,152.67,0.53,19.14,1.1,2.98,15.29,14.17,0.66,59.85,62.64,44.69,39.93,1.06,5.91,16.06,3.12,22.5,74.84,87.36,94.81,979.68,62.01,7.24,30.54,72.71,71.77,80.75,15.69,33.71,38.52,24.03,14.7,16.38,0.38,54.13,1.92,21.28,96.45,89.03,32.36,96.3,99.81,4.26,1.25,28.19,15.92,3.32,23.14,13.44,32.01,0.58,9.12,21.82,15.34,1.53,2.13,0.19,10465,11481,10855,12370,13842,11870,9282,7733,6495,5481,4051,10178,2681,1652,1047,617,120704,604,9614,10967,11203,12649,14081,12071,9569,8245,6830,5722,4001,9709,2674,1787,1287,813,1044,122266,125882,1626,3943,120313,4013,17586,13334,13039,12114,180522,13318,47072,13351,167204,13240,33754,13233,133450,3947,3821,3920,20925,47436,8847,10967,6769,91960,68109,10997,242970,231973,203005,22448,12912,167645,242015,241265,0.578,0.636,0.694,0.616,0.798,0.681,-12.6998188,-38.3260762
2010,355240,35,3552403,SUMARÉ,75.71,2.05,14.15,15.86,39.33,94.89,84.55,5.28,10.13,1.36,0.95,4.87,0.97,5.14,1.13,6.05,72.13,74.28,80.95,15.79,15.2,15.31,12.09,10.52,3.74,100.02,106.77,81.32,75.1,25.06,88.1,91.46,56.69,60.11,12.05,26.23,97.02,87.83,24.3,11.42,85.96,90.18,96.1,98.76,97.73,95.1,16.6,1.65,17.97,5.17,1.99,0.49,87.57,86.73,70.85,79.8,82.86,60.02,55.08,51.09,56.56,40.89,56.27,37.49,8.03,302.0,495.33,690.0,1020.0,1500.0,0.45,0.88,1.49,3.84,7.31,14.5,23.9,35.31,5.05,50.83,14.72,28.8,49.17,83.01,9.6,6.91,820.03,206.99,2895.85,396.41,577.47,835.25,2085.75,820.06,36.87,93.61,178.13,0.37,16.41,1.34,1.61,15.91,9.47,0.1,75.4,68.85,49.06,42.06,1.0,9.99,19.77,0.74,8.29,58.52,77.13,90.64,1374.83,62.3,4.03,33.94,79.09,71.14,83.69,9.33,39.2,32.9,14.72,8.32,9.83,0.29,67.27,2.26,12.1,99.57,97.23,26.28,99.63,99.97,0.06,0.81,18.75,14.04,2.27,17.04,4.73,27.01,0.75,4.13,15.45,5.14,0.56,1.0,0.03,8883,10422,10366,11518,12002,11262,9724,8769,7230,6402,5002,8964,3698,2233,1520,926,119863,942,8473,9869,10252,11209,12070,11252,9853,8806,7788,6841,5405,8745,3746,2591,1813,1304,1431,121448,128534,818,4218,123498,3512,16139,12069,12245,10325,185799,12364,43325,12215,173435,12506,30961,12853,142474,3509,3593,3482,18243,42686,12740,9864,6176,94281,72827,2841,241311,238470,206311,20291,12426,173594,241007,240998,0.6,0.764,0.762,0.705,0.845,0.744,-22.8217964,-47.267105
2010,350570,35,3505708,BARUERI,76.96,1.75,11.34,13.15,40.35,95.36,85.81,4.4,9.83,1.36,1.06,4.04,0.87,4.27,1.12,5.05,67.12,69.49,76.02,19.5,19.61,19.38,13.38,10.89,4.6,99.41,108.25,73.88,81.12,30.47,86.09,90.64,49.36,70.0,14.04,31.75,97.1,89.64,29.79,14.42,89.84,92.04,97.33,96.97,97.76,95.67,18.35,2.07,10.33,4.53,1.81,1.47,86.72,85.12,69.58,76.5,82.52,63.1,58.62,46.55,54.92,44.23,55.81,41.77,12.18,264.0,425.0,643.33,1082.2,2000.0,0.61,1.54,2.87,5.65,9.94,19.19,29.96,52.37,3.21,65.88,9.46,19.05,34.12,82.96,22.15,13.93,1095.84,175.78,5738.4,342.33,525.76,825.56,3609.47,1095.88,39.1,94.51,172.31,0.67,15.59,1.76,0.3,12.83,8.15,0.11,75.0,69.93,51.25,50.62,1.14,13.85,16.07,0.88,9.92,61.33,76.68,87.24,1853.25,61.75,3.44,29.09,76.87,71.88,81.68,9.76,39.45,39.54,15.21,8.66,11.0,0.54,64.43,3.55,14.14,99.45,98.06,38.48,99.92,100.0,0.16,0.28,17.26,10.16,2.24,15.3,5.27,24.19,0.26,5.23,18.23,6.06,1.66,0.93,0.0,9018,11247,10566,11598,11599,10418,9052,8542,7132,6102,4601,9442,3183,1915,1201,679,117051,756,8796,10931,10792,11640,12102,11281,10261,9355,8223,6532,5059,9169,3498,2163,1537,1081,1278,123698,126179,763,3743,121673,3687,17603,13235,13156,10300,181930,12963,44543,12678,168967,12865,31580,13403,137387,3805,3611,3638,19526,45805,10598,10921,6544,94699,72291,0,240749,240749,204324,22178,12869,169277,240055,240045,0.631,0.75,0.786,0.708,0.866,0.791,-23.5112184,-46.8764612
2010,351500,35,3515004,EMBU,75.33,2.0,13.09,15.18,42.28,94.42,83.28,3.99,9.98,2.09,1.37,4.96,1.08,5.25,1.33,6.2,70.68,74.39,76.09,17.58,16.35,19.91,11.73,9.26,4.0,103.34,112.68,76.8,63.0,21.77,87.0,91.11,48.75,53.73,9.04,26.23,96.45,84.69,25.36,17.31,79.15,83.95,91.86,94.8,96.78,93.63,20.01,3.27,14.12,5.46,2.31,0.99,90.28,88.77,66.41,74.73,79.09,57.45,52.54,44.74,49.72,35.37,50.07,32.11,5.58,248.5,373.33,510.67,766.67,1040.0,0.45,1.58,2.8,7.05,12.11,22.4,33.78,36.31,5.14,50.7,14.94,29.2,49.3,84.09,9.72,6.78,622.77,160.04,2261.41,305.2,444.05,625.85,1576.34,623.04,37.34,95.91,171.04,0.36,15.87,0.5,0.8,15.27,9.75,0.14,70.13,63.16,40.39,49.5,0.52,6.95,11.53,1.23,12.91,72.96,88.38,95.67,1083.74,61.36,5.59,33.12,75.23,71.55,79.28,11.04,33.07,35.44,17.89,9.86,11.25,0.25,64.04,1.79,16.79,98.54,96.86,43.3,99.49,99.95,0.61,0.66,22.72,20.85,3.22,18.53,6.87,28.29,0.45,4.27,23.3,7.61,3.12,1.29,0.05,9570,11753,10837,10990,11431,10592,9451,8280,6505,5517,4416,10057,3172,2007,1120,553,116728,477,9092,11459,10891,11390,12032,11863,10096,8864,7272,6534,5110,9732,3607,2323,1430,885,922,123502,123707,1297,4510,117900,3695,18321,13742,13646,10963,176809,13432,43688,12778,163377,12355,30256,12660,133121,3864,3865,3656,20422,47778,9578,11362,6770,92317,70247,0,240230,240230,201615,23212,13619,164784,239841,239739,0.575,0.733,0.735,0.676,0.839,0.7,-23.6495294,-46.8528497
2010,313130,31,3131307,Ipatinga,76.85,1.61,13.22,15.25,38.85,94.78,85.43,6.26,9.68,1.1,0.93,5.01,0.78,5.3,1.01,6.29,69.15,71.9,77.81,17.16,16.43,17.2,13.68,11.67,5.0,96.23,104.85,73.31,62.06,40.75,88.42,92.42,51.14,50.67,19.68,23.2,97.37,83.35,30.8,15.18,75.52,83.24,91.71,98.18,97.85,93.89,19.38,0.64,12.52,4.52,2.73,1.32,89.42,89.34,67.38,77.25,84.39,62.54,57.76,50.81,56.18,42.67,55.18,39.71,11.35,258.33,427.5,627.0,1055.0,1700.0,0.52,1.13,2.27,5.92,11.87,19.79,33.69,41.73,4.04,56.98,12.02,24.14,43.02,72.88,13.88,9.48,862.91,174.17,3600.53,344.45,522.92,814.76,2459.45,863.22,32.48,99.13,173.26,0.48,16.61,2.57,0.75,18.41,8.91,0.39,73.45,72.05,51.3,41.89,1.02,13.72,21.42,1.02,9.75,64.43,78.25,89.16,1395.93,56.94,3.0,24.8,73.62,65.23,81.53,9.63,32.06,37.34,15.24,8.77,10.59,0.4,62.0,4.46,13.57,98.14,98.72,16.81,99.85,99.93,0.12,0.18,19.27,24.48,2.15,15.74,6.48,27.51,0.0,3.22,10.52,6.66,0.2,1.4,0.07,8131,9880,10374,11472,11192,10021,8327,7937,6972,7053,6063,8421,3643,2588,1858,1169,116209,1108,7769,9634,10388,11585,11663,10762,9211,8921,8805,7867,6037,8129,4136,2738,2306,1623,1685,123259,117857,585,3073,114199,3195,15583,11638,11768,9482,187142,12278,43751,12141,174864,12921,31473,13442,143391,3210,3203,3238,17225,40993,14991,9616,6156,97540,75604,2500,239468,236968,206983,19514,12391,175077,238052,237968,0.625,0.748,0.771,0.705,0.864,0.752,-19.4777807,-42.5270802
2010,431340,43,4313409,NOVO HAMBURGO,76.11,1.58,12.26,13.83,40.36,95.02,85.67,7.37,9.55,1.28,1.07,3.36,0.84,3.52,0.99,4.04,62.72,66.49,71.47,20.73,20.81,22.45,16.55,12.69,6.08,95.23,109.36,57.66,49.98,38.38,86.02,92.13,42.38,42.84,16.89,22.67,97.3,78.99,27.57,17.87,62.22,70.69,79.97,89.91,97.03,92.1,23.17,2.0,7.8,3.44,1.59,1.16,89.11,88.59,57.89,67.13,73.09,55.18,51.73,41.25,47.69,37.32,46.46,35.32,9.58,306.0,500.0,710.0,1189.17,1900.0,0.53,0.82,1.74,3.91,8.7,14.58,27.73,43.6,4.07,58.06,12.12,23.88,41.94,73.02,14.39,9.61,1011.62,205.89,4411.05,407.17,594.83,913.46,2945.66,1011.88,31.91,93.72,176.9,0.5,19.94,4.44,1.41,16.44,6.41,0.19,73.47,62.52,43.62,38.33,0.82,10.22,32.11,1.14,9.64,64.58,79.17,89.85,1398.46,64.35,4.95,37.42,82.44,72.94,88.13,5.01,11.59,18.44,7.0,4.48,4.71,0.38,58.13,2.97,13.6,98.5,96.89,15.41,99.68,99.92,0.33,2.26,32.63,37.78,2.97,26.79,7.54,27.88,0.19,5.3,20.4,4.33,0.21,0.74,0.08,7578,10135,10223,10297,10138,9257,8430,8850,8947,7300,5526,8318,3977,2768,1814,1201,115766,1007,7178,9671,10030,10151,10478,9515,8819,9575,9643,7936,6327,8203,4810,3627,2868,2024,2319,123174,133725,980,4630,128115,2956,15629,11588,11695,8618,187659,12268,40657,11962,175391,12024,28389,12157,147002,3173,3275,3128,17390,41264,17601,9664,6042,98017,77859,4142,238940,234798,207801,19783,12373,175645,237941,237880,0.552,0.671,0.747,0.629,0.852,0.778,-29.6905705,-51.1429035
2010,432300,43,4323002,VIAMÃO,76.95,2.03,9.38,11.03,46.97,95.09,85.84,7.39,9.54,1.49,1.33,4.19,1.02,4.42,1.25,5.08,59.6,64.49,66.24,21.89,21.8,23.64,18.51,13.71,10.11,100.17,109.83,71.72,33.45,22.01,87.16,91.27,39.71,26.7,8.96,15.85,96.97,81.53,26.53,12.09,37.53,53.19,63.23,80.94,95.86,92.23,30.04,2.91,5.41,8.16,1.81,0.67,88.14,88.67,51.97,62.69,75.9,57.55,53.98,35.76,44.24,35.42,42.85,33.7,5.83,249.4,400.0,575.0,899.33,1305.5,0.47,1.85,3.9,7.08,14.17,22.41,37.9,37.49,4.47,52.57,13.59,27.42,47.43,72.03,11.04,7.71,707.05,157.93,2650.59,322.43,489.08,707.36,1852.04,707.25,42.55,93.93,168.99,0.4,20.54,1.66,4.05,17.12,9.56,0.08,69.25,64.52,41.79,55.76,1.0,6.56,7.55,2.48,14.29,70.62,85.73,94.5,1064.71,60.55,4.89,31.21,77.02,70.39,84.73,7.31,21.22,30.16,13.8,6.39,7.71,0.27,57.07,4.6,13.97,98.08,94.29,25.42,99.16,99.8,1.09,2.67,23.36,62.47,4.14,21.73,7.87,28.61,0.55,6.32,22.74,7.51,2.65,1.28,0.2,8386,11612,10650,9724,9628,8913,8160,7818,7685,6757,5664,9867,4287,3021,2061,1216,116483,1034,8163,11135,10384,9663,9849,9523,8648,8413,8376,7414,6357,9446,5151,3588,2754,2019,2018,122901,123298,1112,4092,118094,3232,17809,13391,13259,9918,180081,13021,40283,12375,167060,11889,27262,11727,139798,3392,3649,3666,20578,47296,17695,11133,6467,94106,74067,14441,239384,224943,203635,22747,13112,167775,237679,237611,0.576,0.598,0.717,0.591,0.866,0.72,-30.0819338,-51.0261927
2010,150420,15,1504208,MARABÁ,72.09,2.53,21.44,23.05,54.15,95.13,85.38,3.67,8.53,4.71,3.12,11.36,3.21,12.18,4.74,14.98,52.44,55.86,67.67,21.48,22.05,22.97,26.08,22.09,9.36,102.57,112.94,71.95,47.25,19.76,86.05,90.77,35.2,37.21,7.95,11.29,95.29,79.66,30.15,15.13,62.14,70.5,80.9,88.69,94.72,90.91,32.06,4.96,18.87,9.8,1.64,1.15,79.8,81.81,47.19,54.46,64.02,50.76,46.68,29.54,35.25,31.7,35.0,30.61,5.4,127.2,227.5,364.0,652.5,1026.67,0.58,10.34,14.85,23.53,34.09,45.91,60.13,46.21,2.28,61.74,8.8,19.81,38.26,84.95,21.0,14.02,527.86,60.11,2439.37,172.23,290.61,486.74,1628.14,546.66,25.23,71.5,133.49,0.61,26.42,1.35,12.73,19.37,8.7,1.25,47.82,57.23,37.92,41.86,0.77,6.44,8.23,7.0,24.22,73.05,84.51,92.48,1120.38,56.0,8.32,27.02,63.42,67.12,73.84,10.07,10.91,21.52,17.56,9.59,11.06,0.44,34.7,9.75,22.2,91.19,60.04,43.4,87.39,96.84,27.16,7.73,36.1,37.86,5.28,29.45,20.29,41.24,0.8,12.6,27.22,15.54,1.23,2.62,3.16,12530,12472,11968,12618,11953,10104,7841,6628,5410,4352,3347,12240,2290,1700,1203,830,118196,710,12083,12410,12014,12507,12020,9897,7781,6483,5295,4081,2972,11778,2025,1528,1194,729,676,115473,103679,2070,4017,97592,4878,19674,14691,15053,14801,160156,14539,49107,14364,145617,14304,34568,14379,111049,4934,5029,4811,24197,53596,8570,12410,7248,79202,54681,47399,233669,186270,185156,24882,14865,145409,232030,224052,0.508,0.594,0.668,0.564,0.785,0.673,-5.3462821,-49.1007401
2010,330250,33,3302502,MAGÉ,74.91,2.04,13.34,15.01,47.1,92.27,81.65,7.22,8.99,1.83,1.4,5.86,1.35,6.23,1.9,7.21,52.29,56.14,60.83,23.23,23.55,27.77,24.48,20.31,11.4,102.94,115.04,67.27,60.33,15.37,89.01,93.79,40.99,49.31,7.33,19.83,97.15,87.03,27.17,11.69,83.99,88.31,95.33,96.42,97.67,94.97,30.34,4.16,25.36,7.96,1.22,0.78,81.34,84.48,54.01,64.9,74.32,54.52,50.39,37.81,44.34,34.12,44.17,32.0,4.89,193.33,306.0,484.0,704.0,1015.0,0.49,4.55,8.14,12.19,21.33,31.99,47.99,38.47,4.07,53.4,12.94,26.53,46.6,69.75,11.89,8.25,567.59,115.56,2183.52,251.78,385.54,569.54,1514.5,569.72,32.94,82.01,158.65,0.44,23.59,1.28,2.62,16.72,12.46,0.94,57.36,62.25,41.3,51.29,1.58,6.18,9.12,2.41,16.81,74.78,88.89,95.63,966.73,53.73,4.3,19.78,64.73,63.22,76.1,11.97,30.7,29.39,24.25,11.36,14.77,0.29,45.22,5.38,22.56,85.89,89.56,38.04,96.8,99.85,5.24,0.34,28.34,16.01,2.33,24.61,11.81,35.86,0.78,7.03,21.24,11.77,3.56,1.81,0.15,8201,11074,10550,9404,9020,8629,7954,7802,6894,5962,4937,9146,3815,2792,1958,1349,110576,1089,7988,10817,10282,9517,9343,9310,8807,8311,7521,6714,5544,8929,4424,3329,2386,1679,1845,116746,103603,941,2458,100204,3054,17452,13052,13099,9744,170487,12963,39395,12363,157524,11617,26432,11538,131092,3385,3427,3480,19078,45412,16420,10813,6447,88990,69194,12086,227322,215236,192828,21891,12427,158510,226225,225378,0.545,0.671,0.709,0.626,0.832,0.685,-22.6604221,-43.0426162
2010,172100,17,1721000,PALMAS,74.61,2.04,15.28,16.36,41.57,96.55,89.23,2.73,10.35,1.63,0.98,3.76,0.76,4.0,1.28,5.02,66.69,72.06,68.61,18.98,17.9,23.78,14.32,10.04,7.61,103.02,112.22,77.67,61.13,53.43,89.42,93.59,48.0,48.2,25.19,26.23,97.94,87.87,40.04,19.39,79.88,85.45,91.15,96.4,98.04,95.33,24.73,2.4,20.55,6.63,1.89,3.73,89.6,89.22,64.53,76.23,85.47,74.59,71.12,55.25,61.51,58.53,62.55,57.58,20.81,254.75,430.57,700.0,1333.33,2400.0,0.58,1.52,2.78,6.91,12.15,21.7,34.09,46.55,3.01,62.83,9.17,19.31,37.17,86.47,20.31,13.73,1087.35,163.53,5061.27,334.94,551.62,970.94,3421.84,1088.24,37.54,97.5,171.03,0.62,16.66,2.14,3.12,16.57,10.36,0.14,64.01,79.1,63.38,55.43,1.08,20.57,5.02,1.88,9.51,57.45,70.99,83.29,1797.68,67.85,6.69,34.26,74.68,79.11,85.85,6.97,21.28,26.57,12.06,6.07,5.61,0.51,39.96,18.71,21.05,99.16,94.38,30.29,99.17,99.81,1.78,0.93,13.16,20.12,1.96,10.51,5.26,18.41,0.41,5.7,10.38,5.5,0.9,0.91,0.19,10308,10571,11141,13137,12702,10915,8796,7263,5637,4211,3119,9924,2020,1318,839,493,112848,454,9977,10529,12371,13877,13561,11944,9153,7381,5652,4010,2676,9499,1715,1231,828,542,538,115484,127994,1411,4551,122032,4185,16836,12457,12730,12017,167499,13390,50522,14053,154109,15421,37132,15637,116977,4078,3932,3787,19746,45467,6241,10529,6998,85471,59223,6590,228332,221742,188631,21100,13284,154247,225432,225247,0.746,0.751,0.788,0.749,0.827,0.789,-10.1835604,-48.3337793
2010,354890,35,3548906,SÃO CARLOS,76.78,1.44,11.19,12.98,39.61,95.19,85.36,8.94,10.66,1.23,0.83,3.64,0.84,3.81,1.02,4.36,76.93,80.09,80.39,14.57,13.45,14.92,8.5,6.46,4.69,97.22,102.63,82.31,98.14,44.43,90.68,94.0,63.46,77.67,21.84,40.81,97.14,87.08,31.1,16.35,92.87,94.18,96.42,97.08,97.86,94.99,14.54,0.99,5.87,4.51,1.29,0.4,91.73,89.36,74.32,81.44,90.1,69.31,65.47,59.62,67.63,53.09,67.77,50.4,17.81,363.64,560.0,805.33,1318.33,2110.0,0.49,0.58,1.43,2.53,5.91,10.01,20.23,39.97,4.56,55.3,13.16,25.79,44.7,76.0,12.15,8.4,1079.45,245.87,4314.68,464.37,681.47,1020.96,2984.49,1079.45,34.56,96.73,178.42,0.43,18.06,3.38,3.38,16.6,8.18,0.09,76.57,77.87,60.86,47.04,1.07,19.27,20.01,1.35,9.66,57.15,74.1,86.47,1633.98,61.94,3.07,28.48,73.9,69.53,85.99,7.43,21.67,28.27,15.84,6.87,7.93,0.4,63.05,3.72,10.57,99.1,99.59,20.15,99.96,99.88,0.1,0.23,12.21,7.13,2.14,12.16,3.07,21.51,0.0,5.06,8.48,3.64,0.28,0.82,0.12,6636,8234,8781,9912,10340,9455,8510,7851,7541,6713,5384,7078,4095,2930,2266,1603,108914,1585,6516,7854,8300,9321,10239,9679,8611,8102,8109,7233,6063,6792,4710,3431,2941,2285,2850,113036,120861,497,2814,117551,2606,12860,9606,9731,7854,178787,10039,36313,10246,168748,10748,26274,10919,142474,2691,2754,2716,14343,33911,19847,7854,4942,91847,74227,8889,221950,213061,195118,16170,9883,169065,220666,220666,0.693,0.805,0.805,0.766,0.863,0.788,-22.0183367,-47.890932
2010,330190,33,3301900,ITABORAÍ,73.75,2.05,15.04,16.92,42.89,91.48,80.02,6.56,8.65,1.5,1.07,6.56,1.23,6.98,1.63,8.05,48.7,52.46,65.13,23.03,24.46,24.62,28.27,23.08,10.25,110.72,121.03,80.71,85.68,17.73,89.88,93.72,38.45,60.39,7.66,21.74,96.62,87.88,31.71,12.72,81.87,86.84,92.09,95.7,97.09,94.73,37.23,4.26,16.48,10.69,1.03,0.29,80.31,84.09,46.92,59.87,74.06,52.8,48.75,32.32,42.36,32.26,42.87,30.34,4.77,200.0,332.0,498.0,748.0,1042.25,0.48,3.31,6.1,10.21,18.2,30.69,45.85,37.78,4.42,53.08,13.38,27.0,46.92,74.7,11.29,7.84,584.35,129.06,2207.73,261.92,397.83,582.04,1533.22,585.53,33.97,86.91,166.13,0.42,20.84,1.15,1.8,18.19,11.47,0.5,60.27,58.9,38.11,51.49,1.14,5.96,9.74,1.75,15.35,74.84,88.04,94.88,979.45,57.69,4.76,20.57,68.81,67.19,78.46,11.7,27.82,31.56,23.74,11.11,13.14,0.28,49.73,4.87,22.06,88.73,86.54,32.77,93.06,99.85,5.9,0.11,29.13,18.13,2.91,25.95,12.1,35.15,0.5,4.72,18.61,10.67,4.12,2.24,0.15,7461,10292,9400,8502,8610,9106,8370,7992,7117,6046,4832,8249,3863,2518,1839,1070,106190,923,7269,9835,9297,8906,9285,9967,9082,8280,7649,6563,5547,7942,4142,2909,2114,1430,1601,111818,107985,953,2338,104694,2825,15884,11973,11934,8791,165688,11586,35808,11282,154102,10445,24222,10358,129880,2984,3088,3099,17056,40848,14299,9755,5743,86131,68067,2596,218008,215412,187193,20011,11366,155816,217364,216925,0.528,0.629,0.693,0.593,0.813,0.69,-22.7496231,-42.8557428
2010,352900,35,3529005,MARÍLIA,76.26,1.63,12.81,14.86,41.34,95.09,85.08,9.52,10.99,0.96,0.63,4.06,0.64,4.28,0.92,4.94,78.44,80.47,83.42,13.54,12.36,13.9,8.02,7.18,2.68,97.01,102.39,82.81,100.87,39.31,90.97,93.56,67.11,73.48,22.31,46.02,96.8,89.73,30.9,11.85,95.36,96.22,97.24,98.04,97.8,95.59,12.03,0.91,11.05,3.52,1.89,0.79,91.97,90.64,79.8,86.74,90.03,67.34,63.19,64.53,69.93,51.34,71.64,47.94,17.13,305.0,497.5,700.0,1180.0,1875.0,0.5,1.05,2.3,4.04,8.92,14.54,27.03,40.84,4.29,56.05,12.7,24.91,43.95,76.04,12.87,8.84,953.2,204.48,3893.33,400.65,582.0,907.74,2673.24,953.37,43.36,93.6,174.95,0.45,21.11,2.88,2.99,19.4,7.65,0.03,71.64,76.5,60.04,50.1,1.21,19.32,12.79,1.71,11.97,63.17,78.13,89.18,1462.15,60.91,4.67,32.24,71.37,68.47,81.22,7.92,21.99,32.91,17.14,7.07,9.09,0.4,55.04,6.66,12.91,99.38,99.0,16.79,99.72,99.99,0.08,0.59,11.9,4.64,2.2,12.46,3.61,23.87,0.42,5.5,9.23,6.08,0.32,1.31,0.01,6372,8566,8704,9271,9342,8723,8024,7495,7032,6377,5125,6940,4042,3047,2359,1666,104726,1641,6192,8070,8503,9217,9310,9122,8630,8297,7930,7222,6068,6619,4913,3727,3107,2282,2810,112019,116020,777,3368,111875,2585,13386,9965,10161,7331,173986,10403,35695,10152,163583,10340,25292,10711,138291,2648,2675,2639,14134,34498,20639,8070,5121,91138,73418,9724,216745,207021,190464,16636,10446,163382,213999,213961,0.673,0.834,0.798,0.776,0.854,0.768,-22.217108,-49.95006
2010,431870,43,4318705,SÃO LEOPOLDO,76.65,2.05,10.09,11.86,41.19,95.01,85.65,6.69,9.7,1.31,1.11,3.17,0.87,3.32,1.02,3.81,60.04,64.95,70.15,19.83,20.42,20.16,20.12,14.63,9.69,94.36,107.84,57.45,36.01,40.7,87.59,92.71,38.78,32.06,16.01,19.74,97.48,82.61,29.45,17.7,47.59,59.17,68.38,85.78,96.79,93.0,30.26,2.08,4.48,4.99,1.65,1.35,87.76,88.42,52.02,61.88,76.21,59.93,56.72,39.51,47.03,40.42,46.88,39.12,10.5,274.0,466.0,675.0,1155.0,1800.0,0.53,1.62,3.42,5.96,12.76,18.24,33.6,42.58,3.74,57.79,11.58,23.51,42.21,72.32,14.7,9.98,939.93,176.0,4002.03,368.4,560.66,878.46,2717.62,940.31,42.64,93.92,167.91,0.5,18.19,2.47,0.57,16.43,8.24,0.19,73.27,68.45,48.62,44.85,2.03,11.26,25.16,0.66,10.08,61.95,78.45,89.67,1380.95,62.02,3.57,31.91,80.16,71.06,86.02,7.64,24.72,31.16,12.75,6.77,7.47,0.35,59.71,5.0,14.14,98.96,97.37,18.6,99.67,99.91,0.38,3.29,28.74,52.41,3.21,22.84,8.5,27.38,0.37,4.69,19.17,7.04,0.61,0.68,0.09,7357,9295,9175,9297,9712,8708,7618,7519,7279,6312,4907,7989,3503,2273,1501,932,104242,865,7024,8875,8936,9254,9754,8920,7895,7918,8273,6955,5475,7515,4276,3014,2242,1609,1910,109845,114174,648,3566,109960,2843,14386,10759,10855,8490,165516,10894,36543,10726,154622,10832,25649,11034,128973,3027,3015,3064,16197,37971,14321,8853,5416,86188,68051,849,214087,213238,184094,18170,11174,154750,213161,213074,0.599,0.619,0.739,0.612,0.861,0.766,-29.7544405,-51.1516497
2010,316720,31,3167202,Sete Lagoas,75.37,1.66,14.8,17.18,39.59,93.81,83.05,6.8,9.95,1.23,1.16,3.99,0.91,4.19,0.81,4.91,68.04,71.96,75.48,18.94,18.3,19.49,13.01,9.73,5.03,100.39,110.38,74.18,86.49,33.2,90.05,95.05,52.58,72.16,14.84,20.94,97.97,87.11,28.43,13.58,94.41,96.04,99.56,99.22,98.62,95.44,21.47,1.58,18.73,5.83,1.09,0.75,92.8,91.16,67.0,73.72,81.9,59.01,54.1,48.74,54.52,40.84,54.42,37.9,11.61,254.0,388.75,570.0,921.67,1502.0,0.53,1.24,2.78,6.11,12.76,21.74,37.67,44.24,4.16,58.51,12.03,23.82,41.49,75.51,14.7,9.72,809.26,168.21,3580.07,318.73,476.93,714.84,2365.89,809.42,40.56,97.84,175.95,0.49,18.05,2.48,3.05,16.94,8.47,0.63,69.13,65.63,46.49,45.91,1.3,12.55,20.35,1.77,12.94,70.59,83.48,92.29,1233.98,63.42,6.56,35.43,76.89,71.92,86.24,8.89,30.72,39.21,16.72,7.57,9.18,0.43,53.72,7.59,16.52,99.0,96.49,19.02,98.76,99.93,0.37,0.15,21.55,5.59,1.38,17.29,7.24,28.01,0.24,3.75,15.31,7.61,0.67,1.49,0.07,6823,9053,9376,10185,9933,8928,7679,7579,7004,5998,4542,7626,3273,2356,1633,1027,103991,976,6528,8728,9397,10134,9994,9361,8270,8214,7834,6712,5131,7359,3929,2841,2247,1599,1883,110161,117748,1166,4044,112538,2560,14354,10652,10902,7951,167807,11159,39028,11257,156648,11621,27869,11844,128779,2839,2939,2872,15473,37245,14560,8728,5625,87510,67989,5196,214152,208956,185678,17781,11413,156484,213087,213046,0.59,0.77,0.76,0.705,0.84,0.742,-19.466111,-44.246944
2010,270030,27,2700300,ARAPIRACA,71.82,2.02,22.0,23.96,50.8,94.28,84.5,6.19,9.61,5.98,4.56,22.45,6.27,24.1,11.76,28.61,59.06,65.21,65.77,19.16,19.2,24.26,21.78,15.59,9.98,105.26,115.79,75.83,70.91,21.71,89.09,92.39,39.23,53.24,9.37,17.84,95.78,79.39,31.05,13.47,78.0,82.18,89.12,90.37,95.92,91.56,35.12,5.32,20.83,11.08,1.98,0.34,86.63,87.07,47.75,54.58,61.7,41.97,37.04,27.29,32.74,25.63,33.89,23.85,6.2,114.29,198.57,310.2,510.0,830.0,0.55,11.15,17.69,26.65,39.26,52.64,67.14,43.76,2.89,58.82,10.21,21.99,41.18,75.97,17.14,11.73,423.28,61.06,1852.21,155.02,249.2,406.32,1267.61,427.16,34.88,77.66,138.0,0.56,27.67,2.36,16.92,24.19,7.38,0.05,39.33,49.56,32.31,38.11,1.05,7.69,7.17,7.67,39.8,83.13,90.13,95.22,815.56,52.73,6.87,24.78,64.1,62.48,74.37,8.88,12.07,21.4,17.23,8.36,9.79,0.48,29.17,5.85,28.49,94.68,82.16,30.83,97.38,99.56,12.38,0.96,41.86,22.0,4.08,35.04,24.71,51.2,0.49,7.33,22.73,16.89,1.15,4.0,0.44,8925,11052,10454,9877,9053,8195,6743,6439,5264,4102,3517,9629,2881,2219,1504,1018,101884,1012,8846,10938,10811,10646,10231,9409,7827,7582,6034,5023,4362,9448,3462,2754,2003,1368,1378,112122,93439,1510,3328,88601,3522,17538,12859,13328,10531,155168,13078,41788,12810,142090,12125,28710,11848,113380,3718,3750,3556,19779,46276,13256,10938,6633,82890,61433,32525,214006,181481,177219,21990,13432,141797,212874,210938,0.42,0.627,0.649,0.549,0.78,0.638,-9.754866,-36.661471
2010,410580,41,4105805,COLOMBO,77.17,1.89,9.6,11.28,44.49,94.91,86.49,4.57,9.54,1.21,0.84,4.65,0.8,4.97,1.01,5.93,66.89,68.46,79.97,16.53,16.54,16.28,16.59,15.0,3.74,94.81,104.28,67.75,50.29,21.15,85.43,90.32,44.05,44.04,9.84,25.97,95.6,77.16,22.48,10.63,69.33,76.76,86.27,93.86,96.57,91.54,18.9,2.7,9.92,4.92,2.99,1.32,87.95,87.52,61.94,66.27,72.87,52.61,47.94,41.17,46.04,32.36,45.47,29.2,5.47,291.43,439.67,602.5,897.5,1203.33,0.41,0.77,1.31,3.75,6.89,16.29,26.51,32.01,5.83,46.93,16.47,31.71,53.07,82.18,7.77,5.67,682.85,198.95,2186.08,363.46,520.21,729.26,1593.1,682.93,42.11,100.08,181.95,0.29,18.99,1.06,2.41,17.02,11.4,0.44,70.83,59.09,37.58,48.38,1.17,6.36,13.43,0.99,10.35,68.25,86.04,95.44,1089.89,65.12,4.81,43.21,81.13,75.74,84.43,5.51,30.91,23.5,8.71,4.41,4.55,0.22,62.59,2.8,13.72,98.96,97.75,22.09,99.82,99.93,0.42,2.11,25.71,30.67,3.43,23.49,6.74,29.57,0.55,8.38,22.33,5.66,1.54,0.91,0.07,8519,10715,10023,9714,9621,9106,8503,7417,6186,5109,3900,9160,2710,1856,1217,645,105010,609,8380,10295,10025,9719,9852,9428,8624,7865,6755,5526,4246,8775,3066,2092,1429,973,907,107957,116058,1010,5332,109716,3472,16574,12224,12479,9980,157077,12223,39469,11724,144854,11773,27246,11752,117608,3442,3567,3475,18795,43698,9724,10293,6190,80485,60746,9764,212967,203203,178212,21010,12339,144863,212419,212395,0.526,0.693,0.733,0.632,0.87,0.715,-25.2925439,-49.2243472
2010,312230,31,3122306,Divinópolis,75.63,1.72,14.59,16.84,38.2,94.01,83.52,7.56,10.07,0.66,0.5,3.78,0.68,3.99,0.82,4.63,68.08,72.35,68.97,20.02,17.77,27.03,11.9,9.88,4.01,98.04,107.45,73.05,79.34,30.85,88.38,92.99,51.99,61.12,17.26,28.65,97.84,84.23,28.73,10.73,87.81,91.29,96.14,98.63,98.61,94.68,18.73,1.22,16.94,4.37,2.05,0.75,91.9,89.98,68.6,77.11,83.7,59.31,54.54,49.11,56.64,41.06,55.76,38.01,12.88,325.0,499.8,668.0,1043.33,1565.0,0.47,0.36,0.77,2.67,6.33,13.6,25.71,38.78,5.11,53.37,14.31,27.34,46.63,79.11,10.84,7.45,868.57,222.04,3368.15,399.61,565.76,837.6,2316.17,868.82,29.96,98.8,189.02,0.38,23.21,2.92,3.04,18.16,8.13,0.21,71.69,66.88,47.18,43.88,1.05,14.05,20.56,1.6,8.42,65.57,81.49,91.58,1289.92,63.98,6.4,37.09,77.16,71.67,86.91,4.47,16.4,17.07,6.8,3.94,4.78,0.35,54.24,5.49,12.89,99.18,99.28,9.66,99.24,99.9,0.21,0.12,21.61,12.19,1.39,18.64,5.09,26.86,0.0,2.3,13.03,3.55,0.22,1.09,0.1,6312,8523,8790,9692,9342,8996,8107,7650,7517,6459,4911,6992,3734,2503,1909,1263,103828,1128,6158,7991,8630,9407,9498,9452,8368,8419,8395,7023,5465,6798,4280,3106,2541,1683,1974,109188,119442,1057,3848,114536,2440,13264,9731,10088,7402,170242,10298,36519,10321,159944,10930,26221,11289,133723,2628,2621,2613,14419,34561,16107,7991,5074,88241,70204,5500,213016,207516,186693,16514,10376,159804,211866,211803,0.593,0.764,0.764,0.702,0.844,0.753,-20.1434559,-44.89125
2010,352440,35,3524402,JACAREÍ,75.2,1.52,12.51,14.51,41.34,94.21,82.73,7.11,10.9,1.42,0.93,3.77,0.83,3.95,1.18,4.54,79.36,81.74,83.56,12.1,11.26,13.76,8.53,7.0,2.68,95.77,101.89,77.95,94.36,31.57,89.07,92.14,56.46,78.4,14.38,30.91,98.08,84.56,24.83,11.5,90.85,92.9,96.04,97.22,98.28,94.78,13.64,1.08,8.82,4.02,3.44,0.74,90.62,90.49,75.06,81.35,88.1,65.95,61.77,57.45,64.35,48.35,63.42,45.34,12.32,276.0,456.0,665.0,1077.5,1650.0,0.49,1.11,2.45,4.8,9.75,17.99,31.43,38.55,4.36,54.15,13.01,25.97,45.85,74.87,11.85,8.32,846.53,184.67,3263.4,366.06,548.57,841.26,2291.18,847.01,35.17,95.73,175.44,0.42,16.12,2.0,1.8,14.44,8.51,0.56,72.8,75.41,58.09,48.85,1.29,14.67,20.42,1.53,12.01,61.97,77.18,89.57,1362.66,59.54,3.97,30.96,79.04,67.76,81.07,10.17,36.71,36.74,18.13,9.19,11.35,0.34,62.43,3.78,14.35,98.77,98.48,27.92,99.54,99.84,0.33,0.39,14.36,9.15,1.72,13.14,4.11,25.79,0.37,5.19,11.31,7.2,0.55,1.11,0.16,7157,9002,8725,8725,8954,8737,8093,7641,6836,6079,5056,7673,3874,2525,1861,1103,103092,1051,7005,8559,8344,8782,9364,9368,8533,8071,7579,6616,5619,7423,4312,3098,2217,1530,1702,108122,108252,696,3141,104415,2690,13918,10382,10599,8365,163241,10187,34235,9965,153054,10184,24048,10291,129006,2943,3006,2894,15326,36152,15027,8440,5002,84556,67599,2917,211214,208297,181807,17561,10144,154102,210767,210649,0.66,0.798,0.777,0.749,0.837,0.749,-23.30528,-45.96583
2010,350160,35,3501608,AMERICANA,77.55,1.34,10.77,12.49,37.26,95.69,86.73,8.73,10.6,0.93,0.79,2.74,0.53,2.85,0.73,3.26,80.85,81.77,87.89,11.44,11.76,9.92,7.72,6.47,2.19,95.54,100.64,82.53,93.02,48.79,88.22,90.92,62.88,78.4,25.24,41.18,97.82,85.18,32.74,15.54,93.25,94.79,97.15,97.77,97.98,94.38,10.1,0.64,9.08,3.17,3.28,1.87,88.84,88.2,79.29,83.65,88.62,65.09,60.93,62.94,67.24,47.29,67.53,43.76,15.4,427.5,650.0,913.8,1490.0,2250.0,0.47,0.32,0.79,1.39,2.92,7.1,13.92,37.13,5.01,52.71,14.3,27.63,47.29,78.91,10.39,7.32,1161.68,291.01,4313.44,539.54,774.2,1142.32,3039.07,1161.68,33.86,96.03,186.89,0.38,20.88,3.74,0.99,15.71,6.36,0.08,75.14,74.72,55.94,39.83,1.15,18.01,28.08,0.99,7.41,51.62,70.27,85.7,1700.8,64.03,3.64,40.67,81.45,70.82,89.12,5.72,17.25,27.7,10.19,4.92,4.8,0.35,61.51,2.04,11.1,99.64,97.72,18.82,99.89,99.97,0.07,0.22,12.39,6.75,2.02,13.84,2.39,24.23,0.0,3.0,6.9,2.98,0.11,0.6,0.03,6021,7506,8127,9272,9600,8648,8069,7974,7748,6875,5408,6192,4022,2698,2118,1483,103174,1413,5817,7052,7896,8734,9426,9068,8292,8445,8217,7357,5781,6182,4456,3349,2850,2108,2434,107464,119592,530,3898,115163,2330,11689,8637,8879,6991,171782,9335,34028,9538,162447,10223,24693,10442,137754,2515,2519,2387,12722,30539,18388,7051,4604,88369,71740,984,210638,209654,186763,14558,9586,162619,209811,209811,0.651,0.821,0.811,0.76,0.876,0.8,-22.7392463,-47.3306032
2010,421660,42,4216602,SÃO JOSÉ,77.81,1.46,10.0,11.67,35.06,95.6,87.33,5.9,10.52,1.08,0.86,2.62,0.67,2.73,0.72,3.16,72.97,75.63,78.11,14.66,13.85,17.08,12.37,10.51,4.81,94.12,102.42,72.64,61.62,51.81,86.44,90.21,52.12,46.18,23.67,40.72,96.92,83.61,34.74,17.43,82.15,86.17,88.66,93.74,97.54,93.66,15.54,1.4,11.62,3.73,3.49,2.13,88.58,88.86,70.94,79.21,88.13,72.8,69.65,57.97,64.16,54.09,64.38,52.03,15.73,450.0,669.33,983.33,1503.33,2175.0,0.44,0.19,0.32,1.36,2.99,6.99,14.14,34.56,5.23,50.2,14.92,28.89,49.8,77.61,9.26,6.73,1157.43,302.5,3999.84,561.05,808.2,1210.36,2906.35,1157.43,43.71,103.19,186.86,0.34,18.05,3.16,0.73,22.6,8.38,0.09,80.26,78.54,59.75,54.31,1.48,16.44,8.6,0.71,6.01,51.2,70.98,86.61,1605.09,66.96,3.62,36.98,83.98,75.43,89.44,4.58,29.17,23.73,8.03,3.84,4.54,0.3,62.64,7.11,8.49,97.85,98.9,13.24,99.81,99.97,0.11,0.97,14.84,17.85,2.46,11.93,2.67,16.04,0.76,6.33,10.4,2.3,0.2,0.39,0.03,6497,8101,8592,9939,10604,9497,8296,7532,6749,5869,4658,6786,3316,1998,1353,867,101392,738,6223,7887,8556,10082,10848,9770,8514,8137,7816,6981,5577,6450,4003,2662,1891,1397,1618,108412,122879,582,3855,118442,2669,12856,9647,9679,7455,166792,10112,36976,10070,156680,10797,26864,11246,129816,2535,2548,2547,13705,33432,12372,7858,5079,87319,68784,2492,209804,207312,183507,16062,10424,157021,208673,208673,0.728,0.765,0.809,0.752,0.88,0.799,-27.6162335,-48.6270136
2010,230765,23,2307650,MARACANAÚ,72.27,1.81,20.2,21.72,44.26,95.29,85.64,4.99,10.23,3.23,2.11,9.6,2.37,10.29,3.15,12.45,64.1,70.28,66.71,19.3,18.2,22.9,16.6,11.52,10.39,105.49,116.19,77.07,88.78,10.98,88.87,93.1,43.38,61.28,4.67,30.62,96.33,84.14,21.49,8.86,93.25,95.09,97.55,98.84,97.38,93.76,28.73,3.22,26.1,8.72,2.08,0.64,87.04,88.03,58.04,68.75,78.35,58.71,53.34,40.69,50.27,38.36,48.59,35.11,2.92,145.0,227.33,333.33,508.0,696.67,0.43,4.59,7.29,18.97,29.07,47.69,63.16,32.67,5.19,48.56,14.99,29.78,51.44,79.75,8.71,6.27,372.91,96.75,1218.18,182.81,275.71,403.77,877.01,373.27,39.36,94.13,157.1,0.33,18.15,0.62,1.53,18.91,8.29,0.05,58.34,66.43,46.35,36.11,1.26,3.92,28.09,1.37,20.85,86.39,94.45,98.16,715.39,53.83,4.3,20.17,64.25,64.03,76.97,10.96,19.29,27.66,19.53,10.4,11.93,0.23,53.39,2.93,23.79,97.03,95.49,38.9,95.87,99.43,2.1,1.06,21.24,6.75,2.62,17.91,11.63,33.36,0.26,6.52,21.52,18.08,2.67,3.37,0.57,8345,10665,10575,10947,10201,8517,7173,6650,5774,4362,3361,8561,2456,1675,1211,754,102078,851,8028,9987,10602,11370,10476,8872,7953,7465,6433,4940,3719,8121,2981,1993,1668,1031,1340,106979,94848,888,2594,91366,3199,16383,12066,12439,9762,154258,13004,43151,12734,141254,12162,30147,12350,111107,3265,3275,3111,17332,42424,10440,9909,6519,80289,58479,1434,209057,207623,176199,20652,12857,142690,208632,208429,0.587,0.708,0.686,0.665,0.788,0.617,-3.8779438,-38.6247697
2010,350320,35,3503208,ARARAQUARA,77.64,1.81,10.23,11.87,38.87,95.64,86.6,9.66,10.85,0.92,0.78,3.61,0.85,3.77,1.05,4.31,77.15,80.01,80.34,15.31,13.9,17.34,7.54,6.09,2.32,98.2,103.44,84.2,60.68,44.28,92.3,94.23,68.17,52.79,25.45,48.27,98.11,90.13,33.88,14.31,93.2,95.07,96.78,98.84,98.71,96.37,13.71,1.14,6.83,3.02,1.97,0.45,92.63,91.1,80.07,88.24,91.11,68.73,64.58,64.11,70.15,51.79,70.51,48.39,17.54,352.5,550.0,815.0,1347.5,2170.0,0.5,0.53,1.15,2.64,5.86,11.03,20.93,39.65,4.44,55.3,12.92,25.45,44.7,74.57,12.28,8.55,1080.66,239.93,4284.39,458.02,677.23,1040.07,2982.47,1080.81,41.37,101.66,185.58,0.43,19.59,3.45,2.92,17.11,7.5,0.12,76.0,76.75,59.28,49.28,1.37,19.18,16.21,1.28,9.88,58.24,74.4,87.29,1561.0,62.38,3.4,33.65,74.24,69.26,85.52,7.44,23.42,34.99,14.66,6.62,7.35,0.39,61.57,4.01,10.3,99.49,97.75,16.67,99.97,99.92,0.08,0.26,11.71,6.8,1.29,12.28,2.56,21.66,0.13,2.8,8.28,4.5,0.33,1.05,0.08,6026,7321,7940,9273,9484,8891,7621,7247,7023,6225,5209,6121,4039,2825,2172,1633,100655,1605,5744,7126,7933,9147,9450,9028,7983,7830,7924,7099,6002,5912,4897,3529,3046,2305,3052,108007,115314,491,3037,111785,2408,11655,8652,8810,6895,170398,9226,34287,9242,161172,10321,25061,10844,136111,2455,2400,2386,12413,30354,20165,7123,4623,89213,72139,5932,208662,202730,184871,14447,9027,161396,206646,206616,0.687,0.834,0.815,0.782,0.877,0.788,-21.7886713,-48.1773096
2010,330240,33,3302403,MACAÉ,74.66,1.73,13.6,15.3,39.08,92.08,81.26,4.91,8.53,1.3,1.0,4.22,1.0,4.44,1.18,5.19,49.83,52.0,70.65,27.57,29.44,21.68,22.6,18.56,7.68,100.68,112.2,65.93,87.06,28.39,87.45,91.86,37.65,65.31,11.75,31.26,95.28,84.33,28.06,12.85,91.65,93.52,95.76,97.56,96.91,93.78,32.17,2.57,16.61,6.37,1.44,0.97,81.97,81.99,50.98,65.97,81.26,67.8,64.8,44.45,53.83,49.22,51.17,48.2,12.75,281.67,499.5,751.0,1355.0,2255.0,0.56,1.38,2.6,4.63,9.0,17.17,29.36,44.75,3.39,60.47,10.25,21.28,39.53,85.5,17.46,11.79,1103.42,187.2,4938.18,378.41,608.23,1006.86,3333.92,1105.26,25.64,86.07,174.13,0.56,16.88,1.29,1.83,13.2,9.73,8.75,73.21,73.48,55.2,48.18,0.78,14.28,5.96,1.08,7.57,54.46,71.01,84.03,1833.97,63.59,5.73,27.29,71.92,72.54,81.58,8.03,33.85,29.34,14.55,7.28,8.44,0.47,63.07,4.25,13.68,93.88,88.67,31.27,98.83,99.91,3.92,0.28,21.12,8.35,3.09,17.47,6.26,21.83,0.79,8.25,13.95,6.2,0.73,0.92,0.09,7928,8537,8242,9978,11200,10331,7901,7177,6701,5690,4008,7624,2715,1722,1226,725,102432,727,7704,8480,8570,9993,11157,9834,8059,7322,7018,5584,4150,7603,2950,2032,1521,1069,1250,104296,111793,976,2633,108184,3204,13430,10024,10002,9197,158268,10090,36671,9870,148178,10269,26581,10973,121597,3188,3111,2911,15597,35876,10153,8452,5163,80218,61707,3869,206728,202859,175803,17017,9647,149139,206005,205662,0.678,0.683,0.764,0.681,0.828,0.792,-22.3712958,-41.7866922
2010,354140,35,3541406,PRESIDENTE PRUDENTE,76.49,1.48,12.1,14.03,41.11,95.14,85.23,9.43,11.15,1.16,0.8,3.92,0.73,4.11,0.89,4.71,80.39,83.01,82.84,11.71,10.54,13.32,7.9,6.45,3.84,97.08,103.51,80.55,93.83,43.9,89.71,92.48,63.51,75.19,24.68,35.55,96.85,87.65,34.39,14.41,92.39,94.3,97.36,98.32,97.84,94.99,11.52,1.04,8.87,2.93,2.94,2.53,91.69,90.21,80.07,87.64,90.1,67.36,63.34,62.47,68.17,50.38,68.37,47.23,19.01,331.25,504.5,744.5,1265.0,2003.75,0.54,0.85,1.88,3.28,7.24,12.62,23.65,44.99,4.08,59.25,11.86,23.06,40.75,72.8,15.18,9.98,1080.22,220.44,4860.03,420.06,604.79,955.44,3194.88,1080.39,36.61,92.15,177.75,0.51,19.31,4.02,2.89,19.92,7.11,0.13,73.37,75.26,58.22,54.04,1.4,21.12,11.17,1.43,11.63,61.99,75.93,88.01,1580.36,61.08,3.57,30.34,73.42,68.66,84.6,7.4,32.79,36.64,14.41,6.44,7.47,0.46,55.68,6.16,13.55,99.73,99.33,14.09,99.45,99.97,0.05,0.34,12.38,7.61,2.16,13.3,3.19,22.81,0.35,4.04,8.8,4.53,0.26,0.97,0.03,6342,7739,8381,8474,8548,8290,7617,7601,6888,5984,4870,6823,3930,2972,2352,1536,99894,1547,6044,7566,7987,8769,8801,8663,8215,8337,8013,7093,6000,6372,4673,3646,2916,2189,2432,107716,111216,547,3046,107624,2385,12271,9120,9266,7427,166532,9817,33558,9690,156715,10019,23741,10109,132974,2563,2651,2513,13542,32408,19579,7557,4773,87641,70908,4235,207610,203375,182081,15305,10039,156738,205558,205525,0.674,0.829,0.806,0.774,0.858,0.788,-22.1225167,-51.3882528
2010,291480,29,2914802,ITABUNA,73.42,1.91,18.1,19.52,43.85,95.76,87.34,7.7,9.36,3.96,2.67,10.38,2.76,10.94,3.82,12.73,60.61,66.9,64.04,20.38,19.88,24.6,19.02,13.22,11.37,105.81,116.14,77.36,76.5,31.97,87.66,92.35,39.35,58.23,14.15,23.07,95.38,83.92,34.39,16.02,87.09,90.38,95.37,97.51,96.57,93.2,31.3,3.51,24.49,10.21,1.48,0.93,87.87,85.96,53.07,63.69,75.74,57.63,53.66,35.62,46.32,40.09,45.39,38.73,9.13,155.5,262.0,422.0,740.0,1200.0,0.56,6.12,10.74,17.09,29.99,39.61,58.21,45.0,3.06,60.72,10.0,21.14,39.28,75.89,18.0,12.14,605.12,92.49,2722.88,210.13,336.89,548.89,1836.95,608.36,34.54,82.5,150.11,0.58,22.91,2.25,4.07,21.74,8.68,0.15,57.6,66.97,49.22,50.14,1.39,11.23,8.43,1.82,22.03,75.36,85.44,92.62,1091.72,56.58,5.55,27.84,67.34,64.6,77.43,14.34,33.17,39.27,28.02,13.37,15.17,0.48,48.17,3.08,22.06,95.36,86.22,28.14,94.17,99.37,3.73,3.22,27.73,12.91,3.43,22.12,13.63,34.97,0.58,8.1,15.26,15.36,0.67,3.32,0.63,6943,8715,8563,9241,9375,8115,6857,6292,5836,5298,4075,7887,3038,2311,1833,1186,96936,1371,6917,8515,9011,10356,10492,9272,7636,7344,6811,6153,4814,7662,3695,2880,2367,1698,2108,107731,99033,951,2973,95109,2818,13671,10214,10289,8179,158028,10689,37171,10772,147339,10351,26482,10460,120857,2863,3144,3101,15964,36674,15754,8515,5458,84637,65270,5024,204667,199643,175027,17128,10682,147217,203181,202098,0.576,0.68,0.712,0.643,0.807,0.695,-14.7869879,-39.2788778
2010,315780,31,3157807,Santa Luzia,76.52,1.89,11.3,13.22,43.32,94.12,83.8,5.41,9.64,1.35,1.03,4.79,1.03,5.08,1.14,5.97,64.52,68.24,70.8,17.42,16.44,21.16,18.06,15.33,8.03,96.85,106.33,68.17,58.01,19.99,86.71,90.73,45.15,45.18,7.74,17.81,96.73,85.1,22.06,12.51,61.17,70.73,79.92,89.37,96.74,93.85,23.47,2.45,11.64,5.67,1.96,0.99,87.45,85.72,61.45,70.83,75.93,53.0,47.93,42.84,49.39,33.97,49.02,30.57,4.6,223.5,340.0,500.0,724.0,1006.67,0.43,2.12,3.74,7.99,14.57,26.31,41.75,33.54,5.25,48.4,15.49,30.52,51.6,78.3,8.66,6.3,557.62,146.24,1870.18,285.57,419.09,587.82,1359.33,558.87,27.41,89.56,170.11,0.34,15.46,0.59,1.42,15.4,10.19,0.31,72.1,60.43,40.52,51.6,0.78,5.55,11.94,0.94,10.33,75.96,89.62,96.4,926.81,59.14,4.03,27.04,72.98,69.12,81.31,7.8,23.33,33.88,12.91,6.9,8.91,0.22,63.69,4.45,15.0,98.74,95.81,27.47,97.18,99.86,0.65,0.13,28.22,38.83,3.26,22.57,9.86,31.0,0.1,3.49,20.02,8.17,3.62,1.87,0.14,7458,9852,8916,9280,9146,9061,7776,6805,5614,5105,3843,8366,2790,1862,1263,757,98485,591,7051,9513,8926,9310,9692,9612,8181,7352,6485,5804,4555,8122,3351,2442,1649,1143,1269,104457,101628,781,2919,97928,2760,15316,11395,11464,8735,152580,10826,36432,10397,141754,10735,25606,11127,116148,3014,3173,3171,17364,40062,10976,9513,5382,79771,61535,564,202942,202378,171848,19365,10796,141687,202170,201718,0.53,0.679,0.715,0.625,0.859,0.682,-19.7702097,-43.8505291
2010,352050,35,3520509,INDAIATUBA,75.22,1.51,13.37,15.51,38.78,94.38,83.17,6.88,10.68,0.81,0.72,3.38,0.6,3.55,0.68,4.15,75.47,76.81,84.19,14.25,13.73,13.0,10.28,9.46,2.81,100.88,107.68,82.25,77.95,40.08,88.94,93.64,59.43,68.44,18.21,36.65,97.91,86.0,30.23,15.73,88.99,91.75,96.24,97.27,98.18,94.92,12.68,1.21,14.59,4.69,1.44,1.52,89.77,89.04,75.17,81.02,86.09,65.65,61.49,51.7,61.09,47.92,60.56,45.24,15.04,400.0,591.33,833.33,1370.0,2150.0,0.47,0.17,0.29,1.43,2.86,7.27,13.39,38.31,5.22,53.66,14.25,27.05,46.34,81.05,10.75,7.57,1098.31,286.65,4207.54,495.96,703.1,1058.88,2960.9,1098.31,29.74,105.49,190.98,0.38,16.64,2.98,2.39,13.76,8.02,0.11,75.98,72.7,54.6,38.01,0.84,16.01,27.07,0.95,7.26,54.47,72.47,86.2,1670.05,65.05,4.39,39.27,80.95,73.14,88.13,6.42,30.11,22.47,10.9,5.71,7.38,0.36,64.26,3.27,12.15,99.32,98.61,25.4,99.79,100.0,0.32,0.19,14.07,11.01,1.82,13.24,2.39,22.47,0.0,4.66,11.4,2.5,0.07,0.63,0.0,6551,8082,8473,9518,9755,8996,7930,7435,6719,5664,4539,7008,3344,2390,1721,1044,100178,1009,6360,7688,8051,9012,9554,9048,8000,7679,7109,5984,4838,6769,3631,2557,2093,1392,1676,101441,113922,692,3847,109383,2556,12657,9535,9485,7646,159141,9788,35052,9725,149353,10396,25264,10810,124089,2707,2778,2659,14110,33379,13878,7687,4709,80613,63552,2027,201619,199592,175121,15770,9797,149554,201009,201009,0.657,0.782,0.788,0.738,0.837,0.791,-23.09028,-47.21806
2010,240325,24,2403251,PARNAMIRIM,74.52,1.62,15.01,16.18,40.42,96.47,89.02,4.67,10.24,3.71,2.44,7.96,2.25,8.39,3.32,9.86,66.55,70.97,73.46,19.07,19.31,19.14,14.39,9.72,7.4,101.48,110.69,76.07,76.08,48.47,89.84,92.54,48.68,54.98,22.84,32.86,97.44,85.0,37.07,17.31,91.89,93.59,95.74,97.47,97.87,94.44,25.93,2.96,24.75,6.01,2.82,1.65,89.15,88.51,62.24,70.59,80.59,68.16,65.19,52.5,59.63,53.95,59.69,52.59,16.55,198.75,358.33,600.0,1190.0,1970.0,0.55,2.68,4.74,10.91,19.32,29.01,44.29,42.0,2.96,59.7,9.36,20.42,40.3,78.76,17.96,12.77,850.44,125.99,3571.5,271.83,470.31,845.36,2540.4,850.92,37.34,92.7,159.85,0.57,20.03,2.05,1.21,20.51,7.58,0.91,64.77,74.3,61.22,54.9,0.87,18.76,9.24,1.24,13.8,64.21,75.47,86.04,1478.08,58.72,3.92,18.63,65.6,68.58,80.84,9.95,21.05,41.06,19.63,9.22,10.48,0.48,47.12,12.42,17.47,98.66,98.52,24.24,98.81,99.89,0.73,0.12,19.77,8.11,2.13,15.01,9.03,24.45,0.25,7.61,13.27,10.36,0.99,1.53,0.11,7538,9069,8817,9943,9618,9024,7695,7312,6319,4585,3129,7845,2287,1458,1040,580,96995,736,7364,8670,9295,10641,10769,10177,8802,8150,6962,4950,3530,7652,2844,1961,1454,926,1314,105461,101037,696,2049,98292,3050,14031,10379,10568,8871,154214,10949,38670,10805,143265,11006,27721,11436,115544,2974,3065,2894,16125,37512,9460,17730,10949,154214,115544,0,202456,202456,172066,17739,10998,143329,200906,200794,0.682,0.749,0.766,0.726,0.825,0.75,-5.9153334,-35.2679913
2010,352250,35,3522505,ITAPEVI,76.28,1.78,12.5,14.5,45.65,95.05,84.98,3.83,10.94,1.69,1.19,5.38,1.16,5.75,1.53,6.87,79.49,83.51,81.43,11.31,9.86,14.38,9.2,6.63,4.19,95.45,102.89,73.48,67.0,15.68,86.03,89.47,48.24,59.25,7.09,18.8,95.48,82.09,17.79,10.96,78.86,84.62,94.34,95.8,96.52,92.87,17.24,1.96,13.45,3.87,3.51,0.47,89.35,87.57,67.75,73.61,78.38,55.36,49.77,47.64,53.52,36.39,52.87,32.23,4.76,219.83,342.0,498.0,720.0,1003.33,0.45,2.72,4.56,8.33,14.04,26.78,40.4,35.76,4.92,50.55,14.66,28.99,49.45,82.83,9.75,6.86,575.72,141.76,2058.76,280.36,412.44,588.85,1447.2,576.54,34.47,86.75,166.64,0.37,15.59,0.55,0.51,13.34,11.28,0.14,70.71,62.87,43.33,48.81,0.64,6.28,13.55,1.13,12.16,74.17,88.33,95.75,1034.37,58.67,4.4,34.99,74.57,69.2,78.72,11.21,48.03,35.9,16.72,9.73,12.3,0.22,63.54,3.61,15.88,98.66,95.85,46.37,99.24,99.86,1.21,1.21,23.36,21.14,3.48,20.4,8.28,30.88,0.43,7.6,23.98,9.35,3.69,0.96,0.14,8514,10430,9607,9440,9368,8564,7677,6761,5465,4594,3371,9253,2380,1429,1004,493,98746,396,8115,10227,9470,9419,9805,9130,8036,7207,5912,5123,3754,8703,2762,1704,1151,744,761,102023,97261,908,4163,92190,3208,16388,12336,12243,9864,145527,11794,37936,11119,133733,10896,26142,11041,107591,3557,3509,3562,18716,43222,7682,10227,5827,74978,56089,0,200769,200769,165780,20657,11898,133226,200590,200303,0.554,0.748,0.735,0.677,0.855,0.687,-23.54888,-46.933889
2010,351300,35,3513009,COTIA,76.05,1.78,11.93,13.84,42.05,94.77,84.22,5.02,10.48,1.48,0.97,4.42,0.94,4.67,1.24,5.43,73.62,77.49,77.2,13.56,12.8,16.06,12.82,9.71,6.74,106.19,112.87,86.14,71.93,29.05,87.09,91.05,48.6,59.02,13.03,26.75,96.81,85.25,30.85,16.59,79.19,85.3,92.46,96.35,97.51,94.45,19.36,2.98,12.89,6.73,2.41,0.83,88.97,86.52,68.34,77.14,82.13,63.93,60.22,47.4,53.18,44.47,51.69,42.7,15.62,282.5,467.78,694.8,1244.0,2250.0,0.57,1.43,2.65,4.72,8.61,16.83,26.87,47.68,3.46,62.62,10.31,20.73,37.38,83.15,18.49,12.14,1085.66,188.05,5176.23,371.87,565.35,903.79,3398.2,1086.24,38.56,88.99,172.94,0.58,18.11,3.44,2.08,12.28,7.9,0.07,69.19,69.54,50.8,47.63,0.76,17.14,15.24,2.06,11.1,59.61,74.24,85.87,1754.87,64.16,5.33,32.68,76.68,74.12,84.5,8.2,25.89,27.85,13.38,7.4,8.25,0.48,58.34,2.97,15.57,99.03,95.26,33.78,98.8,99.82,1.26,1.22,18.21,20.81,2.49,15.63,5.41,24.22,0.24,7.05,15.61,4.92,1.18,1.1,0.18,7589,9299,8560,8713,9142,8769,7860,7225,6274,5396,4172,8100,2881,1844,1208,729,98455,694,7392,9081,8416,8603,9734,9484,8494,7734,6800,5736,4413,7899,3119,2040,1430,1008,1312,102695,109117,981,3391,104746,3037,14567,10953,10951,8826,151481,10330,34267,10042,141151,9991,23937,10156,117214,3118,3083,3151,16721,38323,10099,9079,5085,78156,61149,0,201150,201150,170079,18380,10375,141324,199437,199329,0.639,0.743,0.78,0.707,0.851,0.789,-23.603889,-46.918889
2010,291840,29,2918407,JUAZEIRO,72.76,2.08,20.11,16.22,50.12,95.41,86.4,5.42,9.03,4.94,3.29,13.35,4.14,14.25,6.48,16.87,57.07,60.58,71.52,19.87,20.61,21.16,23.06,18.81,7.32,102.13,113.64,69.4,73.44,20.58,86.76,91.66,36.53,52.27,8.99,22.94,95.87,80.29,29.41,14.34,83.37,87.4,92.33,96.11,96.75,92.47,30.02,3.57,23.54,9.16,2.21,1.76,81.42,82.73,49.26,56.87,68.25,51.14,46.75,32.87,39.72,34.3,37.69,32.91,6.73,131.0,218.33,339.17,544.0,862.0,0.56,7.59,11.14,21.56,32.42,49.09,64.77,45.77,3.31,59.88,10.6,21.98,40.12,77.82,17.27,11.27,476.58,78.92,2181.44,173.73,271.08,432.23,1423.94,480.17,34.2,83.11,147.87,0.56,25.42,1.68,21.73,20.53,7.35,0.17,48.8,56.8,40.05,38.66,1.17,7.94,5.11,4.69,29.44,82.14,89.62,94.62,908.38,55.43,6.51,23.98,62.6,65.64,74.24,11.38,22.59,29.33,21.15,10.61,11.12,0.47,38.7,5.48,24.4,91.05,86.67,34.9,92.96,99.48,5.26,3.34,33.38,16.63,3.25,27.49,18.58,39.95,0.63,9.71,19.88,17.24,1.55,3.15,0.52,8856,9936,9642,9675,8803,8442,7247,6276,5187,3951,2846,9313,2329,1788,1223,718,97085,853,8477,9617,9603,9755,9505,8782,7594,6724,5416,4192,3251,9159,2654,2062,1596,1083,1410,100880,89887,1272,2875,85740,3506,15430,11466,11687,10295,142486,11746,38642,11522,130740,11102,26896,10966,103844,3513,3698,3590,18873,42258,10723,9612,5887,73573,54229,37190,197965,160775,162160,19553,11989,130619,197031,195559,0.511,0.64,0.677,0.594,0.796,0.657,-9.4336959,-40.5068201
2010,431560,43,4315602,RIO GRANDE,76.66,1.99,10.6,12.42,44.26,95.14,85.96,9.27,9.51,1.39,1.19,4.62,1.21,4.85,1.45,5.52,59.04,63.44,69.92,19.55,20.19,20.56,21.41,16.37,9.52,101.13,111.88,70.62,52.47,50.05,90.26,93.73,42.03,45.83,23.17,16.06,97.64,85.52,37.28,20.54,57.86,70.12,83.5,92.51,97.69,94.52,32.0,2.46,6.26,6.45,2.26,0.94,87.9,88.68,53.79,63.21,76.91,58.36,54.94,41.13,52.2,40.59,49.56,38.45,11.22,253.33,432.5,637.5,1105.0,1733.33,0.51,1.57,3.33,6.99,15.27,20.88,37.89,40.66,3.75,56.68,11.56,23.83,43.32,66.97,14.07,9.78,859.2,160.97,3493.31,335.6,527.06,837.56,2427.87,859.88,36.47,97.15,168.54,0.48,22.34,1.95,7.24,17.48,7.31,0.51,68.04,67.56,49.27,52.17,0.84,13.65,7.39,2.17,15.98,64.99,78.59,88.9,1364.67,52.66,3.21,19.92,63.57,60.44,77.94,8.97,19.08,31.31,18.9,8.42,11.32,0.44,48.71,8.61,16.46,97.02,97.16,22.8,99.51,99.72,0.33,2.15,26.29,42.14,2.31,22.95,8.53,31.88,0.67,6.93,19.62,8.03,0.91,1.0,0.28,6202,8348,7986,8186,8402,7207,6492,6058,6434,6051,5340,6911,4146,2696,1905,1329,94983,1290,6046,8094,7960,8193,8601,7467,6588,6650,7274,6813,5984,6685,4649,3372,2711,2359,2799,102245,90331,527,1929,87874,2342,12710,9450,9517,7001,151977,9290,31541,9181,142687,9488,22251,9556,120436,2522,2538,2589,13780,32676,18285,7851,4616,79887,64139,7799,197228,189429,171530,16442,9685,145403,195482,195329,0.584,0.666,0.744,0.637,0.861,0.752,-32.0334252,-52.0991297
2010,430060,43,4300604,ALVORADA,77.41,2.23,9.77,11.36,46.86,95.54,87.02,5.67,9.03,1.64,1.5,3.93,1.03,4.15,1.22,4.81,54.84,59.01,65.94,21.82,22.32,23.56,23.34,18.68,10.5,93.65,106.77,53.91,24.06,17.24,85.72,91.49,34.25,19.65,7.19,13.84,96.51,80.31,22.38,10.08,34.18,48.79,59.03,76.11,95.31,91.59,30.68,2.91,6.63,5.74,1.09,0.96,85.21,86.27,48.5,60.13,73.31,56.34,52.65,33.03,40.75,31.95,39.13,30.03,2.9,237.5,374.57,524.0,797.2,1094.5,0.43,2.15,4.31,7.32,14.14,23.66,38.62,33.33,5.11,48.63,15.19,30.12,51.37,76.45,8.77,6.39,600.48,153.35,2001.17,302.81,448.22,637.81,1456.53,601.11,41.63,89.43,168.25,0.34,18.51,1.12,0.73,21.38,11.04,0.07,70.06,64.93,39.25,49.17,1.13,3.54,13.44,0.53,12.02,74.03,88.39,96.12,984.18,60.07,2.75,32.22,79.83,71.0,82.29,8.05,25.12,29.15,13.96,7.15,8.21,0.21,61.15,2.3,16.5,98.9,96.8,27.08,99.34,99.85,0.58,3.9,25.59,65.82,4.69,22.76,9.34,29.46,0.25,8.78,25.78,8.21,2.97,0.9,0.15,7448,10176,9337,8303,8143,7430,6691,6573,6026,5169,4053,8556,2907,1882,1245,685,95080,456,7304,9839,9109,8150,8550,7924,7177,7002,6682,5819,4619,8024,3570,2527,1825,1217,1255,100593,98726,551,3577,94598,2871,15773,11804,11785,8754,144326,11517,34899,10850,132809,10301,23382,10284,109427,3127,3160,3238,17662,41304,11092,9839,5617,75426,58167,0,195673,195673,164362,20015,11104,133243,194977,194772,0.563,0.564,0.699,0.564,0.874,0.694,-29.9981184,-51.0772509
2010,500370,50,5003702,DOURADOS,75.59,1.7,17.0,20.04,43.62,93.65,83.99,6.03,10.01,1.38,0.93,5.56,0.87,5.92,1.19,7.09,63.94,69.55,67.66,18.96,17.68,25.06,17.1,12.77,7.28,95.7,108.3,61.67,58.85,45.62,87.96,92.39,41.33,49.37,23.04,21.19,96.01,79.2,33.81,17.44,68.79,76.97,89.35,93.58,97.08,92.25,28.03,2.04,11.35,4.25,2.45,2.88,88.9,88.83,54.7,64.56,76.84,58.7,54.51,45.13,54.15,42.04,54.95,39.25,14.46,256.0,421.67,612.0,1048.33,1666.67,0.52,1.57,2.9,5.96,11.59,19.88,32.91,42.39,3.98,57.93,11.83,23.65,42.07,82.93,14.33,9.77,866.4,172.41,3672.89,340.22,512.04,797.81,2504.11,868.52,31.98,90.93,171.83,0.49,19.75,3.12,6.88,18.69,7.93,0.03,67.71,65.52,48.07,47.87,0.92,16.2,12.19,1.92,12.16,64.7,78.69,88.72,1466.96,61.81,5.86,34.05,70.79,71.07,82.07,5.78,24.19,22.32,11.21,4.96,4.61,0.44,51.34,8.68,15.39,98.57,93.6,21.36,99.13,99.49,3.09,1.63,25.52,31.21,2.92,22.01,8.86,28.43,0.64,8.73,15.13,6.84,0.43,1.12,0.51,7686,8669,8925,9213,9167,8027,7254,6661,5799,4950,3834,7878,2769,1983,1507,1007,96274,945,7429,8629,9053,9407,9126,8130,7464,7059,6719,5442,4280,7429,3215,2261,1660,1180,1278,99761,102240,1013,3698,97528,3118,13788,10166,10541,8878,148315,10781,36598,10789,137534,10933,25817,10961,111717,3119,3092,3092,15725,36781,11821,8629,5433,76274,57814,15030,196035,181005,165397,17298,10862,137237,194084,193611,0.587,0.695,0.747,0.657,0.843,0.753,-22.2206145,-54.812208
2010,510760,51,5107602,RONDONÓPOLIS,74.37,2.12,16.4,20.06,41.3,92.89,82.37,5.37,10.19,1.19,1.02,7.2,0.96,7.68,1.62,9.25,69.93,72.92,72.77,17.25,16.11,21.36,12.81,10.97,5.87,97.07,104.89,75.93,58.54,39.37,87.02,92.1,49.83,50.49,20.36,20.23,98.5,85.18,33.33,14.04,73.52,81.22,88.82,95.82,98.44,94.86,15.91,1.75,10.44,5.18,2.81,3.27,90.33,89.36,72.42,79.26,82.1,59.81,54.58,50.11,54.38,41.73,54.88,38.76,13.08,265.56,409.0,600.0,1000.0,1605.0,0.52,1.35,2.4,5.44,9.64,18.98,30.35,42.63,4.24,57.3,12.29,24.25,42.7,86.32,13.88,9.42,843.62,178.96,3596.32,339.31,504.55,778.4,2441.97,845.48,29.93,92.21,174.5,0.48,20.57,3.02,7.67,19.48,8.7,0.31,64.12,66.65,48.02,46.0,0.95,15.0,10.08,1.93,11.88,62.76,79.01,89.75,1450.89,63.67,6.3,39.17,75.27,72.34,81.89,7.97,24.13,33.03,15.3,6.78,6.02,0.45,49.57,7.6,17.51,96.98,98.04,22.78,99.45,99.78,0.92,1.5,19.42,26.48,1.56,18.14,6.43,28.31,0.62,6.0,13.68,5.73,0.32,1.27,0.22,7774,8501,8919,9599,9511,8951,7908,7090,5955,4819,3695,7610,2683,1926,1462,894,98197,900,7473,8015,8982,9265,9096,9060,7990,7332,6092,4913,3693,7156,2808,2049,1473,903,979,97279,105437,1041,4075,100321,3093,13078,9625,9994,8957,147783,10534,36483,10543,137249,10876,25949,11013,111300,3100,2973,2964,15004,35068,10498,7947,5298,74055,55948,7448,195476,188028,165603,16516,10403,138683,193435,193010,0.598,0.754,0.755,0.698,0.823,0.749,-16.4603533,-54.6397099
2010,420460,42,4204608,CRICIÚMA,75.76,1.42,12.29,14.48,36.87,94.47,84.42,5.9,10.49,0.97,0.87,3.0,0.63,3.15,0.82,3.7,75.02,78.64,75.62,13.48,11.97,17.8,11.5,9.39,6.58,93.74,103.76,68.25,67.67,43.38,86.92,92.75,50.33,56.12,22.51,42.16,98.03,80.28,31.47,16.23,88.03,91.58,95.33,97.84,98.49,93.35,14.27,1.08,8.52,3.16,2.94,2.47,93.69,91.08,71.8,79.35,85.37,63.9,59.27,56.01,60.53,44.58,59.38,41.14,15.46,380.0,574.0,800.0,1282.67,2003.33,0.48,0.51,1.08,2.17,4.85,8.94,16.91,40.26,4.92,54.32,13.97,26.85,45.68,77.91,11.53,7.78,1062.53,261.53,4277.43,480.7,684.28,1000.41,2887.86,1062.71,42.48,101.16,184.73,0.4,17.32,4.55,2.74,16.69,7.82,2.55,75.23,72.08,52.03,41.61,0.91,17.2,23.34,2.02,9.48,57.24,75.09,88.43,1558.79,64.74,4.96,37.74,81.67,73.12,87.26,4.86,23.04,21.19,8.04,4.13,4.27,0.39,61.34,3.15,11.9,97.84,98.2,11.49,99.56,99.98,0.34,1.63,17.53,11.97,1.51,15.81,3.3,23.15,0.11,5.9,12.82,3.22,0.08,0.46,0.02,6117,7836,8577,9546,9459,7659,6542,7070,7105,6043,4421,6534,2986,1886,1313,801,94607,712,6002,7468,8190,9042,9175,7667,6851,7570,7756,6443,4858,6381,3567,2395,1770,1258,1308,97701,108388,760,3840,103788,2407,12107,9049,9111,7210,150763,9791,35069,9829,140972,10464,25278,10755,115694,2428,2570,2473,13332,32022,11352,7405,4814,77223,60139,2678,192308,189630,167414,15304,10174,141937,190535,190503,0.639,0.792,0.788,0.737,0.846,0.786,-28.6789941,-49.3695627
2010,320120,32,3201209,CACHOEIRO DE ITAPEMIRIM,75.2,1.6,13.8,16.14,42.22,92.65,82.45,7.52,9.61,1.49,1.14,5.71,1.15,6.04,1.41,7.04,64.87,67.34,77.82,18.61,18.62,18.6,16.51,14.04,3.57,98.9,110.1,68.35,70.76,29.85,88.98,92.9,48.67,60.38,15.76,34.9,95.99,83.85,28.34,10.14,87.55,90.49,94.49,96.65,97.22,93.63,22.94,2.53,13.33,4.16,2.44,1.8,89.21,88.91,64.19,72.08,77.44,56.07,51.69,49.12,52.64,37.71,54.4,34.65,9.86,249.75,382.5,558.0,915.0,1311.5,0.52,1.42,2.82,6.64,13.32,23.44,38.81,42.65,4.21,56.93,12.29,24.59,43.07,77.61,13.88,9.26,763.71,160.92,3257.6,308.47,469.49,705.92,2172.6,764.39,38.75,95.26,174.66,0.48,18.92,2.81,4.79,20.66,6.8,2.58,70.34,64.67,45.6,45.67,0.92,12.41,13.87,2.46,12.27,68.2,82.27,91.96,1282.96,58.48,4.78,31.76,70.34,66.47,80.69,8.48,29.07,33.45,17.13,7.47,8.69,0.41,55.12,5.19,16.01,97.12,98.77,21.43,99.16,99.8,0.38,0.18,25.25,12.45,2.78,22.29,9.25,30.86,0.3,4.28,13.85,9.32,0.32,1.58,0.2,6403,7916,8122,8416,8298,7798,6634,6742,6327,5487,4376,6976,3095,2153,1743,1164,92845,1195,6132,7823,8090,8622,8545,8111,7090,7031,6850,5787,4600,6673,3489,2585,2178,1579,1859,97044,95798,752,3088,91958,2463,12387,9186,9342,7366,146142,9663,32841,9465,136479,9659,23178,9848,113301,2561,2704,2640,13911,32739,14277,7719,4866,75492,58984,16300,189889,173589,163807,15739,9722,138346,188790,188623,0.561,0.743,0.746,0.677,0.837,0.733,-20.848084,-41.11129
2010,351907,35,3519071,HORTOLÂNDIA,76.51,1.64,12.18,14.13,39.6,95.17,85.31,4.84,10.97,1.44,0.87,4.65,0.91,4.94,1.36,5.89,76.01,80.39,78.32,13.4,11.63,17.21,10.59,7.98,4.47,98.02,106.64,74.09,72.29,21.67,87.21,91.06,53.1,62.84,9.51,32.12,96.68,87.83,21.28,11.53,92.34,93.77,96.35,96.44,97.54,94.97,17.93,1.42,20.26,4.28,1.98,0.52,89.21,87.15,72.24,79.4,81.88,58.99,53.63,48.89,54.25,38.4,57.83,34.69,5.85,280.0,437.33,623.33,933.33,1252.5,0.41,0.82,1.38,3.95,7.47,16.92,26.62,30.92,5.71,46.6,16.15,31.35,53.4,83.29,7.66,5.77,686.96,196.12,2124.04,358.58,522.13,757.27,1599.31,687.06,33.68,98.16,182.72,0.29,16.47,1.02,0.93,13.52,9.72,0.09,74.68,67.7,47.35,45.71,1.1,7.24,17.24,1.54,10.07,64.64,82.68,93.94,1156.03,61.67,5.44,37.5,76.38,70.59,78.9,9.78,22.55,35.5,15.21,8.61,9.95,0.21,65.74,3.53,12.24,98.8,97.11,29.9,99.8,99.93,2.08,1.06,15.9,7.66,2.46,15.12,4.56,26.42,0.19,5.42,15.44,5.69,1.19,1.36,0.07,6989,8676,8813,10186,9896,8825,7811,7180,6017,5091,3844,7421,2528,1636,1134,709,97439,683,6513,8580,8545,8879,8774,8510,7777,7134,6385,5238,3932,7068,2689,1907,1330,950,1042,95253,101557,939,3912,96706,2653,13645,10126,10239,7967,146251,10388,36172,10239,135863,10581,25784,10992,110079,2741,2869,2770,15013,35672,9335,8508,5135,72489,55189,0,192692,192692,164679,17256,10433,136990,188117,188088,0.59,0.767,0.756,0.703,0.859,0.716,-22.85833,-47.22
2010,231290,23,2312908,SOBRAL,74.93,1.85,13.58,14.64,47.42,96.66,89.51,6.09,10.66,1.58,1.73,17.0,3.34,18.4,7.03,22.96,72.01,78.35,68.96,17.37,14.55,23.99,10.62,7.1,7.05,105.43,112.63,85.89,90.51,27.43,90.61,94.14,53.97,59.06,15.11,37.22,97.1,86.2,31.86,15.37,95.78,96.81,97.66,98.83,97.92,94.77,22.16,2.85,25.39,7.8,1.81,1.17,92.08,92.61,66.99,76.44,78.4,54.31,47.02,43.99,48.02,35.59,49.73,31.84,8.32,126.67,203.75,318.75,510.0,833.33,0.56,8.9,13.46,25.2,37.99,51.76,66.9,45.96,3.19,59.8,10.33,21.8,40.2,76.17,17.79,12.16,448.89,71.7,2062.93,160.21,257.31,413.12,1410.34,451.25,36.31,84.01,143.82,0.58,16.35,1.13,7.5,16.36,6.27,0.04,53.53,63.96,44.38,38.31,1.27,9.74,22.88,4.73,30.01,84.22,90.62,95.48,822.99,53.33,4.16,22.03,64.63,63.76,75.26,8.24,24.5,29.19,13.22,7.42,7.98,0.43,46.69,3.16,28.26,95.01,88.02,38.22,95.61,99.53,3.06,5.44,26.08,4.22,2.08,21.35,15.57,39.08,0.37,7.08,23.53,16.23,0.59,4.16,0.47,7308,10048,9684,10763,8759,7469,6265,5562,4698,3361,2666,7734,2245,1644,1266,861,91462,1129,6970,9598,9863,10973,9078,7977,6886,6252,5182,3956,3246,7419,2802,2097,1718,1199,1555,96771,84704,817,2571,81316,2804,15729,11550,11965,8566,139156,11702,41283,11569,127454,12198,29581,12630,97873,2908,2979,2875,16091,39722,11469,9598,5838,72784,51948,21923,188233,166310,158843,19646,11673,127524,186474,185498,0.543,0.752,0.714,0.675,0.832,0.647,-3.6879135,-40.3456372
2010,330070,33,3300704,CABO FRIO,75.16,2.0,15.41,17.34,44.84,92.93,83.06,7.14,8.61,1.89,1.42,5.02,1.39,5.3,1.61,6.05,48.59,51.75,64.44,26.79,27.3,26.63,24.62,20.95,8.93,102.89,115.61,68.12,68.9,26.56,88.94,93.41,39.54,55.7,11.22,26.09,95.76,86.29,29.91,13.51,87.41,90.85,94.81,96.91,96.89,94.05,33.45,3.87,18.77,8.07,1.37,1.18,79.87,84.01,51.32,65.7,75.14,60.62,57.89,37.39,44.69,40.57,45.73,39.79,12.08,226.67,375.0,563.33,1000.0,1625.0,0.54,2.35,4.26,8.73,16.49,25.76,42.98,43.78,3.52,59.14,10.81,22.33,40.86,69.15,16.2,11.14,815.75,143.39,3571.39,297.46,470.02,755.85,2455.94,817.44,32.75,87.83,166.34,0.54,25.23,2.8,2.6,19.35,13.7,1.11,57.38,64.22,44.79,53.38,0.82,12.79,5.41,1.51,13.66,69.6,82.34,91.2,1242.58,58.97,4.96,24.53,71.45,68.74,80.19,9.68,26.59,30.0,18.32,8.94,9.88,0.38,41.18,7.91,21.67,90.22,87.62,33.43,99.13,99.86,4.98,0.09,26.36,12.59,3.11,21.22,9.63,29.63,0.2,7.15,19.28,9.02,0.75,1.32,0.14,6626,8683,8094,7383,7547,7260,6597,6279,6210,5322,4330,7286,3200,2371,1781,1035,90831,827,6374,8391,8252,7643,7884,7773,7110,6814,6789,5833,4635,7000,3623,2716,1929,1276,1354,95396,93884,847,2588,90449,2527,13622,10123,10282,7782,141855,10221,31370,9695,131634,9203,21149,9044,110485,2690,2826,2856,14912,35530,13289,8391,5177,73624,57729,45741,186227,140486,159206,17074,10552,131580,185301,184918,0.606,0.658,0.735,0.64,0.836,0.743,-22.8804369,-42.0189227
2010,354390,35,3543907,RIO CLARO,76.72,1.82,13.47,15.1,40.87,95.55,86.33,9.36,10.45,1.19,0.56,3.46,0.69,3.63,1.04,4.18,76.99,79.1,85.21,14.79,14.19,13.26,8.22,6.71,1.53,95.25,103.47,73.27,107.64,36.5,89.81,94.29,61.15,82.5,18.64,35.8,97.63,87.84,27.46,11.47,93.68,95.68,97.13,99.74,98.24,95.41,14.19,1.19,6.78,2.91,0.93,1.13,92.55,92.98,76.55,82.3,89.4,67.09,63.01,61.5,67.24,49.71,67.89,46.5,16.25,360.0,532.5,764.0,1260.0,2003.33,0.5,0.37,0.62,2.67,5.94,10.4,21.06,41.97,4.68,56.0,13.28,25.54,44.0,73.68,12.65,8.44,1049.16,245.45,4403.32,450.94,643.23,968.55,2938.37,1049.4,37.37,102.94,183.61,0.43,18.54,3.06,2.49,15.65,7.49,0.16,77.3,74.98,57.33,40.92,0.93,18.01,24.56,0.98,8.73,60.82,76.98,88.61,1490.02,62.96,3.99,35.63,78.77,70.46,86.67,7.03,35.63,33.12,13.31,6.06,7.15,0.35,64.78,2.56,10.26,99.53,98.42,22.44,99.8,99.93,0.02,0.52,14.06,6.32,1.76,12.98,3.17,22.23,0.15,4.12,11.45,3.77,0.15,0.67,0.07,5721,6960,7302,8139,8549,7985,6887,6466,6332,5492,4349,5953,3386,2476,1880,1340,90687,1470,5346,6940,7188,7931,8454,8091,7209,6820,6649,6031,4874,5640,4063,3109,2537,2029,2655,95566,103120,554,3112,99454,2207,11143,8369,8367,6514,149320,8528,30484,8553,140792,9052,21956,9222,118836,2311,2231,2206,12052,28972,17437,6917,4230,77460,62382,4533,186253,181720,163786,13900,8735,141151,185172,185130,0.671,0.819,0.803,0.766,0.862,0.784,-22.4100108,-47.5603933
2010,260290,26,2602902,CABO DE SANTO AGOSTINHO,73.74,1.74,17.2,18.44,43.96,96.04,87.9,5.38,9.33,4.73,3.75,13.0,3.53,13.74,5.08,16.16,60.64,64.6,73.48,17.43,17.5,19.24,21.93,17.89,7.28,99.26,110.21,66.24,86.48,13.88,86.24,90.03,35.48,62.28,5.59,22.43,95.95,83.4,21.55,10.59,85.91,89.72,94.24,96.79,96.46,93.21,30.81,2.9,19.5,6.11,2.82,0.6,83.07,83.61,51.15,59.57,69.37,51.6,47.33,36.38,44.4,35.6,43.36,33.48,3.6,142.5,237.67,342.0,547.78,805.0,0.53,5.98,9.11,19.71,30.65,46.81,63.55,43.02,3.79,57.19,11.83,24.03,42.81,67.14,14.55,9.67,467.07,88.55,2009.23,187.64,284.96,438.51,1335.47,468.69,35.88,87.74,154.55,0.52,15.12,0.87,4.78,14.2,11.33,0.27,66.94,60.77,45.07,39.22,1.14,5.25,18.13,2.79,19.79,81.54,91.92,97.22,832.05,52.47,5.49,18.57,64.25,61.42,73.71,17.27,26.58,46.69,30.51,16.47,18.78,0.29,61.74,2.39,17.7,94.52,88.88,29.63,96.81,99.93,5.57,2.16,31.42,14.09,3.54,26.48,16.82,37.24,0.4,10.81,22.35,19.86,2.63,3.3,0.07,7112,8807,8658,8860,9025,8587,7157,5937,4893,4006,3236,7762,2419,1695,1295,643,90859,767,6820,8522,8409,8870,9176,8611,7571,6528,5523,4605,3621,7520,2836,2035,1548,897,1074,94166,81704,951,1836,78917,2787,13733,10306,10252,8243,138377,10180,34763,10222,128197,10307,24583,10204,103614,2888,2966,2981,15886,36365,9952,8518,5046,71251,53988,17242,185025,167783,155710,17329,9885,128496,184209,183573,0.516,0.662,0.686,0.609,0.812,0.654,-8.2838945,-35.0320984
2010,431410,43,4314100,PASSO FUNDO,75.95,1.8,11.73,13.32,41.55,94.8,85.09,8.04,10.53,1.26,0.91,3.58,0.8,3.77,0.97,4.39,68.85,73.6,74.8,16.28,16.36,17.07,14.88,10.04,8.13,97.21,109.51,65.2,57.49,50.81,87.18,92.89,43.49,46.0,26.95,27.62,97.59,82.23,37.8,16.6,65.39,73.33,83.42,90.68,97.26,93.09,23.05,2.17,7.84,4.23,2.21,3.19,90.96,90.81,61.71,70.84,80.99,66.31,63.23,51.22,57.76,48.69,56.66,46.79,16.92,326.67,508.25,777.0,1304.0,2100.0,0.52,0.83,1.56,3.63,7.9,13.63,26.07,42.06,4.0,57.84,11.78,23.54,42.16,72.8,14.28,9.78,1068.95,213.86,4496.23,415.98,628.44,995.14,3080.73,1069.66,34.23,91.54,176.94,0.48,20.43,3.66,3.32,19.77,7.7,0.17,77.57,73.71,55.47,49.67,0.9,17.66,12.31,1.46,10.41,60.71,77.01,88.41,1496.23,62.36,5.22,39.06,73.88,70.27,86.95,4.51,16.47,21.25,7.34,3.76,5.18,0.39,59.31,4.91,10.41,98.74,98.03,15.35,99.46,99.73,0.75,1.97,20.99,34.61,2.74,17.12,5.75,21.62,0.66,5.93,15.67,4.88,0.4,0.83,0.27,6063,7674,7857,8413,8290,7290,6045,5938,5729,5184,4172,6379,3150,2166,1651,1072,88050,977,5961,7248,7971,8738,8567,7824,6520,6781,6871,6256,5057,6069,3895,2910,2425,1687,1996,96776,99947,780,3710,95457,2425,11857,8853,8819,7032,145089,9281,32909,9336,135808,9900,23628,10164,112180,2529,2460,2386,12948,30938,14861,7218,4595,77321,60655,4706,184826,180120,160267,14933,9498,135836,183407,183287,0.663,0.718,0.776,0.699,0.849,0.787,-28.2616138,-52.4089048
2010,291360,29,2913606,ILHÉUS,73.47,1.72,18.0,19.39,47.93,95.79,87.41,7.2,8.61,4.32,2.79,12.48,3.14,13.25,5.14,15.45,51.16,56.02,64.38,21.13,22.46,22.79,27.71,21.51,12.84,105.99,118.05,71.28,78.17,30.11,88.86,93.43,34.26,58.51,11.81,19.26,96.22,81.97,34.11,17.12,82.77,87.57,93.04,96.46,96.72,92.92,37.87,5.17,18.86,10.54,1.25,0.59,81.27,85.01,42.95,52.57,68.2,52.82,49.5,31.95,40.2,36.61,38.97,35.84,8.56,143.17,244.4,382.4,680.0,1177.5,0.58,6.86,10.93,19.66,31.67,44.4,61.59,47.29,2.9,62.58,9.41,19.89,37.42,71.15,20.1,13.33,579.46,84.03,2740.3,188.63,303.65,507.84,1817.52,584.28,34.48,83.09,148.06,0.62,23.57,1.47,14.72,17.12,7.81,0.23,54.71,60.08,43.43,46.67,1.21,10.08,6.69,5.42,28.43,78.52,86.78,93.78,1005.2,56.84,7.69,26.52,66.85,65.91,77.67,13.09,30.18,35.91,26.04,12.08,15.04,0.51,43.03,4.59,22.58,90.86,77.93,31.77,92.53,97.26,8.53,5.27,33.64,17.23,3.28,27.79,18.48,38.74,0.39,14.87,15.41,17.64,1.59,3.94,2.74,6989,8535,8240,7997,7950,7245,6107,5867,5420,4842,3660,7880,2800,2062,1593,1062,89440,1191,6837,8644,8217,8500,8710,7963,6753,6412,5857,5075,3984,7542,2938,2263,1960,1390,1751,94796,88145,1321,2732,84092,2655,13598,10148,10240,8247,137657,10195,32906,9931,127462,9260,22711,9170,104751,2909,3064,2991,15882,36422,13265,8634,5023,71721,55019,28955,184236,155281,155072,17179,10303,127589,183184,181673,0.528,0.623,0.69,0.59,0.808,0.688,-14.792599,-39.0453843
2010,420820,42,4208203,ITAJAÍ,78.02,2.05,10.2,11.45,39.2,95.81,87.89,5.77,10.3,1.1,0.82,2.97,0.74,3.13,0.79,3.64,74.59,76.67,82.75,14.8,14.35,14.27,10.61,8.98,2.98,93.88,102.82,70.5,62.44,36.85,86.99,91.83,51.21,52.84,17.74,42.82,97.47,79.46,27.09,13.88,82.42,86.66,91.09,95.09,97.93,92.82,15.07,1.34,6.97,2.8,3.09,1.8,91.36,89.92,73.82,81.8,83.82,64.61,60.51,54.18,56.19,43.99,56.68,41.38,13.77,379.43,580.0,823.0,1325.0,1995.0,0.45,0.43,1.07,2.31,4.91,9.11,16.88,35.66,5.05,51.4,14.52,28.28,48.6,81.8,9.83,7.08,1014.0,255.92,3616.18,480.13,697.61,1030.17,2606.31,1014.32,40.81,100.26,180.79,0.36,20.82,3.57,2.6,20.71,6.91,0.21,75.69,71.42,50.03,47.94,1.14,15.03,16.35,0.97,6.33,53.69,73.17,87.97,1561.21,66.02,5.81,40.66,82.29,74.81,88.33,5.02,16.04,15.8,8.61,4.48,4.33,0.32,60.31,4.29,10.18,97.93,98.81,18.65,99.86,99.92,0.16,1.06,17.15,17.58,2.07,15.35,3.19,22.03,0.11,7.06,13.17,3.51,0.06,0.57,0.08,6539,7837,7930,8555,9233,8209,6840,6511,6104,5008,3870,6677,2594,1606,1168,758,90111,672,6179,7371,8068,8623,9063,8061,6961,6777,6524,5530,4144,6469,3124,2104,1733,1178,1353,93262,104013,883,3998,99133,2615,12099,9006,9200,7516,142301,9615,33176,9348,132686,9662,23561,10060,109125,2587,2599,2543,13656,32280,10572,7371,4802,73243,56552,9921,183373,173452,157549,15208,9831,132510,182637,182580,0.646,0.776,0.795,0.73,0.884,0.778,-26.9117879,-48.6669852
2010,420420,42,4204202,CHAPECÓ,77.25,1.82,10.6,12.45,38.73,95.31,86.58,5.37,10.75,1.06,0.8,4.45,0.77,4.73,0.81,5.67,73.62,78.42,74.91,14.24,12.6,19.75,12.14,8.98,5.34,100.97,110.75,75.82,73.2,44.45,88.44,93.16,49.06,61.85,22.24,43.02,97.76,81.27,33.0,16.61,92.51,94.63,97.83,99.07,98.36,93.57,19.3,1.75,11.43,4.55,3.1,3.59,94.08,93.4,68.77,78.72,82.82,62.97,58.26,51.9,56.08,43.12,57.47,40.04,13.67,373.67,555.8,799.5,1247.0,1877.5,0.48,0.65,1.41,2.7,5.4,10.35,18.96,38.7,4.81,53.58,13.96,27.08,46.42,79.59,11.09,7.6,1017.34,244.78,3937.09,465.1,667.77,983.81,2698.02,1017.54,37.25,95.2,178.51,0.4,17.87,3.87,5.64,17.38,8.46,0.03,78.98,70.49,49.22,40.81,0.85,14.94,18.01,2.1,9.75,58.28,76.63,89.46,1447.31,69.65,11.32,49.87,85.26,77.96,89.8,4.78,21.33,17.71,6.99,3.87,3.37,0.34,62.68,4.84,9.06,92.46,97.86,11.67,99.65,99.75,0.65,1.84,20.31,7.49,1.64,18.14,4.62,21.84,0.49,5.3,15.22,2.07,0.15,0.57,0.25,6425,7854,8255,9307,9300,8084,7344,6818,5851,4557,3404,6649,2547,1683,1143,745,90626,660,6251,7623,8537,9366,9275,7830,7312,6961,6260,4900,3761,6308,2880,2045,1424,1018,1153,92904,110006,1753,5015,103239,2789,12335,9167,9319,7306,141378,9804,35246,10001,131574,10610,25442,10802,106132,2566,2574,2542,13506,32295,9860,7620,5014,72661,54774,15417,183530,168113,157949,15477,10054,132418,181705,181670,0.63,0.781,0.79,0.727,0.871,0.779,-27.0922364,-52.6166878
2010,330340,33,3303401,NOVA FRIBURGO,75.77,1.87,13.21,14.86,41.86,93.06,83.35,9.82,9.03,1.21,1.02,5.03,0.88,5.27,1.3,5.99,52.67,56.69,63.64,26.39,26.67,27.75,20.94,16.65,8.61,99.46,114.74,58.92,87.79,29.22,89.79,94.8,43.28,68.69,15.24,40.22,98.27,86.13,27.25,9.35,93.02,94.78,96.07,98.23,98.67,95.24,30.56,1.9,14.82,4.58,0.99,0.42,82.71,86.39,54.42,67.44,76.18,55.03,51.61,46.3,50.54,36.64,53.6,34.39,11.77,302.0,466.67,648.75,1020.0,1666.67,0.51,0.57,1.14,4.08,9.23,15.12,29.69,42.02,4.6,56.57,13.14,25.32,43.43,70.06,12.79,8.62,894.75,205.87,3759.39,381.96,544.78,810.48,2532.69,895.31,42.33,102.84,180.41,0.45,25.06,3.62,5.95,16.5,6.42,0.23,66.8,60.06,40.61,38.77,0.61,12.59,27.59,2.08,11.26,72.17,83.79,92.17,1194.17,62.34,5.28,27.24,75.38,70.2,88.3,4.06,6.38,13.6,7.92,3.81,5.25,0.36,52.16,3.12,14.33,89.24,95.04,19.78,99.54,99.97,0.57,0.31,29.62,6.98,1.33,26.56,7.32,30.13,0.19,3.72,15.6,4.58,0.37,1.04,0.03,5188,6955,7050,7009,7078,7046,6374,6624,6366,5612,4672,6088,3728,2723,1964,1355,87254,1422,5143,6702,6668,7051,7478,7642,7086,7318,7011,6463,5616,5762,4465,3413,2536,1954,2520,94828,99683,721,2350,96613,2043,10784,8006,8141,6117,146244,8336,27778,8125,137908,8180,19442,8164,118466,2171,2196,2344,12527,28970,17887,6702,4106,77221,63502,22710,182082,159372,159910,13657,8625,137628,181153,181040,0.55,0.699,0.745,0.645,0.846,0.758,-22.2800004,-42.5325303
2010,350280,35,3502804,ARAÇATUBA,75.46,1.49,15.28,17.13,39.72,94.86,84.47,9.77,11.08,1.2,0.81,3.83,0.9,4.01,0.94,4.52,79.23,81.22,85.49,11.61,10.4,12.95,9.16,8.38,1.56,101.07,107.77,83.19,76.16,42.07,87.07,90.58,57.94,61.65,22.59,44.8,96.85,87.91,31.99,11.79,93.46,95.25,96.76,99.57,97.64,94.99,12.55,1.73,11.75,3.11,2.7,1.56,88.56,88.39,74.96,81.49,85.86,64.34,60.75,59.7,61.35,44.93,64.06,42.19,15.88,332.86,508.5,732.0,1195.0,1915.0,0.52,0.63,1.23,3.14,6.82,12.29,23.67,44.03,4.32,58.33,12.49,24.03,41.67,76.32,14.1,9.29,1036.09,224.01,4561.42,422.85,597.92,914.11,3005.74,1037.96,27.08,94.71,181.93,0.48,20.66,3.43,3.66,18.22,8.75,0.01,72.27,73.87,52.93,51.36,0.86,18.27,11.95,1.3,9.9,63.23,78.66,89.77,1542.29,60.27,5.49,38.19,73.37,66.61,83.11,6.36,25.28,26.3,11.67,5.57,6.97,0.45,58.69,3.56,12.58,99.59,98.25,16.42,99.91,99.71,0.31,0.21,14.43,6.54,2.36,15.76,3.75,25.54,0.22,4.7,9.9,3.78,0.17,1.41,0.29,5254,6713,6735,7285,7470,7251,6846,6806,6441,5707,4587,5290,3445,2625,2102,1384,87329,1388,5086,6261,6680,7299,7856,7614,7314,7254,7167,6316,5471,5253,4373,3342,2756,1935,2273,94250,97039,712,3043,93284,2125,10291,7608,7814,6121,147610,8065,27990,7895,139545,8278,19925,8502,119620,2092,2073,1984,11135,26867,17749,6257,3977,77595,63619,3502,181579,178077,160997,12974,7968,140055,180537,180211,0.643,0.8,0.788,0.744,0.841,0.782,-21.207992,-50.4390225
2010,354580,35,3545803,SANTA BÁRBARA D'OESTE,77.04,1.3,10.58,12.27,36.36,95.27,85.57,7.16,10.42,0.88,0.63,3.67,0.72,3.87,0.77,4.51,77.97,78.92,87.56,14.24,14.55,10.51,7.79,6.53,1.92,102.94,109.85,85.63,83.08,29.12,89.03,92.41,61.69,74.7,17.0,29.76,97.59,85.93,28.04,12.39,90.86,93.06,97.51,98.04,98.44,94.87,12.29,1.71,11.18,3.83,2.62,0.59,91.16,88.87,78.8,84.16,86.44,59.5,54.05,56.33,61.3,39.82,61.0,35.47,8.01,380.0,536.67,750.0,1073.33,1503.33,0.41,0.37,0.55,1.82,3.5,8.67,15.83,33.05,6.16,47.46,16.96,31.78,52.54,79.62,7.8,5.61,863.02,265.73,2852.14,465.96,639.72,895.87,2053.47,863.15,42.52,98.19,187.7,0.29,15.23,1.42,0.84,14.39,6.51,0.09,76.98,69.87,48.94,34.31,1.09,10.07,34.65,0.75,8.15,58.43,78.42,92.32,1338.25,62.52,3.8,39.64,82.21,69.7,85.45,6.35,18.31,23.99,12.11,5.64,6.69,0.27,68.96,1.2,12.68,99.53,98.55,23.17,99.88,99.98,0.03,0.66,13.14,9.14,1.56,14.32,2.68,27.38,0.63,3.73,10.81,3.63,0.16,0.72,0.02,5506,6760,7503,8536,8537,7516,6817,6879,6294,5804,4538,5804,3139,2068,1526,1061,89222,934,5094,6464,7406,8193,8297,7404,6911,7072,6907,6262,4640,5470,3357,2368,2008,1486,1448,90787,98806,503,3471,94832,2129,10684,7903,8164,6254,144883,8834,31636,8837,136049,9282,22802,9546,113247,2217,2330,2229,11482,28016,12894,6464,4356,73750,58152,1413,180009,178596,158030,13224,8756,136051,179631,179604,0.595,0.81,0.781,0.731,0.867,0.752,-22.7552511,-47.4144958
2010,330040,33,3300407,BARRA MANSA,74.14,1.77,14.91,16.77,41.08,91.84,80.77,8.08,9.42,0.92,0.72,3.94,0.65,4.15,0.89,4.8,60.29,65.57,67.87,19.75,19.14,23.84,19.95,15.28,8.29,105.91,116.01,77.1,83.11,26.72,89.57,93.97,42.91,67.61,14.15,16.1,97.81,88.61,34.73,14.58,83.22,87.8,94.8,97.76,98.37,95.84,30.96,3.15,12.35,8.81,1.1,0.4,86.71,86.33,55.73,69.14,81.27,58.19,53.92,42.04,51.03,38.29,50.03,35.93,8.9,250.0,382.5,548.57,898.0,1356.67,0.48,1.44,2.93,5.94,11.91,23.04,38.44,38.05,4.79,53.43,13.63,26.89,46.57,74.52,11.17,7.79,705.1,168.9,2682.99,311.47,467.67,693.77,1872.24,705.21,43.84,95.28,178.95,0.4,17.9,1.98,2.09,17.66,7.87,0.25,71.34,66.42,47.1,47.15,1.35,11.77,16.49,1.31,12.82,68.7,83.38,92.7,1165.93,55.85,2.96,23.71,68.02,63.78,78.62,8.91,23.47,34.3,18.01,8.23,10.34,0.34,60.51,3.06,15.48,96.83,98.83,22.95,99.51,99.95,0.47,0.27,21.88,16.78,1.63,19.84,7.13,30.06,0.76,4.34,10.72,7.66,0.79,1.64,0.05,5503,7519,7086,7425,7073,7040,6020,6153,6426,5449,4481,6140,3329,2309,1726,1151,85792,962,5309,7106,7107,7496,7740,7309,6725,6937,6962,6218,5135,5712,3851,2849,2194,1601,1770,92021,86605,432,2016,84156,2122,11520,8617,8653,6300,138201,8380,28544,8219,129821,8422,20164,8691,109657,2160,2267,2196,12130,29251,14366,6974,4165,72691,58362,1620,177813,176193,155072,14625,8502,131945,177326,177299,0.582,0.698,0.729,0.657,0.819,0.72,-22.5394843,-44.1735129
2010,521880,52,5218805,RIO VERDE,76.17,1.91,11.68,13.74,39.99,94.32,85.02,5.2,9.62,1.11,0.85,6.45,1.03,6.84,1.81,8.38,69.91,72.03,78.03,15.3,15.22,15.65,14.8,12.76,6.32,95.44,104.83,69.33,58.99,29.6,84.86,90.01,45.3,51.66,15.35,16.68,96.78,79.19,27.51,10.94,72.02,79.3,87.21,94.79,96.97,92.27,16.59,1.98,14.94,3.87,3.11,2.33,86.64,86.47,66.0,73.73,75.45,55.58,50.3,45.37,48.0,37.39,49.42,34.57,10.84,272.67,445.0,648.33,1040.0,1627.5,0.54,1.15,2.04,4.43,8.18,18.06,29.42,45.74,4.02,59.44,11.69,23.12,40.56,86.75,15.65,10.14,936.75,188.26,4285.03,359.41,535.4,816.59,2776.11,939.45,28.39,91.2,180.09,0.52,19.89,2.76,12.52,16.23,7.99,0.11,62.91,60.48,42.26,40.57,0.56,12.04,13.96,2.39,9.89,63.91,80.36,90.3,1528.46,64.94,8.86,41.93,73.73,72.74,81.11,6.08,19.18,24.36,10.76,5.18,5.45,0.47,51.54,5.03,18.62,99.29,95.31,20.25,99.68,99.84,1.15,2.56,26.05,27.98,3.03,23.64,7.29,30.29,0.51,9.22,15.31,5.87,0.24,1.08,0.16,7137,7041,7820,10486,10240,8448,6900,6035,4975,4058,3075,6915,2378,1766,1231,775,90030,750,6677,6987,7687,9284,9108,7824,6747,6088,5273,4163,3106,6465,2331,1718,1258,806,872,86394,96908,1243,3655,92010,2847,11135,8265,8339,8146,135202,8803,35277,9072,126399,10266,26474,10837,99925,2821,2785,2633,13488,30505,9176,6987,4391,66265,49294,12884,176424,163540,149235,14028,8716,126491,175474,174969,0.556,0.713,0.754,0.656,0.853,0.765,-17.7921255,-50.9191219
2010,521250,52,5212501,LUZIÂNIA,74.86,1.96,12.25,14.54,50.43,93.3,82.62,4.21,9.02,1.53,0.99,7.95,1.29,8.61,2.21,10.42,56.94,60.38,64.95,22.42,21.63,27.28,20.64,17.98,7.77,98.7,109.4,66.3,41.56,19.76,88.22,92.61,41.06,34.4,8.42,11.27,97.34,82.94,24.55,11.24,59.3,69.78,78.88,89.97,97.02,93.52,27.54,3.38,16.44,6.76,2.1,0.61,86.89,88.65,57.26,66.38,72.37,50.98,45.7,38.58,44.42,33.04,45.14,30.24,5.42,192.0,302.5,450.0,710.0,1100.0,0.5,3.05,4.98,11.85,19.61,33.91,48.12,40.04,4.24,55.22,12.69,25.51,44.78,83.13,12.63,8.71,580.88,123.2,2325.99,245.23,372.37,559.83,1604.84,582.12,37.92,92.13,166.75,0.44,17.1,1.31,6.91,15.04,12.74,0.15,60.69,56.26,37.69,49.2,0.94,6.3,8.18,2.14,13.78,73.58,86.53,93.8,1080.94,60.73,6.56,35.61,73.62,71.97,79.25,10.35,33.88,30.29,17.73,9.07,10.38,0.33,50.6,6.1,23.1,96.77,90.63,29.99,96.12,99.56,6.49,0.7,29.83,40.7,2.98,25.98,12.84,34.57,0.4,10.33,22.64,10.9,4.44,1.59,0.44,7967,9421,8484,8063,7998,7842,6791,5802,4592,3432,2463,8723,1961,1337,1094,574,87087,543,7598,9046,8425,7971,8320,8062,7057,5968,4706,3525,2595,8402,1968,1449,1047,635,670,87444,86158,1211,3788,81158,2986,14627,11082,10900,9256,123374,10560,32943,10236,112814,9626,22383,9443,90431,3323,3383,3361,17582,39315,7349,9046,5306,62398,46002,11724,174531,162807,141872,18467,10640,112765,173474,173106,0.51,0.654,0.701,0.602,0.831,0.689,-16.2535456,-47.9500276
2010,150240,15,1502400,CASTANHAL,72.97,2.01,17.29,18.59,49.38,95.52,86.45,4.82,9.91,3.06,1.81,7.81,2.0,8.39,3.0,10.21,56.12,62.84,59.16,19.46,18.18,30.57,24.41,18.98,10.27,105.72,115.94,77.06,48.9,16.43,87.22,91.26,35.31,41.69,8.52,8.75,95.61,86.19,36.26,12.33,69.72,76.74,86.11,89.9,95.41,92.98,36.09,4.63,23.41,12.36,1.61,0.99,81.79,84.51,45.33,57.05,70.92,53.63,48.71,29.33,38.03,32.63,37.47,31.09,5.72,128.0,216.67,338.75,562.86,935.0,0.54,7.15,11.26,22.93,35.58,48.59,64.92,43.75,3.41,58.96,10.72,22.32,41.04,79.36,16.32,10.97,467.32,79.58,2044.65,170.99,271.06,437.28,1374.39,472.02,33.42,86.26,145.39,0.53,27.67,1.4,8.51,23.92,8.57,0.19,47.43,59.36,38.62,39.57,0.78,6.94,11.29,3.57,25.08,79.63,88.62,94.35,934.03,53.1,5.84,19.31,59.35,63.69,71.92,10.03,25.16,22.46,17.13,9.45,12.73,0.39,36.34,7.26,24.35,92.91,67.2,41.74,96.08,99.51,19.78,8.57,31.17,30.28,4.59,24.58,17.19,38.65,0.07,9.48,21.2,15.26,0.65,3.39,0.49,7698,8920,8823,8780,8332,7105,6211,5238,3970,3291,2458,8124,1757,1450,1033,606,84476,680,7588,8673,9217,9231,8948,7784,6411,5498,4428,3580,2760,7895,2090,1669,1202,755,944,88673,75319,1028,2108,72183,2984,13959,10341,10557,9247,124251,10889,36051,10891,113362,10780,25162,10887,88200,3055,3075,3063,16578,37886,8339,8673,5526,64517,46069,19771,173149,153378,141833,17593,10914,113327,172265,170550,0.536,0.606,0.673,0.582,0.8,0.654,-1.2927031,-47.9223903
2010,330010,33,3300100,ANGRA DOS REIS,75.75,2.1,12.97,14.59,42.07,92.99,83.19,5.22,9.0,1.58,1.11,5.13,1.32,5.43,1.46,6.27,52.81,56.23,66.63,22.24,23.37,24.7,24.94,20.4,8.67,107.82,118.13,76.91,60.82,17.73,89.44,92.24,40.91,48.11,7.26,24.64,96.36,85.3,30.14,13.37,74.46,80.93,88.13,93.12,96.38,93.6,34.03,5.51,18.95,8.94,2.03,0.09,82.91,86.8,52.11,59.88,69.15,55.41,52.65,29.69,36.76,33.59,35.73,32.95,7.42,254.0,404.0,606.67,1000.0,1576.67,0.5,2.03,3.54,6.69,11.88,21.42,33.49,39.65,4.06,55.39,12.22,24.91,44.61,79.82,12.98,9.08,798.68,162.28,3166.58,325.64,506.81,786.85,2215.48,799.89,36.14,88.77,171.04,0.45,15.9,1.71,2.21,13.71,13.53,0.66,71.38,62.12,39.78,47.69,1.92,8.78,12.19,1.26,10.0,58.92,76.85,90.16,1408.46,57.71,5.61,19.35,63.46,67.64,78.34,8.98,39.85,30.72,18.19,8.17,9.75,0.36,61.1,4.45,15.97,92.49,95.45,34.42,99.26,99.77,0.56,0.5,28.59,25.54,3.62,24.51,9.52,30.03,0.9,5.75,20.16,8.49,0.64,1.17,0.23,5870,7974,7152,7326,7906,7803,6535,6276,5399,4847,3716,7018,2602,1775,1165,652,84666,650,5915,7900,7254,7362,8028,7821,6698,6234,5476,4778,3452,6658,2652,1693,1231,790,903,84845,83455,906,1740,80809,2387,12438,9376,9195,7019,128126,8888,29086,8597,119238,8404,20198,8463,99040,2377,2606,2653,14501,32931,8853,7898,4464,64349,49739,6221,169511,163290,144603,16135,8994,119474,168814,168559,0.554,0.632,0.724,0.605,0.846,0.74,-23.0063966,-44.316326
2010,330285,33,3302858,MESQUITA,75.31,2.05,13.97,15.72,43.6,92.79,82.76,7.71,9.51,2.21,1.35,3.45,1.14,3.6,1.15,4.05,56.26,60.93,64.47,22.53,23.14,26.47,21.21,15.94,9.06,102.85,113.42,72.65,80.36,24.62,88.88,92.69,40.58,57.37,10.43,25.09,98.09,89.72,31.17,14.1,82.93,87.38,92.13,95.83,97.88,95.76,32.06,3.66,21.12,7.52,1.88,1.18,86.36,87.14,53.16,65.21,80.02,66.24,63.68,42.87,51.54,44.29,53.42,42.94,7.56,214.67,350.0,518.0,883.33,1284.4,0.47,2.73,5.1,9.13,17.17,27.3,42.83,35.05,4.31,51.77,13.21,27.07,48.23,74.43,10.62,7.83,640.37,137.94,2244.38,284.89,444.01,677.55,1655.58,640.99,39.24,88.37,166.13,0.39,22.0,0.89,0.31,18.99,7.8,0.26,62.97,73.37,52.02,56.16,1.16,9.28,8.69,1.04,13.1,70.36,84.02,93.27,1079.67,55.07,3.13,16.02,65.79,64.21,77.77,10.61,35.67,31.68,22.27,10.09,12.5,0.29,50.78,6.63,19.08,96.45,96.73,38.65,98.67,99.95,0.57,0.22,16.91,17.07,2.12,15.01,6.47,26.5,0.18,3.97,12.43,10.06,3.69,1.83,0.05,5576,7620,7117,6690,6640,6535,5836,5769,5373,4670,3851,6257,2809,1977,1429,913,79790,728,5484,7252,7057,6797,7258,7226,6601,6527,6347,5726,4678,5950,3748,2759,2097,1421,1658,88586,79834,466,1384,77983,2126,11938,8935,9049,6638,130214,8812,27656,8416,121402,8160,18844,8198,102558,2293,2289,2311,12849,30779,12980,7250,4385,69888,56037,0,168376,168376,144967,14872,8642,121453,168234,168072,0.662,0.686,0.737,0.678,0.839,0.704,-22.783092,-43.4293599
2010,351570,35,3515707,FERRAZ DE VASCONCELOS,74.65,1.9,15.49,17.58,43.57,94.26,82.86,4.31,10.77,1.64,1.28,4.91,1.08,5.23,1.3,6.22,77.69,81.49,78.26,11.81,10.51,16.72,10.5,8.0,5.03,98.2,104.38,80.87,63.36,19.92,87.28,89.64,56.18,56.41,8.39,23.83,96.84,87.67,20.05,11.73,80.89,86.87,94.77,98.14,97.59,94.98,15.34,1.86,15.01,4.66,3.27,0.4,89.78,86.86,71.74,75.49,83.68,58.51,52.54,51.56,56.57,38.83,56.48,34.63,5.21,233.33,356.0,509.4,770.0,1100.0,0.43,2.02,3.7,7.58,13.28,24.65,37.06,33.14,5.19,48.95,15.22,29.88,51.05,80.07,8.71,6.41,587.83,152.54,1947.96,294.86,430.92,622.22,1433.43,588.19,36.16,91.09,170.1,0.34,16.97,0.63,0.51,17.03,9.12,0.05,68.93,65.96,45.56,44.88,0.82,6.53,17.88,0.91,13.52,73.26,87.59,96.23,1001.34,59.74,3.59,30.25,76.89,70.61,81.74,10.45,35.13,38.98,15.43,9.2,10.43,0.21,60.94,3.55,17.28,99.18,96.99,44.01,99.78,99.86,0.42,0.53,17.9,19.11,2.41,16.02,6.0,28.79,0.17,5.11,17.13,7.45,4.8,1.17,0.14,6643,8495,8064,7982,7611,6693,6315,5916,4890,4146,3158,7106,2102,1336,854,450,82143,382,6294,8400,7924,7965,7895,7447,6862,6305,5458,4559,3501,6884,2434,1616,1158,704,757,86163,84426,607,3029,80790,2599,13491,10124,10202,7654,124484,9913,31935,9554,114571,9184,22022,9207,92549,2684,2733,2718,14661,34908,7257,8400,4897,64585,48696,7552,168306,160754,141331,16895,10012,114424,168022,167918,0.585,0.77,0.738,0.703,0.828,0.691,-23.541056,-46.37097
2010,410940,41,4109401,GUARAPUAVA,76.2,2.2,10.04,11.8,46.32,94.2,84.8,6.23,10.5,1.02,1.05,6.0,1.05,6.42,1.74,7.6,71.44,74.71,80.38,14.05,14.1,14.77,14.51,11.19,4.85,97.22,106.12,72.1,30.06,34.96,88.6,91.58,47.48,25.04,18.59,17.11,96.38,78.51,30.81,12.55,53.24,66.26,82.19,94.12,97.09,92.23,22.04,1.67,21.27,5.06,3.78,2.33,89.84,90.01,59.86,68.48,74.99,51.92,46.84,44.49,47.74,34.85,50.3,32.01,11.31,213.2,347.33,510.0,866.67,1378.0,0.55,2.24,3.71,8.92,15.63,27.71,41.68,45.56,3.75,59.53,11.17,22.78,40.47,81.09,16.31,10.68,750.09,140.6,3417.08,278.33,435.57,663.36,2236.72,751.08,34.3,93.0,167.89,0.54,19.96,3.19,11.26,18.48,9.05,0.19,63.92,60.84,42.37,43.18,1.76,13.72,12.06,2.97,17.77,70.23,82.4,91.21,1344.19,57.85,4.48,28.3,70.61,67.92,80.68,6.81,15.2,28.25,12.66,5.98,6.76,0.49,50.02,5.65,18.44,98.55,94.34,20.62,98.87,99.01,1.54,6.13,31.33,46.76,2.91,27.13,13.52,35.35,0.12,5.45,20.35,10.09,0.61,1.56,0.99,6384,8298,8127,7181,6718,6519,5931,5753,5116,4183,3385,6983,2587,1858,1295,786,81797,693,6080,8034,7903,7208,6911,6741,6426,6299,5880,4767,3828,6765,2894,2200,1520,1012,1063,85531,81556,731,2745,78079,2476,12983,9624,9885,7258,124784,9767,30419,9556,115017,9276,20652,9082,94365,2730,2759,2640,14338,33916,10427,8034,4835,64652,49541,14335,167328,152993,140989,16332,9701,114956,165849,165631,0.519,0.691,0.731,0.628,0.853,0.73,-25.3950986,-51.4622016
2010,330580,33,3305802,TERESÓPOLIS,76.27,1.56,13.29,14.95,45.02,93.55,84.39,9.01,8.82,1.22,0.85,6.48,0.95,6.87,1.46,7.97,53.02,55.59,66.37,25.97,26.15,28.59,21.02,18.26,5.03,100.34,112.66,65.6,52.37,29.3,87.91,91.92,44.88,41.19,14.35,28.01,96.63,82.63,30.59,13.74,68.22,74.97,81.43,88.05,96.17,92.63,27.56,2.94,15.3,5.2,1.47,0.66,81.26,86.12,55.66,65.28,75.47,53.07,48.97,40.04,46.75,35.43,46.13,33.35,12.3,254.29,382.0,543.75,1000.0,1750.0,0.56,1.58,2.88,7.06,14.14,23.18,38.23,46.2,3.76,61.13,10.98,21.81,38.87,67.89,16.82,11.36,859.79,161.77,3971.93,310.39,465.45,733.45,2682.54,863.55,30.94,96.15,175.39,0.54,26.96,2.74,9.25,15.68,10.06,0.18,59.57,57.1,38.48,48.82,0.38,12.62,8.85,1.23,13.57,71.32,83.82,91.31,1232.35,58.07,5.87,26.75,67.3,66.53,80.57,7.25,24.73,23.83,15.35,6.59,8.34,0.41,44.86,4.55,19.87,83.86,97.71,25.62,98.83,99.89,1.14,0.33,31.69,31.78,3.83,27.2,10.4,34.03,0.0,5.38,17.35,8.34,0.4,1.42,0.11,4971,7189,6695,6629,6161,6158,5687,5714,5204,4699,3777,6004,3037,2291,1757,1161,78275,1141,5008,7038,6848,6769,6712,6758,6354,6474,5952,5231,4314,5818,3761,2770,2223,1541,1900,85471,82429,835,2269,79325,1932,11245,8426,8344,5872,127309,8265,26868,7988,119044,8001,18603,8124,100441,2140,2261,2261,12471,29313,14749,7010,4147,67397,53817,17539,163746,146207,141946,14227,8481,119237,162971,162261,0.531,0.646,0.73,0.605,0.855,0.752,-22.4164578,-42.975194
2010,211120,21,2111201,SÃO JOSÉ DE RIBAMAR,72.38,1.89,20.49,22.3,46.64,94.66,85.38,4.26,10.21,2.43,1.28,6.7,1.63,7.21,2.82,8.88,65.75,70.01,68.95,18.71,16.54,24.96,15.55,13.46,6.09,105.05,110.34,90.09,80.26,15.13,88.67,92.71,51.67,58.58,7.21,21.61,96.56,85.57,23.82,10.48,88.16,90.51,93.91,95.87,97.1,94.09,21.58,2.13,25.6,10.23,1.41,0.29,85.63,86.49,63.21,74.78,81.73,66.93,62.47,43.56,52.61,47.6,50.93,46.1,5.77,138.83,221.11,336.67,566.5,875.0,0.51,7.41,11.12,20.24,30.54,48.11,63.51,39.53,3.66,55.64,11.89,24.43,44.36,82.42,13.3,9.35,435.4,79.77,1720.92,179.05,273.08,433.82,1210.02,443.65,29.46,80.47,148.1,0.45,23.7,0.39,4.08,20.75,15.42,0.56,48.06,70.78,52.84,45.96,0.74,7.24,5.28,2.18,24.65,80.4,88.82,94.92,909.17,53.4,4.42,15.09,56.93,64.28,70.87,12.32,42.72,38.97,24.68,11.43,13.4,0.35,41.21,4.35,28.66,74.61,72.34,43.87,79.2,99.93,12.04,6.32,19.4,11.84,2.9,14.4,9.88,27.55,0.51,6.23,18.7,19.09,4.56,2.63,0.07,7112,8267,8040,8660,7834,6662,5853,5170,4002,2966,2093,7464,1464,1179,826,557,78683,534,6953,8097,8730,9476,8671,7915,6615,5765,4206,3099,2310,7008,1660,1372,994,676,815,84362,71815,723,1483,69608,2798,12938,9543,9792,8491,118144,10049,34906,10149,108095,10120,24857,10323,83238,2776,2966,2803,14932,34594,6953,8097,5279,62304,44098,125336,163045,37709,134474,16364,9828,108282,162644,159619,0.669,0.716,0.708,0.7,0.79,0.642,-2.5609115,-44.0559509
2010,291920,29,2919207,LAURO DE FREITAS,74.61,1.84,15.13,12.47,39.6,96.38,89.04,4.41,8.86,2.57,1.68,4.93,1.51,5.17,2.14,5.97,54.54,59.48,57.78,21.56,20.81,33.89,23.9,19.71,8.34,100.6,113.58,62.19,87.49,33.38,86.35,92.49,33.54,61.99,12.87,27.92,95.79,81.76,31.96,14.05,90.53,92.93,96.19,97.4,97.21,93.31,30.34,4.12,23.9,7.69,1.45,0.99,81.49,82.15,48.47,58.29,73.27,66.66,65.25,38.36,47.74,50.2,45.96,50.72,15.28,200.0,336.5,525.0,1204.0,2500.0,0.63,3.48,6.28,11.45,20.05,30.32,46.1,51.87,2.43,68.78,7.58,15.91,31.22,80.6,27.38,18.15,1031.78,125.25,5351.65,265.67,429.77,789.74,3547.99,1032.35,38.62,88.86,162.52,0.77,19.31,3.57,0.71,16.45,11.71,0.63,64.12,71.2,55.47,53.35,0.88,16.69,9.51,0.99,13.8,67.64,77.56,84.86,1705.51,63.61,5.14,25.31,70.43,73.56,80.84,11.46,26.07,40.04,24.55,10.63,12.11,0.63,52.31,4.32,19.74,98.96,94.17,30.31,99.02,99.75,1.77,0.63,22.57,9.47,2.79,17.76,9.9,23.64,1.02,6.3,16.65,12.18,1.71,1.19,0.25,6163,7371,6875,7459,8442,7845,6479,5456,4735,3866,2996,6379,2175,1286,869,421,79276,459,5832,7082,6809,7995,8971,8705,7233,5972,5087,4295,3373,6334,2313,1510,1047,714,901,84173,88249,734,2113,85403,2396,11393,8514,8505,7153,124288,8278,29138,8298,116010,8123,20860,8142,95150,2446,2436,2459,13337,30330,7207,7082,4091,64925,50121,0,163449,163449,138732,14290,8345,116097,161401,161312,0.667,0.661,0.754,0.663,0.827,0.781,-12.89242,-38.3127691
2010,280480,28,2804805,NOSSA SENHORA DO SOCORRO,73.64,2.13,17.7,19.1,47.06,95.85,87.65,3.15,9.28,4.03,2.66,10.69,3.15,11.46,5.28,13.67,52.82,59.12,58.54,21.05,21.18,28.96,26.13,19.7,12.5,107.91,121.54,68.42,77.21,18.19,89.03,93.6,33.14,56.58,9.03,18.81,96.01,84.1,33.68,12.75,82.58,85.3,89.31,91.48,96.42,93.26,39.08,5.92,24.68,11.12,1.22,0.86,83.0,86.82,43.02,54.22,69.93,51.67,46.81,31.01,38.95,31.46,39.51,29.47,2.48,133.33,217.67,324.57,508.0,736.67,0.47,8.09,12.26,21.41,31.47,49.69,64.1,35.72,4.07,51.81,13.25,27.25,48.19,78.82,10.79,7.63,379.98,77.34,1357.43,174.38,266.0,397.91,960.55,382.1,33.43,81.02,148.22,0.41,19.53,0.66,2.48,20.04,11.77,0.73,62.17,58.51,38.38,48.95,1.02,3.09,8.24,2.67,22.71,85.18,93.17,97.15,752.34,55.18,5.44,21.73,63.68,66.49,74.33,15.01,22.8,46.73,31.05,13.91,16.19,0.27,53.34,5.19,18.98,97.54,93.67,33.48,94.6,99.81,2.92,0.69,34.46,17.42,3.58,27.68,18.84,36.26,0.63,7.0,29.75,17.54,6.15,1.87,0.19,7269,8710,8120,7826,7324,6453,5712,5540,4640,3297,2100,7762,1413,925,533,341,78287,322,7040,8343,8074,7907,7817,7148,6788,6350,5059,3588,2484,7269,1722,1159,732,476,584,82540,72558,927,2167,69464,2716,13461,10057,10107,8535,114421,9959,31923,9765,104462,9292,21964,9139,82498,3058,3038,2826,15581,35909,5071,8343,4937,59884,43903,5004,160827,155823,131495,17053,9974,104468,160498,159606,0.517,0.616,0.664,0.581,0.811,0.62,-10.8553115,-37.1264863
2010,312980,31,3129806,Ibirité,75.41,1.74,14.7,17.1,43.84,93.84,83.11,4.24,9.37,1.37,1.18,5.96,1.19,6.37,1.33,7.6,63.88,67.1,72.01,19.04,18.32,19.33,17.08,14.59,8.66,97.3,108.56,63.94,72.29,13.61,87.11,92.54,44.35,56.43,5.61,17.76,97.22,82.75,21.69,11.76,72.34,80.36,88.97,94.92,97.45,93.74,22.06,2.32,9.71,5.43,1.56,0.23,90.29,90.62,62.46,69.46,74.49,48.58,42.38,35.42,42.47,27.82,40.78,24.31,2.9,219.2,333.33,466.67,650.0,900.0,0.42,1.73,2.89,7.9,13.39,28.22,41.66,33.75,5.63,48.2,16.12,31.06,51.8,76.12,8.37,6.0,525.64,147.9,1773.86,275.84,392.51,545.11,1270.57,525.74,38.0,95.54,176.0,0.33,15.1,0.44,1.24,15.0,14.16,0.91,73.67,55.39,33.25,43.83,1.0,3.49,17.03,0.87,9.11,78.34,91.63,97.86,869.38,58.61,5.35,29.46,74.39,68.96,79.93,8.82,34.66,34.87,12.74,7.58,7.1,0.18,66.33,3.28,14.14,99.29,98.51,27.5,98.21,99.84,0.22,0.07,27.26,27.66,2.55,24.54,9.62,32.53,0.57,3.61,23.42,9.72,5.21,1.31,0.16,6179,8060,7482,7311,7288,7284,6205,5586,4349,3845,2888,6704,1804,1187,821,486,77839,360,6134,7963,7616,7624,7415,7533,6489,5719,4969,4116,2891,6666,2095,1450,1066,673,696,81115,78195,857,2692,74646,2559,12635,9494,9421,7308,117248,9259,30033,8904,107989,8813,20774,8952,87215,2446,2411,2576,14347,33236,6739,7963,4711,60352,45112,364,158954,158590,133414,16023,9138,108253,158712,158685,0.486,0.693,0.704,0.616,0.84,0.673,-20.0214251,-44.0621506
2010,520025,52,5200258,ÁGUAS LINDAS DE GOIÁS,75.85,2.43,11.62,13.79,51.92,94.04,84.35,2.31,9.3,2.18,1.36,7.01,1.47,7.58,2.56,9.22,58.21,63.58,64.31,20.51,19.54,25.8,21.28,16.88,9.89,101.35,113.3,63.07,61.91,9.78,88.22,92.84,34.96,52.91,4.29,12.74,95.7,82.11,21.58,7.33,71.81,79.32,89.53,95.22,96.62,93.17,34.18,4.0,16.06,8.21,1.33,0.59,85.16,86.63,50.3,60.71,69.9,48.77,43.05,33.6,38.38,26.56,38.75,23.36,1.97,182.5,277.14,382.75,572.0,813.33,0.43,3.17,5.02,11.6,18.39,36.45,48.66,33.64,5.47,48.85,15.69,30.3,51.15,85.79,8.57,6.22,449.38,122.8,1511.58,229.82,328.15,468.44,1096.85,449.55,40.14,93.58,167.5,0.32,15.43,0.51,1.57,16.03,19.71,0.07,62.11,51.21,29.21,48.06,1.03,2.33,5.62,1.68,14.56,81.76,92.55,97.36,848.71,61.27,6.8,33.46,71.93,74.02,77.35,9.21,25.46,31.02,14.97,7.96,8.17,0.21,56.33,3.33,23.25,96.79,95.46,38.5,93.78,99.73,3.18,0.94,30.22,28.19,3.38,26.51,12.73,32.09,0.24,6.02,26.21,10.87,7.31,0.8,0.27,7987,8976,7820,7411,7616,7437,6887,5664,3792,2560,1719,8713,1241,840,566,280,79726,217,7705,9095,7950,7651,7948,7790,6961,5502,3800,2377,1607,8313,1182,754,497,275,245,79652,77522,1228,3286,73008,2866,14100,10721,10311,9380,108578,9876,30828,9406,98702,8950,20952,8894,77750,3446,3396,3359,17599,38416,3674,9094,5003,54534,38935,240,159378,159138,126526,18071,9820,98635,158508,158450,0.488,0.646,0.686,0.588,0.848,0.647,-15.7392283,-48.2793357
2010,330320,33,3303203,NILÓPOLIS,73.99,1.92,15.75,17.72,42.01,91.86,80.81,8.97,9.75,1.36,1.0,2.15,0.8,2.22,0.8,2.47,61.29,64.34,76.91,19.93,21.2,16.95,18.78,14.46,6.14,102.41,110.67,79.16,80.51,33.77,88.59,91.18,45.36,60.97,15.53,24.71,96.0,90.22,34.1,14.7,86.81,90.02,94.12,96.76,96.72,95.01,28.83,3.11,22.85,7.96,2.53,0.64,84.72,86.71,58.2,69.02,84.37,71.47,69.25,49.76,58.19,50.96,57.22,49.72,9.2,262.5,432.8,627.5,1000.0,1503.33,0.45,1.09,2.2,5.15,9.81,19.04,31.66,35.23,4.78,50.89,13.96,27.88,49.11,71.02,10.1,7.33,755.26,180.37,2661.05,346.68,525.8,801.56,1931.12,755.26,43.12,98.93,176.37,0.37,20.12,1.16,0.06,20.47,6.23,0.48,67.52,79.43,60.45,60.94,1.28,11.89,7.24,0.73,10.11,63.73,79.39,91.51,1223.25,53.54,2.41,13.89,62.42,61.47,77.07,10.22,40.66,31.48,22.59,9.79,11.61,0.3,53.4,8.15,16.64,98.61,96.98,35.6,99.56,99.83,0.02,0.09,13.19,13.19,3.28,11.72,3.72,22.68,0.31,3.15,9.63,6.65,2.25,1.6,0.17,4724,6348,6108,6199,6293,6048,5459,5296,5097,4689,3826,5436,2871,1981,1456,953,73674,890,4628,6109,6030,6357,6782,6813,6217,6148,5949,5907,4854,5202,3911,2802,2422,1674,1946,83751,73565,300,1036,72229,1781,9871,7434,7448,5591,124978,7309,24694,7097,117669,7332,17385,7523,100284,1980,2102,2063,11122,25999,14124,6109,3613,67812,55425,0,157425,157425,137414,12457,7459,117498,157151,157151,0.715,0.717,0.753,0.716,0.817,0.731,-22.8080114,-43.4138222
2010,420930,42,4209300,LAGES,77.04,1.68,10.71,12.62,44.56,95.17,86.2,7.71,10.18,1.28,1.32,5.02,1.15,5.3,1.42,6.15,70.57,73.19,79.4,13.92,13.87,14.74,15.51,12.94,5.86,93.72,103.02,67.87,68.05,40.38,86.43,90.9,44.44,57.92,20.76,33.6,97.05,78.54,32.84,15.07,83.8,88.31,95.65,97.76,97.3,92.33,19.24,2.24,9.63,4.48,3.72,1.93,91.43,90.34,64.91,71.61,80.07,60.76,56.75,46.98,53.47,41.8,53.47,39.38,13.94,249.33,403.33,612.5,1020.0,1655.0,0.54,1.57,3.02,6.24,11.96,22.39,36.75,45.04,3.69,59.45,11.08,22.58,40.55,72.29,16.26,10.78,878.34,162.23,3956.16,324.27,505.15,789.02,2622.91,879.09,36.38,93.76,172.35,0.53,18.61,2.91,5.99,17.75,8.62,0.13,70.13,70.3,50.77,49.3,1.08,17.23,12.08,1.93,13.88,65.4,79.02,89.8,1370.95,58.04,3.85,30.57,71.92,66.89,81.04,7.18,29.68,31.21,12.52,6.18,8.0,0.43,54.16,7.14,15.46,98.84,97.9,16.56,99.14,99.58,0.16,3.71,22.09,16.2,2.7,19.55,8.23,28.84,0.29,8.39,14.92,8.95,0.55,1.62,0.42,5384,7170,7232,6659,6648,5712,5524,5231,5009,4277,3289,5976,2688,1948,1419,878,75952,908,5220,6795,6835,6958,6768,6187,5751,5972,5686,4779,3986,5673,3228,2403,1805,1266,1463,80775,77940,538,2589,74813,2024,11186,8380,8376,6171,120509,8548,27684,8343,111961,8346,19136,8413,92825,2409,2218,2251,12210,29160,12090,6795,4195,63087,49294,2790,156727,153937,134278,13965,8468,111845,156106,155974,0.608,0.747,0.77,0.697,0.867,0.755,-27.8165664,-50.325883
2010,211220,21,2112209,TIMON,71.09,2.15,26.0,28.35,53.69,93.92,83.57,5.9,9.46,6.32,3.28,17.26,4.16,18.49,7.86,22.4,55.78,60.82,65.07,19.51,19.31,24.09,24.72,19.87,10.84,115.51,125.06,86.64,83.53,23.09,91.01,94.04,41.27,63.25,10.26,17.57,96.37,86.6,37.3,18.13,92.3,93.93,96.22,97.03,96.88,94.32,36.11,7.2,27.84,13.01,1.47,0.73,82.56,85.87,49.9,59.85,67.98,45.75,39.82,31.56,37.49,28.76,37.5,26.43,4.79,124.57,198.57,285.75,489.0,698.0,0.5,9.62,15.38,25.6,39.19,55.07,71.22,39.09,3.8,54.62,12.39,25.4,45.38,73.15,12.62,8.81,365.26,69.33,1427.63,156.86,237.73,364.86,996.7,366.56,37.75,82.81,144.38,0.46,27.38,0.56,9.11,20.75,12.85,0.19,41.35,51.05,34.36,43.1,0.79,5.93,8.46,4.84,34.9,86.54,93.61,97.16,687.23,52.0,4.89,18.18,57.99,62.79,70.47,8.08,13.96,23.2,17.77,7.6,8.95,0.34,31.33,6.96,29.99,89.47,76.38,39.6,77.55,98.66,7.39,17.06,37.2,7.7,3.12,30.31,21.74,45.88,0.81,7.15,26.61,15.67,1.59,3.45,1.34,7008,8421,7408,7799,7207,6284,4939,4274,3452,2933,2337,7684,1849,1332,1133,715,75561,786,6652,7924,7594,7857,7450,6794,5518,4838,4146,3492,2799,7394,2196,1722,1362,994,1167,79899,65836,799,1714,63322,2718,12745,9612,9606,8073,109854,8848,30507,8942,101006,9051,21659,9101,79347,2794,2857,2982,15685,34415,9177,7884,4495,57661,42279,20327,155460,135133,126618,16345,9427,100845,154985,154434,0.458,0.651,0.649,0.579,0.768,0.614,-5.1023325,-42.8449518
2010,210300,21,2103000,CAXIAS,70.16,2.41,28.9,31.46,59.54,93.27,82.04,7.5,9.66,8.14,5.29,25.75,7.71,27.65,13.12,33.03,56.13,61.73,66.46,19.24,19.67,24.07,24.63,18.6,9.47,110.16,118.83,82.9,57.86,27.41,90.64,92.9,38.2,44.41,11.86,17.25,95.65,83.73,36.66,18.27,75.13,81.65,87.38,93.92,95.21,92.44,40.21,6.0,21.76,14.57,1.63,0.66,87.13,89.74,43.55,55.42,65.61,41.35,34.76,30.54,37.0,27.19,37.04,24.52,5.17,84.0,155.33,253.0,425.5,605.0,0.55,17.21,26.01,35.21,51.35,62.48,78.34,42.58,2.27,58.17,9.71,22.05,41.83,68.32,17.54,11.97,324.9,36.84,1383.49,120.92,200.41,321.41,943.85,333.37,30.19,69.62,125.13,0.56,31.05,1.08,23.93,16.8,9.33,0.09,30.0,49.19,34.83,41.04,0.76,7.23,5.56,12.18,50.23,88.25,93.48,96.9,619.57,49.49,8.55,17.58,56.32,59.01,68.89,7.94,12.98,16.93,16.51,7.58,8.83,0.46,19.92,7.51,30.41,85.0,66.2,38.73,76.51,96.71,11.7,25.37,45.21,24.87,4.79,37.07,28.94,54.11,0.76,6.95,27.26,20.0,1.73,5.55,3.29,7272,8197,7789,7201,6637,5608,4338,3861,3464,3001,2481,8003,2145,1639,1332,963,75082,1151,7230,7883,7785,7641,6826,6014,4774,4521,4108,3454,3079,7671,2510,2113,1667,1154,1617,80047,61826,1374,1603,58848,2728,12560,9346,9496,8852,108873,9284,30416,9330,99589,9278,21132,9016,78457,2922,3234,3178,15960,34731,11636,7883,4673,57263,41837,36595,155129,118534,124924,16080,9122,99722,154595,150668,0.414,0.622,0.624,0.543,0.753,0.595,-4.8654201,-43.353664
2010,351630,35,3516309,FRANCISCO MORATO,73.91,2.21,16.5,19.05,46.69,93.8,81.66,3.8,10.32,2.08,1.49,6.94,1.3,7.45,1.71,9.0,74.39,76.62,77.47,14.97,13.72,17.67,10.64,9.66,4.86,93.38,100.35,72.75,72.62,12.83,84.35,88.15,51.81,60.56,5.48,17.28,94.92,85.88,16.88,8.45,78.22,84.0,91.78,93.77,95.79,93.29,12.87,1.41,12.11,4.11,2.83,0.8,86.93,84.64,71.74,77.51,78.08,50.78,43.92,41.87,47.98,30.11,48.79,25.62,2.8,203.33,316.67,449.33,660.0,916.67,0.4,2.75,4.6,9.32,14.93,30.04,43.92,29.68,5.59,45.78,16.31,31.86,54.22,83.31,7.28,5.6,483.98,135.38,1436.66,259.29,376.41,540.99,1105.39,485.0,36.26,89.67,168.6,0.28,15.01,0.32,0.48,15.52,12.81,0.12,70.8,57.61,35.77,49.41,0.96,4.0,13.19,1.21,13.7,78.14,90.69,97.15,908.78,56.96,4.95,29.85,72.05,68.03,77.61,10.21,27.75,34.04,14.41,9.03,10.02,0.17,64.43,3.48,15.8,98.81,96.67,49.97,97.89,99.85,1.83,0.59,23.64,21.78,4.21,21.66,9.03,33.08,0.4,7.07,25.74,10.5,6.98,1.36,0.15,6602,8296,7666,7507,7130,6324,5436,4995,4086,3838,3040,7094,2014,1181,709,383,76636,335,6442,8039,7345,7343,7279,6544,5692,5245,4662,4079,3140,6822,1939,1382,835,524,524,77836,72819,827,2819,69172,2568,13137,9927,9810,7703,111177,9405,29861,8948,101772,8524,20456,8596,81316,2773,2755,2715,14359,33841,5873,8039,4588,56533,41845,314,154472,154158,127838,16719,9443,101675,154059,153736,0.508,0.731,0.703,0.647,0.815,0.659,-23.2817308,-46.7448996
2010,150553,15,1505536,PARAUAPEBAS,73.55,2.55,17.4,18.72,49.29,95.93,87.58,2.09,9.26,3.26,1.97,8.11,2.18,8.68,3.46,10.9,58.8,63.82,63.93,22.1,21.72,25.25,19.1,14.45,10.82,102.34,111.9,73.2,44.31,14.43,86.76,90.93,40.31,37.84,4.06,11.62,95.41,81.19,21.41,12.09,76.43,82.03,91.87,94.36,95.83,92.21,29.89,2.56,25.46,8.05,1.26,0.28,86.34,86.68,51.84,64.06,75.31,60.32,55.2,35.93,43.68,38.59,42.27,36.86,5.73,174.22,298.57,468.0,799.5,1243.33,0.53,4.42,6.94,13.17,20.58,34.69,47.16,42.26,3.49,58.01,10.91,22.8,41.99,86.67,15.49,10.57,627.61,109.49,2652.52,232.92,372.93,602.36,1810.48,631.5,30.38,84.11,156.43,0.52,18.22,1.13,4.68,15.05,16.14,9.21,61.06,64.93,44.37,37.78,0.64,6.46,5.44,2.6,15.43,62.98,78.61,91.0,1295.32,58.81,6.43,24.44,67.11,70.5,74.88,11.12,23.82,28.1,18.45,10.38,10.39,0.37,52.96,5.7,19.91,93.58,75.75,46.62,98.3,99.8,13.43,4.7,24.88,23.57,4.17,20.41,11.67,29.36,0.68,12.06,19.25,11.9,2.3,1.26,0.2,8534,7794,7331,9022,9430,7465,5617,4416,3518,2649,1717,7637,1097,669,437,304,77893,256,8069,7940,8061,9415,9122,7310,5298,4112,3011,2204,1435,7626,862,607,440,267,236,76015,71783,1011,2223,68549,3428,12424,9336,9401,9933,106308,9136,33829,9113,97172,9633,24693,9866,72479,3242,3283,3070,15290,33847,3216,7940,4754,52380,34904,15218,153908,138690,122067,15734,9096,97237,153443,152497,0.603,0.665,0.715,0.644,0.809,0.701,-6.0696846,-49.8903283
2010,352390,35,3523909,ITU,76.23,1.73,12.9,14.95,40.82,95.09,85.08,7.09,9.83,1.39,0.89,4.42,1.0,4.67,1.38,5.4,71.25,73.45,83.33,15.98,15.98,13.69,12.77,10.57,2.98,93.34,103.24,67.22,83.26,29.59,84.11,88.94,50.34,70.93,14.32,21.39,92.66,81.73,27.01,14.86,88.04,90.52,93.8,95.78,94.32,90.86,17.31,1.57,11.43,3.91,1.42,0.97,83.9,83.51,67.42,75.41,80.66,62.11,58.44,46.89,55.78,44.08,53.56,41.77,14.37,320.0,500.0,727.5,1246.67,2010.0,0.52,0.49,1.06,2.84,6.15,12.79,24.2,43.96,4.27,57.96,12.24,23.88,42.04,78.05,14.37,9.46,1038.14,221.47,4563.36,413.63,604.24,942.77,3005.32,1038.35,40.42,98.04,182.69,0.48,18.2,2.69,2.14,14.76,8.52,0.13,75.82,69.29,50.93,44.7,0.71,15.4,21.45,0.84,8.82,58.9,76.43,88.19,1575.16,62.28,6.08,34.94,76.31,70.64,83.55,6.25,26.6,29.85,11.03,5.21,6.22,0.38,64.33,2.2,11.96,98.25,98.34,29.41,99.65,99.84,0.18,0.65,19.76,11.96,5.68,17.53,4.48,24.9,0.91,6.39,13.9,4.96,0.23,0.64,0.16,5281,6489,6634,6941,7111,6657,6046,5485,5020,4339,3378,5525,2606,1691,1348,809,76219,859,4886,6285,6295,6784,7122,6715,6079,5753,5364,4604,3627,5272,2888,1976,1530,1270,1478,77928,82976,776,2830,79369,2051,10221,7618,7694,6005,120316,7831,26646,7710,112485,7735,18815,7892,93670,2107,2097,2085,11244,26801,10925,6283,3782,61437,48363,9878,154147,144269,133225,12774,8100,112351,153310,153278,0.621,0.73,0.773,0.692,0.854,0.782,-23.2638828,-47.298892
2010,315180,31,3151800,Poços de Caldas,77.31,1.69,11.27,13.18,40.55,94.77,85.42,9.03,9.79,0.6,0.64,3.69,0.59,3.88,0.76,4.48,67.01,70.75,73.67,18.42,17.8,19.38,14.57,11.44,6.94,101.27,109.33,79.13,77.71,34.93,89.32,94.49,50.35,65.79,18.01,42.28,96.74,83.77,30.98,12.81,93.41,95.4,97.34,99.04,97.74,94.01,21.24,1.44,9.6,6.09,1.28,0.83,88.05,90.22,65.23,74.71,84.52,61.25,56.98,52.21,60.11,43.19,58.54,40.09,13.99,322.0,503.33,697.67,1150.0,1866.67,0.5,0.32,0.88,2.93,6.76,13.21,25.46,40.88,4.67,55.99,13.34,25.6,44.01,74.48,12.26,8.39,953.96,222.76,3899.93,413.33,584.86,878.33,2668.94,953.96,49.5,112.45,188.37,0.43,21.33,2.53,4.61,15.73,8.45,1.61,74.05,67.67,48.96,46.85,1.15,15.2,13.26,1.52,9.19,65.93,80.47,90.9,1364.19,63.6,4.01,35.71,76.75,71.23,86.72,6.3,9.21,26.53,14.11,5.67,5.92,0.38,62.41,1.96,10.64,99.06,98.57,15.79,99.89,99.92,0.15,0.1,18.57,6.59,2.26,17.47,4.76,24.62,0.54,4.79,9.92,4.67,0.4,1.31,0.08,4582,5799,5988,6485,6736,6232,5469,5130,4874,4546,3977,4870,3085,2184,1618,1068,73680,1037,4520,5692,5823,6567,6780,6543,5963,5590,5459,5162,4571,4746,3481,2594,2029,1464,1771,78755,85090,461,2502,82127,1916,9193,6828,6976,5370,122208,7006,24859,7050,115202,7290,17853,7476,97349,1815,1890,1779,10021,23983,13764,5692,3449,63789,51400,3713,152435,148722,133794,11491,7005,115298,151812,151812,0.613,0.757,0.779,0.706,0.872,0.768,-21.7900318,-46.5647928
2010,291800,29,2918001,JEQUIÉ,72.42,1.96,21.76,17.55,48.05,95.25,85.96,8.31,8.91,5.83,3.69,15.88,3.61,16.85,5.93,19.84,52.37,58.96,63.73,21.6,22.57,28.95,26.03,18.47,7.32,109.47,125.49,65.75,80.5,21.19,88.57,92.99,29.56,58.55,7.54,24.37,96.76,84.1,34.02,14.06,85.35,88.88,93.0,95.76,97.36,93.8,42.43,6.44,23.41,10.36,1.64,0.45,84.92,85.65,39.56,49.64,67.74,49.02,44.77,27.0,37.88,32.88,35.68,31.75,6.97,128.0,216.25,336.25,536.67,902.5,0.55,7.88,13.7,22.48,36.23,50.24,68.42,44.99,3.24,59.77,10.5,21.81,40.23,76.66,17.13,11.37,473.92,76.74,2132.15,172.17,267.97,436.39,1414.68,476.71,36.52,83.13,148.45,0.56,23.6,1.9,8.77,18.99,8.83,0.31,48.39,58.52,40.94,44.34,0.91,8.85,13.63,4.37,33.11,81.89,88.33,94.32,873.94,55.28,5.22,24.17,67.3,63.96,76.55,10.92,13.93,21.42,20.62,10.58,13.85,0.49,37.94,5.73,27.95,92.66,85.05,26.95,97.85,98.44,4.01,1.68,35.34,14.65,2.64,29.59,20.34,43.79,0.38,6.88,18.29,15.28,1.07,5.16,1.56,5802,6830,7002,6910,6848,6251,5072,4656,4147,3606,2894,6147,2031,1690,1408,994,73612,1324,5495,6452,7024,7215,7422,6599,5483,5020,4427,4070,3254,5939,2657,2153,1704,1363,2006,78283,71028,693,2033,68302,2078,10535,7762,8000,6851,115128,8507,28125,8500,106621,8155,19618,7974,87003,2352,2348,2409,12463,28727,12626,6449,4254,60352,46126,12469,151895,139426,128478,13282,8411,106785,150577,149696,0.49,0.611,0.665,0.568,0.79,0.656,-13.8604033,-40.0719627
2010,170210,17,1702109,ARAGUAÍNA,74.23,1.93,13.06,14.04,46.77,96.15,88.08,5.06,10.05,2.03,1.15,8.58,1.2,9.25,2.39,11.7,67.52,71.68,72.71,17.63,16.9,20.09,14.86,11.42,7.21,102.11,110.37,79.9,57.99,42.51,88.73,92.96,48.49,47.54,23.61,22.9,97.17,85.05,37.89,16.34,87.72,89.6,93.52,93.66,97.54,94.15,22.3,1.85,26.08,7.76,2.44,3.18,90.81,91.39,66.71,76.79,84.64,63.85,57.52,49.52,58.31,46.45,58.38,42.84,11.45,197.5,319.67,508.75,866.67,1420.0,0.56,2.91,4.65,11.18,18.43,30.6,44.55,46.12,3.42,61.24,10.41,21.43,38.76,83.77,17.73,11.71,737.63,126.06,3402.03,257.77,406.71,639.15,2246.83,740.52,36.98,92.8,162.46,0.57,21.83,2.44,7.1,21.43,9.41,0.13,55.89,70.5,52.25,48.87,0.85,12.33,7.74,2.99,15.43,68.78,81.09,89.77,1354.27,59.69,7.01,33.14,67.64,69.61,79.35,7.26,17.21,23.38,11.86,6.42,6.8,0.5,40.65,9.85,22.71,97.76,91.6,31.09,95.22,98.97,4.45,3.13,19.46,12.28,2.46,16.41,8.71,29.25,0.2,8.39,10.77,8.68,0.51,2.08,1.03,6566,7233,7482,8181,7437,6375,5350,4446,3560,2786,2204,6601,1674,1291,1006,682,73587,713,6416,7173,8184,8873,7562,6875,5567,4981,3843,3052,2299,6350,1796,1307,1117,701,801,76897,74333,1010,3037,70286,2711,11364,8475,8668,7670,110145,9125,32720,9366,101020,9835,23595,10068,77425,2601,2689,2406,13304,30694,7618,7173,4728,56958,39901,7559,150484,142925,124535,14406,9164,100965,149300,148717,0.639,0.751,0.752,0.712,0.821,0.727,-7.193241,-48.2018597
2010,352220,35,3522208,ITAPECERICA DA SERRA,76.09,1.78,13.01,15.09,42.76,95.0,84.83,4.3,10.49,1.61,1.31,5.62,1.11,5.96,1.57,7.09,77.65,80.61,79.21,11.75,10.56,16.05,10.6,8.83,4.73,97.63,104.61,76.79,64.73,22.02,86.38,89.6,52.61,56.67,9.06,23.41,95.83,81.99,21.47,11.94,84.04,87.93,93.72,96.74,96.84,93.12,14.15,1.53,19.78,4.11,3.35,0.85,87.54,85.7,72.03,78.02,81.34,58.04,52.6,45.71,50.05,36.42,49.76,33.23,6.19,236.67,366.25,519.43,797.67,1130.0,0.45,1.82,3.19,7.44,12.76,24.0,37.05,35.11,4.99,50.6,14.61,28.81,49.4,84.27,9.61,6.85,619.82,154.72,2176.42,298.19,440.03,638.18,1550.63,620.82,34.29,94.2,170.58,0.36,17.51,0.48,1.38,13.67,9.44,0.11,67.9,63.94,43.13,54.26,0.77,7.69,11.64,1.91,14.29,71.95,86.83,94.76,1082.08,60.22,7.36,35.88,70.28,69.6,75.09,9.22,23.79,33.86,17.0,8.0,9.73,0.25,60.26,2.89,17.43,98.24,96.57,43.04,98.79,99.89,2.51,0.55,20.21,15.96,3.16,17.45,6.63,28.19,0.26,7.61,18.67,9.38,4.45,0.79,0.11,6039,7501,6976,7655,7611,6720,6119,5525,4225,3705,2876,6372,2039,1269,787,464,76270,387,5737,7333,6799,6825,7277,6776,6413,5511,4687,3896,3101,6174,2165,1325,942,644,739,76344,77291,1092,2990,73209,2320,11681,8801,8742,7037,113453,8491,28255,8207,104962,8223,19764,8373,85198,2419,2454,2335,13245,30698,6555,7333,4245,57098,43474,1265,152614,151349,128346,14834,8333,105179,148965,148726,0.58,0.748,0.742,0.687,0.852,0.699,-23.7176303,-46.8492435
2010,354880,35,3548807,SÃO CAETANO DO SUL,78.2,1.3,9.5,11.02,41.07,95.79,87.84,13.89,11.04,1.06,0.56,1.55,0.41,1.59,0.39,1.76,75.88,80.47,74.44,14.26,12.16,17.45,9.86,7.37,8.11,99.56,104.52,86.45,101.19,76.78,90.91,91.73,64.88,72.32,35.89,56.87,96.46,93.81,45.16,18.5,97.0,97.09,96.37,97.28,97.41,96.42,15.95,0.78,10.62,3.74,3.0,3.44,91.22,90.5,79.27,88.77,92.45,76.21,73.9,67.68,75.53,62.46,75.28,60.61,31.19,546.0,945.0,1496.67,2560.0,4016.0,0.54,0.09,0.25,0.52,0.92,3.85,7.45,43.71,3.69,58.6,10.85,22.35,41.4,76.3,16.12,10.8,2043.74,377.39,8933.87,731.02,1175.12,1946.52,5984.78,2043.74,22.3,89.31,189.35,0.52,20.94,5.62,0.27,14.94,3.62,0.27,75.02,86.47,73.65,50.99,0.62,37.53,17.06,0.7,5.42,36.49,51.45,68.28,2966.08,61.72,3.76,27.81,79.39,67.38,90.58,6.61,28.65,29.04,13.17,6.1,7.01,0.54,57.51,3.01,12.45,99.99,97.75,20.06,100.0,100.0,0.0,0.05,6.83,3.0,2.59,8.79,0.97,18.36,0.19,1.56,4.79,1.16,0.13,0.75,0.0,3519,4374,4783,5513,5876,5441,5123,4886,5443,4868,4182,3758,3350,2453,2076,1532,68853,1676,3304,4238,4615,5578,6376,6273,5848,5770,6451,5887,5099,3537,4443,3554,3211,2619,3607,80410,83325,324,1516,81484,1339,6890,5106,5215,4023,126533,5514,20489,5649,121019,5946,14975,6236,106044,1461,1429,1435,7588,18060,20728,4238,2707,69331,59138,0,149263,149263,134996,8612,5451,120933,148195,148195,0.762,0.836,0.862,0.811,0.887,0.891,-23.6195923,-46.5688323
2010,353800,35,3538006,PINDAMONHANGABA,75.58,1.9,12.9,14.96,42.06,94.58,83.72,6.55,10.7,1.19,1.07,3.87,0.99,4.07,1.25,4.69,73.91,77.34,77.09,13.82,12.66,17.77,12.27,10.0,5.14,98.17,103.31,83.54,62.1,31.92,91.58,93.07,61.13,49.84,14.24,23.84,97.54,87.88,25.36,11.82,70.24,81.04,92.61,99.16,98.19,95.51,17.87,1.27,11.3,5.18,2.94,0.92,91.09,90.61,71.03,79.67,85.64,66.32,62.44,55.54,61.48,50.06,59.67,47.77,12.03,254.8,411.67,617.5,1000.0,1516.67,0.52,1.32,2.68,6.79,12.66,20.9,34.2,41.86,3.98,56.6,12.0,24.4,43.4,76.61,13.95,9.54,826.02,164.47,3457.93,331.19,511.95,784.72,2363.61,826.41,41.82,99.7,168.28,0.48,19.65,2.82,4.0,14.7,10.46,0.29,66.87,74.18,58.74,44.47,1.6,14.0,21.49,1.69,15.82,63.77,78.2,90.07,1388.77,59.86,3.99,26.86,77.38,69.12,83.18,10.95,24.85,35.79,21.98,10.15,11.6,0.42,55.77,3.79,16.52,99.01,95.92,26.43,99.11,99.66,0.56,0.14,14.63,29.76,1.81,13.06,5.11,26.27,0.0,2.23,12.1,8.87,0.52,1.14,0.34,5068,6593,6319,6328,6709,6212,5327,4895,4535,4240,3557,5557,2631,1715,1201,720,72288,681,4908,6338,6201,6448,6823,6297,5609,5126,5112,4566,3813,5423,2723,1809,1393,967,1151,74707,75436,517,2061,72858,1985,10255,7565,7765,5931,113074,7575,25289,7522,105499,7459,17714,7418,87785,2060,2140,2163,11508,26876,9633,6335,3697,58023,45378,5287,146995,141708,126018,12931,7673,105414,146392,146323,0.663,0.776,0.773,0.736,0.843,0.745,-22.9340165,-45.462938
2010,350760,35,3507605,BRAGANÇA PAULISTA,76.67,1.41,10.62,12.32,41.41,94.99,84.81,8.61,10.18,1.1,0.95,4.37,0.86,4.6,1.24,5.3,71.33,74.21,79.51,16.16,15.61,17.83,12.5,10.18,2.66,95.92,106.64,68.64,81.26,31.92,86.82,91.14,51.84,62.94,15.35,30.91,95.85,82.37,25.17,11.94,83.81,87.29,92.44,95.26,96.99,92.87,17.78,1.86,12.8,3.33,2.44,0.25,87.98,88.14,66.0,74.51,82.26,62.28,58.63,53.05,59.46,44.76,58.81,42.07,14.93,302.0,499.33,703.33,1125.0,1834.0,0.52,0.7,1.51,3.22,6.64,13.93,24.83,42.82,4.37,57.35,12.49,24.4,42.65,79.9,13.71,9.17,974.08,212.73,4170.78,395.52,580.07,888.82,2789.06,974.28,43.47,97.69,183.06,0.46,21.54,2.69,4.31,15.64,9.46,0.16,67.85,69.94,51.31,43.9,1.09,16.32,19.72,1.8,9.18,63.11,78.13,88.89,1539.49,60.36,3.61,28.35,76.0,68.83,84.43,6.39,28.31,25.53,12.83,5.71,5.92,0.42,57.16,1.61,15.51,97.92,97.7,25.09,99.51,99.96,1.28,0.17,18.3,16.19,3.01,16.69,5.07,27.89,0.17,3.48,10.73,5.83,0.24,1.42,0.04,4483,6200,6123,6275,6503,6190,5567,5107,4753,4267,3458,4821,2761,2038,1463,1042,72081,1030,4287,5707,5888,6250,6435,6493,5715,5162,5110,4700,3761,4780,3243,2238,1866,1347,1681,74663,77534,430,2181,74923,1725,9489,7050,7217,5065,115772,7389,24384,7171,108383,6990,16995,7068,91388,1926,1863,1797,10001,24458,12638,5667,3626,59553,47488,4489,146744,142255,128454,11907,7693,108854,145407,145377,0.623,0.749,0.776,0.704,0.861,0.772,-22.9520235,-46.5418586
2010,220770,22,2207702,PARNAÍBA,73.98,1.72,16.83,18.25,48.88,95.97,88.09,7.6,10.09,5.57,3.66,16.47,4.85,17.54,8.47,20.68,56.97,63.05,62.87,20.43,19.28,30.01,22.6,17.66,7.12,108.45,117.18,84.52,74.85,26.67,90.87,95.73,40.03,59.1,13.89,15.23,97.14,86.22,37.17,15.58,91.18,93.13,96.11,97.08,97.5,94.48,34.46,3.39,20.42,13.97,1.11,1.54,87.28,89.83,46.99,60.96,72.18,51.14,45.96,32.08,41.14,33.73,40.04,31.91,8.76,123.08,200.0,325.0,573.33,954.75,0.57,7.96,12.06,26.51,39.98,51.94,68.25,46.69,3.09,61.75,9.64,20.33,38.25,69.85,19.37,12.83,479.58,74.06,2239.31,157.11,256.2,429.9,1482.72,482.12,38.21,87.89,141.69,0.6,29.52,2.03,8.5,24.02,10.03,0.22,42.05,56.13,38.95,46.56,1.18,10.77,7.58,5.16,40.09,82.15,89.57,94.26,864.93,51.68,3.51,17.67,55.92,61.13,73.11,10.11,10.28,20.0,24.02,9.86,12.56,0.56,29.19,6.56,28.26,93.8,81.17,31.37,88.22,98.79,10.77,12.93,33.8,8.82,2.5,25.43,19.18,42.01,0.0,8.49,16.69,17.73,1.46,5.42,1.21,5667,6935,6737,7045,6314,5634,5046,4397,3793,2985,2406,6083,2067,1510,1274,860,69727,974,5458,6802,7063,7509,6820,6261,5476,4992,4355,3391,3016,5819,2562,1966,1665,1241,1582,75978,63442,482,1497,61463,2134,11032,8181,8464,6744,108941,8369,28354,8209,100572,8175,19985,8376,80587,2247,2380,2331,12227,29007,11072,6802,4264,57899,43327,8220,145705,137485,122758,13737,8472,100548,144905,144142,0.511,0.656,0.687,0.604,0.816,0.658,-2.9147515,-41.7661953
2010,260345,26,2603454,CAMARAGIBE,73.28,1.56,18.1,19.45,41.92,95.77,87.17,6.27,9.82,2.32,1.98,10.79,2.28,11.44,3.6,13.34,61.67,65.27,73.6,19.28,19.73,19.21,19.05,15.0,7.19,101.53,110.08,76.64,89.56,21.53,86.71,90.05,41.26,58.33,8.72,28.76,97.17,87.29,29.63,10.72,89.37,91.5,94.69,95.18,97.44,94.84,28.05,2.92,29.28,8.94,2.64,2.03,83.46,85.96,54.77,66.27,74.79,54.23,49.93,37.61,45.71,37.23,42.23,35.45,5.12,158.0,253.33,362.5,553.33,833.33,0.51,5.1,8.79,16.91,27.18,43.89,59.78,41.09,4.16,55.44,12.63,25.24,44.56,72.37,13.01,8.78,473.78,98.43,1946.88,200.88,298.65,457.6,1314.71,474.65,34.99,88.64,158.74,0.47,18.32,0.89,1.27,19.85,10.32,0.16,62.06,63.15,46.82,55.21,1.13,7.26,6.57,1.36,19.84,82.51,91.12,96.16,852.5,53.01,3.61,20.78,64.59,61.24,77.46,15.57,34.44,46.36,30.56,14.69,16.97,0.32,53.58,4.88,21.35,94.34,92.74,28.52,94.87,99.85,4.37,0.78,26.92,10.63,2.56,21.88,13.44,36.19,0.92,4.86,14.56,18.19,5.34,3.68,0.15,4982,6327,6184,6232,6380,6411,5816,5098,4153,3398,2627,5686,2083,1456,1109,617,69212,653,4773,6123,6231,6681,6910,7005,6503,5580,4697,3959,3208,5513,2698,1902,1533,878,1060,75254,65460,450,1535,63475,1868,9719,7298,7193,5789,109638,7515,25114,7363,102123,7293,17599,7502,84524,2006,2101,2146,11612,26333,9063,6054,3743,58164,45366,0,144466,144466,123483,12450,7387,103646,143599,143337,0.542,0.676,0.692,0.628,0.805,0.656,-8.0213832,-34.9810768
2010,420890,42,4208906,JARAGUÁ DO SUL,76.92,1.61,10.21,12.03,35.15,94.96,85.68,5.15,10.5,0.8,0.59,1.77,0.46,1.85,0.47,2.16,79.21,81.28,83.95,11.81,10.88,13.97,8.97,7.84,2.08,97.58,104.85,77.57,65.7,37.28,87.34,91.38,53.94,57.73,17.52,42.63,97.57,80.0,26.67,15.76,80.77,86.37,92.66,97.51,98.31,93.44,12.39,1.44,6.7,2.49,3.59,1.97,90.53,89.66,75.47,82.26,87.93,68.69,64.24,57.83,63.3,48.33,59.95,44.88,14.8,487.5,674.0,917.5,1336.67,2000.0,0.42,0.25,0.46,0.71,1.58,4.12,8.25,34.93,6.14,49.47,16.53,30.78,50.53,81.39,8.45,5.98,1111.85,341.42,3884.06,577.42,792.06,1098.12,2747.46,1112.39,29.53,83.21,184.9,0.31,14.51,2.56,2.46,12.75,6.77,0.09,84.16,75.45,53.96,31.38,0.76,15.86,39.35,1.75,5.4,52.34,75.77,89.35,1509.1,71.34,4.79,42.48,90.02,79.85,92.19,2.93,10.25,17.99,4.49,2.38,3.0,0.27,72.84,2.02,6.5,97.98,98.57,10.62,99.98,100.0,0.49,0.56,11.61,19.23,1.69,11.74,1.48,17.52,0.0,4.29,9.98,1.16,0.04,0.26,0.0,4762,5437,6056,7527,8003,7036,6000,5546,4871,3785,2783,4931,1934,1218,889,504,71801,519,4728,5316,5886,7184,7310,6823,5909,5415,4957,3982,2867,4673,2027,1427,1130,783,905,71322,88485,515,2825,85145,2014,8604,6452,6452,5564,113276,6820,26653,7080,106456,7956,19833,8332,86623,1912,2025,1864,9728,22847,7375,5316,3376,56605,43535,10323,143123,132800,124036,10753,6650,106633,142186,142117,0.687,0.791,0.803,0.755,0.865,0.793,-26.4897432,-49.0778063
2010,290070,29,2900702,ALAGOINHAS,72.39,1.9,21.84,17.61,44.07,95.23,85.91,7.28,8.71,4.44,2.84,10.11,2.61,10.68,3.38,12.46,48.62,55.41,55.87,19.09,19.51,29.33,32.3,25.08,14.8,108.09,123.42,67.41,73.91,19.54,89.58,93.81,31.0,53.58,7.6,17.29,96.72,83.67,32.89,12.13,83.57,88.07,93.05,96.83,97.44,93.67,43.5,6.43,27.13,11.72,1.45,0.12,77.93,81.64,41.06,51.74,70.29,57.53,54.72,28.05,42.41,40.06,39.57,39.54,6.82,145.0,252.5,403.33,676.25,1100.0,0.55,8.02,13.79,19.42,31.25,42.94,59.5,44.01,2.97,59.35,10.0,21.47,40.65,70.15,17.6,11.87,553.17,82.23,2434.67,194.49,317.0,530.54,1642.53,555.6,37.77,80.39,146.33,0.58,24.25,1.24,10.05,19.24,9.75,2.37,54.5,65.11,47.99,42.22,1.04,8.63,8.59,4.65,29.48,77.53,86.62,94.15,944.09,55.49,7.96,23.16,66.04,63.97,75.95,13.61,21.8,31.42,23.57,12.97,16.34,0.46,46.06,3.57,21.16,95.11,90.72,24.94,96.83,99.46,3.77,1.35,29.75,16.43,2.56,22.61,15.2,35.69,0.0,7.97,17.43,14.95,1.03,3.34,0.54,4968,6309,6476,6351,6602,6150,4901,4636,3994,3040,2339,5472,1879,1381,1102,713,67212,899,4859,6218,6492,6847,7386,6763,5683,5310,4597,3685,2895,5261,2483,2018,1530,1115,1595,74737,67251,997,1852,64401,1983,9935,7323,7512,5826,108715,7949,26122,7896,100766,7536,18173,7347,82593,2002,2067,2025,11207,26587,10333,6207,3989,58331,45013,17907,141949,124042,121195,12527,8000,100668,141312,140694,0.575,0.6,0.683,0.592,0.79,0.681,-12.133526,-38.420772
2010,352230,35,3522307,ITAPETININGA,76.86,1.7,11.95,13.86,46.24,95.39,85.92,7.58,9.83,1.41,0.88,4.63,1.32,4.92,1.39,5.64,72.61,73.34,83.64,14.14,13.97,13.3,13.25,12.7,3.07,96.31,101.02,82.79,72.73,22.85,88.85,91.85,59.28,60.69,10.25,26.28,94.67,82.83,18.76,10.64,82.15,86.42,92.04,94.88,96.36,92.87,14.19,0.88,6.15,4.6,2.36,0.49,89.63,88.7,73.41,78.52,77.93,59.81,55.99,51.01,51.86,41.4,52.49,39.19,13.25,235.71,399.8,572.0,962.5,1430.0,0.49,1.29,2.54,7.16,13.77,23.29,38.81,39.29,4.23,54.75,12.61,25.59,45.25,74.42,12.46,8.67,741.64,156.92,2913.83,310.78,481.1,729.05,2028.25,741.8,38.17,101.52,170.14,0.43,20.46,2.39,10.52,15.82,8.53,0.05,69.89,69.82,50.84,43.54,1.08,14.73,13.12,2.04,13.69,69.14,81.24,92.13,1208.82,57.6,4.71,31.64,71.9,66.04,77.91,8.28,22.82,35.24,17.28,7.2,8.4,0.34,53.82,7.9,13.56,98.9,97.81,30.46,99.54,99.57,0.46,0.42,21.33,17.85,3.64,18.39,8.18,28.01,0.56,7.53,14.57,9.61,0.56,1.39,0.43,5051,6534,6320,6995,6861,6060,5210,4685,4488,3977,3157,5677,2398,1711,1266,879,72167,898,4867,6137,6201,5984,6301,5899,5166,4743,4609,4345,3425,5530,2805,1956,1678,1192,1372,72210,70867,597,2403,67867,1997,9997,7461,7483,5799,107739,7601,24400,7358,100138,7272,16799,7240,83339,2122,2254,2098,11626,26789,10950,6137,3786,55668,43485,13327,144377,131050,123029,12671,7596,102762,140581,140549,0.598,0.765,0.763,0.705,0.864,0.728,-23.588607,-48.048326
2010,150010,15,1500107,ABAETETUBA,72.89,2.37,19.0,20.42,55.37,95.57,86.58,4.91,8.99,5.33,2.86,13.71,3.73,14.97,6.79,18.58,48.67,54.59,61.54,20.3,20.95,26.31,31.04,24.47,12.15,107.45,121.19,70.98,81.18,12.88,90.9,95.09,33.11,67.04,5.73,9.29,97.66,87.63,32.27,12.11,83.51,87.82,95.78,95.82,97.68,94.93,43.17,6.04,15.88,13.79,1.31,0.93,76.18,82.22,41.96,53.28,62.1,43.24,37.24,25.53,33.67,27.35,31.51,25.33,4.53,74.6,144.25,230.0,381.0,570.0,0.53,18.98,25.66,38.95,51.18,65.93,76.58,41.12,2.67,57.0,10.16,22.82,43.0,74.98,16.19,11.19,293.01,39.05,1204.73,109.77,185.49,295.64,832.81,297.38,37.25,72.59,123.53,0.53,37.68,0.84,31.83,16.27,8.15,0.51,32.99,44.9,30.4,31.12,0.42,5.59,9.05,12.58,54.0,86.47,93.27,97.17,601.97,51.11,8.59,23.76,50.63,62.31,70.33,8.66,1.71,7.23,16.5,8.9,10.69,0.5,17.68,8.3,24.64,68.86,44.71,62.09,97.86,91.8,39.8,6.8,38.08,16.49,2.32,30.56,25.03,50.18,0.21,10.29,19.71,19.72,2.36,4.23,8.2,6624,8205,8449,7611,6824,5561,4738,3944,3057,2451,2143,7175,1592,1239,879,549,71630,589,6361,8077,8122,7281,6499,5472,4595,3543,2886,2459,2012,6915,1577,1277,953,607,834,69470,58218,1399,2474,54345,2581,13005,9556,9970,7761,97743,10158,31463,10122,87585,9555,21305,9048,66280,2643,2809,2666,14558,34378,6927,8077,5015,48117,32714,58102,141100,82998,113916,16282,10413,87221,140055,137997,0.432,0.599,0.628,0.537,0.798,0.579,-1.721828,-48.878843
2010,411820,41,4118204,PARANAGUÁ,76.12,2.18,10.81,12.7,48.03,94.46,84.39,5.89,10.87,1.07,1.08,3.88,1.03,4.12,1.06,4.77,72.44,75.53,79.09,14.68,14.08,17.01,12.88,10.39,3.91,103.14,107.22,91.17,55.47,26.84,90.6,92.26,55.15,48.42,11.2,11.1,97.62,85.18,28.48,14.3,67.65,77.39,85.83,96.53,97.95,94.71,20.47,2.96,10.65,8.47,3.45,1.58,91.81,91.86,69.2,75.59,78.38,59.18,55.1,41.86,48.33,39.42,47.13,37.53,9.57,226.0,375.0,592.0,975.0,1427.5,0.52,2.13,3.5,8.1,14.35,24.56,38.6,41.31,3.86,56.25,11.73,24.12,43.75,76.6,14.09,9.6,765.85,147.97,3163.89,301.18,474.42,751.64,2156.54,766.5,34.93,91.61,165.71,0.49,20.24,2.11,3.11,18.73,6.77,0.49,67.86,66.03,46.49,54.36,0.9,11.15,8.62,2.51,15.03,62.84,78.89,90.39,1356.2,57.27,4.01,24.41,70.19,67.82,78.67,9.41,21.44,36.87,20.08,8.48,10.33,0.4,56.29,3.47,16.05,98.36,95.28,28.22,99.15,99.5,0.61,1.94,21.89,32.35,2.05,18.72,8.23,29.48,0.33,6.88,18.02,8.67,0.35,0.91,0.5,5617,7075,6558,5835,5866,5414,5304,4934,4542,3514,2733,6252,1977,1377,1119,684,69306,505,5471,6852,6471,5918,6068,5749,5323,5161,4599,3655,2975,6033,2294,1654,1247,826,867,71163,67150,558,1959,64632,2161,11079,8170,8438,6535,103152,8133,24781,7775,95019,7303,16648,7216,78371,2390,2500,2429,12630,29307,8277,6849,3993,52799,40411,5083,140469,135386,117257,13929,8028,95299,139894,139774,0.592,0.722,0.75,0.676,0.852,0.733,-25.5121904,-48.5251854
2010,320320,32,3203205,LINHARES,75.05,2.11,14.0,16.38,45.9,92.54,82.24,5.83,8.97,2.04,1.38,9.62,1.98,10.28,3.02,12.23,60.17,61.67,80.76,21.52,22.96,14.32,18.31,15.37,4.91,93.5,107.18,53.55,86.24,24.71,87.06,94.83,38.11,67.29,11.53,31.89,96.7,74.71,21.81,10.53,87.16,89.98,93.47,95.94,97.7,91.84,22.48,1.49,9.2,3.89,1.29,1.86,85.02,88.06,55.03,63.44,74.76,53.06,47.87,40.77,46.36,36.17,43.92,33.73,8.91,200.0,349.5,536.0,909.0,1460.0,0.52,2.52,4.63,10.78,20.61,29.32,48.19,40.71,3.64,56.56,11.29,23.82,43.44,83.1,14.42,10.02,711.38,129.48,2896.05,272.23,445.48,697.89,2013.31,713.12,36.01,92.56,162.39,0.49,18.08,2.7,14.71,17.12,8.93,0.89,69.14,60.21,42.98,38.66,0.95,10.59,14.17,1.95,13.38,68.55,81.89,91.4,1225.15,63.88,6.14,39.69,75.89,73.42,84.39,8.45,26.68,27.28,14.93,7.44,7.14,0.38,52.97,7.68,17.53,97.81,95.88,26.49,98.63,99.76,1.54,1.72,32.67,12.84,2.3,26.04,13.93,31.86,0.16,10.58,16.88,11.15,0.57,1.57,0.24,5614,6426,6301,7004,6974,6317,5292,4629,3958,3473,2746,6102,1832,1342,998,695,70415,712,5562,6450,6407,6766,6612,6080,5226,4709,4218,3603,2912,5814,2030,1530,1162,826,984,70891,75385,791,3048,71546,2259,10247,7667,7734,6628,104455,7727,26166,7527,96728,7499,18439,7616,78289,2270,2358,2290,12162,27647,8239,6442,3927,52985,39833,19739,141306,121567,118008,12876,7680,97451,139823,139483,0.531,0.686,0.724,0.63,0.834,0.721,-19.3816944,-40.0612213
2010,314800,31,3148004,Patos de Minas,76.31,1.6,14.47,16.7,39.57,94.55,84.87,7.98,9.86,0.91,0.56,5.36,0.74,5.69,1.08,6.66,66.07,66.94,77.73,19.99,20.26,18.97,13.95,12.8,3.29,97.25,105.18,77.2,50.19,35.61,88.64,93.0,54.76,39.45,20.67,21.89,98.56,84.86,32.62,11.78,72.81,81.15,92.24,96.71,98.59,94.7,16.21,1.06,20.46,5.86,2.62,1.31,89.14,88.33,70.67,79.64,86.08,57.58,52.07,55.2,59.39,40.28,60.94,36.58,12.17,284.0,438.0,610.4,1000.0,1566.67,0.5,0.87,1.71,4.55,9.58,17.05,29.66,41.8,4.56,56.34,13.08,25.41,43.66,77.07,12.79,8.66,843.57,192.22,3526.33,359.36,520.34,769.52,2388.72,844.96,24.27,96.49,178.94,0.44,20.51,3.91,12.47,18.13,8.68,0.31,68.09,64.64,46.37,46.48,0.95,13.77,10.41,3.12,13.4,68.05,83.04,91.49,1288.18,61.95,4.77,32.98,77.1,70.09,86.21,6.09,10.99,21.69,13.23,5.53,6.48,0.44,49.09,7.77,16.44,96.53,99.05,10.03,99.65,99.86,0.25,0.34,20.63,27.19,1.41,19.54,5.92,29.62,0.0,3.04,9.14,5.72,0.39,1.17,0.14,4077,5645,6147,5970,5778,5295,5286,5258,4808,4186,3393,4664,2532,1807,1409,824,67924,845,3931,5356,5898,5954,5817,5638,5759,5589,5214,4511,3528,4497,2761,2085,1768,1113,1367,70786,75197,525,2396,72277,1558,8749,6446,6624,4761,110051,7093,23900,7194,102958,7286,16807,7179,86151,1665,1740,1831,9619,23091,11071,5340,3476,56728,44904,10986,138710,127724,121389,11001,7264,103125,138003,137776,0.576,0.768,0.765,0.698,0.855,0.749,-18.6041453,-46.5096698
2010,330414,33,3304144,QUEIMADOS,73.58,2.29,16.67,18.75,46.01,91.61,80.3,6.16,8.78,3.49,1.98,5.68,1.74,6.0,2.14,6.9,51.01,56.34,59.36,23.31,23.95,25.43,25.68,19.7,15.22,102.87,116.98,63.92,68.67,12.64,86.42,91.15,34.79,52.92,4.57,14.54,95.38,85.12,25.43,10.64,73.07,79.89,86.68,93.2,95.7,92.89,35.22,5.13,17.86,7.54,1.2,0.26,80.58,81.78,46.51,55.72,71.64,53.57,49.78,33.41,41.89,32.47,41.06,30.49,3.75,180.0,297.14,448.0,658.75,933.33,0.43,3.89,6.2,12.92,21.05,33.68,48.5,31.86,4.72,48.1,14.57,29.59,51.9,77.24,8.75,6.56,484.4,114.27,1543.41,238.55,363.88,540.2,1156.86,485.92,34.94,87.98,158.76,0.34,19.4,0.46,0.63,15.5,12.87,0.2,62.98,61.79,39.11,53.65,1.46,4.69,7.18,1.72,14.07,76.02,90.52,96.79,904.08,52.82,3.15,17.48,62.3,63.07,73.96,11.73,26.58,41.26,22.03,10.91,12.68,0.22,54.22,4.37,20.29,97.97,92.38,41.9,93.32,99.83,2.14,0.17,29.27,26.93,4.3,25.33,12.75,35.68,0.36,7.15,25.77,13.03,7.18,2.27,0.17,5167,6888,6526,5741,5658,5472,4962,4697,4045,3591,2589,5630,2049,1418,984,587,66585,581,4901,6776,6398,6039,5863,6027,5624,5079,4509,4027,3162,5619,2429,1732,1287,934,971,71377,61632,430,1444,59758,1939,10987,8191,8249,6071,102981,8172,24704,7779,94809,7220,16532,7165,78277,2058,2161,2199,11765,28272,8494,6776,4017,54081,41644,0,137962,137962,116681,13664,8263,94754,137712,137281,0.536,0.618,0.68,0.589,0.81,0.659,-22.7156978,-43.555754
2010,353070,35,3530706,MOGI GUAÇU,76.1,1.56,13.41,15.03,39.51,95.07,85.02,7.75,10.01,1.15,1.0,4.31,1.02,4.53,1.28,5.21,74.57,74.9,82.74,15.18,15.09,13.73,10.25,10.01,3.53,96.25,102.2,80.59,90.78,31.44,88.76,92.64,61.13,76.15,15.78,27.99,97.79,82.42,24.5,9.98,90.62,92.89,96.94,97.63,97.88,93.62,10.22,0.74,7.66,3.53,2.73,0.18,93.97,92.96,77.66,82.72,87.6,59.78,54.38,58.03,63.73,41.07,62.94,36.66,10.46,318.0,498.0,671.25,1003.33,1408.0,0.44,0.56,1.1,2.94,6.08,13.24,23.09,34.88,5.48,49.72,15.46,29.65,50.28,74.72,9.03,6.43,802.19,219.79,2797.77,400.12,569.15,827.77,1991.52,802.19,32.78,94.3,185.5,0.34,16.71,2.18,7.81,14.59,7.53,0.16,74.79,69.76,50.38,39.6,0.95,12.47,22.69,1.24,10.24,61.89,79.86,92.42,1265.12,59.51,4.72,34.18,78.55,67.05,83.86,8.16,30.85,27.65,15.53,7.32,8.18,0.28,65.16,1.69,13.44,99.69,99.65,19.23,99.98,99.97,0.01,0.02,16.3,9.38,2.12,16.01,3.97,28.36,0.22,4.32,12.6,5.54,0.39,1.28,0.03,4248,5534,5797,6070,6176,5765,5186,4970,4639,4146,3402,4544,2696,1927,1337,871,68094,786,4092,5334,5599,6025,6236,5679,5085,5156,4984,4376,3596,4479,2789,2001,1509,1073,1138,69151,71309,513,2355,68441,1690,8681,6386,6629,4929,108992,6890,23487,6799,102102,6796,16597,6909,85505,1718,1726,1691,9475,22732,10640,5333,3393,55236,43613,6950,137245,130295,119833,10868,6890,102074,136821,136821,0.598,0.817,0.774,0.736,0.852,0.74,-22.372222,-46.9425
2010,421190,42,4211900,PALHOÇA,76.55,2.0,12.35,13.87,38.96,95.11,86.06,4.85,9.83,1.03,1.04,3.9,0.82,4.12,0.87,4.85,66.68,69.78,75.74,17.12,16.74,18.02,16.21,13.48,6.24,94.18,105.87,63.27,51.65,34.27,85.7,92.15,40.62,43.07,15.07,32.74,97.23,77.65,25.98,15.48,74.85,82.03,89.08,94.45,97.65,92.16,20.58,1.36,9.29,3.99,2.81,1.69,90.97,90.25,59.72,69.04,79.79,60.88,56.76,42.55,49.87,39.8,50.69,37.62,8.16,383.33,550.0,777.78,1140.0,1550.0,0.4,0.61,1.48,2.18,4.79,9.21,17.01,30.87,6.07,46.13,16.92,32.27,53.87,79.21,7.3,5.46,862.74,261.65,2662.94,468.26,662.05,931.76,1993.14,862.89,41.44,91.37,182.71,0.28,19.68,2.5,2.51,19.59,12.63,0.2,75.79,66.24,44.91,47.78,1.53,8.78,11.44,1.45,8.22,58.43,78.82,92.83,1267.08,66.33,6.27,43.15,81.18,75.67,87.72,4.3,20.02,22.24,7.63,3.33,2.98,0.22,59.85,6.43,10.24,94.97,97.48,16.83,99.42,99.9,0.54,2.18,19.99,25.15,2.35,17.3,3.83,22.13,0.0,5.62,18.82,3.57,0.3,0.36,0.1,4866,6221,6265,6340,6627,6341,5714,5134,4413,3621,2865,5173,1903,1193,864,466,68436,430,4723,6019,6245,6363,6541,6089,5582,5175,4757,3769,2986,4835,2103,1334,983,692,702,68898,78134,767,3340,74026,1958,9678,7251,7189,5663,105497,7577,25213,7332,97920,7437,17636,7540,80284,1968,2059,1928,10511,25300,6664,6019,3812,53321,40713,2023,137334,135311,117804,12240,7742,97822,136699,136675,0.609,0.706,0.757,0.672,0.859,0.752,-27.6447774,-48.6646323
2010,290320,29,2903201,BARREIRAS,73.43,2.12,18.1,19.5,45.41,95.77,87.35,4.29,9.21,2.41,1.78,10.33,1.89,11.08,3.41,13.71,60.05,62.08,69.95,20.33,20.73,21.87,19.62,17.19,8.18,98.92,107.71,74.44,71.85,30.95,86.32,90.47,43.19,56.87,13.8,17.75,96.71,79.92,28.65,14.2,77.4,83.29,93.37,96.44,97.52,92.87,22.01,2.54,19.34,5.97,3.42,1.36,81.17,84.02,61.79,68.69,78.68,59.63,54.21,46.35,52.54,43.49,54.44,40.91,8.23,162.86,255.0,408.0,736.67,1204.0,0.56,5.52,7.68,16.27,24.55,40.62,55.6,46.09,3.22,60.79,10.2,21.19,39.21,84.23,18.07,11.94,602.82,96.99,2778.46,210.51,331.1,543.17,1836.34,607.23,34.32,84.32,154.61,0.57,22.57,2.07,12.34,21.37,8.05,0.15,52.03,65.28,48.56,45.32,0.99,9.65,5.35,4.38,21.4,74.45,84.69,92.42,1151.04,59.52,4.79,26.27,67.92,70.33,77.64,9.57,19.4,35.01,17.0,8.63,10.61,0.49,39.56,7.16,25.16,92.32,90.73,27.16,97.3,99.36,4.0,0.9,23.88,22.6,2.48,19.49,12.47,32.49,0.45,8.93,17.0,15.04,0.6,1.94,0.64,5961,6626,6654,7277,7291,6033,5020,4513,3588,2711,2093,6045,1366,1009,716,465,67913,545,5799,6617,6953,7753,7574,6219,5083,4517,3796,2615,1990,5972,1466,1079,841,587,653,69514,67657,634,2153,64869,2337,10477,7755,7848,6927,100407,8089,28637,8257,92318,8340,20548,8322,71770,2496,2415,2392,12368,28260,5895,6617,4112,51126,36420,13686,137427,123741,113674,13243,8197,92235,136670,135676,0.596,0.707,0.721,0.668,0.807,0.695,-12.1440031,-44.9967406
2010,293135,29,2931350,TEIXEIRA DE FREITAS,73.0,2.11,21.21,17.1,48.42,95.64,87.0,6.04,8.95,2.99,1.88,14.65,2.31,15.78,4.37,19.04,54.94,59.09,64.38,22.03,22.38,26.68,23.03,18.52,8.94,97.8,110.55,61.92,61.44,27.31,88.23,92.98,39.7,48.19,11.97,11.29,96.35,79.5,25.62,9.62,67.53,76.48,82.09,91.16,96.54,92.07,30.47,2.96,17.23,6.67,1.67,1.16,82.26,85.55,50.83,61.31,72.67,50.26,44.84,39.12,46.68,34.95,45.66,32.11,6.69,165.0,261.25,407.5,697.5,1066.67,0.53,5.39,8.71,15.92,25.89,39.46,55.57,42.86,3.52,58.09,11.19,22.96,41.91,81.78,15.33,10.39,560.73,98.64,2403.4,214.95,330.22,531.11,1629.0,562.9,34.62,84.72,155.4,0.52,22.46,3.58,11.48,23.61,10.08,0.17,51.71,58.79,42.88,41.41,0.7,8.34,8.15,3.19,23.97,75.38,85.86,93.34,1045.57,60.46,8.37,36.42,74.6,69.88,80.23,11.0,18.21,30.55,18.35,9.99,11.12,0.44,40.07,5.39,26.06,96.94,88.33,24.0,97.4,99.1,4.07,1.04,31.05,32.47,3.46,27.39,16.9,39.84,0.42,12.2,16.47,13.41,1.76,2.83,0.9,5630,6608,6506,6449,6497,5582,4810,4498,3939,3113,2485,6277,1727,1385,1054,746,68077,771,5746,6486,6745,6697,6700,5908,5156,4601,3881,3245,2650,6032,2019,1489,1148,774,987,70264,69317,1096,2988,65233,2257,10305,7646,7759,6912,101562,8207,26397,8004,93355,7528,18190,7529,75165,2207,2407,2404,12691,28498,8354,6486,4129,52000,38558,9078,138341,129263,114644,13094,8204,93346,136656,136130,0.503,0.636,0.685,0.588,0.8,0.683,-17.5376644,-39.7458096
2010,316860,31,3168606,Teófilo Otoni,74.45,2.09,16.2,18.83,48.27,93.25,81.69,9.07,9.42,1.87,1.59,12.92,2.03,13.77,3.48,16.25,60.43,64.67,72.66,20.28,19.64,20.89,19.29,15.69,6.45,100.19,112.05,66.46,52.98,27.61,87.58,91.64,42.6,45.35,15.35,14.19,96.32,85.39,32.84,11.5,63.46,74.19,86.32,93.48,96.6,93.69,29.47,3.53,10.11,6.63,1.39,0.9,85.86,85.8,54.96,63.12,71.02,49.19,44.58,36.77,42.19,32.91,41.56,30.95,10.07,152.0,255.0,416.67,732.5,1225.0,0.57,5.47,8.86,17.79,31.77,41.01,61.13,46.92,3.0,61.69,9.78,20.69,38.31,74.83,19.18,12.64,615.34,92.28,2887.16,208.73,335.6,542.09,1901.78,622.42,29.89,85.45,151.94,0.6,22.06,2.15,10.67,21.42,9.49,0.23,57.25,59.6,42.25,47.16,0.94,12.88,6.17,4.08,23.35,76.26,86.03,92.88,1104.66,53.43,3.46,22.03,65.84,62.03,75.0,9.77,27.6,28.77,18.93,9.14,10.87,0.5,40.56,9.34,23.13,94.78,90.27,26.27,96.72,98.78,2.61,0.4,35.53,36.54,3.4,29.12,18.22,41.64,0.53,7.77,14.39,16.02,0.57,4.38,1.22,4706,6031,5894,5787,5533,5072,4508,4431,4031,3423,2687,5251,2071,1706,1352,997,64466,986,4594,5953,5988,6251,5960,5569,5073,4692,4354,3715,3171,5106,2641,2224,1801,1366,1821,70279,61526,414,1583,59528,1691,9568,7119,7221,5644,102900,7151,23876,7088,95749,7085,16725,7132,79024,1946,1951,1870,10757,25100,12216,5937,3536,54524,42303,24669,134745,110076,115144,11984,7187,95973,133143,131628,0.492,0.66,0.701,0.598,0.824,0.698,-17.8579267,-41.5081533
2010,522185,52,5221858,VALPARAÍSO DE GOIÁS,73.91,1.79,14.83,17.3,44.95,92.93,81.79,3.04,9.96,1.58,0.96,3.62,0.83,3.84,1.23,4.6,65.58,70.03,74.37,17.23,16.45,19.51,17.19,13.52,6.12,102.28,110.6,77.03,76.84,30.61,89.53,92.28,46.44,58.23,12.04,25.38,95.87,87.44,27.59,13.58,80.84,86.63,93.31,97.71,96.77,94.46,28.51,3.15,18.32,7.8,2.06,1.12,86.51,87.19,59.77,69.59,79.56,66.26,62.89,45.01,51.84,45.81,51.43,44.28,8.3,237.2,382.5,600.0,1000.0,1508.0,0.5,1.54,2.69,7.75,12.45,24.31,36.09,38.79,4.07,54.74,12.05,24.79,45.26,84.34,12.88,9.25,764.73,155.77,2966.5,304.87,487.27,782.51,2130.53,764.73,42.95,100.18,172.73,0.45,17.82,0.86,0.99,15.63,11.45,0.05,66.7,70.66,51.18,56.14,0.64,9.16,5.69,1.4,9.74,64.46,79.01,89.6,1308.92,62.41,5.86,26.61,71.49,73.88,80.31,7.99,27.76,46.76,14.23,6.56,7.45,0.33,54.65,8.15,17.22,98.18,91.72,28.09,97.6,99.95,3.1,0.19,21.37,19.16,3.23,16.96,7.32,22.64,0.13,6.91,19.26,7.72,2.36,0.89,0.05,5990,6504,5828,6517,6874,6412,5409,4348,3394,2501,1714,6125,1210,728,500,312,64624,258,5916,6603,6221,6800,7469,7012,5667,4740,3850,2746,1848,6053,1185,847,666,366,369,68358,67861,769,2004,65088,2288,10267,7688,7626,7112,95783,7362,25366,7186,88421,7171,18004,7397,70417,2506,2432,2322,12585,27819,4043,6603,3767,49783,36762,0,132982,132982,108743,13107,7531,88104,132705,132705,0.663,0.712,0.746,0.695,0.815,0.733,-16.0686394,-47.9764907
2010,432000,43,4320008,SAPUCAIA DO SUL,75.65,1.83,11.9,13.89,41.78,94.58,84.54,6.48,9.71,1.18,1.05,3.33,0.72,3.5,0.83,4.05,58.95,62.63,69.38,21.01,21.24,24.12,20.04,16.12,6.5,98.13,110.44,62.72,36.4,35.09,86.59,92.33,37.93,32.52,14.26,14.59,97.96,84.54,31.75,18.83,44.58,59.88,74.2,90.42,97.39,94.08,26.94,2.64,5.91,6.37,1.81,2.45,86.7,87.52,57.2,65.93,81.54,58.86,54.33,39.11,47.67,36.39,47.92,34.14,4.84,275.0,450.0,633.33,997.5,1350.0,0.44,1.27,2.72,4.94,10.05,18.29,31.24,33.38,5.02,49.18,14.84,29.42,50.82,74.99,9.0,6.55,733.28,184.07,2447.75,359.97,534.44,784.93,1781.57,734.44,35.24,94.62,176.27,0.34,17.9,1.32,1.07,18.82,8.41,0.43,74.32,69.19,45.67,39.76,0.89,6.24,26.96,1.34,10.79,62.93,81.83,93.67,1175.63,58.65,4.14,28.6,79.64,67.39,81.44,7.38,31.94,25.15,11.3,6.66,8.19,0.25,63.6,3.44,12.65,98.81,97.83,19.7,99.49,99.8,0.41,2.5,21.14,55.42,2.61,20.62,7.39,29.07,0.0,5.65,18.9,5.47,1.08,0.97,0.2,4362,5811,5656,5555,5725,5342,4635,4453,4345,3842,3145,5024,2398,1575,942,541,63747,396,4395,5610,5445,5708,5901,5362,4812,4787,4647,4275,3575,4901,2758,1900,1373,877,884,67210,65857,473,1914,63471,1688,9012,6735,6768,5212,100841,6764,22362,6531,94077,6608,15598,6827,78479,1855,1944,1965,10383,23994,8488,5608,3372,52297,41145,488,130957,130469,112294,11421,6692,94180,130595,130389,0.589,0.643,0.726,0.624,0.844,0.726,-29.8197019,-51.1608722
2010,352530,35,3525300,JAÚ,78.13,1.69,9.6,11.13,41.26,95.76,87.75,8.93,10.3,1.46,0.97,4.69,0.99,4.92,1.38,5.64,76.0,77.62,83.39,14.3,14.28,13.86,9.7,8.1,2.76,94.77,104.04,68.56,89.03,28.19,86.68,92.02,51.63,75.35,15.72,26.33,97.0,76.89,23.8,9.77,89.37,92.26,96.81,98.65,97.81,92.34,12.82,1.58,8.11,2.86,2.52,0.41,91.27,88.53,69.23,75.25,79.56,57.15,53.0,47.4,52.96,39.16,52.75,36.6,13.03,377.5,545.0,753.33,1155.0,1670.0,0.45,0.46,1.01,2.45,5.94,9.04,18.66,37.36,5.42,51.63,15.24,28.79,48.37,76.51,9.81,6.78,951.17,257.73,3553.64,466.88,644.45,931.39,2456.93,951.29,39.82,98.96,179.39,0.36,18.17,3.06,2.62,16.81,6.64,0.04,75.1,65.56,45.78,38.05,0.68,14.22,31.26,1.05,8.05,63.25,81.38,91.76,1349.39,65.55,6.91,52.56,81.54,72.1,87.88,4.27,22.4,14.72,6.82,3.65,3.45,0.31,62.7,2.65,12.71,99.72,98.83,21.63,99.93,99.97,0.09,0.32,23.17,10.63,2.19,20.38,4.16,27.27,0.44,4.73,12.65,3.9,0.06,0.72,0.03,4252,4963,5057,5638,5900,5588,4927,4509,4388,3986,3234,4434,2415,1635,1364,959,64214,965,3926,4750,5000,5550,5971,5585,4968,4768,4698,4368,3540,4188,2689,2050,1697,1440,1638,66826,74768,671,3063,71033,1597,7670,5694,5760,4858,104288,5978,21185,6004,98310,6163,15207,6280,83103,1721,1731,1635,8932,20591,11698,4749,2997,53923,43373,4097,131040,126943,114060,9713,5829,98518,130260,130243,0.572,0.762,0.778,0.693,0.886,0.768,-22.293585,-48.559193
2010,315250,31,3152501,Pouso Alegre,77.33,1.81,11.58,13.55,39.65,94.85,85.62,7.29,9.63,1.21,0.73,3.99,0.75,4.21,1.07,4.91,62.16,65.36,70.62,20.4,20.1,22.45,17.44,14.54,6.93,97.86,106.62,73.61,82.58,34.15,91.33,94.07,54.72,68.4,19.66,31.16,97.34,88.5,29.98,11.96,87.88,91.56,96.5,98.0,98.15,95.59,23.95,1.46,10.51,4.36,1.84,0.68,87.17,89.1,65.88,75.42,81.98,61.9,57.86,50.74,55.88,43.97,56.61,41.57,14.84,302.88,487.75,666.67,1073.33,1672.33,0.49,0.83,1.75,4.1,8.89,15.03,28.02,39.55,4.6,54.48,13.5,26.32,45.52,77.07,11.72,8.06,878.26,201.85,3473.49,390.93,563.05,843.11,2387.58,878.34,36.86,97.28,175.48,0.42,21.91,3.02,7.12,17.74,7.35,0.11,72.63,68.43,49.37,41.44,0.74,15.85,17.91,1.27,8.69,65.7,80.41,91.23,1320.38,63.23,4.79,32.64,75.54,71.71,86.54,6.1,23.33,22.05,10.2,5.49,6.65,0.36,58.45,5.05,10.45,98.35,99.0,17.7,99.73,99.92,0.46,0.09,20.56,12.12,1.85,17.05,5.15,25.62,0.22,3.03,9.87,3.94,0.13,0.98,0.08,4211,5400,5544,5976,6109,5510,4870,4709,4356,3934,3022,4409,2276,1473,1132,788,64519,800,3950,5255,5412,5725,5929,5493,5094,4931,4721,4071,3374,4334,2476,1798,1395,990,1148,66096,71912,510,2103,69299,1670,8541,6334,6439,4818,103056,6457,22657,6458,96599,6804,16200,6907,80399,1673,1692,1675,9165,22026,9524,5255,3205,52557,41420,11025,130615,119590,113733,10655,6443,96635,129577,129564,0.619,0.751,0.774,0.704,0.872,0.755,-22.2343858,-45.9327241
2010,261640,26,2616407,VITÓRIA DE SANTO ANTÃO,71.07,1.8,23.8,25.65,47.09,94.47,83.66,7.43,9.41,6.68,4.85,21.77,6.81,23.11,11.45,26.78,57.99,63.24,71.56,17.84,18.36,20.04,24.17,18.41,8.4,103.58,118.11,62.63,88.71,17.46,86.7,92.74,32.74,62.21,7.99,23.53,96.7,81.5,30.09,13.61,84.55,87.46,91.9,93.85,96.92,92.88,33.66,5.63,22.2,8.77,1.16,1.15,84.86,83.86,44.56,53.07,61.04,40.05,35.3,31.01,36.06,25.58,34.27,23.2,4.75,124.4,196.4,289.0,506.67,735.0,0.54,10.51,16.08,25.19,38.4,55.68,72.3,43.55,3.25,58.09,11.05,22.94,41.91,72.3,15.77,10.28,401.16,65.13,1747.03,156.44,238.53,380.57,1138.83,404.7,33.37,78.47,144.14,0.54,28.54,1.65,15.59,20.79,7.29,0.52,40.03,47.59,32.42,37.25,1.25,6.59,10.22,5.5,39.01,85.59,92.22,96.54,778.01,50.3,5.43,22.28,62.25,58.33,70.85,12.89,28.76,23.62,22.96,12.38,15.89,0.49,31.91,4.08,29.13,83.68,78.43,24.03,96.16,99.77,10.1,2.61,42.12,15.45,3.08,36.17,25.5,52.53,0.14,8.49,19.26,21.31,1.81,4.66,0.23,4933,5994,6016,5851,5933,5232,4700,4089,3425,2805,2205,5291,1820,1407,1119,735,62409,854,4676,5836,5953,6083,6249,5764,5051,4624,4038,3320,2855,5218,2357,1831,1452,965,1293,67565,55275,643,1585,53047,1874,9346,6958,7056,5703,97990,7180,23883,7192,90810,7060,16703,6931,74107,2032,2057,2013,10928,25105,9655,5835,3597,51808,39788,16545,129974,113429,109888,11830,7116,90942,129301,128170,0.401,0.631,0.64,0.543,0.768,0.629,-8.1209019,-35.2944858
2010,260600,26,2606002,GARANHUNS,72.69,1.92,19.5,21.01,51.72,95.44,86.26,7.51,9.26,5.08,3.94,17.57,5.63,18.69,8.21,21.83,55.05,59.96,67.28,19.32,19.58,23.55,25.63,20.47,9.17,105.74,117.31,70.98,74.58,24.27,90.22,93.7,37.87,53.34,11.57,17.74,96.54,84.21,35.85,15.3,77.06,83.86,89.87,95.74,96.85,93.69,37.28,7.15,18.89,10.18,1.53,1.2,81.7,83.15,43.57,53.32,60.73,46.62,43.22,27.84,34.19,31.68,33.66,31.07,9.47,111.43,200.0,338.75,600.0,1000.0,0.59,12.07,19.52,26.72,40.14,51.18,67.39,46.07,2.35,62.27,8.68,19.34,37.73,73.89,21.23,14.43,492.44,57.74,2268.84,155.97,262.36,452.81,1542.07,497.02,35.66,75.04,134.14,0.65,25.78,1.54,14.47,21.27,6.59,0.11,44.43,55.62,40.02,43.64,1.3,11.78,7.11,8.1,37.56,78.59,86.88,93.48,955.07,52.14,5.96,25.15,64.01,60.95,73.52,11.59,21.24,29.22,24.54,10.86,13.26,0.55,30.67,9.37,25.47,90.06,85.16,24.51,98.44,99.66,8.46,0.79,42.56,22.94,3.15,34.51,24.22,47.85,0.65,5.69,26.03,17.52,1.07,4.5,0.34,5440,6317,5943,5936,5423,4933,4100,3611,3135,2532,2138,5687,1862,1349,1039,732,60976,799,5294,6193,6034,6343,6146,5652,4746,4381,3865,3261,2848,5468,2404,1895,1575,1019,1308,68432,56004,745,1818,53441,2138,9910,7293,7470,6411,95009,7234,24256,7141,87775,7099,17022,7135,70753,2185,2094,2201,11661,26417,9716,6193,3642,51477,39100,14052,129408,115356,107418,12510,7227,87681,128786,127599,0.466,0.607,0.664,0.556,0.795,0.662,-8.8905889,-36.4930896
2010,330270,33,3302700,MARICÁ,75.99,1.64,12.02,13.52,40.49,93.0,83.22,8.44,9.03,1.44,1.25,4.53,1.23,4.74,1.35,5.3,53.3,54.97,70.04,21.57,22.99,20.81,25.13,22.03,9.16,102.47,113.23,71.87,84.83,27.46,89.61,91.92,47.72,59.48,13.35,26.42,96.7,88.54,30.5,10.03,87.74,90.33,95.73,95.95,96.45,94.39,28.85,3.79,24.16,6.81,2.27,0.72,81.23,87.26,60.06,71.08,79.93,65.48,63.2,47.79,56.28,47.92,55.91,46.6,13.28,274.0,492.33,743.67,1248.5,1875.0,0.49,1.47,3.31,4.88,9.61,18.4,32.4,37.17,3.98,53.93,12.15,25.05,46.07,71.41,12.23,8.79,910.41,180.96,3384.25,372.31,587.19,956.45,2432.72,911.12,38.38,91.63,174.2,0.43,26.42,2.15,1.47,16.36,14.23,0.83,56.65,68.73,51.47,56.52,0.72,15.11,5.66,1.91,12.16,59.58,75.15,87.42,1412.35,55.52,3.42,15.61,61.62,63.61,75.6,8.21,37.36,25.17,19.04,7.78,10.97,0.37,39.37,7.71,22.93,93.07,81.23,25.53,94.43,99.99,5.94,0.11,21.36,12.26,3.55,18.47,6.55,27.72,0.37,4.93,12.51,6.5,1.19,1.54,0.01,3759,5244,4940,4592,5026,5047,4965,4733,4483,4245,3461,4332,2930,1920,1390,861,62649,721,3717,4851,4821,4710,5392,5440,5351,4748,4750,4284,3898,4076,2910,2091,1482,1056,1235,64812,61755,349,927,60479,1436,8078,6081,5993,4430,101482,6061,19063,5824,95421,5602,13002,5529,82419,1610,1641,1601,8784,21012,10756,4851,3008,52168,42637,1970,127461,125491,111228,10212,5941,95074,127228,127129,0.655,0.712,0.765,0.692,0.85,0.761,-22.9196772,-42.8184375
2010,350750,35,3507506,BOTUCATU,77.13,1.8,10.8,12.53,43.43,95.25,86.43,9.36,10.45,1.57,1.35,4.11,0.84,4.29,1.07,4.94,75.13,78.8,78.88,15.39,14.16,16.9,9.48,7.05,4.22,95.22,103.22,72.98,96.09,43.15,89.29,92.48,57.0,77.55,18.72,41.23,97.02,88.06,27.58,17.0,91.24,93.24,96.25,97.69,97.84,95.26,17.4,0.9,8.31,3.61,2.17,0.0,91.19,88.52,71.93,80.04,85.78,65.27,61.46,60.02,65.56,50.5,68.28,47.7,18.8,324.0,508.33,755.0,1327.5,2060.0,0.54,0.74,1.59,3.3,7.33,14.34,27.76,44.2,3.85,59.16,11.42,22.71,40.84,66.99,15.48,10.31,1089.1,209.59,4814.06,412.52,614.39,987.53,3206.38,1089.19,33.67,93.52,178.0,0.52,18.21,2.89,5.51,13.87,7.51,0.03,73.64,73.55,59.36,50.94,1.15,20.97,16.85,1.75,10.76,58.06,73.83,87.92,1510.55,58.95,5.01,28.51,72.43,66.67,82.07,7.37,27.19,30.69,14.94,6.57,7.3,0.36,58.52,6.07,12.89,98.85,98.24,20.28,99.69,99.78,0.14,0.75,17.85,8.76,2.16,15.42,5.04,25.07,0.31,5.42,10.66,5.88,0.22,0.84,0.22,4156,4974,5081,5480,5585,5275,4603,4139,4028,3650,3072,4453,2362,1718,1249,1012,61761,924,3952,4954,4953,5425,5771,5416,4771,4527,4394,4043,3467,4151,2733,2108,1734,1371,1797,65567,65225,505,1733,62987,1604,7918,5896,6018,4823,100688,6005,20939,5922,94683,6205,14934,6337,79749,1681,1671,1640,8943,20897,11913,4954,2952,52510,42132,4650,127328,122678,110647,10087,6079,94481,126813,126804,0.653,0.798,0.8,0.746,0.869,0.79,-22.8879628,-48.4410712
2010,315670,31,3156700,Sabará,74.99,1.88,15.4,17.85,43.49,93.58,82.49,6.39,9.06,1.03,0.9,4.96,0.8,5.27,1.2,6.21,60.37,60.91,75.37,20.79,21.04,18.1,18.84,18.04,6.53,100.48,108.71,76.36,73.29,25.64,88.09,92.08,53.21,62.57,10.67,20.3,96.41,87.12,26.71,13.65,86.32,89.29,94.08,95.66,97.34,94.74,18.64,2.74,17.97,6.75,1.55,0.5,86.2,85.39,69.22,76.4,77.22,56.05,51.55,43.34,49.11,38.26,50.04,35.95,6.88,233.33,363.0,510.0,820.0,1210.0,0.45,1.51,2.78,7.08,12.49,25.27,42.1,34.46,5.03,50.14,14.62,28.92,49.86,77.63,9.43,6.89,619.93,156.0,2136.38,297.32,443.09,649.15,1561.88,620.37,41.53,94.99,175.19,0.35,16.83,0.79,1.65,14.87,10.42,1.26,75.36,63.94,45.68,52.49,0.82,8.12,9.85,1.12,9.6,74.64,86.7,94.91,999.71,59.16,3.83,24.39,73.74,69.03,82.19,8.07,19.95,35.62,14.4,7.25,9.35,0.25,64.92,4.51,12.08,97.28,96.71,27.66,96.05,99.91,1.14,0.22,27.04,13.68,2.66,21.13,8.74,28.9,0.37,5.28,18.42,7.54,2.8,1.29,0.09,4342,5919,5591,5593,5766,5248,4550,4288,3844,3325,2459,4934,1785,1253,880,558,60828,493,4270,5783,5601,5596,5868,5884,4811,4564,4311,3799,2940,4938,2180,1643,1296,902,1055,65441,63719,448,1641,61631,1727,9251,6991,6914,5107,95991,6789,22366,6620,89202,6574,15577,6611,73625,1776,1902,1897,10404,24318,8067,5778,3432,50405,39217,3185,126269,123084,107704,11702,6725,89277,125980,125891,0.561,0.732,0.731,0.67,0.833,0.699,-19.8900372,-43.8107916
2010,292530,29,2925303,PORTO SEGURO,73.05,2.61,19.0,20.49,51.82,95.56,86.78,3.48,8.75,4.27,2.44,11.98,2.66,12.85,4.72,15.43,51.59,55.15,63.68,22.55,23.27,24.84,25.86,21.57,11.48,102.4,114.97,60.32,59.52,12.66,87.7,93.03,32.38,45.15,4.5,14.95,96.06,80.78,23.82,11.17,76.08,81.62,90.67,94.95,96.94,93.23,33.13,4.4,29.08,7.66,1.29,0.61,80.57,84.67,47.39,55.42,66.66,49.86,45.59,26.01,34.41,31.4,30.76,30.64,7.28,144.11,233.33,353.33,630.0,1055.0,0.56,7.33,11.91,19.78,31.42,45.99,63.34,45.62,3.16,60.75,10.15,21.09,39.25,82.73,17.97,11.96,527.04,83.37,2404.16,184.13,288.31,478.45,1600.28,532.5,34.76,82.58,148.68,0.57,24.27,2.98,9.77,18.65,9.75,0.01,49.81,54.75,35.71,49.73,0.93,7.7,6.57,3.14,22.17,79.49,88.16,94.13,972.86,63.29,8.3,34.21,72.58,75.24,81.94,10.1,11.63,23.62,16.64,9.52,9.13,0.4,38.3,5.92,25.85,87.28,81.92,39.16,97.3,98.21,7.76,4.54,37.98,23.92,3.06,31.31,20.46,38.62,1.24,11.85,27.28,14.89,0.94,2.16,1.79,6162,7016,5685,5788,6329,5917,4840,4074,3163,2575,1773,6597,1336,894,591,379,63489,370,5915,6748,5914,6241,6569,6149,4750,3939,3125,2477,1759,6461,1207,879,525,363,419,63440,64532,1143,2477,60912,2384,10662,8035,7859,7255,87961,7291,23613,7147,80670,6477,16322,6339,64348,2430,2564,2507,13580,29150,4417,6744,3696,44283,32135,22851,126929,104078,101967,13764,7241,80962,125914,124623,0.499,0.612,0.676,0.572,0.801,0.673,-16.443473,-39.064251
2010,350410,35,3504107,ATIBAIA,76.03,1.81,12.77,14.81,44.19,94.91,84.6,8.89,9.68,1.51,1.08,4.92,1.27,5.17,1.71,5.9,67.6,70.32,76.37,19.1,18.09,19.16,13.3,11.59,4.47,108.01,117.07,82.13,84.33,32.49,86.27,91.52,47.02,67.36,15.14,28.27,96.3,84.72,30.54,17.62,80.79,85.45,90.05,94.93,97.31,94.04,19.09,2.66,7.35,6.7,1.82,1.32,86.95,86.38,66.31,74.12,78.15,58.02,54.22,44.56,49.2,38.32,51.19,36.26,14.24,320.0,504.0,746.67,1326.67,2175.0,0.53,0.95,1.93,4.52,8.95,14.3,26.59,43.05,3.87,58.94,11.61,22.96,41.06,77.75,14.84,10.04,1063.52,205.54,4578.4,411.59,603.8,962.61,3099.2,1064.06,39.85,96.65,172.63,0.5,23.22,3.89,7.69,15.6,9.6,0.11,64.76,62.85,42.54,44.4,0.83,15.14,15.09,2.07,9.73,62.52,76.23,86.35,1615.57,61.11,6.29,30.71,73.35,69.31,82.37,5.71,33.4,25.41,10.61,4.84,3.89,0.44,52.86,1.96,16.24,97.66,91.44,29.87,99.44,99.96,2.4,0.59,24.4,19.21,2.69,20.72,5.94,28.99,0.0,3.78,16.18,5.2,0.21,1.12,0.04,4145,5400,5226,5559,5347,5132,4731,4265,4150,3617,2936,4612,2234,1738,1328,889,62211,902,3840,5069,4945,5219,5455,5312,4916,4670,4525,3851,3141,4391,2606,2100,1566,1225,1561,64392,66960,659,1902,64400,1606,8263,6170,6234,4713,98613,6123,20792,6044,92490,6115,14669,6195,77821,1633,1780,1692,9350,21667,11260,5042,2997,50824,40717,11374,126603,115229,109571,10469,6191,92911,125501,125437,0.58,0.72,0.765,0.67,0.851,0.786,-23.1177393,-46.5547861
2010,310560,31,3105608,Barbacena,77.88,1.74,10.53,12.32,40.39,95.08,86.19,8.57,9.87,0.97,0.65,5.43,0.98,5.76,1.24,6.66,64.8,67.82,73.56,18.22,17.95,20.42,16.98,14.23,6.02,99.99,107.55,81.39,76.24,26.57,90.23,92.19,56.04,64.76,14.04,16.84,98.07,90.53,28.22,10.88,85.58,89.33,96.13,99.09,98.42,96.14,22.09,2.27,13.21,7.16,2.97,0.88,87.6,88.01,68.05,76.54,84.04,56.88,51.8,50.19,60.38,42.19,59.52,38.79,13.78,215.83,345.0,511.67,997.0,1566.67,0.58,1.7,3.15,9.07,17.69,27.84,45.35,49.07,3.33,63.38,9.91,20.31,36.62,58.92,19.82,12.75,854.27,142.36,4192.25,280.76,444.34,696.87,2698.26,855.56,31.91,98.87,171.24,0.62,20.0,2.1,7.51,17.33,8.21,0.67,70.61,65.11,49.78,51.63,1.16,16.16,6.93,2.8,14.14,71.45,82.75,91.9,1181.13,53.27,4.1,19.75,65.24,60.85,77.53,10.4,22.78,37.07,22.28,9.71,10.92,0.42,50.4,9.82,15.15,96.96,96.19,15.29,98.63,99.86,0.3,0.18,23.98,14.42,1.58,20.23,9.21,31.31,0.0,3.39,12.1,10.32,0.79,1.85,0.14,3762,5035,5482,5281,4955,4770,4441,4499,4334,3936,2944,4067,2347,1643,1199,739,60162,728,3628,4988,5262,5387,5296,5102,4893,5112,4944,4607,3511,4017,2836,2123,1642,1257,1517,66122,58948,411,1300,57236,1455,8076,5941,6141,4300,100585,6458,21382,6431,94127,6469,14924,6486,79203,1617,1577,1514,8408,20775,10824,4977,3137,53393,42760,10716,126284,115568,110664,10023,6583,94057,124847,124658,0.569,0.755,0.769,0.687,0.881,0.751,-21.2254524,-43.7735087
2010,432240,43,4322400,URUGUAIANA,76.8,2.31,11.75,13.25,49.93,95.47,86.83,7.27,10.48,0.95,0.91,4.07,1.07,4.33,1.7,4.98,67.77,73.55,66.91,18.71,17.69,24.65,13.52,8.76,8.44,97.54,106.5,71.34,50.29,21.06,89.89,93.04,48.17,43.07,10.02,16.31,98.45,86.17,24.79,9.8,60.01,70.25,81.54,90.1,97.6,94.68,25.77,2.36,7.86,6.32,2.31,0.34,92.23,91.4,62.74,71.25,79.42,60.57,56.87,39.74,46.55,39.15,49.06,37.7,10.75,186.67,311.0,500.0,800.0,1302.5,0.57,3.49,7.23,12.23,22.81,31.86,49.17,47.66,3.29,61.33,10.26,21.37,38.67,73.62,18.58,12.05,714.26,117.66,3404.41,248.81,396.7,617.78,2207.41,715.87,36.27,87.51,157.76,0.59,28.03,2.42,10.72,16.86,6.66,0.13,61.45,66.82,45.21,51.68,1.05,12.63,4.7,2.26,18.88,71.59,83.87,92.16,1207.81,56.73,5.29,28.16,69.31,66.41,76.84,8.92,23.42,37.73,18.02,7.73,9.79,0.45,45.1,6.09,16.25,98.25,95.9,30.52,98.9,99.22,0.82,5.01,22.39,39.99,2.4,18.5,9.3,28.96,0.54,8.05,22.33,9.5,0.51,2.11,0.78,4775,6077,5582,4955,4866,4501,4261,4179,4077,3488,2730,5513,2216,1486,1060,636,61009,607,4800,6028,5599,5085,5139,4768,4366,4472,4319,3711,2983,5459,2366,1756,1422,968,1185,64426,59498,640,2026,56832,1873,9564,7175,7059,5666,92783,7060,21221,6570,85723,6193,14161,6122,71562,2036,2129,2145,11384,25938,9120,6028,3534,48139,37455,8020,125435,117415,104880,12105,7194,85580,124283,124003,0.606,0.691,0.744,0.661,0.863,0.722,-29.7564894,-57.0867197
2010,351640,35,3516408,FRANCO DA ROCHA,76.09,1.8,13.1,15.18,41.28,95.01,84.87,4.59,10.2,2.1,1.23,5.97,2.08,6.33,2.49,7.32,75.75,78.02,82.7,12.6,11.97,13.88,11.64,10.02,3.42,93.65,101.65,70.78,77.33,18.08,84.24,88.61,48.94,68.57,7.31,18.86,94.67,84.48,16.77,11.09,82.09,86.45,92.58,96.59,95.7,92.79,14.66,1.1,9.26,3.39,2.86,1.24,86.69,85.11,67.81,74.4,69.74,52.73,48.69,44.06,47.19,35.12,46.29,32.26,5.81,238.75,377.5,536.67,852.5,1212.5,0.44,1.75,3.27,6.83,12.12,23.54,36.08,33.36,5.0,49.49,14.72,29.22,50.51,81.23,9.07,6.72,632.42,158.08,2109.76,307.24,458.74,673.19,1562.76,632.7,37.93,94.58,172.56,0.34,14.73,0.39,1.2,14.19,9.05,0.08,72.59,65.34,46.08,52.28,0.76,7.96,14.72,1.31,11.76,67.73,84.7,94.58,1099.71,56.06,3.94,28.46,66.04,64.78,70.53,10.21,38.98,41.16,18.46,8.97,10.95,0.24,61.1,7.63,15.31,97.81,93.95,43.6,98.51,99.9,1.55,0.8,21.91,17.91,4.3,19.55,7.43,29.75,0.26,5.93,21.38,8.68,4.55,1.33,0.1,4878,6059,5934,7352,7442,6542,5200,4474,3642,3299,2742,5231,1973,1142,742,428,67462,382,4622,5813,5585,5917,6323,5815,5071,4378,3836,3515,2873,4982,2054,1249,863,600,646,64142,62694,467,1983,60244,1914,9450,7070,7103,5624,97191,6927,23942,6729,90264,6980,17015,7218,73249,1960,1993,1970,10640,24769,6046,5813,3443,48719,37219,10360,131604,121244,111836,11872,6966,92998,123427,123372,0.527,0.728,0.731,0.654,0.852,0.702,-23.3328038,-46.724446
2010,317070,31,3170701,Varginha,77.49,1.5,12.21,14.09,39.18,95.11,86.26,7.17,9.74,1.13,0.63,4.65,0.78,4.92,0.9,5.72,68.15,70.89,77.93,16.74,16.32,15.77,15.11,12.79,6.3,98.28,107.63,73.51,76.5,34.03,89.47,94.77,52.24,64.86,18.33,23.51,97.49,86.78,31.17,10.77,86.05,89.98,94.71,98.36,97.94,94.88,19.39,1.68,10.73,5.89,1.44,1.08,92.02,92.22,67.33,74.6,84.49,62.93,58.75,45.61,57.46,44.57,55.96,42.08,15.54,298.0,452.0,633.33,1077.5,1750.0,0.51,0.39,0.91,3.83,8.31,16.48,29.56,42.19,4.44,57.29,12.66,24.52,42.71,75.69,13.34,9.04,904.57,200.61,3816.64,371.78,536.43,823.08,2588.47,904.57,27.25,107.76,184.39,0.46,17.49,2.88,5.94,18.38,6.73,0.25,75.86,69.98,51.45,46.41,1.27,16.76,15.51,1.39,8.96,66.69,79.84,89.61,1382.27,61.96,3.27,32.67,79.6,70.37,84.83,7.34,32.82,27.45,15.04,6.57,7.05,0.41,60.49,5.48,12.54,99.4,98.42,18.11,99.88,99.97,0.07,0.06,18.37,13.95,2.06,15.69,5.46,24.21,0.45,4.24,9.54,5.97,0.22,1.06,0.03,3797,4986,5092,5405,5580,5319,4472,4348,4096,3817,3065,4112,2137,1380,1029,661,59957,661,3869,4922,5013,5450,5696,5596,4723,4491,4434,4160,3268,4138,2268,1676,1297,943,1180,63124,66310,324,2031,63955,1507,7845,5787,5885,4562,97257,6039,20960,5977,91218,6171,14921,6332,76297,1597,1592,1594,8721,20627,8827,4922,3016,50195,39732,4020,123081,119061,107013,9908,6217,90888,122584,122584,0.629,0.749,0.778,0.707,0.875,0.76,-21.5565914,-45.4340674
2010,150210,15,1502103,CAMETÁ,70.21,2.93,26.2,28.26,69.15,93.92,82.22,5.29,8.58,6.93,3.16,10.53,2.97,11.43,4.49,14.32,42.72,48.1,60.17,21.46,23.19,26.9,35.82,28.72,12.94,113.05,126.67,70.68,66.21,11.23,92.05,94.72,28.1,50.63,4.07,16.32,95.77,86.17,37.73,14.29,79.67,84.7,91.94,95.11,96.74,94.17,52.62,11.18,25.06,15.88,0.97,0.15,68.55,76.77,33.97,41.43,57.15,39.12,32.99,14.4,25.18,22.04,22.66,20.97,3.15,38.25,102.91,171.43,295.0,450.0,0.58,29.03,38.13,50.71,62.65,75.25,84.18,44.17,1.51,60.11,7.8,20.0,39.89,63.8,22.65,15.41,226.99,17.19,1002.64,71.36,138.42,225.73,682.41,238.49,28.93,60.84,103.11,0.61,42.58,0.43,54.53,10.6,4.95,0.05,19.08,40.29,23.3,22.5,0.64,3.52,4.14,28.42,70.45,92.35,96.07,98.27,415.57,53.22,19.44,30.93,54.02,63.45,71.42,6.87,10.03,7.61,12.71,6.61,7.25,0.54,5.79,6.75,17.95,62.32,43.07,71.59,88.13,85.35,42.24,8.88,45.21,20.33,3.26,37.49,31.81,57.0,0.69,11.2,22.64,19.37,2.72,7.07,14.65,6929,7816,7172,6325,5406,4522,3582,2843,2186,1919,1759,7257,1254,1154,773,523,62016,596,6649,7518,6703,5972,4994,4033,3214,2638,2059,1859,1669,6858,1362,1132,859,553,808,58880,49640,2981,2658,44001,2540,12100,9065,9109,8281,77869,8489,26172,8455,69380,8017,17683,7644,51697,2757,2800,2683,14549,32361,6398,7518,4140,37855,25180,68058,120896,52838,93278,15334,8592,69352,120687,114871,0.391,0.522,0.577,0.474,0.754,0.538,-2.242949,-49.497885
2010,230420,23,2304202,CRATO,74.3,2.23,16.48,17.67,50.2,96.46,88.91,7.79,10.47,3.31,2.28,14.94,3.3,16.03,5.75,19.29,67.49,71.96,76.32,16.95,16.16,16.67,15.56,11.89,7.0,104.11,112.79,80.94,86.81,34.68,91.07,93.51,50.87,65.12,19.32,28.99,97.04,84.59,35.68,12.88,93.42,95.11,97.56,99.03,97.77,94.18,26.6,3.1,23.98,8.4,2.66,0.84,86.59,88.79,60.49,72.18,78.69,56.82,51.3,48.25,53.61,40.69,52.79,37.44,10.83,124.57,200.0,319.25,522.0,975.0,0.57,8.61,13.69,24.54,38.05,50.89,68.49,46.75,3.04,61.39,9.91,20.86,38.61,71.17,18.87,12.4,470.46,71.61,2199.47,161.5,257.64,417.41,1444.78,472.46,37.58,82.58,141.44,0.59,24.53,1.12,13.82,18.27,7.87,0.09,44.3,63.12,46.73,43.49,0.9,12.38,13.76,8.1,39.19,82.67,89.15,94.47,822.55,53.95,6.74,25.34,61.38,63.11,76.28,9.01,6.72,27.03,18.79,8.4,9.05,0.51,32.86,7.02,28.8,90.03,83.8,34.3,92.23,99.7,6.68,8.3,25.61,6.58,2.23,20.67,14.33,38.52,0.34,5.92,16.08,15.71,0.9,3.86,0.3,4776,5892,5743,5976,5125,4648,3927,3506,3000,2312,1946,5153,1743,1373,1054,640,57616,802,4664,5737,6060,6284,5564,5269,4391,4046,3592,3029,2526,4893,2155,1708,1445,1042,1407,63812,55009,784,1864,52361,1915,9295,6916,7090,5537,90251,7119,24049,7043,83132,7151,16930,7255,66202,1980,1982,1781,10385,24408,9462,5733,3677,48484,36150,20512,121428,100916,101955,11629,7357,82969,120655,120144,0.568,0.732,0.713,0.673,0.822,0.655,-7.2369112,-39.4149236
2010,410140,41,4101408,APUCARANA,75.71,1.53,12.56,14.32,42.72,94.32,85.08,8.41,10.82,0.91,0.59,5.9,0.71,6.27,1.01,7.39,74.9,78.38,79.99,13.69,12.66,16.83,11.42,8.96,3.18,101.4,108.76,81.1,45.39,32.98,88.78,91.97,51.05,34.68,19.44,26.03,97.16,80.63,30.97,11.69,68.17,77.81,85.92,96.62,97.82,93.25,18.71,1.68,17.03,4.78,3.7,2.61,91.8,90.87,69.41,74.33,79.55,54.82,49.77,47.84,52.48,36.83,55.52,33.63,11.53,320.0,476.0,658.5,1000.0,1500.0,0.45,0.45,0.91,3.09,6.82,13.05,24.94,35.78,5.45,50.97,15.27,29.11,49.03,80.1,9.37,6.74,804.81,219.27,2879.58,395.07,556.96,801.85,2071.72,805.2,35.2,105.86,182.0,0.34,21.88,4.27,6.54,16.26,6.17,0.04,67.48,62.82,43.26,34.73,1.19,13.4,32.08,1.78,11.97,69.19,83.0,91.84,1207.71,65.47,8.17,42.06,80.52,73.3,89.06,3.79,11.93,15.19,7.42,3.26,3.55,0.33,54.39,3.0,14.94,98.56,98.57,14.38,98.65,99.89,0.59,0.99,22.32,31.83,2.18,21.51,5.59,30.44,0.3,6.53,13.38,4.16,0.41,0.94,0.11,4003,4913,5343,5282,4951,4750,4228,4403,3811,3302,2748,4209,2199,1734,1280,784,58682,742,3967,4820,5138,5283,5122,4911,4504,4795,4245,3847,3270,4091,2612,1964,1498,1059,1111,62237,68509,795,2501,65213,1562,7791,5728,5966,4763,94820,6251,21018,6231,88569,6379,14767,6373,73802,1645,1651,1627,8586,20563,10166,4818,3037,49349,38931,6821,120919,114098,104642,9733,5945,88964,120486,120427,0.548,0.737,0.748,0.668,0.845,0.741,-23.5525327,-51.4610764
2010,251370,25,2513703,SANTA RITA,71.43,2.12,21.18,22.95,50.24,94.5,83.97,6.72,8.95,6.24,3.96,20.61,6.14,22.01,9.98,25.63,52.74,57.54,68.19,19.32,19.91,20.15,27.94,22.54,11.65,109.61,122.34,70.8,73.78,12.86,89.26,92.8,34.78,53.95,6.11,18.92,95.12,82.35,29.55,12.03,81.51,86.17,90.53,95.22,96.31,92.87,39.62,6.65,23.61,10.51,1.33,0.44,78.12,83.83,43.66,53.57,62.77,41.92,37.11,28.65,35.67,25.68,37.47,23.38,2.92,120.4,188.57,282.5,468.8,638.33,0.46,8.91,14.37,26.14,40.33,55.93,72.17,33.88,4.12,50.14,13.53,27.81,49.86,72.19,10.02,7.41,328.16,67.66,1111.85,154.31,234.4,361.74,822.52,332.4,30.72,82.45,143.53,0.38,21.21,0.56,7.25,19.01,9.16,0.29,54.07,52.11,34.68,38.21,1.0,4.35,17.64,3.26,29.51,88.07,94.95,98.3,659.25,48.1,4.59,14.64,58.98,57.17,66.94,11.76,19.8,28.04,24.63,11.32,14.64,0.26,47.05,3.85,24.79,88.41,82.63,31.72,93.47,99.5,11.6,5.56,43.35,18.49,3.69,35.82,25.48,48.17,0.42,11.06,21.35,21.9,3.17,4.78,0.5,4941,5929,5479,5338,5247,5027,4382,3947,3056,2571,1937,5359,1606,1190,896,515,58119,699,4834,5960,5623,5501,5506,5424,4657,4212,3515,2767,2303,5120,1979,1570,1258,842,1120,62191,48130,546,973,46611,1954,9530,7066,7052,5873,88167,6841,21941,6614,81326,6360,15100,6357,66226,1948,2025,2053,10813,25026,8090,5960,3459,46277,35153,16593,120310,103717,100065,11889,6651,81525,119874,118347,0.419,0.602,0.627,0.534,0.774,0.597,-7.128465,-34.9846186
2010,330420,33,3304201,RESENDE,75.31,1.71,13.85,15.58,41.34,92.77,82.71,7.31,9.62,1.39,0.88,4.21,0.79,4.44,1.27,5.13,59.3,64.68,62.2,23.64,22.77,30.08,17.06,12.55,7.72,105.87,115.21,80.25,95.91,40.14,90.22,93.89,48.52,70.79,16.7,33.08,96.32,89.93,32.84,16.12,89.86,93.0,96.87,98.62,96.99,95.11,28.14,2.61,15.54,7.75,1.28,1.1,85.96,87.89,59.54,73.75,83.63,66.35,63.1,50.94,57.94,47.94,61.38,46.05,15.35,266.67,440.0,666.67,1152.5,1905.0,0.52,0.82,1.59,5.28,10.28,18.54,31.39,41.87,3.99,57.48,11.72,23.58,42.52,76.43,14.3,9.83,915.21,182.59,3832.23,353.51,542.99,866.71,2634.48,915.76,35.12,104.11,176.09,0.47,16.26,1.72,2.45,14.14,8.11,0.18,75.22,72.47,54.74,48.72,1.28,16.96,18.89,1.39,10.3,62.7,77.34,88.2,1450.29,60.65,4.47,28.32,72.69,69.29,82.66,8.77,33.8,34.96,18.32,7.83,9.84,0.41,63.13,4.67,13.09,98.28,98.44,22.59,99.76,99.89,0.21,0.3,18.41,10.14,3.01,15.87,5.89,23.08,0.66,4.62,11.42,7.08,0.32,1.08,0.11,4053,5051,4834,5165,5327,5040,4500,4283,3887,3518,2647,4238,2040,1431,1025,622,58268,607,3904,4872,4806,5144,5379,5194,4712,4553,4364,3867,3060,4165,2414,1687,1312,936,1132,61501,62763,444,1733,60586,1548,7941,6019,5940,4819,93461,5909,19946,5692,87552,5802,14037,5947,73515,1586,1572,1608,8806,20810,8751,4870,2958,48549,38601,7438,119769,112331,103480,9923,6120,87438,119435,119363,0.664,0.733,0.768,0.709,0.839,0.762,-22.4683626,-44.4463494
2010,410180,41,4101804,ARAUCÁRIA,76.11,1.93,12.04,14.15,42.52,94.7,85.01,4.53,10.4,1.19,0.63,3.57,0.59,3.81,0.76,4.58,67.62,71.05,78.66,13.55,13.51,14.89,18.83,15.44,6.45,108.33,116.35,84.91,38.34,23.08,87.9,92.14,43.44,29.89,10.79,25.63,96.55,80.77,27.58,14.91,62.21,72.97,84.67,96.05,97.4,93.16,24.4,1.84,23.21,7.32,2.63,1.23,89.63,90.41,58.16,67.86,77.52,56.9,51.96,38.33,45.0,34.28,42.87,31.72,5.73,306.0,478.0,666.67,1000.0,1410.0,0.46,0.83,1.4,3.13,5.64,14.09,23.16,36.95,5.18,51.22,14.81,28.67,48.78,83.92,9.98,7.03,814.39,211.11,3009.43,391.85,564.61,818.6,2118.03,814.73,36.04,91.97,180.55,0.37,16.93,1.13,5.97,11.6,9.72,2.08,75.48,63.28,39.43,40.07,1.17,7.07,19.69,2.42,10.85,59.68,79.11,92.29,1363.09,64.91,7.32,34.9,81.28,75.21,85.52,6.79,29.25,26.01,11.71,5.78,4.27,0.34,66.99,3.0,9.89,98.37,97.15,21.37,99.25,99.85,0.2,2.36,21.38,37.79,2.6,20.15,5.43,26.69,0.13,7.2,17.7,4.16,1.14,0.73,0.15,4670,5768,5760,5623,5611,5358,4760,4254,3548,2915,2341,4877,1626,1026,673,432,59606,364,4341,5574,5499,5624,5507,5110,4868,4332,3809,3080,2361,4831,1586,1116,766,573,540,59517,65186,830,2288,62068,1835,8988,6684,6867,5324,88310,6675,22333,6609,81635,6715,15658,6704,65977,1790,1861,1852,10055,23547,5398,5535,3242,44388,33352,8918,119123,110205,100428,11342,6558,82529,119047,118997,0.569,0.677,0.74,0.639,0.852,0.743,-25.5861107,-49.4051209
2010,412770,41,4127700,TOLEDO,76.3,1.82,12.12,13.81,39.44,94.74,86.07,6.84,11.59,0.96,0.61,4.6,0.66,4.89,0.84,5.84,72.6,77.78,76.25,14.63,13.53,19.72,12.77,8.68,4.03,103.65,113.14,79.63,86.79,43.6,90.78,93.06,53.11,68.24,23.57,32.96,98.15,87.43,36.79,19.09,92.07,94.79,98.38,99.36,98.76,95.55,22.88,2.05,21.67,4.97,3.56,2.5,92.69,92.33,67.18,75.08,81.96,58.58,53.41,49.1,55.7,40.44,54.66,37.07,13.48,330.0,500.0,699.5,1080.0,1670.0,0.46,0.78,1.51,2.88,5.9,12.96,20.97,37.4,5.1,52.47,14.56,27.86,47.53,80.1,10.27,7.2,876.72,223.42,3279.08,415.02,582.99,862.03,2298.83,877.01,35.7,91.1,184.11,0.37,19.9,3.96,12.65,16.81,7.3,0.07,75.49,65.8,46.19,34.64,0.94,15.06,24.37,2.98,13.22,66.29,80.38,91.02,1275.8,67.96,8.28,47.93,82.62,76.28,89.0,4.83,13.6,23.28,8.66,3.85,4.43,0.34,57.78,4.02,11.54,99.22,97.48,10.11,98.92,99.97,0.82,0.86,19.9,7.93,1.24,19.49,5.23,25.15,0.2,5.99,14.53,4.03,0.12,0.77,0.03,3742,5032,5415,5788,5353,4751,4474,4393,4194,3219,2500,4129,1802,1268,992,709,58337,576,3755,4899,5435,5704,5393,4961,4733,4823,4543,3455,2620,4027,2012,1635,1183,883,915,60976,70368,822,3153,66393,1624,7935,5874,6098,4283,93729,6379,22342,6417,87350,6762,15963,6940,71387,1590,1599,1539,8553,20722,8161,4899,3164,48295,37156,11054,119313,108259,103546,9931,6579,87036,118908,118869,0.586,0.768,0.768,0.702,0.855,0.755,-24.7222438,-53.7402476
2010,351350,35,3513504,CUBATÃO,74.23,1.98,16.17,18.34,41.35,94.02,82.24,5.11,10.1,1.43,1.2,5.32,1.09,5.62,1.45,6.63,65.97,71.04,71.74,18.49,18.52,20.82,15.54,10.45,7.44,101.34,110.15,75.21,75.03,20.26,90.77,94.22,47.64,68.65,10.03,20.66,97.93,86.87,23.77,10.63,83.4,87.86,94.81,98.1,98.05,95.23,28.11,1.77,9.75,5.82,1.62,0.88,90.99,90.85,59.97,70.21,78.56,59.32,55.03,45.63,53.42,41.6,53.02,38.96,6.71,249.86,400.0,596.0,935.0,1343.33,0.45,2.36,4.23,7.29,13.09,21.95,35.13,34.23,4.54,50.29,13.94,28.22,49.71,76.23,9.82,7.21,689.21,156.55,2359.11,323.69,492.06,740.86,1732.05,691.96,30.9,84.23,166.22,0.37,13.02,0.66,0.53,11.44,11.14,1.59,80.91,69.12,50.89,43.66,1.22,8.51,18.3,0.69,11.19,59.95,79.92,92.8,1219.18,57.99,2.64,22.45,74.9,67.3,79.62,13.69,41.52,28.96,23.49,13.19,14.95,0.25,71.77,3.9,10.09,87.94,96.22,33.85,98.66,99.99,2.13,5.3,23.78,16.6,1.95,18.97,7.7,27.57,0.45,8.4,19.59,8.74,0.86,1.31,0.01,4501,5299,5058,5707,5886,5181,4566,4488,3884,3213,2495,4846,1566,1017,742,405,59229,375,4332,5028,5198,5390,5604,5279,4591,4458,4000,3295,2409,4646,1728,1365,943,608,617,59491,58273,273,1343,56657,1716,8130,6169,6016,5197,90040,6102,21349,6126,83938,6222,15247,6377,68691,1920,1925,1830,9761,21946,6069,5027,3091,45472,34886,0,118720,118720,100493,10327,5982,84184,118004,117535,0.593,0.729,0.737,0.681,0.821,0.716,-23.8857982,-46.4241869
2010,430310,43,4303103,CACHOEIRINHA,76.42,1.77,11.6,13.09,40.77,95.14,85.99,7.06,10.05,1.22,0.96,2.94,0.72,3.07,0.81,3.52,67.31,69.65,74.17,20.78,20.24,21.37,11.91,10.11,4.46,94.73,101.61,74.9,35.9,37.73,87.07,90.35,52.67,28.57,14.5,28.08,96.19,87.07,29.18,16.3,48.53,61.71,69.14,84.82,95.99,93.69,17.86,1.92,4.09,5.11,2.44,1.56,89.86,88.66,68.16,78.93,84.44,65.99,62.48,45.62,55.12,45.08,53.86,43.17,6.77,329.75,507.33,745.0,1125.0,1532.0,0.44,1.39,2.67,3.91,7.73,13.22,23.83,33.46,5.02,49.22,14.79,29.29,50.78,79.6,9.05,6.64,844.04,211.86,2823.77,412.48,611.94,906.78,2072.87,847.19,30.52,87.79,171.24,0.34,20.1,3.19,0.36,22.4,7.63,0.11,74.33,76.2,55.68,45.76,1.11,8.34,20.5,0.85,8.06,58.88,77.63,90.91,1340.6,61.56,2.53,30.16,80.84,70.55,85.98,7.01,25.87,34.03,12.39,6.15,6.24,0.28,59.57,4.42,12.11,99.21,97.07,18.87,99.35,99.53,0.6,2.83,15.77,51.47,4.01,14.82,4.19,24.52,0.21,5.06,12.8,3.49,0.55,0.72,0.47,3798,5112,4847,5006,5256,4814,4211,4173,4068,3630,2717,4238,1974,1361,982,572,57173,414,3716,4943,4843,4994,5359,5003,4477,4636,4478,3969,3123,4096,2447,1807,1377,940,897,61105,63034,254,1769,61011,1482,7865,5916,5823,4399,92375,5820,19690,5757,86555,5871,13870,5973,72685,1633,1597,1618,8927,20711,8350,4943,2919,48350,38513,0,118278,118278,102400,10055,5864,86480,117991,117553,0.66,0.682,0.757,0.675,0.857,0.749,-29.9493353,-51.0898927
2010,210330,21,2103307,CODÓ,70.22,2.69,28.6,31.22,65.62,93.32,82.15,7.71,8.88,9.95,6.04,30.47,8.69,32.91,16.75,39.65,48.83,53.49,64.9,22.02,22.91,24.49,29.15,23.6,10.61,109.52,122.93,67.86,61.62,12.58,91.4,95.62,34.02,46.26,5.53,16.82,96.91,80.57,29.49,12.85,78.57,84.33,91.4,96.82,97.11,93.08,41.97,7.37,23.26,11.93,0.75,0.0,78.23,85.59,39.65,48.82,58.23,34.49,27.88,25.52,30.67,21.28,33.49,18.66,3.51,48.0,127.14,210.0,350.33,512.5,0.57,25.07,36.33,44.04,60.03,68.92,82.18,43.79,1.58,59.8,7.98,19.98,40.2,66.62,21.95,14.9,273.45,21.56,1197.54,87.57,164.08,276.48,813.28,282.94,29.31,62.54,111.29,0.63,32.28,0.92,38.14,14.07,8.85,0.24,26.94,39.06,26.79,29.81,0.34,4.69,6.53,18.13,58.45,90.16,94.78,97.48,536.85,47.87,6.98,20.56,54.15,57.99,63.86,8.59,6.36,12.23,18.69,8.51,9.53,0.55,19.12,3.71,28.67,87.21,48.09,42.83,88.05,97.78,18.2,35.34,52.6,21.43,2.89,43.48,35.23,60.19,0.78,12.41,29.88,23.73,2.49,7.33,2.22,6166,6575,5936,5630,4805,3856,3103,2892,2369,2219,1870,6168,1605,1451,1105,848,57403,805,6113,6564,6118,5517,4926,4168,3363,3101,2950,2576,2337,6080,1928,1734,1246,877,1037,60635,44683,917,1508,42258,2256,10252,7670,7685,7471,80372,7302,23201,7239,73070,7051,15899,6815,57171,2552,2486,2372,12649,27865,9103,6564,3731,41878,30243,36993,118038,81045,93352,13139,7337,72876,117958,113999,0.345,0.587,0.595,0.492,0.754,0.568,-4.455623,-43.892354
2010,350330,35,3503307,ARARAS,76.55,1.68,11.5,13.34,39.36,94.94,85.63,8.57,10.15,1.18,0.98,4.75,1.24,4.99,1.78,5.72,72.08,73.49,83.44,18.11,18.11,13.37,9.81,8.41,3.19,97.89,106.08,77.54,105.98,34.9,87.91,93.2,57.29,81.0,18.69,37.3,96.18,87.35,28.92,12.58,92.06,94.55,97.83,100.0,97.54,94.61,14.64,1.2,6.79,4.14,1.13,0.89,90.25,89.86,72.81,80.97,86.48,61.68,56.92,55.33,61.23,44.17,62.21,40.89,13.72,322.0,502.5,725.0,1160.4,1760.0,0.47,0.51,0.78,2.31,4.91,12.34,23.44,38.08,4.93,53.33,13.87,26.92,46.67,75.59,10.98,7.69,921.76,227.24,3509.89,411.98,601.32,910.44,2456.76,921.76,41.82,103.51,188.68,0.39,16.73,2.14,5.4,15.32,7.96,0.06,75.54,70.9,52.48,43.13,1.48,16.36,21.8,0.91,9.99,60.65,77.43,89.94,1413.76,60.39,3.24,25.52,73.71,68.4,85.68,7.73,32.21,38.02,15.45,6.88,8.61,0.34,64.27,2.34,13.84,99.45,98.57,19.21,99.93,99.98,0.08,0.84,16.67,7.94,2.46,15.34,3.96,26.44,0.28,5.68,9.24,5.13,0.29,0.95,0.02,3620,4622,4927,5381,5466,4991,4445,4261,4138,3670,2877,3719,2237,1579,1156,848,58688,751,3498,4352,4782,5256,5443,4874,4544,4344,4236,3875,3096,3572,2433,1848,1463,1196,1343,60155,63137,291,1504,61342,1480,7279,5351,5542,4163,95460,5728,20346,5732,89732,6109,14618,6268,75114,1475,1500,1474,7486,18587,10184,4352,2853,48733,38695,6399,118843,112444,104549,8974,5893,89682,117824,117824,0.617,0.791,0.781,0.728,0.859,0.763,-22.3569477,-47.3838889
2010,293070,29,2930709,SIMÕES FILHO,73.75,1.84,17.3,18.67,45.42,95.94,87.83,4.03,8.46,4.65,2.74,7.9,2.55,8.34,2.72,9.76,48.48,53.64,62.94,21.13,22.39,27.09,30.38,23.97,9.96,103.9,116.64,66.63,81.67,14.79,86.68,91.34,28.42,56.65,4.68,27.91,94.61,83.31,27.78,8.26,90.07,93.08,96.26,98.28,95.91,92.7,40.87,6.09,22.56,11.15,1.28,0.59,73.77,78.12,42.2,52.22,68.45,56.8,53.96,28.94,40.97,38.4,36.6,37.77,3.55,129.67,218.57,356.0,562.2,822.5,0.5,7.79,11.83,21.82,32.78,47.75,63.13,38.6,3.61,54.25,11.67,24.79,45.75,76.71,13.24,9.3,431.97,77.98,1667.59,173.99,283.4,452.7,1171.79,435.08,34.65,82.86,145.24,0.47,17.89,0.99,3.02,18.6,11.04,0.56,59.98,63.13,46.12,43.53,1.69,4.34,16.3,3.36,21.58,79.37,90.23,96.68,826.12,57.99,6.87,23.74,67.64,68.57,79.02,18.83,56.97,40.91,30.87,17.6,21.13,0.3,54.58,2.64,21.02,95.41,90.25,36.52,86.5,99.69,4.05,1.34,28.74,9.93,4.09,24.28,16.75,33.68,0.89,6.56,21.49,17.19,3.29,2.29,0.31,5064,5970,5531,5550,5920,5484,4654,3788,2954,2552,1805,5330,1328,846,578,355,58013,304,4973,5797,5497,5793,6345,5840,4846,3927,3284,2677,1981,4983,1421,980,743,458,489,60034,56626,809,1629,54188,1911,9272,6997,6838,6211,85930,6820,22371,6717,79110,6320,15551,6271,63559,1915,1982,2010,10826,24750,4753,5797,3339,44281,32991,12236,118047,105811,97655,11767,6863,79025,117306,116468,0.568,0.603,0.675,0.591,0.813,0.641,-12.7867839,-38.4030365
2010,431680,43,4316808,SANTA CRUZ DO SUL,76.1,2.1,11.76,13.27,38.97,94.92,85.42,8.97,10.2,1.26,0.9,3.37,1.06,3.51,0.89,3.95,65.44,70.48,72.73,18.44,18.69,14.91,16.13,10.83,12.36,95.13,108.25,60.05,51.64,57.67,89.01,94.55,44.41,48.24,30.37,42.25,98.31,85.32,38.8,18.85,74.88,81.69,86.29,95.8,98.31,94.77,26.29,1.28,5.13,4.14,1.32,4.4,91.35,89.91,61.09,74.96,85.08,61.91,57.83,54.99,62.64,44.93,65.32,41.81,14.24,346.67,550.0,810.0,1326.67,2002.5,0.49,0.96,2.36,3.68,8.87,11.76,24.8,38.53,4.33,54.11,13.12,26.05,45.89,72.26,11.75,8.2,1036.87,224.42,3994.76,455.64,670.34,1028.78,2789.95,1037.54,40.16,91.3,167.54,0.42,21.84,3.68,12.96,15.22,6.34,0.06,75.87,69.06,51.39,42.05,0.78,14.62,19.45,3.36,12.24,65.14,78.98,90.19,1342.1,65.09,3.82,28.73,82.62,73.28,89.7,4.29,16.17,22.42,8.35,3.8,5.39,0.37,56.32,4.87,10.47,97.41,97.11,11.48,99.64,99.66,0.24,2.52,21.96,25.12,1.69,19.85,4.56,24.12,0.13,1.78,10.87,4.77,0.22,0.41,0.34,3406,4431,4531,4957,5323,4718,4303,4201,4297,3816,3081,3630,2252,1502,1114,734,56943,647,3126,4374,4537,4998,5486,4748,4404,4640,4522,4170,3506,3610,2690,2080,1630,1332,1578,61431,68086,336,1580,66169,1328,6993,5230,5225,3856,95797,5363,19023,5347,90434,5641,13660,5758,76774,1348,1444,1386,7608,18231,10617,4374,2711,50321,40786,13184,118374,105190,104602,8805,5499,90297,117169,117094,0.619,0.734,0.773,0.693,0.852,0.782,-29.7141799,-52.4284533
2010,411915,41,4119152,PINHAIS,75.15,2.0,14.66,16.71,40.87,94.22,84.83,5.1,10.42,0.85,0.67,3.35,0.61,3.56,0.76,4.18,70.65,75.02,76.46,14.61,13.23,18.46,14.74,11.75,5.08,102.82,110.32,81.1,49.34,34.21,84.92,89.88,38.47,40.77,15.01,31.19,95.85,78.89,30.34,16.7,80.01,85.0,91.05,95.04,97.21,92.51,23.02,2.36,22.25,6.62,3.13,1.82,91.08,87.94,56.49,66.42,78.43,60.39,56.49,41.52,48.28,38.86,44.96,36.83,9.52,332.86,500.0,700.0,1057.5,1664.0,0.48,0.65,0.83,3.0,5.45,11.94,20.0,39.81,4.94,54.09,14.09,27.17,45.91,85.2,11.31,7.71,911.51,225.14,3628.9,416.86,596.3,854.14,2474.05,911.51,36.82,93.77,178.87,0.41,18.01,2.05,0.54,16.94,9.16,0.22,74.59,67.95,44.99,48.31,1.22,10.66,18.14,1.02,9.11,60.35,78.35,90.4,1460.77,62.29,5.54,33.23,75.65,71.53,83.28,4.93,29.83,22.89,7.73,4.07,5.41,0.37,64.13,3.17,11.8,99.09,98.82,19.68,99.99,100.0,0.13,1.59,19.79,19.99,2.79,18.41,4.15,25.19,0.0,4.63,14.76,3.77,0.77,0.65,0.0,4233,5213,5210,5121,5246,5138,4863,4219,3522,2923,2252,4566,1709,1105,728,443,56809,318,4203,5123,5154,5313,5439,5577,4949,4495,3941,3318,2661,4593,2012,1290,904,623,604,60199,61783,572,2032,59178,1754,8091,6001,6062,4888,88420,6299,20651,6031,82121,6088,14352,6153,67769,1732,1811,1668,9456,21837,5964,5103,3120,45939,35546,0,117008,117008,99181,10336,6115,82730,116153,116153,0.604,0.7,0.751,0.666,0.836,0.761,-25.4443488,-49.1900307
2010,430160,43,4301602,BAGÉ,75.86,1.87,11.57,13.6,47.19,94.69,84.81,10.2,10.34,1.11,1.19,4.93,1.14,5.2,1.1,5.95,63.62,70.38,63.12,18.52,17.69,26.26,17.86,11.92,10.63,102.24,111.69,76.35,57.0,32.02,90.52,93.94,45.26,52.18,15.2,18.76,97.96,83.83,33.19,14.21,69.28,78.06,88.42,93.62,97.56,93.89,30.24,3.86,10.51,8.9,2.07,1.77,90.88,91.88,57.3,65.67,74.12,58.47,55.59,35.27,43.08,38.57,40.83,37.74,11.81,206.2,355.0,527.5,905.0,1500.0,0.56,3.14,6.26,8.96,17.54,27.21,45.24,46.15,3.39,60.76,10.48,21.92,39.24,66.38,17.61,11.59,795.56,134.79,3671.64,282.11,455.12,688.68,2416.74,796.24,40.86,84.49,162.44,0.57,22.77,2.44,10.06,15.75,6.14,0.2,66.55,67.12,47.56,49.46,2.35,14.29,7.34,2.0,18.4,72.94,83.04,91.55,1225.65,54.34,2.97,23.67,65.39,62.44,77.06,8.78,24.96,38.19,19.25,7.89,8.79,0.47,46.5,10.38,16.26,99.23,98.15,25.97,99.67,99.66,0.23,1.41,23.85,30.72,2.44,21.91,9.81,31.26,0.0,6.15,16.3,10.72,0.99,2.22,0.34,3705,4932,5052,4709,4507,3906,3702,3773,3915,3390,2800,4332,2338,1718,1342,862,55804,821,3475,4866,4949,4651,4712,4199,4115,4206,4415,3874,3236,4217,2903,2187,1851,1366,1768,60990,54930,291,1442,53197,1352,7819,5822,5855,4257,91220,6137,19352,5844,85083,5864,13215,5873,71868,1565,1639,1739,8878,20911,11912,4864,3030,48412,38817,19029,116794,97765,101091,9798,6092,85201,116108,116008,0.585,0.68,0.74,0.647,0.848,0.739,-31.3314264,-54.1062808
2010,311830,31,3118304,Conselheiro Lafaiete,76.62,1.79,14.12,16.29,39.44,94.75,85.37,7.64,9.7,0.97,0.78,3.54,0.67,3.72,0.92,4.35,62.07,65.77,72.38,22.81,22.69,21.03,15.12,11.54,6.59,102.78,113.06,75.05,82.06,33.44,92.66,96.38,54.83,63.93,16.07,17.27,97.79,87.94,29.26,12.74,90.07,92.86,96.85,97.88,98.73,95.81,25.81,1.54,23.31,6.14,0.74,0.0,90.44,92.93,62.93,74.17,81.48,60.26,55.91,49.91,57.77,44.08,60.11,41.27,11.49,259.75,408.57,596.67,997.5,1442.0,0.49,1.12,2.1,5.95,10.98,19.61,33.25,39.71,4.53,54.61,13.11,25.86,45.39,69.37,12.12,8.31,781.59,176.86,3103.45,335.31,498.49,763.14,2127.67,782.08,31.98,98.45,175.65,0.43,18.22,2.17,3.52,16.43,11.4,5.65,72.48,69.44,53.06,43.16,1.4,13.54,12.84,1.83,12.99,66.42,82.14,92.43,1197.28,57.12,2.86,30.94,74.27,64.51,80.76,8.49,35.43,34.19,14.66,7.55,10.75,0.36,58.03,5.23,14.66,98.98,99.29,15.87,98.07,99.9,0.23,0.23,21.7,9.93,1.27,17.88,7.41,29.26,0.22,4.77,12.11,5.82,0.97,1.43,0.1,3653,4630,4972,5449,5458,4720,3907,3834,3936,3591,2809,3856,2021,1419,937,614,56383,577,3586,4455,4760,5290,5313,4822,4226,4402,4522,4014,3112,3872,2397,1748,1358,1063,1189,60129,57999,260,1763,55976,1408,7302,5370,5542,4369,92460,5779,20471,5735,86681,6084,14692,6319,71989,1462,1519,1536,7992,19173,8905,4455,2806,48216,38166,5246,116512,111266,101546,9085,5696,86765,116043,115971,0.603,0.75,0.761,0.697,0.86,0.736,-20.6596107,-43.785743
2010,110012,11,1100122,JI-PARANÁ,73.6,2.26,16.2,17.43,43.98,96.11,87.67,5.05,9.95,1.35,1.0,7.79,1.2,8.38,1.57,10.18,64.76,70.99,67.15,18.81,16.6,25.4,16.43,12.41,7.45,97.29,109.08,67.27,47.06,27.38,87.51,91.15,45.02,42.6,12.65,7.85,97.05,83.89,28.12,12.15,57.19,68.08,75.88,89.7,96.56,92.99,27.23,2.53,8.3,5.64,2.35,1.22,91.17,90.41,59.51,67.95,72.43,53.22,48.48,38.97,45.07,36.2,46.41,34.01,8.73,224.4,353.0,510.5,890.0,1325.0,0.53,2.67,4.34,8.56,14.72,26.26,40.34,43.87,3.83,58.39,11.5,23.4,41.61,83.09,15.26,10.15,743.35,142.5,3260.72,284.85,442.27,676.83,2168.54,747.05,25.06,85.61,167.1,0.52,22.12,2.38,12.17,22.98,8.49,0.19,59.07,59.71,42.09,43.14,0.68,9.88,8.84,5.54,16.65,69.19,81.96,91.81,1254.37,61.83,9.08,34.33,72.06,71.41,81.51,6.22,17.36,26.24,9.54,5.16,6.54,0.42,45.57,7.09,17.6,97.81,89.31,23.3,95.36,99.35,5.87,3.48,29.43,42.81,3.44,25.07,11.28,35.01,0.25,5.0,15.55,6.73,0.41,2.12,0.65,4736,5410,5674,5663,5462,4833,4236,4021,3561,2747,2125,5000,1498,1037,790,520,57824,511,4481,5317,5787,5823,5699,5110,4603,4121,3548,2867,2134,4786,1481,1098,794,587,550,58786,60324,974,2470,56880,1808,8597,6373,6458,5500,86875,6976,22945,6839,79899,6734,15969,6792,63930,1909,1939,1912,9976,23290,5887,5317,3491,44200,32591,11752,116610,104858,97571,10727,7195,79649,115896,115322,0.532,0.664,0.714,0.617,0.81,0.728,-10.8778148,-61.9277854
2010,230640,23,2306405,ITAPIPOCA,70.63,2.6,24.6,26.47,58.58,94.3,82.96,7.03,9.79,4.85,3.35,22.68,5.29,24.74,9.62,30.2,64.03,68.18,73.71,18.81,18.23,21.48,17.16,13.59,4.81,99.56,112.39,64.22,75.27,16.83,89.35,94.1,43.41,58.54,7.35,27.25,96.79,80.55,22.25,10.39,95.21,96.14,97.27,97.94,97.86,93.25,26.77,3.67,22.69,6.59,2.22,0.72,87.48,89.94,60.07,69.01,73.66,45.57,37.75,39.44,45.88,29.39,44.0,24.8,4.41,49.23,125.5,204.0,353.33,513.33,0.56,25.35,35.0,45.0,59.1,69.64,82.33,42.66,1.9,58.34,8.5,20.92,41.66,64.67,20.07,13.74,264.08,25.03,1126.55,87.23,163.91,273.87,771.31,269.22,32.44,64.74,112.1,0.6,23.49,0.95,32.67,15.13,6.87,0.09,29.41,52.63,35.59,29.92,0.9,5.46,10.07,22.93,60.17,91.46,95.68,98.12,473.39,51.31,11.83,27.19,61.18,60.87,71.18,9.8,5.98,17.74,18.1,9.54,11.72,0.51,20.91,4.7,32.33,76.96,53.97,36.65,87.26,97.96,19.16,13.22,32.93,4.79,2.14,27.22,21.86,50.58,0.13,7.66,25.14,24.65,1.38,6.76,2.04,5276,6600,6182,5891,5142,4286,3536,3146,2847,2181,1787,5809,1560,1243,1076,706,58243,975,5150,6293,6248,5726,5000,4169,3723,3234,2797,2167,1936,5472,1603,1268,1177,767,1092,57822,48465,1525,2180,44760,2011,10201,7462,7839,6057,80070,7709,23566,7476,72361,6709,15857,6552,56504,2177,2108,2083,11408,26783,8163,6191,3846,40198,28469,49156,116065,66909,94450,12893,8018,73538,115450,113244,0.456,0.711,0.64,0.613,0.761,0.562,-3.499329,-39.583571
2010,230770,23,2307700,MARANGUAPE,72.27,2.03,20.2,21.72,50.11,95.29,85.64,6.65,9.91,3.23,1.93,15.39,3.49,16.68,5.18,20.47,66.05,70.98,72.11,16.68,16.53,17.71,17.27,12.49,10.18,100.47,107.86,80.29,51.76,8.12,86.24,88.29,43.24,43.85,3.37,17.14,93.79,80.79,21.54,9.24,81.7,85.98,91.42,96.25,94.87,91.1,27.23,3.38,21.72,9.3,3.71,0.85,81.01,84.6,60.49,67.85,77.66,52.23,44.82,36.21,44.49,32.45,42.34,28.95,3.05,125.0,183.78,269.0,423.33,560.0,0.44,8.52,11.45,25.4,36.51,57.64,71.79,32.86,4.64,48.76,14.68,29.37,51.24,73.75,8.95,6.64,307.81,71.36,1011.33,154.55,226.14,336.59,749.88,311.81,33.43,84.29,146.1,0.34,18.13,0.63,15.64,11.46,7.07,0.02,51.01,59.67,40.01,28.18,0.91,4.02,32.94,4.75,32.84,91.39,95.76,98.6,595.42,48.07,4.63,17.23,58.51,57.72,68.2,8.63,6.48,25.03,16.27,8.2,9.73,0.23,44.62,4.12,28.73,86.24,78.19,38.78,95.63,99.07,11.49,5.74,23.04,18.3,5.13,20.05,13.94,41.02,0.63,9.84,23.04,20.97,1.89,4.02,0.93,4736,6242,6033,6179,5264,4375,3642,3524,3178,2142,1517,4938,1363,1271,992,541,56619,682,4300,5599,5858,6130,5238,4383,3845,3991,3234,2245,1835,4542,1676,1362,1046,693,965,56942,45593,548,1221,43824,1662,9310,6779,7048,5426,83204,7264,24200,7115,75940,7121,16936,7187,59004,1948,1928,1778,10083,24198,7552,5599,3538,42501,30513,27252,113561,86309,94855,11841,7085,75928,113162,111711,0.522,0.673,0.659,0.618,0.788,0.587,-3.8922967,-38.6835427
2010,354330,35,3543303,RIBEIRÃO PIRES,75.81,1.56,12.01,13.93,38.3,94.61,83.78,6.95,10.52,1.27,1.1,3.47,0.71,3.62,0.84,4.19,77.5,77.52,88.79,12.6,12.79,9.57,9.9,9.69,1.65,95.77,99.84,84.22,59.87,32.16,87.01,89.44,60.34,52.6,16.24,29.37,96.22,86.36,26.57,12.51,83.67,88.75,94.15,99.24,97.35,94.49,11.31,1.12,17.35,4.55,2.99,0.65,84.17,83.59,79.28,85.43,87.86,68.41,64.66,62.93,66.84,49.72,69.4,46.42,10.74,314.29,501.0,735.0,1133.33,1640.0,0.44,0.99,2.18,3.39,6.39,14.19,23.7,33.89,4.98,49.78,14.56,28.93,50.22,77.33,9.31,6.85,847.11,210.99,2870.84,405.83,608.5,901.71,2112.2,847.11,35.17,88.88,179.74,0.35,17.4,1.68,1.08,13.8,6.06,0.24,74.17,77.09,59.93,42.42,0.86,14.06,23.04,1.33,9.56,58.01,75.3,89.72,1385.7,58.57,4.86,25.31,76.47,66.43,81.02,10.92,47.48,30.83,18.11,10.16,10.9,0.3,62.19,4.56,13.05,99.0,96.79,29.4,99.16,100.0,1.11,0.47,9.75,16.33,2.65,10.25,2.19,23.72,0.21,3.78,8.98,6.44,1.22,1.18,0.0,3511,4694,4517,5014,5105,4764,4291,4072,3751,3305,2841,3862,2156,1478,890,538,55318,529,3364,4346,4434,5023,5149,5016,4670,4429,4078,3692,3086,3680,2363,1563,1131,773,953,57750,57860,439,1349,56072,1333,7230,5415,5468,4136,89611,5352,18988,5193,84259,5592,13636,5899,70623,1406,1488,1474,7864,18760,7855,4346,2643,46360,36903,0,113068,113068,98781,9040,5330,84411,112775,112775,0.684,0.801,0.784,0.76,0.847,0.749,-23.7129388,-46.4150871
2010,150170,15,1501709,BRAGANÇA,70.27,2.71,26.1,28.07,60.62,93.96,82.32,5.38,9.31,7.23,3.93,15.64,5.38,16.94,8.56,20.55,48.29,54.95,51.7,19.53,19.6,28.83,32.18,25.45,19.48,104.58,120.45,59.88,44.01,10.65,87.76,93.54,28.15,39.67,5.33,4.98,96.0,81.59,33.57,11.0,63.47,71.11,83.83,88.2,96.07,92.28,40.9,7.06,20.0,12.53,0.86,0.87,75.58,81.98,34.35,44.84,58.2,39.93,34.31,20.96,28.46,24.18,27.2,22.87,4.47,67.25,134.0,218.33,381.13,610.0,0.58,20.59,29.54,41.59,55.44,66.91,79.59,46.3,2.12,61.65,8.73,19.84,38.35,70.92,21.21,14.11,311.97,33.05,1444.53,103.15,173.28,288.72,960.81,320.94,34.08,70.79,117.38,0.61,43.34,0.39,37.38,18.38,5.62,0.03,22.58,42.75,28.71,29.85,0.48,5.6,4.64,12.25,56.93,87.22,92.7,96.43,637.25,49.66,11.32,27.64,52.45,59.41,68.69,5.89,3.72,7.3,12.92,5.89,7.01,0.53,13.78,5.94,26.4,73.73,55.22,48.56,83.88,95.73,33.48,21.24,48.56,36.53,3.93,39.33,32.39,57.32,0.92,9.81,33.04,19.52,1.97,4.3,4.27,6036,6478,6401,5801,5015,4186,3696,2938,2458,2141,1702,6144,1331,1103,794,518,57291,549,5647,6367,6118,5760,5162,4018,3490,2905,2334,1980,1672,5963,1367,1064,784,604,701,55936,44368,1454,2203,40711,2217,10029,7460,7579,7004,76301,7613,23982,7511,68688,7235,16369,7103,52319,2411,2384,2355,12427,27553,6092,6334,3709,37809,25981,40606,113227,72621,89337,12845,7967,68524,112709,109559,0.399,0.537,0.6,0.486,0.755,0.589,-1.0573967,-46.7635406
2010,351110,35,3511102,CATANDUVA,76.2,1.49,12.43,14.42,40.69,94.98,84.79,10.73,10.71,1.25,1.06,4.67,0.84,4.88,1.28,5.57,77.56,79.73,84.31,13.3,12.36,13.23,9.14,7.91,2.46,100.04,106.07,84.74,92.78,30.54,90.59,93.54,62.9,68.91,17.99,36.71,97.58,89.94,27.1,9.9,89.88,92.08,96.52,96.61,98.12,95.81,13.94,1.06,5.96,3.27,2.47,0.93,92.01,91.21,77.72,83.1,87.58,61.08,56.48,59.48,64.42,43.6,67.38,39.98,14.86,366.43,524.0,748.67,1146.0,1752.5,0.46,0.62,1.29,2.35,5.11,9.28,19.14,37.75,5.34,52.56,14.98,28.27,47.44,75.95,10.08,7.0,945.05,252.26,3567.68,455.5,627.84,906.18,2477.49,945.13,46.53,96.45,182.97,0.36,20.26,3.39,3.09,18.76,6.77,0.04,74.57,71.45,52.02,42.43,0.8,17.07,20.89,0.83,9.16,62.05,78.28,90.62,1393.98,61.14,4.31,31.42,74.06,67.96,86.71,5.32,36.07,20.0,10.56,4.75,4.6,0.34,59.11,4.06,12.48,98.88,99.35,18.17,99.76,99.88,0.05,0.13,14.46,10.12,1.88,16.81,2.95,27.29,0.38,6.38,7.84,3.56,0.21,0.79,0.12,3263,3901,4375,4758,4920,4492,4112,4128,3857,3451,2894,3304,2242,1669,1406,1052,54776,952,3090,3902,4200,4618,4935,4615,4306,4410,4141,3802,3271,3020,2648,2129,1905,1374,1678,58044,61140,336,1594,59210,1289,6302,4626,4878,3694,91435,5017,17744,5011,86418,5201,12727,5320,73691,1270,1278,1162,6346,15993,12104,3855,2476,47600,38888,906,112820,111914,99996,7803,5072,87120,112210,112201,0.611,0.814,0.785,0.74,0.853,0.767,-21.1331035,-48.9712817
2010,510790,51,5107909,SINOP,74.93,2.01,15.5,18.98,42.95,93.26,83.17,3.67,10.52,1.24,0.7,5.07,0.82,5.44,1.43,6.62,73.87,75.29,82.26,15.58,15.34,14.46,10.55,9.37,3.28,95.56,103.09,73.88,55.34,45.16,87.87,93.11,50.99,50.58,22.72,16.88,98.08,82.53,33.84,16.29,67.95,75.11,85.49,90.76,97.96,93.98,13.78,2.05,10.32,4.38,2.79,2.6,91.45,90.58,72.0,78.41,79.75,57.14,51.34,49.64,55.18,39.51,55.03,35.48,11.19,302.5,466.0,660.0,1066.67,1666.67,0.49,0.82,1.16,3.28,5.74,15.19,25.04,39.8,4.69,55.03,13.33,25.83,44.97,87.6,11.94,8.26,877.68,205.74,3493.28,379.21,548.43,840.02,2417.02,879.21,25.69,92.13,181.33,0.42,20.61,4.41,13.53,21.67,9.12,0.36,64.36,62.2,44.03,40.06,0.69,11.98,10.64,2.64,11.54,59.18,76.36,88.5,1489.54,66.65,6.49,40.09,76.39,77.44,84.95,5.38,22.93,22.59,9.26,4.43,3.44,0.39,49.61,7.01,15.85,98.05,96.67,22.44,99.14,99.96,2.48,2.05,23.0,32.05,2.04,20.39,5.82,27.94,0.24,8.07,18.66,4.48,0.18,0.63,0.04,4787,5581,5399,5656,5662,5261,4601,4166,3693,2708,1890,4825,1223,856,584,389,57565,284,4470,5418,5447,5650,5375,5134,4479,4138,3316,2485,1683,4738,1155,867,555,327,297,55534,62982,713,2570,59699,1848,8837,6518,6719,5499,83235,6538,22139,6422,76697,6514,15601,6649,61096,1909,1951,1817,9768,23033,4154,5415,3302,40889,29797,19346,113099,93753,94494,10999,6410,77086,112124,111929,0.571,0.746,0.754,0.682,0.832,0.755,-11.8508224,-55.5175957
2010,410420,41,4104204,CAMPO LARGO,76.21,1.57,12.16,13.86,41.77,94.8,85.27,6.09,10.44,1.01,0.87,4.48,0.84,4.77,1.19,5.58,70.46,72.09,83.07,13.94,14.06,11.01,15.6,13.85,5.91,95.51,104.95,70.07,64.8,30.54,87.42,91.34,48.8,54.46,14.96,23.3,97.04,78.34,24.88,11.84,83.55,87.76,95.64,96.41,97.67,92.44,18.45,1.62,22.11,4.13,3.58,1.42,89.08,90.37,64.32,73.25,77.91,52.8,47.61,48.38,48.75,33.74,49.51,30.64,9.1,277.5,443.33,633.0,998.67,1460.0,0.45,1.47,2.13,4.25,6.81,17.6,28.28,35.09,5.06,50.42,14.63,28.91,49.58,81.74,9.6,6.89,749.21,189.72,2629.1,358.21,534.97,774.43,1888.55,750.74,34.22,86.09,178.98,0.35,17.77,2.47,7.3,13.1,10.08,0.92,72.06,60.8,40.25,42.62,1.0,10.66,19.33,3.2,12.76,65.8,82.38,92.73,1201.34,62.72,5.27,36.08,78.38,72.1,86.8,5.15,11.83,25.56,9.25,4.29,5.2,0.29,62.0,2.51,12.54,97.3,96.62,17.59,98.49,99.84,1.04,1.22,25.21,16.45,2.33,23.48,7.27,31.26,0.67,7.43,18.36,6.17,0.74,1.27,0.16,3951,5142,5222,4955,4846,4907,4397,4187,3624,2926,2420,4201,1804,1279,868,503,55660,428,3871,4977,5000,4755,4965,4943,4570,4361,3846,3132,2501,4104,1914,1386,1037,683,672,56717,60338,534,2259,57546,1656,8006,6019,6019,4564,85966,6228,19892,6010,79738,5838,13664,5898,66074,1597,1588,1489,8798,20985,6839,4968,3027,43689,33955,18206,112377,94171,96196,10119,6260,79817,111827,111600,0.528,0.744,0.745,0.664,0.854,0.73,-25.4597726,-49.5270851
2010,350550,35,3505500,BARRETOS,77.5,2.01,10.13,11.75,41.43,95.52,86.26,9.56,10.42,1.0,0.79,4.01,1.24,4.21,1.42,4.78,76.27,78.34,83.07,13.1,12.55,13.18,10.63,9.12,3.76,94.76,103.63,71.99,71.93,40.32,87.53,92.73,52.92,60.95,22.92,43.05,96.51,83.29,31.32,13.35,92.95,94.84,96.96,97.92,97.79,93.73,13.57,0.84,8.51,3.18,3.0,3.36,90.79,90.06,73.18,82.33,85.76,62.76,58.45,59.01,61.54,45.4,64.48,42.37,13.21,332.0,502.5,700.0,1100.0,1648.0,0.48,0.64,1.41,2.94,6.89,12.92,26.19,39.56,4.81,54.11,13.88,26.76,45.89,74.49,11.4,7.82,917.0,220.76,3627.39,415.6,590.76,877.06,2488.85,917.0,36.21,92.83,180.74,0.41,19.03,2.11,6.63,16.27,6.97,0.02,71.16,70.69,52.6,48.3,0.88,14.9,16.08,1.76,10.21,64.65,80.71,91.24,1355.46,61.7,4.61,31.98,73.35,69.15,85.72,6.34,23.59,30.79,14.35,5.5,5.58,0.36,58.64,4.11,14.56,99.61,96.57,20.16,99.59,99.94,0.28,0.4,17.49,7.05,2.21,16.61,4.21,25.54,0.34,4.47,9.78,6.11,0.3,0.91,0.06,3436,4211,4590,4984,4922,4506,3892,3787,3740,3185,2646,3704,2034,1581,1294,823,54169,834,3348,3983,4367,4883,4988,4641,4352,4115,4184,3736,3097,3378,2605,2087,1646,1164,1358,57932,60621,378,1744,58500,1409,6577,4871,5012,4012,89827,5300,18816,5311,84527,5596,13516,5759,71011,1363,1433,1362,7265,17389,10719,3983,2618,47157,37910,3415,112101,108686,98249,8194,5452,84603,111603,111603,0.628,0.8,0.789,0.738,0.875,0.762,-20.5531437,-48.5697509
2010,351840,35,3518404,GUARATINGUETÁ,78.17,1.66,8.72,10.11,40.72,95.7,86.78,8.73,11.02,1.27,0.94,2.91,0.75,3.04,1.08,3.46,75.7,78.76,81.84,14.24,13.52,15.76,10.06,7.72,2.4,100.29,105.48,86.68,77.5,34.1,89.55,91.32,59.22,67.75,13.14,27.93,97.52,89.02,26.21,14.6,89.44,91.57,96.8,96.51,97.82,95.39,17.19,1.43,13.94,5.99,3.25,1.34,89.39,86.49,72.34,81.4,87.05,67.32,63.66,58.55,61.4,50.02,62.5,47.9,15.99,266.0,416.67,638.33,1160.0,1925.0,0.54,1.52,3.23,5.95,12.32,18.96,34.12,43.67,3.76,59.26,11.1,22.27,40.74,71.48,15.73,10.69,926.78,174.18,4047.63,340.38,517.57,855.68,2749.24,927.3,38.48,94.13,169.76,0.52,19.81,2.39,3.41,16.92,8.74,0.23,70.1,74.86,58.21,55.33,1.17,17.89,10.36,1.42,14.55,65.93,78.47,88.07,1434.59,57.57,3.52,22.52,67.8,65.49,80.77,8.67,43.74,40.84,18.35,7.75,9.62,0.45,53.18,8.32,15.1,99.09,97.2,25.48,99.76,99.85,0.56,0.06,15.45,10.56,2.18,13.51,5.43,24.72,0.17,2.13,8.5,7.48,0.33,1.08,0.15,3380,4422,4740,4584,4593,4341,4108,3911,3905,3340,2693,3677,2161,1483,1121,732,53946,755,3240,4305,4548,4824,4802,4565,4395,4322,4265,3857,3166,3622,2522,1972,1415,1042,1264,58126,56556,307,1244,55005,1268,7000,5178,5264,3971,89426,5543,18696,5491,83883,5595,13153,5622,70730,1381,1425,1415,7601,18279,9784,4305,2681,46959,37587,5310,112072,106762,98246,8727,5524,83995,111540,111477,0.673,0.793,0.798,0.751,0.886,0.764,-22.8057839,-45.1908926
2010,330020,33,3300209,ARARUAMA,75.32,2.2,14.18,15.95,47.58,92.84,82.88,9.51,8.84,1.53,1.43,7.41,1.5,7.84,2.35,8.99,49.13,52.08,65.98,23.97,25.08,25.83,26.9,22.85,8.18,104.95,116.25,73.74,68.5,20.26,90.98,94.97,41.31,58.57,9.18,28.14,97.94,89.88,31.53,12.78,85.21,89.14,92.31,95.96,98.29,96.05,34.34,4.84,16.27,10.61,1.56,0.62,81.07,84.96,51.38,65.2,72.81,55.57,52.5,35.09,42.74,37.26,41.48,36.28,10.27,190.5,305.5,503.33,853.33,1404.0,0.54,3.68,6.98,11.6,22.52,32.86,51.6,42.84,3.52,58.72,10.79,22.64,41.28,64.07,15.88,10.86,680.88,119.72,2916.65,247.52,403.65,634.57,1994.6,682.92,34.17,86.51,162.52,0.52,25.45,2.53,3.85,17.47,14.49,0.57,53.24,60.63,43.1,51.18,1.47,11.57,5.81,2.16,17.59,76.21,86.26,93.34,1045.51,53.75,4.51,20.98,63.73,62.29,78.14,11.47,44.8,34.29,20.86,10.6,10.52,0.36,38.32,7.77,24.19,96.08,94.42,31.84,95.64,99.75,2.7,0.04,30.75,14.79,1.71,25.38,13.89,35.36,0.48,5.77,15.75,10.76,1.2,1.87,0.25,3736,5083,4753,4345,4177,4098,3711,3729,3522,3217,2710,4210,2242,1728,1415,821,54283,786,3522,4823,4715,4368,4451,4510,4235,4118,3876,3544,3044,4090,2528,1980,1532,1093,1296,57725,51730,446,1263,50021,1418,7843,5829,5956,4324,86504,5876,18172,5584,80628,5383,12296,5343,68332,1513,1596,1646,8753,20600,10647,4818,2923,45265,36189,5522,112008,106486,96235,9906,6021,80308,111398,111065,0.556,0.65,0.718,0.617,0.839,0.714,-22.8733203,-42.3428897
2010,320150,32,3201506,COLATINA,75.45,1.48,13.5,15.74,40.0,92.82,82.82,8.05,8.89,1.41,0.9,7.71,1.03,8.18,1.58,9.62,59.84,60.07,75.56,22.78,23.75,19.64,17.39,16.18,4.8,99.22,109.02,72.89,67.07,31.04,89.8,94.24,53.66,57.86,17.08,29.31,98.37,83.73,28.08,11.82,87.74,90.74,94.96,97.02,98.56,94.54,18.76,1.41,19.37,3.82,2.03,2.46,88.1,90.5,69.08,76.4,79.16,52.84,47.45,48.44,53.2,35.71,54.76,32.13,10.01,255.0,399.5,568.67,926.0,1446.33,0.51,1.12,1.98,5.75,10.52,20.57,33.72,42.23,4.46,56.65,12.76,25.06,43.35,74.81,13.24,8.88,788.29,175.92,3329.33,327.02,484.71,721.08,2232.45,789.93,35.26,96.72,175.92,0.46,20.0,2.83,11.84,17.6,7.02,0.69,70.19,60.05,42.02,40.55,1.07,11.77,17.09,2.94,15.25,73.48,85.21,92.77,1138.23,63.13,5.96,34.57,76.05,71.05,83.86,6.26,26.29,24.89,13.03,5.49,4.93,0.39,55.76,3.82,14.87,97.67,98.57,14.66,99.08,99.85,0.21,0.97,24.7,12.26,1.44,23.22,7.47,31.09,0.0,5.38,13.54,8.19,0.2,1.57,0.15,3250,4448,4729,5143,4874,4519,4147,4034,3901,3272,2556,3788,1765,1255,1034,787,54291,789,3281,4394,4743,5080,4939,4576,4394,4553,4138,3522,2883,3685,2149,1643,1359,1012,1146,57497,61811,527,1895,59389,1361,7023,5241,5391,3818,88408,5645,19561,5688,82763,5709,13916,5752,68847,1334,1435,1475,7802,18544,8996,4384,2837,45999,36206,13393,111788,98395,97909,8842,5481,83586,110795,110565,0.528,0.751,0.746,0.668,0.841,0.738,-19.5346732,-40.6287836
2010,355170,35,3551702,SERTÃOZINHO,76.31,1.96,13.44,15.06,39.19,95.24,85.48,6.72,10.15,1.15,1.0,5.37,1.11,5.67,1.58,6.63,66.02,69.69,73.98,18.57,17.34,20.69,15.41,12.97,5.32,103.45,115.79,70.89,102.81,29.33,88.07,93.68,47.93,83.12,15.78,38.21,97.72,84.11,28.63,13.6,92.56,95.1,97.51,99.8,98.46,94.51,21.51,2.46,5.35,5.12,1.45,1.09,88.0,88.59,64.0,72.94,79.96,56.11,51.13,44.49,51.36,35.81,50.09,32.57,10.76,342.5,532.0,756.67,1214.0,1780.0,0.46,0.6,1.41,2.89,6.2,12.01,21.61,36.89,4.84,52.26,14.19,27.64,47.74,78.61,10.4,7.37,953.23,230.59,3516.72,445.5,641.15,958.25,2490.59,953.3,39.48,95.72,180.74,0.38,16.29,2.61,2.78,13.76,5.7,0.0,75.42,64.55,42.81,38.15,0.56,12.71,29.36,1.51,11.17,53.65,72.92,88.71,1492.33,62.87,3.89,37.57,78.88,70.95,82.77,7.02,35.39,23.4,13.65,6.25,6.62,0.33,64.04,3.39,12.64,99.71,98.25,24.19,99.92,99.99,0.08,0.37,22.56,7.44,1.54,19.82,4.76,28.21,0.0,3.59,11.05,4.58,0.25,0.97,0.01,3694,4573,4603,5262,5474,5052,4159,3809,3623,3129,2437,3871,1801,1223,890,570,54701,531,3581,4119,4511,5203,5418,4859,4227,4035,3707,3179,2580,3759,2010,1396,1093,769,927,55373,59912,338,2100,57474,1496,6973,5139,5259,4356,86448,5473,19575,5425,80975,5619,14102,5790,66873,1421,1517,1495,7828,18463,7392,4117,2734,43898,34186,1302,110074,108772,95291,8692,5589,81011,109549,109540,0.561,0.735,0.761,0.672,0.855,0.768,-21.1375782,-47.9913741
2010,313170,31,3131703,Itabira,77.37,1.85,11.18,13.08,41.18,94.8,85.49,7.4,9.65,1.45,1.38,6.34,1.22,6.69,1.49,7.82,60.93,64.26,71.49,22.16,21.93,20.06,16.9,13.81,8.45,103.16,110.24,83.84,70.31,29.43,89.77,93.97,50.9,58.84,11.71,25.41,97.98,89.57,29.36,13.3,76.19,82.87,94.76,97.76,98.74,96.28,24.62,2.3,12.98,8.24,1.02,0.72,89.99,88.44,63.8,72.89,81.22,57.56,52.63,45.69,54.29,39.81,54.53,36.79,9.77,237.33,360.5,542.0,917.8,1433.33,0.51,1.54,3.11,7.46,14.28,24.5,39.07,41.58,4.19,56.88,12.23,24.34,43.12,68.46,13.59,9.3,744.61,155.81,3095.92,299.66,450.88,699.01,2117.76,745.21,36.56,98.4,173.41,0.47,14.15,2.37,5.88,14.18,11.65,10.65,72.87,66.51,48.13,43.64,1.47,12.38,6.42,3.92,16.57,71.92,84.14,92.3,1113.96,59.81,6.53,25.75,76.38,68.28,87.01,11.06,18.13,34.99,21.39,10.36,12.11,0.4,61.07,4.6,14.2,95.94,96.96,19.26,98.69,99.81,0.77,1.99,22.44,23.81,1.26,18.57,7.91,30.56,0.0,4.32,13.95,7.63,0.78,1.77,0.19,3638,4629,4804,4853,4795,4501,3870,3774,3559,2996,2407,3851,1655,1248,923,581,52733,649,3470,4576,4715,5074,5026,5024,4315,4312,4065,3382,2644,3727,1992,1502,1229,910,1087,57050,56925,601,1438,54886,1440,7377,5509,5548,4220,85892,5705,19446,5718,80187,5849,13741,5972,66446,1448,1476,1406,7930,19065,8129,4576,2822,45277,35488,7467,109783,102316,95178,9205,5586,80387,109507,109420,0.576,0.736,0.756,0.678,0.873,0.729,-19.6186264,-43.2267011
2010,310350,31,3103504,Araguari,77.28,1.46,11.71,13.7,41.66,94.84,85.59,8.9,10.02,1.21,0.99,4.8,0.9,5.05,1.67,5.83,74.85,76.2,84.01,13.78,14.27,11.24,11.38,9.53,4.75,93.45,101.73,71.29,66.41,38.12,86.88,91.98,52.65,56.8,21.43,18.7,96.91,82.65,30.62,12.0,73.12,80.97,93.08,98.04,97.79,93.67,13.33,1.07,12.07,3.48,2.71,4.39,90.6,88.48,73.5,79.66,85.2,58.49,53.47,59.77,60.29,39.11,62.65,35.14,10.77,286.0,449.5,626.67,996.67,1475.0,0.47,0.88,2.01,4.22,9.13,17.01,30.79,38.29,4.88,53.25,13.9,27.2,46.75,74.53,11.02,7.58,798.63,194.97,3058.31,360.2,530.89,780.68,2104.41,799.46,32.75,100.56,182.02,0.39,23.3,2.68,12.95,15.42,8.61,0.16,61.79,65.41,44.52,43.26,1.03,12.43,13.61,2.28,12.98,67.67,83.09,92.29,1204.56,60.71,6.24,30.11,72.77,68.27,82.51,5.5,20.05,16.75,10.79,5.05,8.38,0.36,47.49,5.7,18.99,98.52,98.28,13.01,99.22,99.96,0.77,0.51,19.57,26.88,2.21,19.51,5.39,30.95,0.58,4.14,9.81,5.93,0.27,1.24,0.04,3433,4360,4434,4857,4564,4424,4066,4177,3877,3246,2606,3680,2113,1609,1249,743,54160,722,3272,4054,4333,4610,4498,4453,4100,4297,4100,3434,2911,3641,2387,1814,1498,1035,1204,55641,58090,525,1591,55974,1319,6707,4970,5114,3942,86920,5174,18187,5177,81746,5446,13013,5555,68733,1427,1468,1443,7503,17627,9775,4038,2570,44471,35549,7218,109801,102583,95690,8414,5283,81994,109297,109182,0.585,0.792,0.773,0.716,0.871,0.74,-18.6511256,-48.1933764
2010,330200,33,3302007,ITAGUAÍ,73.84,2.09,15.7,17.66,44.05,91.7,80.48,6.08,8.9,1.68,1.01,5.44,1.35,5.76,1.79,6.66,52.04,56.01,67.53,25.06,24.75,27.79,22.91,19.24,4.68,104.53,117.27,65.82,65.86,20.14,89.24,93.4,35.46,54.47,9.42,22.39,97.03,85.94,26.25,10.33,81.91,87.82,95.04,97.85,97.55,94.67,36.51,3.79,23.74,6.87,1.53,1.18,82.67,85.56,50.68,62.58,73.54,57.53,54.31,40.31,46.36,37.1,46.21,35.23,5.54,218.33,350.0,510.0,833.33,1152.75,0.47,2.85,5.74,8.95,16.26,27.62,40.89,36.81,4.44,51.91,13.36,27.31,48.09,77.87,11.02,7.83,635.5,141.22,2339.33,283.33,443.17,660.22,1663.18,636.77,34.27,89.04,169.01,0.41,19.78,0.87,1.95,13.26,12.38,1.64,63.37,65.01,44.01,44.87,0.67,7.01,10.11,2.82,12.85,66.17,82.97,93.93,1113.6,56.55,5.86,21.75,64.53,65.91,76.01,12.53,16.93,30.82,20.49,12.03,13.99,0.28,51.68,6.08,19.12,95.54,93.15,37.42,98.83,99.77,2.86,0.27,25.22,18.09,2.45,22.67,9.83,31.95,0.63,7.18,19.68,10.72,0.84,1.69,0.23,4032,5115,4635,4742,4841,4828,4237,3885,3296,2998,2428,4484,1833,1229,886,526,54409,414,3819,5092,4534,4617,4895,4805,4183,3847,3465,3234,2549,4186,1881,1296,936,637,706,54682,52289,598,1243,50448,1624,8043,6041,6060,4643,82363,5616,18528,5419,76747,5464,12912,5500,63835,1584,1664,1675,9170,21051,6630,5092,2770,41585,32434,4882,109091,104209,92462,10207,5717,76538,108802,108585,0.575,0.672,0.715,0.638,0.814,0.703,-22.8629597,-43.775322
2010,355700,35,3557006,VOTORANTIM,75.3,1.79,14.74,16.52,41.72,94.66,83.94,6.17,10.42,1.24,0.99,3.48,0.86,3.66,0.87,4.26,75.57,76.99,82.59,15.05,14.22,15.12,9.38,8.78,2.29,95.34,100.62,80.12,89.05,26.61,90.12,92.81,64.01,77.6,11.74,31.06,96.8,86.61,19.51,10.81,90.8,93.56,97.39,99.56,97.84,94.95,12.8,0.67,11.31,3.34,1.93,0.67,92.68,90.42,76.02,84.85,87.24,63.99,58.98,56.72,61.88,45.41,62.81,41.86,8.41,298.75,450.0,630.0,940.0,1307.5,0.4,0.8,1.49,3.89,7.35,15.37,25.37,31.03,5.71,46.57,16.32,31.63,53.43,76.15,7.6,5.7,703.99,200.91,2184.31,373.61,538.67,767.65,1638.67,704.06,38.79,100.38,179.4,0.29,16.77,1.78,1.71,16.55,9.24,0.32,74.51,74.33,55.31,42.35,1.61,10.47,24.08,1.29,10.89,65.26,80.88,93.21,1187.8,59.52,4.15,35.07,80.78,68.14,85.9,10.77,33.53,36.1,18.7,9.66,11.03,0.24,63.26,4.24,12.67,99.05,97.89,31.76,99.91,100.0,0.14,2.49,11.68,9.2,2.16,12.59,3.32,26.69,0.54,7.25,14.72,6.06,0.94,0.88,0.0,3826,4841,4738,5070,5143,4740,4140,3746,3381,3008,2348,4253,1830,1176,810,466,54013,497,3618,4793,4704,4941,5095,4654,4085,3832,3637,3251,2514,3986,1920,1374,975,637,780,54796,55429,400,1975,53053,1478,7608,5745,5743,4333,83492,5675,19453,5569,77817,5793,13778,5894,64039,1633,1643,1541,8622,20116,6715,4793,2798,42399,32754,4150,108809,104659,93124,9634,5632,77858,108590,108578,0.64,0.807,0.767,0.747,0.838,0.72,-23.5466667,-47.4377778
2010,350650,35,3506508,BIRIGUI,77.14,1.57,11.7,13.47,38.86,95.56,86.37,8.59,10.62,0.88,0.51,4.5,0.74,4.75,0.88,5.45,81.71,83.42,88.84,10.77,9.49,10.33,7.52,7.09,0.83,90.83,99.32,69.26,97.98,27.77,86.17,91.29,58.24,80.17,16.28,38.62,97.18,84.69,23.52,7.52,92.79,94.52,98.07,97.75,98.04,94.27,10.84,1.17,7.68,2.17,1.59,0.77,89.07,85.91,77.0,83.69,89.74,60.77,55.69,58.47,62.97,41.39,62.41,37.6,11.5,352.5,506.67,667.0,996.67,1500.0,0.42,0.35,0.78,2.24,4.97,9.91,19.87,34.75,6.06,49.45,16.64,30.87,50.55,76.9,8.35,5.94,812.51,246.22,2823.67,429.86,578.04,799.44,2007.77,812.59,30.92,105.6,183.6,0.31,19.36,3.33,3.13,14.53,6.02,0.01,76.29,70.28,48.86,31.39,0.74,12.76,39.12,0.96,7.73,73.3,85.31,93.81,1133.9,65.32,4.83,44.7,84.68,72.44,89.41,3.87,12.34,18.55,5.62,3.25,2.98,0.27,62.75,3.89,9.92,99.46,99.29,16.74,99.69,99.98,0.09,0.19,15.18,7.21,1.96,16.3,3.38,25.81,0.22,2.84,10.82,2.49,0.08,0.76,0.02,3380,4046,4265,4503,4709,4646,4406,4151,3628,3202,2615,3329,2011,1574,1116,755,53075,739,3152,3872,4201,4511,4840,4658,4605,4477,4134,3502,2946,3305,2290,1777,1319,946,1118,55653,62346,382,2319,59646,1311,6346,4693,4800,3868,87644,5098,17480,4990,82546,5154,12382,5262,70164,1353,1315,1262,6891,16676,9344,3872,2531,45324,36612,3241,108728,105487,95444,7918,5187,82339,108248,108239,0.608,0.807,0.78,0.734,0.869,0.743,-21.2908491,-50.34144
2010,354730,35,3547304,SANTANA DE PARNAÍBA,75.92,1.89,15.49,17.36,41.55,95.25,85.51,4.58,10.01,1.58,0.92,4.5,0.98,4.78,1.7,5.6,71.36,72.84,86.11,15.05,15.37,10.14,13.59,11.79,3.75,93.67,104.9,62.35,74.03,39.48,82.33,88.58,41.83,63.2,18.9,36.64,97.14,87.67,34.16,17.5,92.23,93.57,96.2,96.74,97.27,94.74,16.42,2.53,15.32,3.7,2.38,1.76,87.69,88.19,70.48,79.65,81.62,65.66,62.26,50.6,56.16,49.56,57.78,48.15,23.54,297.75,465.5,783.33,2503.33,5000.0,0.67,1.45,2.54,4.71,8.96,16.85,28.45,52.99,2.02,72.64,6.07,12.49,27.36,82.87,34.91,23.87,1858.69,187.76,9849.4,376.51,596.69,1381.9,6735.07,1858.96,34.14,88.24,171.66,0.89,18.94,6.2,0.82,11.69,8.42,0.15,75.22,71.87,56.0,47.46,0.97,24.72,17.72,1.17,8.52,53.33,66.02,75.25,3177.26,61.62,5.1,26.21,71.37,72.18,82.84,8.2,42.2,38.28,14.62,6.98,8.18,0.79,58.41,3.33,12.32,96.26,92.53,34.9,99.48,99.88,2.78,1.19,19.82,7.77,2.73,15.98,5.81,22.43,0.25,5.38,17.86,5.42,1.21,0.78,0.12,4061,5260,4926,4856,4662,4449,3991,3860,3598,3161,2414,4458,1718,947,591,380,53671,339,3886,4961,4739,4938,4978,4878,4537,4131,3825,3176,2385,4328,1649,954,736,438,603,55142,56664,521,1625,54517,1548,8144,6103,6154,4702,81787,5983,19443,5736,75804,5682,13460,5792,62344,1686,1744,1672,9106,21325,4981,4957,2916,41927,32262,0,108813,108813,91952,10221,6200,75531,108248,108233,0.657,0.762,0.814,0.725,0.849,0.876,-23.4446715,-46.9167722
2010,320490,32,3204906,SÃO MATEUS,75.55,2.04,13.3,15.59,45.74,92.89,82.96,5.64,9.25,1.56,1.3,9.76,1.58,10.5,2.67,12.58,59.85,62.71,75.57,21.93,23.13,18.42,18.21,14.16,6.01,99.68,110.38,69.68,59.94,25.29,88.25,92.98,43.2,50.53,12.82,24.37,96.13,82.17,30.28,12.34,91.03,93.1,96.28,97.75,97.26,93.29,27.01,2.33,13.44,8.16,1.71,1.76,86.98,86.27,57.15,68.62,79.52,55.68,50.14,43.49,53.35,39.72,54.42,36.56,8.86,170.0,303.67,500.0,825.0,1375.0,0.57,4.59,7.45,14.44,24.41,33.69,49.41,46.11,3.06,60.9,9.84,21.03,39.1,80.91,18.74,12.4,699.99,106.96,3227.46,237.56,391.42,632.57,2136.53,706.02,30.6,86.26,151.33,0.59,22.11,1.85,22.75,15.06,8.8,2.82,57.85,61.3,45.59,37.21,1.06,10.21,6.45,6.5,23.35,70.89,82.19,91.46,1224.21,61.45,9.51,31.7,73.61,71.35,82.08,9.86,24.9,31.97,16.26,8.72,10.12,0.5,45.73,5.47,19.7,96.62,93.2,24.45,97.61,99.74,3.09,0.97,31.65,8.97,2.74,24.95,14.42,34.52,0.44,5.73,15.6,9.51,0.8,2.67,0.26,4100,5298,5250,4950,4924,4402,3814,3616,3320,2772,2225,4872,1527,1016,773,535,53930,536,4028,5175,5297,5045,4894,4718,4211,3873,3371,2833,2238,4586,1530,1123,906,619,651,55098,56212,996,2060,53156,1493,8377,6254,6320,4899,80904,6481,20529,6400,74423,5946,14048,5911,60375,1733,1873,1829,9661,22384,6152,5169,3245,41280,30943,24487,109028,84541,91475,10473,6499,74503,108223,107298,0.557,0.71,0.735,0.655,0.843,0.719,-18.7157663,-39.8492211
2010,352500,35,3525003,JANDIRA,75.46,1.89,15.28,17.13,40.32,94.86,84.47,3.7,10.91,1.7,1.15,4.44,0.9,4.69,0.96,5.59,76.94,81.24,79.74,12.4,10.88,15.08,10.66,7.88,5.18,98.97,109.82,68.9,68.35,23.99,86.55,90.58,49.35,58.01,11.35,23.71,95.85,85.76,23.52,10.95,88.37,91.25,96.17,97.77,96.93,93.97,18.16,1.44,24.6,4.05,2.83,0.86,89.17,87.99,66.83,73.63,82.41,60.94,55.95,51.92,57.72,42.9,58.04,39.45,8.74,278.33,440.0,611.67,962.5,1456.67,0.48,0.84,1.46,4.4,7.99,17.4,27.32,39.09,4.82,53.55,13.85,27.12,46.45,85.87,11.29,7.75,792.33,190.88,3097.21,357.66,526.06,765.65,2124.26,792.45,35.04,98.45,179.5,0.4,15.72,1.0,0.18,12.87,8.55,0.21,74.39,67.5,49.2,50.22,0.87,10.17,17.54,1.61,9.34,64.39,80.82,91.42,1352.05,64.96,4.95,36.45,80.52,75.39,85.83,8.6,28.21,35.01,15.69,7.39,7.87,0.32,65.01,4.07,13.61,99.79,89.42,40.39,99.99,100.0,1.19,0.43,20.61,11.63,3.07,17.25,5.69,24.9,0.0,4.63,16.91,6.26,1.68,0.82,0.0,4148,5172,4770,5150,5388,4878,4102,3916,3262,2655,2074,4497,1345,781,427,283,53063,215,4138,4953,4923,5440,5580,4965,4501,4121,3468,2996,2187,4218,1491,850,612,396,442,55281,59280,501,2230,56548,1700,8042,6023,6019,4938,81218,5918,20283,5697,75300,5828,14365,6003,60935,1648,1757,1654,9041,21113,4006,4953,2993,41972,31609,0,108344,108344,91253,10125,6117,75010,108193,108176,0.609,0.76,0.76,0.706,0.841,0.738,-23.5282044,-46.9019554
2010,292400,29,2924009,PAULO AFONSO,72.34,2.21,20.8,22.44,49.17,95.14,85.68,7.13,8.9,7.02,4.0,16.69,5.08,17.74,7.94,20.64,57.52,60.63,79.36,17.92,18.43,16.86,24.57,20.95,3.78,99.58,112.33,62.42,62.88,28.4,85.53,90.97,33.53,44.15,9.2,17.66,95.04,79.47,30.08,19.45,78.47,83.97,90.45,95.21,96.4,92.07,30.92,3.72,28.4,6.69,1.78,0.51,76.51,79.37,47.06,57.5,66.51,48.62,44.52,34.51,40.18,33.9,37.55,32.46,7.12,127.5,235.6,375.0,663.33,1059.4,0.58,10.26,15.57,22.69,35.42,44.41,60.56,46.2,2.48,61.3,9.01,20.06,38.7,68.12,20.51,13.64,544.73,67.56,2516.8,177.83,301.08,507.51,1673.12,547.63,33.99,74.4,134.69,0.65,22.06,1.45,12.22,17.01,12.42,0.29,49.99,57.17,42.36,41.73,3.44,9.14,5.71,8.69,33.1,77.79,86.79,93.81,952.59,52.01,6.24,26.11,59.98,60.46,69.16,10.2,9.96,19.91,17.28,9.86,10.8,0.5,38.41,6.65,23.67,89.08,88.76,28.15,97.9,99.13,4.47,0.88,35.76,21.53,3.6,28.9,18.8,43.55,0.18,11.54,19.84,17.27,0.95,4.03,0.87,4335,5245,4957,4762,4392,4424,3823,3340,2809,2166,1892,4613,1735,1255,919,600,51970,703,4272,5065,5048,5208,4769,4999,4353,3852,3197,2583,2454,4472,1903,1530,1101,727,893,56426,47295,643,1588,45063,1753,8165,6034,6190,5213,80364,6147,19968,5961,74217,5835,13821,5870,60396,1639,1762,1695,9458,21801,7725,5064,3071,42602,32349,14992,108396,93404,90930,10310,6084,74536,107558,106988,0.486,0.621,0.674,0.572,0.789,0.678,-9.3991006,-38.226711
2010,150442,15,1504422,MARITUBA,72.6,1.84,19.7,21.21,47.52,95.4,86.12,3.45,9.2,3.02,1.47,4.74,1.83,5.03,2.13,5.9,54.32,59.12,57.93,20.9,20.77,27.11,24.78,20.12,14.96,111.21,114.17,101.46,69.67,11.08,89.25,91.64,40.47,46.94,5.64,30.61,94.59,86.4,31.45,11.2,85.05,88.94,91.94,95.99,95.53,93.41,34.61,3.43,29.21,14.39,1.9,0.48,77.65,82.51,53.03,66.73,74.89,60.44,56.44,33.23,38.57,35.01,39.52,34.02,3.42,153.67,238.8,344.33,510.0,702.0,0.42,5.35,8.81,17.02,25.73,45.13,59.33,32.22,5.07,47.52,15.1,30.12,52.48,80.75,8.54,6.41,382.02,96.75,1230.71,191.62,286.87,427.25,924.6,383.83,32.16,87.78,156.5,0.33,23.67,0.29,2.83,25.71,11.78,0.1,54.1,66.63,41.01,48.85,0.53,4.78,4.93,2.83,19.56,79.8,91.66,97.69,814.94,53.52,5.4,20.5,55.96,63.74,67.88,15.2,27.58,41.19,25.99,14.34,19.27,0.22,44.53,7.17,22.55,89.79,78.47,50.02,88.94,99.97,16.4,3.13,21.48,14.95,4.47,18.28,11.44,31.51,1.08,8.63,19.53,15.48,4.2,2.29,0.03,5007,5669,5035,5417,5428,5455,4275,3490,2524,2092,1411,5370,988,679,475,274,53884,295,4726,5375,5196,5726,5976,5422,4519,3470,2529,1925,1446,4993,1052,782,516,333,376,54362,47172,597,1217,45358,1814,8611,6388,6331,5897,77106,6137,21374,6069,70969,6328,15237,6431,55732,2022,1995,1965,10801,23499,3730,5375,3117,39268,28346,1123,108246,107123,88136,11044,5935,71156,107449,106943,0.604,0.64,0.676,0.628,0.793,0.621,-1.3595306,-48.3361504
2010,420200,42,4202008,BALNEÁRIO CAMBORIÚ,78.62,1.31,8.7,10.25,34.68,95.92,88.17,7.75,10.47,0.73,0.56,1.5,0.36,1.55,0.53,1.8,76.07,77.62,83.45,14.99,14.46,15.21,8.94,7.92,1.33,93.15,101.69,71.61,73.61,55.61,85.96,91.83,50.0,62.94,30.29,44.64,98.23,77.27,36.19,14.64,88.79,90.61,93.23,94.84,98.34,92.36,12.33,0.86,7.49,2.07,3.5,5.48,92.48,92.31,73.93,80.47,87.79,76.3,73.86,61.63,66.21,58.67,66.23,57.07,25.66,500.0,765.0,1164.29,2000.0,3300.0,0.52,0.21,0.37,0.95,2.01,4.63,9.89,41.53,4.34,57.37,12.04,23.62,42.63,71.43,13.79,9.55,1625.59,352.39,6751.02,626.53,941.27,1544.66,4676.32,1625.59,33.4,99.52,191.66,0.47,26.86,5.98,1.02,22.52,9.26,0.13,71.87,79.49,61.99,54.63,0.59,25.06,7.7,1.37,5.13,44.48,64.33,80.27,2053.64,66.88,5.0,38.06,78.29,74.08,90.79,4.94,34.0,17.83,9.1,4.38,4.75,0.4,51.69,4.42,10.01,99.03,99.04,14.8,99.94,100.0,0.01,0.22,14.42,11.21,1.66,10.92,1.51,14.05,0.0,2.56,9.67,1.76,0.06,0.31,0.0,3074,3849,4249,5287,5363,4627,3894,3628,3438,2956,2515,3059,1921,1381,979,580,51393,593,2855,3647,4358,5578,5572,4970,4337,4054,4054,3743,3252,2967,2462,1654,1278,897,1018,56696,64289,375,1837,62077,1220,6030,4448,4561,3545,88638,4851,19472,5097,83787,5801,14621,6142,69166,1164,1208,1184,6284,15526,8380,3647,2434,47227,37291,0,108089,108089,96124,7496,4826,83802,107149,107149,0.763,0.803,0.845,0.789,0.894,0.854,-26.9924395,-48.6339782
2010,355400,35,3554003,TATUÍ,75.52,1.82,14.52,16.27,44.86,94.8,84.31,8.03,10.59,1.42,1.12,4.25,1.19,4.48,1.56,5.15,78.13,79.65,88.81,13.36,13.27,9.47,8.52,7.08,1.73,92.91,102.03,66.89,76.83,26.79,87.04,93.57,50.97,72.32,12.66,21.65,96.88,78.45,22.48,9.53,86.59,89.02,94.68,95.4,97.57,92.61,13.31,1.12,7.61,3.85,1.44,0.99,89.52,89.67,69.66,77.28,79.91,56.96,52.27,48.61,53.19,38.23,52.33,35.17,10.18,279.17,441.67,616.67,978.33,1450.0,0.47,1.18,2.1,4.86,9.28,17.38,30.66,37.05,4.84,52.29,14.19,27.69,47.71,74.54,10.44,7.36,771.05,186.56,2856.56,360.5,520.61,771.47,2012.18,771.05,35.38,97.13,174.05,0.38,17.85,1.56,5.64,14.25,7.86,0.06,73.75,67.46,47.68,40.61,0.88,12.0,23.04,1.86,9.99,67.06,82.63,92.51,1243.14,57.24,4.2,32.51,75.98,65.44,84.34,6.73,25.57,21.89,12.05,6.05,6.74,0.3,61.57,3.56,13.92,98.66,99.0,30.16,99.64,99.97,0.52,0.36,21.91,13.41,2.43,20.7,6.34,30.45,0.22,5.43,13.0,6.9,0.2,0.82,0.03,3682,4764,4605,4771,4807,4516,3879,3636,3292,2909,2371,4037,1881,1405,1093,683,53034,703,3592,4637,4558,4624,4741,4508,4048,3668,3475,3097,2525,3887,2179,1647,1191,886,1029,54292,52710,395,1770,50545,1485,7538,5633,5695,4186,82560,5540,18525,5412,77020,5508,12985,5505,64035,1586,1593,1533,8165,19500,8617,4630,2753,42089,32920,5070,107326,102256,92081,9401,5445,77235,106912,106912,0.57,0.756,0.752,0.688,0.842,0.734,-23.3514733,-47.8552438
2010,355650,35,3556503,VÁRZEA PAULISTA,76.8,2.01,11.05,12.82,39.32,95.18,85.33,4.84,9.64,1.39,1.33,5.0,0.98,5.27,1.45,6.26,72.48,73.15,87.35,15.96,15.66,11.43,11.56,11.19,1.22,97.42,106.35,73.0,81.48,25.37,85.79,91.26,50.07,70.82,13.0,16.81,97.54,84.18,21.58,12.52,81.19,86.34,94.35,96.49,96.91,93.51,14.85,1.25,8.27,3.37,2.16,1.39,88.34,88.88,73.58,81.15,84.35,57.16,50.92,56.76,57.49,35.17,59.66,30.05,4.99,301.67,475.0,660.0,930.6,1250.0,0.39,1.15,1.96,3.76,6.16,13.39,22.2,30.24,5.96,45.24,17.03,32.88,54.76,79.72,7.1,5.31,706.02,210.49,2135.3,390.78,559.32,772.47,1597.04,706.02,36.34,89.63,176.15,0.28,12.34,0.51,1.06,14.67,8.07,0.08,78.73,65.41,41.93,38.1,1.05,6.47,27.04,1.36,9.11,64.09,84.01,95.65,1129.7,59.92,6.23,37.13,74.85,68.1,80.58,8.96,66.65,38.16,12.22,7.13,7.7,0.19,73.35,1.79,10.76,99.53,95.35,35.09,99.86,99.98,0.06,0.43,18.76,18.81,3.09,17.71,3.69,28.44,0.0,2.81,18.39,5.47,0.93,1.01,0.02,3971,4663,4697,5307,5329,4682,4188,3854,3396,3046,2325,4139,1504,967,599,402,53415,346,3817,4544,4738,5213,5229,4657,4177,3848,3617,3135,2299,3905,1626,1032,769,532,536,53674,54682,574,2119,51989,1612,7330,5502,5543,4587,82050,5659,19955,5573,76391,5870,14296,6052,62095,1589,1638,1554,8283,19382,5183,4544,2862,41408,31457,0,107089,107089,91262,9207,5708,76346,106832,106832,0.572,0.783,0.759,0.705,0.863,0.72,-23.2113889,-46.8283333
2010,430210,43,4302105,BENTO GONÇALVES,75.52,1.64,12.1,14.08,35.44,94.51,84.36,8.42,10.02,0.81,0.64,2.23,0.46,2.31,0.47,2.66,69.86,72.57,77.7,17.54,17.55,17.16,12.6,9.88,5.14,93.4,104.41,62.62,57.58,51.65,84.65,90.79,42.45,53.0,23.25,32.79,96.0,79.98,32.69,20.29,72.66,80.26,91.27,95.87,96.62,92.23,17.75,1.74,7.12,3.76,2.6,3.32,89.83,90.46,65.02,75.29,83.6,61.41,57.14,49.36,55.97,42.97,55.04,40.47,13.36,482.5,709.17,995.0,1471.67,2166.67,0.44,0.34,0.72,1.31,2.65,5.26,10.07,36.04,5.46,50.84,15.35,29.39,49.16,73.87,9.39,6.6,1196.56,326.6,4311.82,591.54,840.5,1182.48,3028.16,1196.56,36.0,91.26,177.5,0.35,19.55,4.42,7.54,14.33,5.84,0.01,79.59,67.95,48.47,36.85,0.76,13.37,28.13,2.71,7.32,56.03,75.73,89.47,1487.36,69.26,5.83,42.0,86.12,76.23,90.81,3.02,8.0,19.09,4.95,2.52,2.18,0.3,61.26,4.11,8.51,97.34,99.27,9.02,99.88,99.91,0.19,1.24,22.03,27.34,3.38,18.23,2.2,22.09,0.0,3.71,12.56,2.61,0.05,0.48,0.09,2839,3679,3982,4965,5480,4681,3925,3975,4035,3409,2749,3046,2135,1428,989,711,52645,617,2756,3700,4033,4872,5165,4544,3920,4101,4199,3763,2981,3012,2292,1679,1298,1054,1264,54633,66111,426,1849,63835,1111,5897,4441,4448,3269,88194,4524,17842,4636,83670,5321,13318,5644,70352,1214,1177,1213,6358,15305,9029,3697,2296,45137,36240,8209,107278,99069,95451,7307,4403,83741,106666,106666,0.614,0.739,0.778,0.695,0.842,0.805,-29.1654014,-51.5197627
2010,355620,35,3556206,VALINHOS,76.01,1.43,12.64,14.66,36.99,94.87,84.48,8.14,10.35,0.99,0.79,3.13,0.68,3.27,0.78,3.72,73.66,76.12,81.75,16.64,15.76,16.32,9.7,8.12,1.92,98.02,107.17,73.55,94.03,52.93,88.12,91.73,58.02,75.28,25.79,39.2,96.38,90.47,36.15,16.46,92.49,94.74,98.25,99.04,97.18,95.35,16.09,1.45,11.67,2.63,1.62,0.39,89.04,86.84,72.86,83.64,86.67,67.31,63.93,64.98,65.98,51.4,66.46,48.86,21.25,466.67,695.0,1032.33,1925.0,3127.5,0.54,0.15,0.4,1.17,3.46,5.9,11.85,44.53,4.08,60.16,11.34,22.15,39.84,76.62,15.7,10.61,1570.91,320.14,6996.05,570.87,848.94,1389.49,4724.95,1570.91,45.33,101.78,192.45,0.52,17.37,3.07,3.24,13.31,6.07,0.15,79.51,73.82,57.62,43.1,0.75,23.36,20.43,1.13,6.02,48.0,65.32,79.63,2229.19,64.4,3.3,31.98,80.33,71.93,87.67,4.61,14.67,23.16,8.47,4.09,5.04,0.49,67.51,2.02,9.1,99.16,96.94,18.66,99.89,99.98,0.29,0.22,11.08,7.51,2.82,11.94,1.88,20.63,0.73,4.3,7.47,1.78,0.16,0.61,0.02,3150,3799,4090,4559,4651,4510,4286,4365,4136,3331,2657,3352,2015,1354,1043,696,52676,682,3010,3778,3796,4489,4745,4690,4431,4658,4102,3565,2736,3054,2147,1603,1283,889,1141,54117,60702,250,1524,58927,1186,6045,4510,4607,3677,86650,4670,16934,4681,81980,4992,12264,5168,69716,1297,1273,1304,6665,15813,8691,3778,2242,44275,35990,5167,106793,101626,94260,7577,4765,81919,106411,106411,0.673,0.813,0.819,0.763,0.85,0.848,-22.97056,-46.99583
2010,353980,35,3539806,POÁ,76.33,1.61,12.8,14.79,41.77,95.14,85.21,5.45,11.05,1.11,0.99,3.3,0.82,3.47,0.62,4.04,78.07,80.62,83.86,12.71,12.33,13.06,9.23,7.05,3.08,97.18,101.45,84.58,75.63,26.59,89.14,89.98,58.57,64.92,12.66,23.2,96.97,89.51,23.3,9.31,90.19,92.64,96.67,97.73,97.6,95.56,16.34,1.45,19.78,4.7,3.98,0.6,90.4,90.07,73.23,79.67,88.86,67.68,63.03,57.96,66.66,51.5,66.77,48.17,9.0,250.0,400.44,602.0,908.0,1300.0,0.43,2.34,3.91,6.8,11.2,21.99,33.44,31.91,4.87,47.93,14.67,29.71,52.07,80.94,8.7,6.55,664.31,161.72,2119.62,325.69,499.43,742.54,1596.72,664.66,34.99,85.17,167.81,0.34,17.58,0.8,0.48,16.28,7.11,0.05,69.68,75.93,60.58,50.0,0.97,11.24,17.47,1.14,12.25,65.49,81.01,93.49,1162.61,59.25,2.91,26.22,75.77,69.04,82.41,10.27,45.75,26.89,17.12,9.62,11.47,0.24,58.72,5.59,16.42,99.29,98.9,39.91,99.9,99.87,0.09,0.24,10.81,9.81,2.4,10.96,4.06,24.75,0.69,5.3,10.98,8.35,2.52,1.59,0.13,3917,4879,4702,4824,4672,4362,3921,3631,3220,2871,2214,4126,1594,1016,661,336,51292,346,3623,4936,4624,4860,4889,4621,4308,4052,3695,3241,2611,3971,1866,1233,909,599,683,54721,53483,285,1442,51755,1456,7850,5852,5945,4540,80561,5753,19010,5509,74808,5470,13257,5607,61551,1544,1534,1536,8528,20263,5783,4936,2887,42191,32707,1675,106013,104338,90274,9815,5500,74959,105717,105660,0.677,0.796,0.771,0.754,0.856,0.71,-23.5249082,-46.3445663
2010,314790,31,3147907,Passos,78.15,1.6,10.35,12.11,42.22,95.25,86.63,8.41,9.3,1.01,0.83,5.52,0.91,5.84,1.09,6.81,68.03,69.68,78.63,17.54,17.4,16.74,14.43,12.92,4.62,95.53,105.25,68.76,73.25,26.39,86.01,91.2,46.88,58.58,15.56,18.33,95.42,80.64,26.73,9.74,79.62,86.58,96.53,98.52,96.82,92.51,17.04,1.59,14.74,4.23,2.83,1.04,87.95,87.22,63.65,71.74,80.12,52.48,47.03,46.21,50.76,33.6,52.4,30.21,11.25,266.67,423.0,598.33,990.0,1527.5,0.49,0.9,1.53,4.42,8.98,18.36,32.39,40.6,4.71,55.46,13.38,25.98,44.54,73.25,12.14,8.28,802.97,189.06,3260.31,348.28,505.82,744.89,2223.47,802.97,47.19,102.13,182.3,0.42,18.9,2.2,8.88,16.96,8.59,0.74,69.54,61.28,40.66,41.37,1.32,13.04,14.92,1.67,8.98,68.15,82.58,91.6,1248.65,57.35,5.55,35.93,72.19,64.53,82.4,5.47,27.91,24.42,10.12,4.54,5.37,0.35,57.61,4.11,15.77,99.02,98.39,17.6,99.81,99.93,0.0,0.36,25.99,20.38,3.18,23.53,6.75,32.68,0.18,7.25,11.02,7.53,0.35,1.5,0.07,3513,4440,4566,4662,4392,4155,3843,3861,3595,3162,2609,3660,2065,1487,1109,743,52568,706,3275,4228,4471,4539,4443,4260,4025,3956,3736,3387,2817,3484,2198,1674,1329,850,1050,53722,53000,481,1908,50610,1396,6935,5134,5266,4038,83608,5403,18222,5403,78205,5545,12819,5714,65386,1349,1374,1380,7488,18001,8944,4226,2656,42697,33694,5448,106290,100842,92415,8668,5312,78435,105700,105700,0.525,0.736,0.756,0.658,0.886,0.741,-20.719162,-46.6094507
2010,354520,35,3545209,SALTO,75.19,1.75,13.3,15.43,39.99,94.18,83.71,7.27,10.27,1.21,0.81,3.96,0.73,4.18,0.85,4.89,75.56,77.12,82.32,15.15,14.5,14.4,9.29,8.38,3.28,96.28,103.81,75.42,73.93,35.63,89.23,93.08,62.82,67.66,19.01,20.28,97.66,87.0,26.89,13.31,81.82,87.18,95.89,97.61,98.38,95.36,12.12,1.08,11.8,2.75,1.32,1.33,89.45,88.14,79.24,85.74,88.95,63.24,57.93,62.48,69.21,45.79,68.51,40.94,10.9,340.0,507.5,732.5,1100.0,1637.5,0.45,0.43,0.71,3.3,6.96,11.79,21.0,35.68,5.27,50.74,15.08,28.99,49.26,77.19,9.47,6.73,876.67,231.01,3128.34,429.84,609.77,888.44,2224.42,876.81,41.12,102.73,180.35,0.35,16.62,2.16,2.02,13.75,8.14,0.16,75.86,72.59,54.36,40.25,1.24,12.87,27.68,1.1,7.92,59.73,77.52,90.18,1356.34,62.84,4.46,40.27,81.0,70.82,86.49,8.15,30.04,31.19,14.38,7.12,8.75,0.27,65.98,1.64,12.77,99.19,97.11,28.38,99.26,99.97,0.44,0.28,12.95,18.18,1.62,13.62,2.96,25.87,0.0,6.73,10.58,3.77,0.33,0.81,0.03,3460,4311,4734,4852,4836,4368,3924,3863,3674,3115,2367,3572,1741,1246,906,594,52132,569,3302,4265,4357,4719,4757,4453,3988,4157,3931,3210,2501,3567,1826,1408,1145,837,961,53384,57604,385,2086,55133,1382,6863,5134,5210,3960,83028,5442,18658,5392,77586,5513,13216,5612,64370,1418,1413,1420,7436,17908,7666,4265,2596,42245,33171,742,105516,104774,91666,8633,5180,77853,105198,105180,0.632,0.818,0.78,0.751,0.837,0.755,-23.1989983,-47.2913682
2010,330452,33,3304524,RIO DAS OSTRAS,76.26,1.91,10.96,12.33,41.51,93.0,83.2,5.59,9.18,1.36,0.89,3.73,0.61,3.92,1.21,4.55,55.25,58.48,65.1,26.87,27.13,24.67,17.88,14.39,10.23,104.34,112.95,75.79,67.65,31.51,91.45,94.96,46.42,55.44,13.02,23.66,98.65,87.83,29.15,11.89,81.92,86.77,94.83,96.68,98.15,95.76,29.68,2.28,22.79,7.97,1.11,0.76,85.81,88.43,56.83,68.64,79.0,66.52,64.1,43.01,50.79,48.65,52.45,48.23,13.47,287.14,500.0,766.0,1400.0,2200.0,0.53,1.45,2.79,5.26,10.72,17.08,29.35,40.61,3.55,57.2,11.03,22.88,42.8,78.77,14.72,10.4,1051.19,186.49,4268.56,393.41,622.85,1046.96,3014.75,1052.17,35.14,92.76,171.99,0.5,24.48,2.51,1.62,14.31,15.37,7.91,62.19,68.96,52.22,48.26,0.98,14.43,5.35,1.56,9.61,54.53,69.98,83.23,1712.72,61.7,3.15,24.66,72.57,70.92,81.32,8.77,24.33,28.38,16.78,8.27,8.02,0.42,47.21,6.91,17.69,90.61,91.9,30.3,99.81,99.9,3.54,0.17,23.38,18.08,1.85,19.25,6.57,25.23,0.23,6.31,13.17,5.53,0.51,0.88,0.1,4139,4626,4109,4402,4955,4936,4197,3875,3500,2850,2255,4189,1561,1057,799,413,52207,344,3799,4383,4074,4427,5193,5267,4483,3861,3613,3009,2379,3955,1730,1199,881,558,658,53469,55347,284,1155,53907,1576,7109,5327,5310,4730,80582,4959,17012,4712,75623,4986,12053,5170,63570,1632,1569,1612,8475,18979,5908,4383,2426,41332,32831,5771,105676,99905,89707,9009,4685,76013,104951,104853,0.665,0.701,0.773,0.689,0.854,0.784,-22.5269448,-41.944972
2010,420290,42,4202909,BRUSQUE,78.64,1.48,8.55,10.08,34.34,95.9,88.12,5.81,10.18,0.84,0.77,2.68,0.43,2.81,0.55,3.36,74.12,76.28,82.05,14.93,15.03,13.31,10.95,8.7,4.64,93.61,104.7,66.13,70.7,28.7,85.62,91.91,49.59,61.51,15.96,31.25,97.06,79.05,23.94,12.24,86.25,90.32,96.48,98.27,97.98,92.53,14.14,0.94,6.65,1.9,2.56,1.56,90.3,89.15,69.71,79.85,83.46,59.1,53.47,53.13,55.38,38.8,54.47,34.97,10.94,505.0,730.0,950.0,1366.67,1930.0,0.4,0.29,0.61,0.89,1.76,3.45,7.21,32.94,6.49,47.33,17.54,32.42,52.67,81.37,7.51,5.39,1116.93,362.69,3678.75,616.75,830.84,1131.06,2638.04,1116.93,59.49,94.99,181.97,0.28,18.17,3.94,1.56,15.06,6.33,0.04,82.74,65.95,43.97,29.69,0.83,12.11,41.71,1.26,4.54,51.89,76.19,91.01,1516.94,70.04,7.59,56.74,88.9,76.91,89.82,2.13,8.28,8.69,3.78,1.76,1.5,0.27,69.35,1.26,6.07,96.33,98.53,11.54,99.66,99.92,0.18,0.69,22.57,13.75,2.02,18.1,1.86,21.07,0.0,3.02,13.84,1.2,0.03,0.22,0.08,3432,3965,4587,5616,5567,4576,4075,3966,3835,3068,2305,3349,1572,941,675,433,52400,438,3243,3673,4503,5380,5291,4582,4293,4026,3968,3121,2396,3173,1807,1137,941,708,861,53103,64626,580,2935,61111,1401,6194,4577,4666,4017,84668,5313,20086,5395,79355,5908,14773,6285,64582,1257,1304,1325,6662,16371,6134,3673,2681,43014,33131,3478,105503,102025,92264,7638,5172,79453,104887,104887,0.591,0.774,0.795,0.707,0.894,0.794,-27.0964628,-48.9136323
2010,210750,21,2107506,PAÇO DO LUMIAR,72.74,1.93,21.3,23.25,44.1,94.98,86.17,3.97,9.84,2.96,1.45,5.76,1.65,6.13,2.48,7.37,63.55,67.64,69.6,20.0,18.9,24.57,16.44,13.46,5.84,103.91,111.92,80.99,81.51,22.61,88.82,92.47,49.64,60.91,11.44,26.77,95.18,86.96,26.92,12.61,95.3,95.65,96.7,96.52,95.97,93.64,24.29,1.91,28.32,7.87,1.56,0.0,87.33,89.31,64.6,74.75,85.42,73.02,69.59,49.0,60.44,54.96,59.94,53.44,5.98,146.67,240.0,368.57,577.5,910.0,0.49,7.77,11.15,19.04,28.88,44.76,61.13,37.39,3.73,53.7,12.26,25.68,46.3,82.07,12.2,8.75,444.5,82.99,1662.08,189.41,298.25,458.42,1192.36,450.59,32.39,79.99,148.45,0.43,22.53,0.79,7.19,18.5,12.9,0.71,51.17,76.62,59.72,47.83,0.68,7.27,4.64,4.24,24.66,78.58,89.0,95.42,879.06,54.74,6.62,17.33,59.55,64.86,69.42,11.02,16.22,23.55,22.9,10.65,13.75,0.32,42.59,6.26,24.07,73.65,73.47,42.6,73.82,99.76,12.46,8.42,14.57,4.7,4.03,10.8,7.57,22.86,0.21,7.02,14.35,15.59,4.94,2.07,0.24,4383,5220,4897,5468,5553,4529,3811,3261,2507,2069,1672,4553,1151,692,541,323,50910,280,4266,4958,5256,5889,5732,5171,4306,3571,2737,2400,1794,4618,1173,812,604,394,530,54211,47775,674,1057,46044,1709,7994,5895,6051,5187,77085,6157,21497,6133,70928,6085,15340,6287,55588,1747,1798,1689,9548,21623,4174,4956,3181,40349,29209,26310,105121,78811,87273,10178,6101,70994,104747,103331,0.73,0.744,0.724,0.739,0.796,0.646,-2.5210576,-44.1063031
2010,320240,32,3202405,GUARAPARI,75.21,1.91,14.43,16.8,44.91,92.79,82.75,7.36,8.91,1.69,1.42,6.59,1.33,6.97,2.02,8.09,55.65,58.71,77.44,21.46,23.05,14.48,22.89,18.24,8.08,101.45,113.92,63.75,64.48,21.9,89.29,93.36,39.53,54.91,10.97,19.94,94.75,84.3,28.31,9.09,73.73,80.77,88.14,93.76,96.24,93.27,33.86,2.49,12.1,6.61,1.19,0.91,83.67,86.39,51.44,64.41,74.2,56.36,52.76,40.64,47.89,39.55,47.78,37.87,10.54,214.8,350.0,526.25,950.0,1510.0,0.58,2.05,3.57,8.94,16.63,26.55,43.34,47.9,3.33,62.41,10.14,20.74,37.59,66.53,18.89,12.3,830.51,138.17,3978.46,283.02,439.95,699.6,2589.48,836.7,23.26,91.09,164.0,0.59,22.4,2.89,6.72,18.65,12.64,1.79,63.12,61.57,44.83,48.23,1.37,11.0,6.57,2.31,14.3,71.33,82.89,91.91,1202.39,58.64,5.95,33.17,71.14,67.03,78.39,9.47,29.21,32.68,16.96,8.44,7.8,0.39,50.14,5.01,17.59,97.29,96.83,25.31,96.49,99.73,1.38,0.28,29.22,26.27,3.76,23.84,11.53,31.57,0.0,5.19,18.03,10.32,0.44,1.9,0.27,3739,4673,4489,4530,4530,4227,3829,3643,3250,2826,2338,4108,1773,1331,929,656,51494,623,3611,4717,4451,4465,4759,4625,4047,3850,3446,3121,2583,4033,1873,1382,1175,775,879,53792,52655,559,1767,50329,1433,7521,5612,5644,4408,80405,5550,17935,5283,74855,5160,12385,5208,62470,1509,1581,1565,8429,19711,7750,4717,2732,41431,32515,4758,105286,100528,89801,9390,5328,75084,104656,103882,0.564,0.66,0.731,0.626,0.837,0.746,-20.6718755,-40.4984617
2010,317120,31,3171204,Vespasiano,73.65,1.78,15.32,17.92,43.93,92.38,79.67,4.67,8.44,1.35,0.9,5.88,1.06,6.29,1.23,7.5,53.59,56.1,66.7,22.41,22.97,22.87,24.0,20.93,10.43,95.2,107.35,58.7,58.79,15.46,85.83,91.79,38.24,47.94,5.89,16.89,96.29,81.63,20.63,9.99,76.3,82.67,87.46,93.95,96.68,92.92,25.71,2.76,16.01,5.38,1.33,0.76,84.11,83.28,55.42,63.55,70.69,47.65,42.34,36.64,40.69,28.7,39.89,25.93,4.57,212.5,333.5,490.0,725.0,1001.0,0.42,1.02,1.67,8.06,14.05,28.24,43.24,32.5,5.57,47.95,15.72,30.54,52.05,79.6,8.27,6.1,539.05,150.0,1751.71,273.64,399.41,579.9,1291.49,539.05,41.48,103.74,176.42,0.31,15.11,0.46,0.93,15.27,13.63,0.34,75.97,54.3,34.3,50.67,0.91,5.55,10.67,0.9,9.3,78.85,90.31,96.73,912.1,60.15,3.61,27.54,76.07,70.94,78.9,8.6,25.42,43.63,15.33,7.37,7.4,0.21,67.07,4.57,12.02,99.59,96.91,27.95,95.66,99.96,0.02,0.2,31.65,23.7,3.32,26.43,12.03,31.38,0.28,5.49,26.57,9.86,3.82,1.67,0.04,4024,5281,4699,4797,4817,4701,3988,3626,2962,2529,1764,4538,1274,825,564,326,51006,291,3822,5060,4964,4850,5184,4951,4240,3701,3221,2827,2042,4296,1487,1050,757,529,540,53521,52972,373,1611,50988,1583,8119,6087,6049,4653,77487,5865,19309,5710,71622,5754,13444,5777,58178,1610,1597,1699,9455,21592,4878,5060,2977,40336,30522,0,104527,104527,88069,10341,5849,71879,104081,104081,0.477,0.659,0.688,0.592,0.811,0.677,-19.6940958,-43.9186521
2010,410150,41,4101507,ARAPONGAS,75.02,1.68,13.33,15.19,41.23,93.87,84.02,8.09,10.64,0.69,0.42,5.0,0.46,5.3,0.69,6.26,75.33,77.34,84.51,13.11,12.64,13.09,11.56,10.02,2.41,91.95,101.29,66.09,33.34,28.55,85.29,89.99,48.39,25.74,16.99,19.97,96.02,79.45,25.09,9.63,54.87,68.28,82.36,97.93,97.31,92.56,15.32,1.23,17.43,2.42,3.09,1.66,89.05,88.78,67.73,72.71,81.47,56.72,51.82,51.76,55.86,37.14,57.84,33.44,10.85,341.67,500.0,666.0,992.0,1487.5,0.46,0.49,1.01,2.49,5.32,10.98,19.55,38.37,5.59,52.38,15.6,28.94,47.62,79.86,9.84,6.57,855.02,239.13,3280.79,427.83,570.35,798.43,2191.71,855.26,33.45,103.49,188.46,0.36,18.08,3.61,5.27,16.47,6.73,0.12,74.45,64.71,43.58,34.37,1.04,12.05,29.79,1.48,9.68,67.88,82.92,91.66,1294.28,64.2,6.91,44.06,80.96,71.64,85.1,4.84,14.97,21.36,7.28,4.07,4.74,0.33,61.88,2.67,12.37,99.06,99.54,14.06,98.85,99.91,0.18,0.51,18.11,45.13,2.69,20.1,4.43,27.19,0.0,6.3,8.19,3.98,0.04,1.0,0.09,3499,4233,4186,4697,4654,4334,4072,3931,3402,2868,2304,3409,1786,1343,1056,638,51039,627,3279,3988,4247,4607,4536,4460,4097,4052,3750,3096,2592,3563,2078,1669,1238,930,929,53111,57898,568,2214,55117,1432,6514,4872,4914,3941,82157,5007,17730,4916,77150,5273,12723,5460,64427,1404,1372,1333,7304,17191,8428,3988,2528,42272,33421,2299,104150,101851,90181,8221,5023,76937,103954,103925,0.567,0.727,0.748,0.669,0.834,0.751,-23.415296,-51.42592
2010,210005,21,2100055,AÇAILÂNDIA,72.07,2.66,23.2,25.25,55.43,94.56,85.14,4.57,9.34,4.0,2.77,17.69,4.18,19.22,7.7,23.67,58.08,61.76,71.51,21.46,22.13,20.94,20.46,16.11,7.55,105.89,116.24,74.57,68.51,10.84,90.72,95.85,42.32,60.41,4.32,8.16,97.7,82.69,24.31,12.88,86.27,89.6,96.56,96.57,97.72,93.99,30.14,3.49,21.7,10.19,0.9,0.64,89.86,90.06,55.53,65.86,70.23,46.4,39.33,32.29,38.88,27.39,37.98,23.98,4.68,122.4,200.0,302.5,505.0,800.0,0.56,10.12,14.77,25.17,36.65,53.86,68.19,46.52,3.03,60.8,10.33,21.53,39.2,83.34,18.01,11.44,438.56,66.46,2040.4,160.06,245.68,387.42,1295.81,442.66,35.94,79.48,143.39,0.58,22.67,2.42,19.79,20.06,8.25,1.26,46.44,52.25,32.9,36.07,0.62,6.04,9.69,7.01,29.95,80.57,88.53,94.31,974.92,53.0,6.01,19.69,63.36,64.54,69.32,11.69,16.84,28.16,19.43,11.09,12.0,0.5,37.66,5.46,26.84,89.57,75.02,38.91,93.33,99.34,17.03,15.98,36.24,13.73,2.28,30.05,20.86,44.62,0.14,10.24,22.21,17.66,1.17,2.49,0.66,5206,5738,5293,5313,4895,4281,3413,2972,2518,1879,1520,5595,1095,953,642,401,52115,401,4910,5549,5522,5411,5009,4307,3520,2974,2517,1902,1481,5352,1119,931,646,374,408,51932,44021,678,1307,42036,1951,8965,6767,6761,6047,71697,6670,21539,6580,65027,6172,14869,6169,50158,2118,2193,2232,11076,24506,4756,5549,3413,36121,25188,25810,104047,78237,83056,11287,6637,65133,103752,102792,0.464,0.686,0.672,0.602,0.785,0.643,-4.9514278,-47.4844564
2010,522140,52,5221403,TRINDADE,74.3,1.99,11.78,13.98,44.23,92.69,81.24,5.84,9.44,2.03,1.41,7.88,1.52,8.38,2.15,9.92,64.15,67.96,71.34,20.23,18.76,22.52,15.62,13.28,6.14,98.03,110.77,61.59,45.9,23.21,84.76,90.4,38.7,40.95,11.26,9.08,96.07,78.61,25.96,10.72,68.54,76.62,85.16,91.84,96.36,91.77,23.36,2.82,22.56,5.08,2.3,1.2,88.03,85.56,56.13,67.94,73.89,50.72,45.57,36.57,43.75,30.73,43.71,27.84,5.0,233.33,350.0,502.5,724.0,1010.0,0.42,1.56,2.7,7.02,12.41,25.75,38.77,32.72,5.52,47.76,15.95,31.23,52.24,83.49,8.21,5.99,558.61,154.16,1827.79,291.21,426.97,586.65,1334.26,559.9,25.19,91.51,175.42,0.31,23.59,0.94,3.82,17.17,10.39,0.02,54.96,57.27,36.55,43.11,1.02,6.38,17.57,1.55,12.99,76.14,89.51,95.85,953.02,60.75,7.76,37.69,72.42,69.69,80.23,6.67,26.03,20.84,11.22,5.77,4.82,0.26,43.62,7.06,23.41,99.08,91.1,22.12,98.84,99.92,2.48,0.53,27.36,31.46,3.64,25.49,10.21,36.56,0.23,7.48,16.69,9.93,2.23,1.68,0.08,3833,4892,4770,4766,4735,4670,4060,3481,3110,2464,1859,4440,1451,1107,811,521,51445,475,3805,4870,4745,4747,4685,4643,4296,3909,3356,2919,2148,4001,1688,1184,885,634,528,53043,53666,757,2187,50722,1496,7866,5826,5961,4595,78234,5654,18968,5523,72580,5704,13314,5657,59266,1540,1675,1682,8635,20385,6099,4861,2856,40109,30644,4382,104488,100106,88345,9762,5804,72779,103609,103369,0.507,0.665,0.699,0.608,0.822,0.682,-16.6549924,-49.4876203
2010,311940,31,3119401,Coronel Fabriciano,76.88,1.85,12.54,14.67,42.69,94.68,85.19,7.39,9.29,1.32,0.91,6.08,0.96,6.45,1.13,7.59,65.52,67.76,76.41,19.47,19.93,17.1,15.0,12.31,6.48,96.45,106.35,69.41,90.99,32.03,88.84,93.84,49.73,75.2,14.69,15.18,97.19,83.02,25.8,12.14,92.86,94.74,97.19,98.82,98.14,94.09,19.92,1.22,15.15,4.38,2.03,0.75,89.77,90.34,67.14,74.9,80.51,58.57,54.05,49.36,52.29,38.84,53.09,36.07,8.72,226.25,366.75,540.33,883.33,1315.0,0.48,2.38,4.66,7.92,14.59,25.09,39.29,38.11,4.23,53.69,12.89,26.27,46.31,73.1,11.82,8.33,685.48,145.11,2612.04,296.7,458.55,687.03,1839.99,686.15,33.75,86.67,166.09,0.43,17.21,1.71,1.99,17.52,9.57,0.48,69.22,69.57,48.84,41.82,1.02,10.8,19.76,2.26,13.81,68.62,82.5,92.48,1146.15,55.91,4.24,26.72,74.99,64.1,77.2,10.79,14.4,36.93,15.57,9.98,12.56,0.35,57.85,5.16,16.39,97.54,97.67,18.16,98.36,99.84,0.6,0.96,20.42,7.14,1.86,17.88,8.2,31.86,0.16,3.13,13.81,8.92,0.65,1.99,0.16,3440,4519,4423,4690,4613,4186,3565,3388,3269,2989,2330,3761,1593,1126,935,610,50035,598,3458,4330,4379,4709,4709,4388,3978,3953,3702,3367,2550,3750,1904,1491,1234,819,938,53659,49899,375,1442,48082,1374,7027,5220,5333,4061,79616,5253,18025,5190,74363,5238,12772,5401,61591,1403,1411,1450,7772,18357,7667,4290,2604,41682,32688,1299,103694,102395,89253,8849,5396,75007,103319,103217,0.586,0.759,0.755,0.696,0.865,0.715,-19.5200067,-42.6282686
2010,410040,41,4100400,ALMIRANTE TAMANDARÉ,75.39,2.13,12.96,14.77,47.08,94.12,84.6,4.37,9.59,1.32,1.12,6.06,1.16,6.51,1.3,7.77,64.49,67.04,76.37,17.33,16.98,22.2,18.19,15.98,1.43,89.18,102.27,51.86,30.72,20.01,80.08,86.84,35.14,24.79,8.94,17.21,94.53,72.32,23.89,11.24,49.78,63.43,74.78,90.24,95.62,89.57,19.62,3.05,13.88,3.7,2.13,1.26,84.21,83.09,53.24,61.79,70.62,49.63,44.69,35.49,39.39,29.45,40.0,27.11,5.54,265.0,397.5,549.0,815.0,1132.67,0.43,1.01,1.62,4.89,9.42,18.33,28.11,34.14,5.74,48.88,15.93,30.44,51.12,85.04,8.57,6.12,646.02,185.27,2205.41,329.24,468.88,667.93,1574.08,646.1,35.56,95.77,179.54,0.32,17.68,1.2,3.48,15.07,13.01,0.58,69.73,55.98,34.17,49.31,1.46,6.09,11.43,1.65,11.15,71.02,87.56,95.66,1097.38,62.79,4.56,36.77,77.64,74.37,84.11,3.88,15.31,21.59,6.08,2.96,3.52,0.26,62.34,2.83,14.51,98.24,97.43,24.5,99.25,99.71,0.39,2.95,29.74,50.22,4.38,27.23,8.5,31.13,0.8,12.29,24.46,6.41,2.27,1.04,0.29,4552,5542,4970,4646,4437,4230,4031,3605,2904,2398,1914,4538,1336,858,579,344,51136,252,4284,5250,5120,4594,4609,4307,4180,3786,3144,2616,1960,4356,1383,1003,653,409,414,52068,53691,492,2318,50881,1743,8535,6352,6425,5268,74682,6260,19330,5942,68422,5733,13070,5648,55352,1825,1770,1736,9381,22236,4512,5250,3200,38178,28464,4312,103204,98892,85510,10792,6302,68416,103008,102996,0.496,0.619,0.699,0.575,0.84,0.706,-25.3133048,-49.2997838
2010,261370,26,2613701,SÃO LOURENÇO DA MATA,72.57,1.88,19.8,21.34,45.07,95.38,86.07,6.16,9.34,5.22,3.76,15.96,4.98,16.94,7.47,19.7,54.08,59.94,61.77,21.29,20.68,29.65,24.63,19.39,8.58,102.65,117.33,61.62,87.97,15.15,87.48,92.73,32.26,61.68,6.11,21.87,96.73,86.25,28.03,12.98,86.82,89.73,94.28,95.19,97.1,94.24,36.26,4.43,23.4,7.6,1.53,0.21,80.75,82.32,46.97,55.64,63.61,45.92,41.86,32.99,38.38,30.03,38.88,28.11,3.23,115.6,193.0,292.33,508.0,680.0,0.5,11.04,17.94,26.07,40.06,55.22,71.82,38.79,3.31,54.29,11.8,24.89,45.71,68.59,13.15,9.19,364.43,60.28,1413.47,154.68,238.62,379.37,987.26,367.91,32.74,76.11,140.75,0.48,18.78,0.46,5.59,18.12,12.08,0.05,55.74,55.33,38.76,48.41,1.19,4.79,9.59,3.68,27.62,86.36,93.22,97.48,721.78,49.21,2.77,15.71,60.51,58.03,70.36,17.48,30.33,47.82,30.5,16.73,20.12,0.31,48.12,5.04,24.5,88.46,80.23,29.92,85.76,99.78,13.12,2.34,35.7,13.18,2.9,31.07,20.97,43.92,0.31,7.83,20.07,22.19,9.68,4.97,0.22,3984,4891,4791,4731,4789,4268,3820,3342,2804,2317,1784,4390,1432,1002,748,442,50016,481,3793,4481,4670,4969,4978,4714,4112,3635,3155,2699,2226,4095,1691,1316,986,613,746,52879,42649,260,913,41476,1466,7511,5569,5581,4710,77261,5752,19161,5618,71509,5602,13409,5616,58100,1601,1596,1718,8750,20140,6334,4481,2827,40510,30871,6118,102895,96777,86662,9372,5810,71480,102844,101871,0.459,0.637,0.653,0.571,0.793,0.614,-7.9959607,-35.039335
2010,353470,35,3534708,OURINHOS,76.53,1.74,11.5,13.34,43.42,94.94,85.61,9.04,11.29,1.12,1.04,4.97,1.03,5.24,1.07,6.02,80.07,84.8,76.71,12.87,10.01,20.45,7.06,5.19,2.84,97.77,104.48,79.43,84.13,35.61,90.38,94.49,60.32,70.23,17.34,24.14,97.32,83.24,27.28,12.32,87.13,91.56,95.53,99.55,98.15,94.16,13.94,0.75,10.86,4.46,1.79,2.19,95.22,93.24,76.32,84.05,85.01,60.06,55.4,52.52,58.78,42.72,55.82,39.72,14.41,290.0,455.5,640.0,1036.0,1665.0,0.5,0.68,1.54,3.75,7.88,16.48,28.58,40.99,4.55,55.96,13.02,25.4,44.04,74.55,12.6,8.6,868.91,197.53,3561.88,368.02,538.08,809.75,2432.15,869.01,32.73,98.5,181.45,0.44,19.02,3.91,3.12,18.16,7.96,0.32,71.04,69.26,51.27,47.56,2.08,16.87,15.63,1.18,12.63,64.56,79.78,90.43,1381.34,58.99,3.89,30.83,74.92,66.75,84.86,8.07,31.06,22.37,16.74,7.48,9.49,0.39,56.44,5.06,14.54,98.74,99.43,19.66,99.52,99.94,0.2,0.34,17.23,12.87,1.85,17.38,4.54,28.79,0.31,5.13,8.55,6.04,0.27,1.4,0.06,3371,4188,4270,4260,4315,3887,3663,3576,3395,2867,2544,3645,1974,1536,1032,743,49981,715,3320,3935,4207,4297,4200,4242,3968,3947,3713,3321,2880,3393,2340,1743,1339,1003,1206,53054,52626,316,1562,50748,1405,6445,4768,4827,3878,81094,5175,17001,5063,75919,4951,11826,5022,64093,1406,1420,1383,7296,17214,9315,3935,2513,42404,33901,2661,103035,100374,89211,8123,5066,76022,102702,102690,0.601,0.799,0.778,0.727,0.859,0.753,-22.9777918,-49.868204
2010,500320,50,5003207,CORUMBÁ,75.06,2.61,17.75,21.2,51.46,93.29,83.2,6.21,9.99,2.44,1.89,6.35,2.18,6.76,2.45,7.85,60.16,68.23,62.41,16.8,15.09,28.16,23.04,16.68,9.42,99.8,115.81,55.7,60.86,26.5,87.66,91.61,33.63,51.73,9.11,17.19,93.91,83.22,27.48,16.36,75.86,80.84,85.71,91.03,94.66,91.61,38.33,3.88,21.87,7.0,1.76,0.67,83.34,85.78,41.93,51.17,66.68,54.55,51.72,31.65,38.14,35.49,39.27,34.87,10.27,166.25,273.5,436.67,775.0,1280.0,0.55,4.34,7.05,16.11,26.35,37.51,53.44,44.23,3.19,60.11,10.14,21.25,39.89,79.5,17.44,11.84,627.1,99.97,2773.71,218.06,348.35,584.4,1882.56,630.44,32.86,87.29,152.36,0.56,21.76,2.12,13.2,16.43,8.06,2.24,55.57,60.39,41.61,50.75,0.96,11.57,4.31,4.62,21.86,71.45,82.69,90.55,1178.09,56.93,6.41,22.49,66.71,68.08,76.8,8.41,13.87,23.0,17.7,7.87,10.39,0.45,38.43,11.47,22.26,93.32,85.15,47.67,97.62,97.47,10.46,4.43,27.01,24.14,5.34,23.55,13.86,34.77,0.66,8.78,22.83,13.63,0.95,2.83,2.53,4381,5367,5302,4803,4467,4051,3662,3332,3144,2447,1985,4836,1511,1152,837,499,52285,509,4340,5221,4885,4457,4404,4018,3584,3314,2996,2492,1962,4636,1663,1262,873,620,691,51418,48603,679,1474,46450,1744,8314,6252,6273,5113,74881,6292,19442,6120,68589,5723,13150,5492,55439,1863,1861,1787,9883,22494,6443,5221,2998,37210,27868,10251,103703,93452,85366,10588,6552,68226,102596,102053,0.546,0.607,0.7,0.586,0.834,0.701,-19.0016365,-57.6534316
2010,260680,26,2606804,IGARASSU,71.83,1.84,21.7,23.4,45.77,94.94,84.9,5.98,9.92,4.26,2.83,14.2,3.63,15.12,5.52,17.71,61.81,67.19,67.57,18.89,18.36,28.37,19.3,14.45,4.06,107.39,119.04,74.51,82.14,16.55,89.38,92.28,37.7,62.65,6.33,22.35,96.64,82.9,29.63,14.18,89.16,92.4,95.79,98.46,97.85,93.94,32.79,5.51,25.51,8.99,3.79,1.15,84.84,87.59,51.15,60.89,68.22,49.08,44.81,37.45,44.27,34.0,44.75,31.72,3.57,134.86,208.8,319.5,509.0,701.0,0.48,8.44,13.68,20.9,32.46,51.4,67.0,37.41,4.02,52.86,13.09,26.59,47.14,72.84,11.43,7.83,384.1,77.29,1436.85,174.09,259.26,394.64,984.09,386.81,34.95,79.81,150.94,0.43,18.73,1.17,6.38,15.84,8.95,0.02,59.84,59.03,43.95,41.32,1.23,5.34,19.22,2.42,23.12,83.99,93.34,97.78,776.66,50.92,4.15,18.4,62.41,59.95,72.11,17.43,25.87,38.23,29.05,16.82,19.71,0.3,53.54,3.37,20.99,91.5,90.68,29.8,89.36,99.76,6.14,3.37,33.88,10.84,2.15,28.11,18.8,41.7,0.33,3.64,18.73,19.61,4.56,4.81,0.24,3942,4922,4633,4543,4323,4317,4030,3454,2800,2259,1744,4430,1291,978,701,434,49316,515,3754,4605,4793,4722,4687,4761,4348,3883,3210,2589,2036,4278,1564,1256,919,611,689,52705,43704,395,1079,42230,1495,7540,5636,5620,4515,76090,5752,18691,5633,70338,5494,12939,5465,57399,1686,1668,1665,9027,20481,6103,4605,2889,40068,30553,8090,102021,93931,85835,9527,5866,70442,101763,101048,0.491,0.673,0.665,0.606,0.781,0.622,-7.8354423,-34.9061125
2010,130340,13,1303403,PARINTINS,72.97,3.27,17.7,18.93,73.62,95.88,86.8,4.9,9.45,3.23,1.94,6.03,1.72,6.57,2.15,8.08,62.19,66.75,69.19,19.55,18.87,22.6,18.26,14.38,8.22,100.19,105.93,81.88,60.34,21.11,87.64,88.47,45.59,44.05,9.96,15.65,93.15,86.4,33.47,15.27,73.18,79.14,85.34,91.16,93.01,91.43,30.95,3.87,22.6,12.99,2.65,1.15,81.61,84.89,55.46,67.57,71.57,53.11,47.43,35.83,39.99,33.46,43.32,31.45,7.24,61.67,132.5,224.44,398.17,614.7,0.59,22.81,29.55,42.12,53.7,66.21,77.7,46.37,1.55,62.12,7.83,18.94,37.88,75.12,23.7,15.88,313.07,24.26,1451.71,98.27,173.89,296.45,973.01,336.25,29.24,65.06,112.34,0.6,35.11,1.25,26.5,16.4,5.98,0.0,24.82,58.53,40.29,40.82,0.72,8.98,6.66,12.24,48.56,84.56,91.59,96.63,716.5,50.21,10.62,27.03,55.09,62.93,66.81,9.05,13.5,17.37,15.42,8.39,10.81,0.49,16.01,4.54,31.94,73.24,50.17,65.05,91.0,84.92,36.06,12.14,26.64,26.82,6.99,21.83,18.22,43.58,0.72,10.37,25.12,19.9,2.68,5.34,15.08,5905,6933,6011,4666,4042,3539,2973,2461,2162,1867,1394,6675,1092,869,694,499,52304,522,5771,6700,5661,4498,4024,3395,2760,2234,1974,1633,1305,6297,1065,763,602,498,549,49729,38916,1448,2051,35416,2204,10590,8040,7855,6932,63706,7438,20816,7171,56268,6172,13378,5721,42890,2519,2558,2479,13427,29071,4995,6693,3616,30942,20790,32143,102033,69890,77504,13633,7589,56282,101218,94239,0.531,0.646,0.658,0.605,0.8,0.589,-2.6344567,-56.7319324
2010,500830,50,5008305,TRÊS LAGOAS,75.91,1.97,15.76,19.03,43.44,93.73,84.17,6.67,9.82,1.67,0.99,6.43,0.98,6.83,1.5,8.11,64.94,71.16,69.22,16.39,15.55,20.42,18.67,13.29,10.36,95.51,110.87,51.88,62.15,35.1,87.04,93.84,34.67,53.04,16.24,27.84,96.92,76.99,26.7,13.6,80.13,85.36,91.55,95.35,97.5,92.16,29.63,2.01,16.03,4.53,1.2,1.97,89.71,87.52,52.02,61.76,76.2,57.92,53.89,38.94,50.68,41.43,49.95,39.39,13.5,285.0,447.5,636.0,1053.0,1615.0,0.51,1.33,3.02,4.85,9.95,17.0,29.3,41.14,4.33,55.96,12.76,25.12,44.04,78.05,12.9,8.77,863.66,186.99,3553.11,363.85,533.8,816.93,2415.37,864.3,38.31,93.77,172.08,0.46,18.96,2.07,8.06,15.63,8.88,0.31,70.97,64.68,47.11,43.38,1.33,14.45,18.27,2.16,10.65,65.04,79.45,90.55,1358.28,63.13,4.77,34.02,77.04,72.15,84.93,6.4,14.47,22.77,11.06,5.78,6.0,0.4,56.7,6.69,13.79,98.65,97.43,23.7,99.21,99.67,0.77,0.62,26.46,19.87,2.5,22.61,8.26,27.39,0.0,8.28,14.22,6.26,0.33,1.09,0.33,3884,4451,4364,4817,4783,4397,3798,3489,3213,2717,2052,3919,1567,1128,861,525,50523,558,3772,4168,4423,4679,4904,4178,3895,3620,3262,2941,2209,3789,1677,1285,1067,684,715,51268,54492,411,1766,52315,1594,6933,5103,5262,4529,77410,5275,18193,5268,72135,5242,12918,5378,59217,1513,1556,1543,7769,18199,6785,4153,2662,39345,30276,4722,101791,97069,86321,8619,5191,72510,101171,101096,0.579,0.681,0.744,0.645,0.849,0.752,-20.7866799,-51.7061247
2010,316990,31,3169901,Ubá,75.45,1.59,14.6,17.04,41.44,93.86,83.17,7.38,8.92,1.36,1.09,5.8,1.24,6.11,1.51,7.14,61.55,64.59,73.84,20.31,20.24,20.74,18.14,15.17,5.42,96.06,108.92,58.75,84.24,27.21,85.76,92.45,40.78,70.34,15.73,13.86,95.61,78.26,27.87,11.1,89.55,91.49,96.84,96.04,96.97,92.17,22.98,1.37,18.62,5.02,0.89,1.05,85.9,86.11,56.03,65.63,74.22,50.29,45.25,36.62,41.33,31.03,38.96,28.86,10.09,253.33,387.5,535.0,836.67,1300.0,0.5,0.65,1.44,5.43,10.93,21.77,37.45,41.83,4.66,56.02,13.2,25.87,43.98,71.89,12.67,8.48,739.56,172.18,3093.69,316.07,468.32,669.67,2070.37,739.81,36.61,107.08,183.74,0.43,17.89,2.42,2.8,17.45,6.61,0.09,73.07,58.18,36.49,34.98,0.71,11.89,28.53,1.09,10.26,72.72,86.0,93.97,1083.68,58.39,3.93,30.97,73.86,66.51,81.47,4.33,26.05,14.08,7.93,3.88,4.48,0.32,59.53,4.63,14.66,98.45,98.98,17.85,98.35,99.85,0.38,0.52,33.83,10.45,3.03,28.04,10.18,32.27,0.78,7.76,15.96,7.74,0.24,1.31,0.15,3373,4316,4278,4717,4713,4277,3676,3664,3447,2955,2280,3609,1694,1134,914,608,50258,603,3210,4250,4219,4657,4518,4275,3824,3653,3609,3122,2338,3476,1843,1355,1071,843,998,51261,51228,337,1535,49356,1264,6761,5004,5121,3843,78971,4955,17813,4996,74016,5333,12858,5520,61158,1448,1334,1331,7481,17519,7491,4235,2454,40175,31330,3883,101519,97636,87734,8566,4956,74212,101130,101096,0.503,0.688,0.724,0.62,0.841,0.727,-21.12,-42.942777
2010,352340,35,3523404,ITATIBA,75.64,1.44,14.09,15.79,39.37,94.83,84.37,7.6,10.52,1.08,0.68,3.87,0.88,4.07,0.98,4.7,76.39,79.16,84.02,13.24,12.18,15.15,10.36,8.66,0.83,108.25,116.87,84.84,82.17,35.2,88.16,91.92,53.45,66.41,15.28,41.81,97.21,82.65,28.62,18.14,89.41,91.72,95.56,97.16,97.85,93.76,16.76,2.0,17.44,5.22,2.85,0.65,90.59,89.89,69.47,78.46,83.9,59.9,55.18,52.15,56.0,41.56,55.18,38.73,13.08,395.0,577.5,827.5,1325.0,2175.0,0.48,0.27,0.69,1.92,4.26,8.24,17.02,39.11,4.92,54.34,13.96,26.74,45.66,79.41,11.21,7.78,1080.74,265.8,4226.76,488.29,690.59,1022.64,2932.04,1080.74,42.7,104.7,184.19,0.39,16.74,2.76,4.33,12.69,8.52,0.19,75.76,67.18,48.16,39.83,0.86,14.78,26.28,1.32,6.71,57.3,75.9,88.38,1598.45,64.59,4.11,36.97,83.84,72.71,86.79,5.4,40.16,20.93,9.7,4.68,6.79,0.36,66.32,0.82,12.32,97.4,97.1,24.85,99.89,99.99,0.82,0.19,19.66,10.59,2.15,17.27,2.94,25.46,0.26,5.99,12.87,2.44,0.17,0.5,0.01,3138,3998,3953,4769,4823,4443,3910,3629,3420,3068,2353,3468,1749,1269,936,628,50147,593,3025,3908,3990,4584,4803,4394,3980,3890,3582,3041,2512,3416,1911,1397,1099,859,933,51324,57045,325,1813,54907,1302,6281,4687,4771,3582,80493,4727,17292,4707,75766,5015,12565,5316,63201,1276,1371,1329,7132,16648,7712,3907,2373,40963,32390,15805,101471,85666,88324,7906,4905,75513,101022,101022,0.599,0.769,0.778,0.708,0.844,0.788,-22.9965861,-46.8412042
2010,160060,16,1600600,SANTANA,72.65,2.83,17.7,18.88,57.96,95.89,86.38,3.74,9.91,3.43,2.08,9.74,2.1,10.65,3.95,13.55,61.31,65.07,67.61,19.21,18.54,23.46,19.49,16.4,8.93,102.19,108.85,82.81,48.51,27.68,88.43,91.48,47.96,38.85,12.12,9.24,96.01,86.19,34.1,16.9,61.17,70.55,82.66,90.64,95.88,93.4,25.26,3.97,16.82,10.36,2.17,0.67,82.75,84.82,61.21,70.51,74.77,59.32,54.08,38.2,46.89,42.37,46.28,40.84,7.86,123.29,203.0,332.5,636.67,1020.0,0.55,8.92,12.78,25.39,34.48,50.4,62.31,42.3,2.98,59.69,9.84,20.91,40.31,83.86,17.2,12.14,469.24,69.92,1984.74,160.86,259.85,455.2,1400.46,471.51,36.3,83.05,139.03,0.57,22.25,1.12,5.96,17.78,8.65,1.29,47.47,65.67,50.04,49.19,0.93,9.6,5.46,4.28,24.47,71.5,81.94,92.18,1088.31,53.08,6.97,20.97,58.26,66.06,71.3,14.72,26.66,34.29,25.81,13.73,14.82,0.41,35.12,10.68,27.27,92.5,72.21,58.11,95.11,99.33,16.28,5.0,22.02,38.83,4.12,16.85,11.66,35.68,0.33,8.47,28.01,17.66,1.56,3.42,0.67,5238,6101,5875,5338,4792,3987,3329,2672,2010,1564,1227,5554,902,706,494,336,50414,289,5101,6000,5867,5495,4909,4140,3549,2682,1945,1661,1236,5422,859,762,479,332,409,50848,42493,844,1506,40143,2032,9437,7097,7025,6132,67553,7171,22469,7039,60382,6738,15298,6587,45084,2095,2131,2090,11339,25623,3789,5962,3609,34176,22871,2151,101262,99111,80052,12101,7183,60768,100626,100140,0.593,0.662,0.692,0.638,0.794,0.654,-0.0307068,-51.1789666
2010,251080,25,2510808,PATOS,74.26,1.88,15.27,16.53,49.07,96.16,88.43,7.92,10.14,5.07,4.04,18.42,5.69,19.51,8.65,22.69,67.79,72.66,76.0,14.25,13.87,16.88,17.95,13.47,7.13,99.56,111.3,65.32,77.52,26.57,89.09,93.31,42.35,57.43,13.15,19.9,96.77,82.47,27.89,11.94,86.04,90.04,94.56,97.01,97.75,93.85,27.81,2.85,21.58,5.31,2.26,3.01,86.73,88.99,55.52,66.69,71.79,49.27,44.14,46.71,48.27,34.77,50.42,31.69,8.75,146.4,226.8,342.33,560.0,950.0,0.56,5.38,9.05,18.86,30.37,47.06,63.29,46.5,3.64,60.54,10.86,21.95,39.46,72.07,17.13,11.16,508.52,92.42,2364.66,183.61,282.09,445.23,1540.87,509.51,38.89,89.33,154.28,0.56,26.2,2.46,4.06,26.28,9.13,0.19,37.94,56.82,41.64,45.96,1.33,10.65,9.77,2.81,34.73,81.76,89.06,94.53,897.94,53.83,5.36,21.74,62.35,62.59,74.4,8.89,20.8,24.96,16.72,8.32,10.29,0.5,25.26,7.77,36.13,95.65,93.7,31.75,97.54,99.57,2.38,0.54,33.55,13.96,2.25,27.22,18.48,45.08,0.0,6.62,18.44,15.28,0.39,4.71,0.43,3974,4487,4421,4729,4525,4033,3454,3035,2711,1962,1661,4222,1343,1030,862,553,47805,803,3781,4556,4474,4848,4858,4516,3831,3530,3235,2427,2120,4107,1826,1500,1219,762,1279,52869,45537,485,1189,43862,1508,7162,5307,5438,4686,75246,5328,18400,5204,69918,5373,13072,5382,56846,1533,1570,1637,8574,19371,7975,4538,2669,40272,30986,3396,100674,97278,84597,9043,5471,70083,100166,99970,0.493,0.709,0.701,0.628,0.821,0.667,-7.0258285,-37.2766817
2010,314390,31,3143906,Muriaé,76.18,1.6,14.7,16.96,42.13,94.49,84.7,8.99,9.33,1.45,1.4,7.62,1.11,8.03,1.79,9.39,63.88,66.38,76.5,21.27,20.23,20.75,14.85,13.39,2.76,96.75,110.17,60.66,100.53,25.28,86.97,93.54,46.34,79.98,13.9,24.48,95.37,80.7,24.78,11.52,92.9,94.58,98.41,98.67,97.26,92.77,20.42,2.31,8.56,3.38,0.93,1.11,88.81,88.49,64.35,72.76,75.5,47.74,42.27,40.67,46.55,31.45,46.73,28.48,9.18,253.33,382.5,519.75,890.0,1370.0,0.52,1.25,2.42,7.03,14.27,23.12,40.27,42.88,4.21,57.17,12.49,24.77,42.83,71.26,13.74,9.17,758.46,159.63,3252.46,313.91,465.63,684.96,2170.44,758.63,34.09,97.86,175.17,0.47,19.4,2.44,6.84,17.52,9.01,0.28,65.91,56.16,38.11,42.25,0.83,11.34,18.25,2.07,14.0,73.13,85.71,93.42,1087.99,60.4,7.29,34.68,75.82,67.67,82.15,5.88,16.89,26.03,9.01,5.08,5.2,0.39,50.5,6.06,19.94,98.95,98.32,16.88,99.42,99.95,0.39,0.11,34.69,7.1,2.74,29.49,10.94,36.51,0.51,3.13,10.72,8.23,0.35,2.0,0.05,3159,3994,3991,4455,4346,4042,3355,3556,3215,2929,2507,3384,1891,1301,1086,751,48757,795,2983,3893,4241,4604,4433,4250,3565,3826,3643,3316,2661,3397,2072,1586,1272,1003,1263,52008,53115,575,1709,50832,1142,6292,4687,4741,3717,79955,4998,17291,4916,74957,5038,12293,5203,62664,1283,1316,1303,7060,16741,9057,3893,2616,41735,32890,7540,100765,93225,87934,7887,4927,75120,99937,99913,0.477,0.731,0.734,0.634,0.853,0.731,-21.130556,-42.366389
2010,351050,35,3510500,CARAGUATATUBA,75.68,2.01,12.6,14.61,45.47,94.47,84.42,7.36,11.01,1.22,1.16,4.7,1.03,4.97,1.46,5.71,77.67,81.58,78.32,11.84,9.87,18.92,10.49,8.56,2.76,95.57,102.75,75.43,76.27,23.65,86.8,90.09,51.96,67.38,8.91,40.51,97.12,81.27,19.47,11.25,93.59,94.59,95.86,96.47,97.67,93.36,15.91,1.35,16.12,4.56,3.46,0.71,90.64,89.59,70.45,77.4,79.82,60.89,57.15,46.4,53.09,42.61,53.39,40.54,11.27,250.0,398.33,566.67,996.0,1504.0,0.5,1.67,2.85,6.41,11.82,21.63,34.91,40.12,4.25,56.2,12.42,24.75,43.8,74.25,12.92,8.82,773.99,164.39,3105.52,316.37,477.01,737.14,2119.56,774.62,39.74,91.28,170.95,0.45,23.29,2.29,1.76,17.26,12.98,1.83,59.47,66.92,48.53,50.38,1.46,12.18,4.75,1.88,16.01,68.31,82.33,92.1,1208.83,59.07,5.48,30.0,73.69,67.8,79.17,7.77,24.57,34.0,12.97,6.75,5.38,0.35,48.13,5.17,19.77,97.8,95.69,35.75,99.73,99.62,1.19,0.59,18.5,6.41,2.33,18.0,6.22,29.36,0.24,5.91,15.48,8.42,0.36,1.18,0.38,3682,4468,4265,4332,4275,4274,3831,3542,2929,2668,2442,3911,1873,1398,965,617,49959,487,3599,4457,4195,4038,4347,4405,3947,3487,3151,2946,2507,3837,2009,1448,1011,694,803,50881,50894,486,1586,48822,1457,7226,5418,5462,4313,76404,5336,16662,5026,71068,4697,11326,4799,59742,1509,1490,1545,7955,18801,7418,4457,2604,38979,30748,4167,100840,96673,86158,8861,5288,72008,99908,99827,0.609,0.758,0.759,0.705,0.845,0.735,-23.62028,-45.41306
2010,412810,41,4128104,UMUARAMA,75.16,1.83,12.5,14.58,40.21,93.83,83.94,8.51,10.64,0.95,0.78,6.15,0.64,6.5,1.14,7.74,73.33,74.29,83.01,12.89,13.11,11.79,13.78,12.6,5.21,93.37,101.81,72.49,70.74,42.15,86.52,90.78,52.95,55.95,22.59,29.24,97.35,83.61,32.83,13.14,83.98,89.32,95.17,98.67,97.91,93.79,13.43,1.06,19.25,3.08,3.88,4.92,89.68,88.17,72.22,74.83,81.91,56.68,51.48,52.99,60.35,40.11,59.58,35.93,13.15,322.0,497.5,639.75,1033.33,1750.0,0.48,0.59,1.67,2.79,6.64,14.17,25.46,39.73,4.94,54.98,14.11,26.63,45.02,81.96,11.26,7.8,880.6,217.39,3498.44,403.88,551.26,809.64,2423.32,881.19,35.64,96.58,187.33,0.4,22.59,3.08,5.99,20.48,8.58,0.04,64.71,64.88,46.74,43.55,1.17,15.46,16.57,1.83,12.23,66.38,80.32,90.15,1382.43,63.6,6.65,40.21,78.59,70.96,84.16,6.07,27.84,23.11,11.17,5.19,6.45,0.4,53.3,2.81,16.73,98.96,98.72,11.86,99.35,100.0,0.29,1.13,19.05,16.02,2.09,21.0,5.06,30.92,0.0,3.26,9.17,3.78,0.18,1.44,0.0,3110,3876,4300,4614,4206,3916,3777,3689,3266,2778,2169,3250,1800,1448,1098,766,48788,725,3126,3726,4396,4759,4287,4120,3961,3987,3681,3198,2706,3207,2139,1523,1295,879,898,51888,56060,506,2090,53464,1251,6105,4470,4709,3759,80279,5000,18062,5191,75279,5681,13062,5718,62217,1219,1206,1281,6729,16121,8568,3720,2489,41789,32640,7221,100676,93455,88146,7602,5198,75346,99898,99832,0.567,0.775,0.761,0.698,0.836,0.755,-23.7617057,-53.3079895
2010,210120,21,2101202,BACABAL,70.18,2.51,28.8,31.36,57.44,93.29,82.08,6.89,9.79,5.88,4.21,21.4,5.95,22.97,10.47,27.51,61.78,66.48,66.5,19.03,18.08,26.12,19.19,15.44,7.38,103.84,110.9,81.57,72.24,18.12,91.51,94.41,48.24,60.79,8.44,18.69,96.86,83.01,28.73,12.8,85.22,88.91,93.72,95.64,97.18,93.77,29.32,3.5,12.38,10.13,1.52,0.16,84.96,88.04,56.09,64.33,68.8,45.39,39.1,35.13,41.32,30.14,40.47,27.14,4.54,102.0,172.0,266.25,466.67,683.33,0.55,12.93,19.03,29.79,42.67,58.35,73.46,45.07,2.78,59.34,10.32,22.18,40.66,73.73,17.47,11.53,375.57,52.16,1692.71,141.62,222.72,347.05,1116.71,381.08,32.09,75.27,135.26,0.57,32.31,1.2,22.33,23.14,7.39,0.17,31.44,51.38,36.0,38.28,0.81,6.15,4.98,8.77,47.28,85.62,91.5,96.01,749.52,51.67,7.35,22.49,59.99,61.39,71.49,8.47,8.72,17.61,18.73,8.17,10.44,0.55,20.22,4.88,33.87,90.81,68.22,42.86,90.46,99.23,10.56,15.52,39.55,14.78,2.82,31.33,23.86,49.74,0.4,11.36,24.27,19.51,1.47,5.35,0.77,4631,5164,4759,4712,4320,3757,2830,2608,2225,1858,1573,5015,1275,1008,791,570,47757,661,4699,5181,5020,4982,4761,4098,3214,2970,2645,2312,1966,4910,1641,1222,1057,701,878,52257,41708,760,1306,39642,1734,8094,5980,6128,5666,70414,5886,19473,5874,64528,5859,13587,5690,50941,1930,1945,1999,10231,22337,6888,5181,2981,37467,27465,22154,100014,77860,80722,10345,5806,64571,99781,98338,0.454,0.675,0.651,0.591,0.753,0.619,-4.2318132,-44.781167
2010,291072,29,2910727,EUNÁPOLIS,72.46,2.3,20.5,22.11,49.83,95.21,85.86,5.72,8.73,4.67,2.22,14.8,2.78,15.86,4.74,19.02,54.02,57.79,68.22,20.43,21.47,21.39,25.55,20.75,10.39,102.77,115.86,62.77,67.96,23.49,87.29,92.17,34.51,51.69,8.61,16.11,95.98,80.03,28.34,14.42,74.33,80.58,87.12,92.98,96.21,92.22,32.9,5.16,20.31,7.39,1.63,0.53,78.57,83.48,47.08,56.36,67.31,49.94,45.75,32.39,41.57,35.1,39.75,33.55,6.62,151.89,250.0,382.0,648.57,1053.33,0.57,5.21,8.74,17.93,28.08,44.08,60.37,47.96,3.31,62.11,10.11,20.62,37.89,81.46,18.97,12.27,575.44,95.17,2759.65,195.83,302.31,496.99,1784.85,577.8,36.05,89.23,155.38,0.6,22.87,2.57,9.28,21.68,11.2,0.05,50.24,57.88,42.61,42.49,1.34,8.11,8.27,2.79,23.54,75.91,86.32,93.28,1088.46,59.4,6.49,30.16,68.65,69.9,78.68,11.27,23.38,30.87,19.54,10.38,14.43,0.47,39.57,5.24,27.53,95.9,84.69,28.32,97.66,98.48,8.98,2.9,33.88,25.67,3.79,29.12,18.66,40.65,0.19,11.69,19.51,15.34,1.24,3.33,1.52,4361,5090,4568,4598,4752,4280,3483,3058,2671,2231,1745,4641,1220,928,694,523,49396,553,4043,5027,4555,4957,5113,4519,3637,3218,2765,2310,1803,4432,1388,1058,773,554,648,50800,49126,656,1717,46752,1705,8005,6030,5964,5022,72602,5675,18678,5568,66927,5163,13003,5150,53924,1677,1759,1810,9426,21255,5731,5027,2832,37298,27786,6783,100196,93413,82697,10117,5695,66885,99686,99279,0.499,0.613,0.677,0.572,0.791,0.687,-16.3722412,-39.575704
2010,250180,25,2501807,BAYEUX,71.73,2.16,22.4,24.17,47.1,94.78,84.7,6.27,9.02,4.35,3.16,15.49,4.02,16.54,6.57,19.49,50.46,55.85,65.28,23.34,24.4,28.72,26.2,19.75,5.99,105.58,120.22,64.24,80.4,13.53,88.56,91.96,31.88,56.0,7.14,21.94,95.53,85.34,29.19,12.86,85.69,89.4,93.39,96.27,96.43,93.53,42.05,5.4,25.13,8.36,1.79,0.55,81.2,82.84,41.71,55.51,69.73,46.11,40.5,34.37,43.48,28.81,42.74,25.33,2.78,139.4,216.43,317.0,506.67,692.0,0.46,6.86,10.91,20.28,32.88,49.86,67.0,36.31,4.5,51.42,13.86,27.85,48.58,73.68,10.48,7.37,376.74,84.76,1367.77,176.38,263.44,390.52,962.42,377.02,39.5,85.6,152.33,0.4,23.01,0.81,2.49,21.3,9.7,0.18,52.92,54.69,37.3,46.36,1.0,3.95,12.01,1.88,27.95,88.11,94.4,97.92,725.36,51.55,4.57,17.16,62.8,60.97,72.37,12.22,15.82,27.02,22.92,11.83,13.23,0.32,42.99,5.38,26.19,98.46,95.92,31.88,95.81,99.65,1.47,1.47,37.32,14.31,3.57,31.08,20.02,43.41,0.0,7.52,22.97,16.59,3.83,3.86,0.35,3958,4769,4678,4623,4354,4271,3719,3392,2659,1913,1450,4211,1266,897,747,400,47736,429,3904,4688,4711,4829,4615,4469,4086,3884,2993,2268,1907,4145,1702,1247,1093,631,808,51980,43011,433,988,41590,1565,7559,5571,5728,4637,74041,5794,18841,5672,68247,5385,13047,5464,55200,1660,1542,1613,8712,20236,6252,4688,2947,39243,29703,923,99716,98793,83432,9457,5756,68219,99572,99498,0.461,0.627,0.649,0.566,0.779,0.619,-7.1301631,-34.936532
2010,150130,15,1501303,BARCARENA,73.04,2.37,18.6,20.04,55.0,95.65,86.8,3.51,8.93,4.36,2.44,8.52,2.48,9.17,3.31,11.25,48.19,53.98,56.72,21.3,21.95,25.8,30.51,24.07,17.48,112.49,120.94,86.96,56.96,10.82,91.72,95.07,34.57,43.34,4.25,13.18,97.34,88.1,33.52,12.8,76.2,83.29,90.13,96.82,97.29,95.0,43.93,6.15,19.95,15.51,1.02,0.48,77.26,84.08,39.8,55.05,68.78,55.17,50.93,20.77,30.57,31.83,31.03,32.23,4.96,116.67,201.71,330.0,540.0,833.33,0.55,10.49,14.37,26.03,34.88,49.56,61.4,43.18,2.85,58.78,10.09,22.07,41.22,76.71,17.12,11.65,437.43,62.29,1888.78,158.42,261.95,418.94,1285.58,445.34,32.75,77.47,133.95,0.55,29.07,1.05,15.61,15.03,11.7,1.74,45.52,58.91,37.84,35.19,1.06,6.17,12.11,5.4,32.63,74.8,86.61,95.01,904.91,54.18,10.31,23.06,56.17,65.66,72.62,13.63,13.34,23.61,21.25,13.27,16.07,0.42,35.03,7.33,22.56,82.0,62.13,51.4,98.61,96.48,26.34,2.27,28.86,23.8,2.71,23.73,17.15,38.2,0.45,10.47,26.36,16.61,1.85,2.32,3.52,5127,5759,5551,5044,4889,4072,3382,2848,2368,2006,1364,5345,946,643,440,283,50346,279,5050,5659,5226,5291,4880,4249,3551,2809,2162,1657,1226,4993,904,670,437,319,430,49513,42954,1177,1508,40270,1992,9062,6761,6927,6160,67926,6559,21112,6526,61367,6236,14553,6107,46814,2025,2043,2016,10651,24102,3501,5659,3131,33811,23294,63562,99859,36297,79283,11418,6537,61328,99548,97780,0.552,0.57,0.662,0.564,0.801,0.643,-1.5107945,-48.6190679
2010,520800,52,5208004,FORMOSA,76.14,2.04,10.26,12.18,46.99,93.98,84.2,5.16,10.25,1.51,1.3,8.61,1.24,9.24,1.92,11.23,70.18,72.86,80.77,14.39,14.03,13.32,15.43,13.11,5.91,99.5,105.6,81.86,47.07,35.34,89.43,91.2,52.78,38.91,15.52,9.65,95.44,85.23,28.52,16.31,59.8,71.64,86.09,93.65,96.6,93.67,22.04,1.64,18.77,6.47,3.29,2.12,88.57,88.91,67.21,73.61,76.16,56.12,51.19,47.94,51.85,40.64,50.45,37.88,12.07,187.83,318.75,507.5,900.0,1503.33,0.56,4.1,6.81,12.16,20.7,31.85,47.6,44.68,3.22,60.89,10.11,21.21,39.11,86.22,17.68,12.04,732.24,117.89,3271.9,252.29,406.26,655.57,2228.36,736.05,35.66,87.08,158.86,0.57,24.26,1.47,13.17,16.18,10.84,0.19,51.96,62.35,47.07,48.59,1.2,13.6,6.86,2.77,16.9,70.68,81.07,88.9,1310.07,63.38,9.15,32.26,74.96,74.01,84.63,7.64,31.62,18.62,14.57,6.78,6.69,0.48,34.41,12.03,25.81,95.15,95.74,21.48,98.54,98.51,2.23,0.54,26.03,40.2,3.4,22.74,11.88,34.13,1.0,9.62,21.23,9.21,0.59,1.85,1.49,3967,4934,4805,4843,4770,4438,3722,3264,2816,2259,1669,4744,1274,918,686,426,49959,424,3897,4831,4733,4818,4804,4627,3841,3386,2839,2242,1666,4456,1275,963,736,512,500,50126,52541,893,1917,49731,1510,7762,5839,5848,4701,73256,5765,19199,5694,67491,5565,13434,5547,54057,1653,1760,1804,9443,21054,5165,4831,2844,36942,27391,8062,100085,92023,82901,9765,5943,67194,98932,98420,0.561,0.725,0.744,0.666,0.852,0.726,-15.5492443,-47.3301212
2010,150060,15,1500602,ALTAMIRA,73.64,2.35,17.27,18.55,53.81,95.98,87.72,4.39,8.65,4.52,3.09,12.45,4.01,13.41,5.49,16.04,56.02,59.98,65.18,20.82,21.37,21.22,23.16,18.66,13.6,99.63,108.12,74.47,64.86,17.99,84.74,89.19,38.05,52.29,6.54,17.36,92.89,77.94,28.46,14.5,70.95,76.67,83.69,88.53,93.13,89.3,28.68,3.97,14.66,10.58,1.62,0.39,80.27,81.66,49.87,57.48,62.97,46.11,41.43,25.41,33.58,26.98,35.35,25.15,5.9,126.8,230.0,370.0,618.67,1000.0,0.56,11.25,15.67,22.38,32.24,45.82,59.75,43.02,2.23,59.16,9.37,21.27,40.84,81.58,18.36,12.61,492.05,54.9,2116.78,175.62,292.81,481.36,1453.18,518.12,20.29,64.33,132.8,0.54,25.51,1.99,18.63,16.65,7.18,0.87,36.26,52.95,32.38,43.02,0.62,7.04,6.86,7.24,32.81,75.01,86.82,94.33,958.88,56.96,9.24,30.4,65.18,67.97,75.55,6.96,7.3,19.78,12.35,6.36,5.36,0.43,24.29,8.48,33.46,86.79,65.31,40.91,91.05,92.81,24.32,12.24,36.87,29.05,6.87,31.4,20.46,47.22,0.42,11.64,29.79,14.78,0.81,2.82,7.19,4778,5484,5129,4787,4745,3914,3469,2935,2539,2062,1579,5047,1127,812,586,421,49819,405,4609,5362,5250,4823,4885,4236,3454,2850,2330,1901,1358,5011,1042,798,570,368,409,49256,45449,1002,1952,42494,1812,8545,6417,6408,5630,68599,6366,19944,6247,62233,5918,13578,5758,48655,1914,1981,1894,10333,23157,4354,5350,3239,34185,24140,14983,99075,84092,79787,10846,6421,62520,98183,93243,0.461,0.598,0.665,0.548,0.811,0.662,-3.204065,-52.209961
2010,150550,15,1505502,PARAGOMINAS,71.87,2.89,23.14,24.88,56.09,95.05,85.17,2.69,8.52,3.51,2.8,12.93,3.46,13.98,6.49,17.38,51.58,54.99,69.23,21.61,22.77,18.14,26.81,22.24,12.63,101.81,113.37,65.32,55.54,12.63,87.65,92.66,33.37,47.91,5.14,8.74,94.54,77.76,26.88,13.2,65.08,73.85,83.5,95.08,95.89,91.53,34.5,4.84,14.69,8.52,1.25,0.84,76.6,80.39,43.12,47.53,55.89,42.82,38.6,22.0,28.45,25.13,30.46,24.05,4.88,126.67,201.0,316.67,546.67,852.0,0.6,7.49,10.57,24.5,35.04,51.97,66.05,50.81,2.96,64.19,9.32,19.3,35.81,87.99,21.81,13.78,507.16,75.01,2577.11,161.33,253.05,418.55,1628.41,511.26,34.21,85.3,144.37,0.67,22.33,1.59,18.39,15.23,9.19,4.49,49.94,48.47,30.65,35.28,0.63,6.17,9.09,3.59,23.95,76.03,86.91,93.85,1147.6,55.82,4.8,28.42,64.07,68.3,72.74,10.69,21.65,25.03,15.49,9.92,12.5,0.53,42.43,4.64,26.14,93.2,64.2,45.76,97.17,98.67,25.79,11.07,42.69,34.92,4.11,35.77,25.87,44.42,0.9,10.41,36.44,16.57,1.69,1.88,1.33,5371,5597,4902,5147,5080,4232,3439,2790,2090,1736,1219,5445,820,594,380,209,49267,216,5237,5514,5170,5381,5130,4199,3311,2695,1928,1521,1152,5361,725,490,317,223,198,48552,42618,533,1759,40326,2132,8794,6590,6548,6339,65279,6142,20598,6041,59137,5947,14456,6037,44681,2132,2246,2136,10872,23733,2627,5513,3138,32433,21883,21308,97819,76511,76343,11111,6189,59043,97182,96402,0.428,0.563,0.645,0.514,0.781,0.667,-2.99564,-47.3548942
2010,421870,42,4218707,TUBARÃO,76.96,1.4,11.0,12.87,36.25,95.16,86.2,7.91,10.72,0.91,0.92,3.33,0.69,3.48,1.0,4.04,73.34,75.34,84.76,13.72,13.82,12.38,12.95,10.84,2.85,99.8,107.4,81.25,78.09,42.44,90.25,93.61,55.94,62.99,22.72,44.6,98.64,83.49,33.91,15.02,88.33,91.03,97.04,98.36,98.81,94.36,17.93,1.68,5.59,3.9,3.34,2.98,94.29,94.1,71.77,80.35,87.3,64.81,60.41,53.26,62.01,44.71,58.55,41.32,14.65,401.67,600.0,833.33,1320.0,2005.0,0.47,0.73,1.56,1.71,3.46,7.43,14.63,39.02,5.25,52.8,14.66,27.95,47.2,74.5,10.64,7.23,1077.62,282.68,4204.39,507.44,715.63,1037.18,2856.19,1079.81,33.87,82.23,185.44,0.38,19.72,4.96,3.3,20.15,7.53,0.13,79.06,74.15,53.05,43.47,1.91,16.76,19.12,1.85,8.04,59.68,77.25,88.52,1543.0,61.66,3.54,40.03,79.18,68.39,86.25,3.43,14.75,13.22,5.74,3.01,3.63,0.38,61.31,3.51,8.69,93.21,97.22,8.45,99.85,99.83,0.68,1.2,14.75,11.67,1.19,16.56,2.63,23.83,0.44,3.06,8.33,1.87,0.05,0.59,0.17,2905,3465,4051,4451,4512,3857,3184,3453,3763,3065,2453,2863,1900,1264,885,554,47114,489,2707,3405,3923,4468,4459,3965,3369,3757,4154,3390,2857,2829,2333,1560,1186,818,941,50121,53040,243,1884,50913,1082,5594,4056,4271,3321,78899,4576,16854,4692,74323,5081,12278,5280,62045,1198,1109,1085,5824,14468,7687,3393,2244,41105,32730,9141,97235,88094,86018,6870,4707,74442,96823,96626,0.648,0.791,0.796,0.74,0.866,0.788,-28.471488,-49.014132
2010,150810,15,1508100,TUCURUÍ,73.0,2.42,18.35,19.81,54.93,95.61,86.69,3.43,8.6,3.01,1.89,9.44,2.7,10.25,4.15,12.68,47.28,52.28,57.2,22.03,23.02,27.69,30.68,24.7,15.11,102.36,115.59,63.09,68.56,17.83,88.75,93.12,33.38,57.2,7.15,10.05,94.32,82.82,30.03,13.25,72.4,79.44,87.27,92.27,94.93,91.88,39.46,6.21,13.88,9.31,0.98,0.53,73.28,82.84,39.89,50.54,63.13,51.38,47.62,25.95,34.33,33.45,33.55,33.16,5.76,139.09,233.75,361.33,618.57,952.5,0.57,6.37,9.97,20.36,30.64,45.36,60.31,47.35,3.1,61.47,10.0,20.91,38.53,85.19,18.93,12.29,534.02,82.77,2528.46,184.37,291.06,470.65,1641.51,539.97,28.96,83.72,146.99,0.6,26.12,1.09,15.46,17.36,15.13,0.17,48.46,55.43,37.96,41.67,2.05,6.65,6.53,4.5,23.12,72.18,84.87,93.18,1193.77,54.17,6.51,22.16,59.16,66.4,71.14,9.65,17.5,23.93,17.29,8.99,11.42,0.49,33.58,10.44,25.81,94.34,71.11,45.79,96.37,98.97,18.54,4.06,36.02,27.6,5.07,28.48,19.95,39.57,0.0,9.94,28.78,14.88,0.79,1.43,1.03,5018,5354,5154,5151,4743,4023,3207,2621,2117,1838,1418,5153,891,681,483,298,48402,252,4967,5612,5376,5238,4764,4089,3198,2663,2248,1809,1282,5004,860,629,445,266,276,48726,41737,714,1432,39592,1959,8710,6503,6477,5970,66020,6463,20919,6318,59557,6122,14456,6068,45101,2056,2133,2041,10280,23398,3330,5612,3285,33143,22529,4686,97128,92442,77053,10966,6461,59626,96736,95670,0.514,0.566,0.666,0.548,0.8,0.675,-3.7738509,-49.6708204
2010,313420,31,3134202,Ituiutaba,75.37,2.27,14.2,16.41,43.71,94.63,83.83,10.47,9.8,1.35,1.04,8.45,1.44,8.94,3.09,10.34,66.17,69.38,70.09,19.46,18.39,21.39,14.36,12.22,8.52,97.06,107.3,70.84,66.94,35.27,88.45,94.05,50.33,57.2,19.18,18.01,97.55,81.45,32.48,13.43,78.57,84.79,90.83,97.9,98.07,93.4,17.75,1.61,10.59,4.73,2.36,2.63,90.76,91.02,64.7,70.69,75.92,51.25,46.66,42.36,46.47,32.62,47.72,30.04,10.3,290.0,436.5,597.5,950.0,1500.0,0.5,1.14,2.01,4.16,9.16,17.07,31.4,42.13,4.68,56.22,13.41,25.84,43.78,78.01,12.57,8.39,824.46,192.92,3473.72,359.73,512.48,739.52,2319.7,825.17,33.58,90.43,179.24,0.44,19.67,3.63,8.98,16.06,8.42,0.16,64.0,58.94,38.22,43.9,1.48,11.87,15.93,2.45,14.44,67.21,82.89,92.55,1295.84,61.24,8.35,39.72,73.06,68.03,81.41,6.66,10.6,34.27,13.84,5.55,7.37,0.45,49.55,6.42,18.63,98.82,97.87,16.27,99.4,99.87,0.63,1.34,26.18,21.43,1.93,25.54,7.45,34.38,0.28,10.93,7.68,6.61,0.24,1.52,0.13,3020,3786,4010,4211,3919,3882,3494,3435,3237,2732,2325,3172,1879,1645,1278,883,47862,954,2874,3644,3962,4073,3708,3852,3777,3875,3442,3065,2486,2887,2251,1698,1518,988,1209,49309,52191,620,1905,49666,1174,5984,4337,4591,3493,77775,4799,16253,4749,72976,4789,11454,4890,61522,1226,1199,1238,6303,15492,10169,3644,2366,39897,31864,4046,97171,93125,85227,7430,4796,73002,96689,96605,0.513,0.722,0.739,0.644,0.84,0.745,-18.9691887,-49.4639335
2010,410370,41,4103701,CAMBÉ,75.42,1.63,12.44,14.62,42.57,94.21,83.78,7.86,9.94,0.75,0.78,6.38,0.6,6.77,0.93,7.97,71.02,73.61,81.63,15.33,15.19,13.75,13.66,11.2,4.62,94.16,102.53,70.19,57.3,29.61,87.43,91.5,49.17,45.88,15.99,23.5,95.95,81.6,24.9,10.89,59.36,71.43,84.31,96.1,97.49,93.37,19.72,1.01,5.44,3.71,2.4,0.44,88.22,86.65,65.89,73.22,79.39,53.79,48.79,48.02,52.62,33.48,52.05,29.74,8.84,300.0,463.67,604.0,900.0,1272.0,0.42,0.77,1.32,3.1,6.81,13.87,23.65,33.86,5.95,48.46,16.51,31.08,51.54,81.73,8.21,5.87,723.34,215.14,2449.4,381.89,527.16,739.87,1753.14,723.79,37.41,91.12,185.87,0.31,19.43,1.53,4.39,15.82,9.85,0.02,69.06,62.42,39.68,40.1,0.8,10.06,22.88,2.02,12.68,70.69,84.9,94.2,1113.98,64.51,6.03,36.83,80.64,73.18,86.95,4.98,21.86,22.01,7.44,4.23,5.98,0.27,60.13,2.7,14.61,99.23,99.63,18.23,99.55,100.0,0.03,0.95,20.62,40.64,2.51,21.61,5.38,31.22,0.0,3.51,13.21,4.63,0.3,0.92,0.0,3183,4175,4022,4171,3955,3888,3708,3648,3110,2656,2193,3450,1765,1258,924,621,47299,572,3051,4026,4036,4133,4041,4034,3868,3912,3345,2951,2474,3385,1942,1480,1111,846,799,49434,54002,494,1772,51736,1251,6498,4868,4891,3605,75413,4847,16356,4689,70566,4828,11509,4988,59057,1376,1364,1304,7164,16928,7606,4023,2408,38950,30784,3781,96733,92952,83709,8201,4811,70697,96541,96481,0.538,0.716,0.734,0.651,0.84,0.724,-23.2782035,-51.2779583
2010,230550,23,2305506,IGUATU,73.48,1.94,17.2,18.54,48.69,95.97,87.51,8.95,9.49,4.82,3.26,23.36,5.2,24.89,8.36,29.48,62.6,65.68,75.25,21.05,21.27,18.36,16.35,13.04,6.38,97.57,109.07,66.47,76.83,17.35,88.13,94.09,44.68,61.67,8.6,17.3,95.05,75.79,21.79,10.13,93.21,94.71,97.22,97.97,96.77,91.11,23.72,1.98,16.37,6.59,1.35,1.2,86.25,88.56,58.54,68.68,72.33,44.98,38.63,34.33,43.12,29.07,39.8,25.81,4.92,124.0,204.0,333.0,510.0,805.0,0.54,10.86,17.66,24.31,38.8,50.24,68.38,43.81,2.93,57.88,10.49,22.57,42.12,68.66,16.71,11.65,434.67,63.6,1904.18,164.35,262.54,424.84,1327.96,436.8,34.78,75.33,138.79,0.57,24.01,1.79,19.16,21.23,5.93,0.14,36.64,53.97,37.21,34.07,1.08,6.76,12.76,9.96,45.03,85.26,91.61,95.83,718.37,53.87,8.77,28.84,66.33,61.2,76.45,7.2,8.1,15.65,13.18,6.89,8.14,0.49,27.94,4.35,33.11,87.24,83.52,29.73,96.32,99.83,5.67,5.84,34.87,6.79,3.23,30.3,19.28,49.8,0.57,8.23,17.57,17.72,0.48,5.07,0.17,3725,4180,4243,4551,3913,3667,3184,3078,2730,2099,1831,3744,1580,1266,1088,621,46425,925,3491,4047,4437,4881,4335,3895,3504,3336,3016,2546,2116,3639,1963,1479,1338,831,1216,50070,44135,721,1503,41910,1404,6536,4823,5061,4251,72562,5128,17886,5118,67434,5296,12758,5298,54676,1481,1465,1367,7349,17257,8640,3981,2648,38273,29078,21868,96495,74627,81920,8227,5213,68481,96263,95794,0.45,0.691,0.677,0.599,0.808,0.642,-6.361934,-39.2972233
2010,150360,15,1503606,ITAITUBA,72.97,2.43,17.29,18.59,55.3,95.52,86.45,4.0,8.6,3.93,2.29,13.84,3.33,15.13,5.23,18.48,47.64,51.93,50.23,22.07,22.16,34.27,30.29,25.9,15.5,101.65,111.9,70.6,71.7,13.91,86.71,91.6,32.05,56.53,4.83,14.07,94.62,77.72,29.34,13.57,75.65,80.4,84.94,89.76,94.43,90.28,33.61,5.66,15.72,11.55,2.05,0.28,78.25,82.82,41.19,51.43,60.66,41.72,36.29,21.4,25.68,20.71,27.01,19.29,4.03,119.14,200.0,310.0,510.0,788.33,0.57,11.47,14.67,24.77,32.4,50.38,61.6,46.11,2.54,60.14,9.78,21.43,39.86,81.1,18.85,12.51,440.6,55.92,2031.57,159.59,256.56,406.01,1347.78,453.85,26.42,70.15,133.12,0.58,30.88,1.94,15.36,18.4,7.61,9.59,32.98,47.82,26.16,35.76,0.27,5.24,6.7,7.11,33.08,76.76,88.21,95.1,958.43,52.17,7.94,25.88,59.33,63.53,66.24,7.72,7.98,15.91,14.85,7.36,8.98,0.46,20.67,8.43,31.6,85.39,54.43,49.1,93.05,94.58,35.96,9.12,35.87,24.35,5.57,32.5,21.07,52.19,0.26,9.6,31.28,16.9,1.2,3.49,5.42,4489,5862,5199,4699,4635,3878,3191,2976,2697,2121,1565,5140,1154,838,562,377,49681,298,4604,5732,5275,4769,4528,3807,3047,2704,2220,1913,1422,4983,981,685,480,335,327,47812,40901,921,1689,38291,1770,9197,6915,6947,5439,66656,6684,19939,6324,59972,5726,13255,5632,46717,1882,1967,1982,10547,24324,3902,5732,3401,32481,22439,26811,97493,70682,78396,11594,6528,60273,95626,92834,0.417,0.564,0.64,0.51,0.8,0.644,-4.2625218,-55.9878139
2010,430700,43,4307005,ERECHIM,74.95,1.51,12.8,14.97,39.04,94.18,83.52,8.6,10.06,0.95,0.89,3.27,0.61,3.42,0.75,3.97,68.32,71.77,73.07,17.99,17.47,19.88,13.69,10.77,7.05,97.11,108.62,68.38,76.78,44.01,87.27,93.17,48.77,62.24,23.0,28.08,97.04,83.57,32.55,15.27,78.89,84.6,90.92,98.41,97.85,93.77,17.87,1.46,8.17,4.23,2.37,4.06,90.47,91.11,71.51,76.02,84.65,62.93,58.76,52.82,59.19,44.24,58.7,41.36,13.79,363.33,583.33,822.2,1266.0,1877.5,0.48,1.08,2.43,3.29,7.34,10.6,21.84,38.64,4.51,53.19,13.76,27.28,46.81,72.42,11.23,7.72,1038.39,234.29,4012.35,480.15,702.09,1013.98,2759.22,1038.79,44.37,91.48,168.44,0.4,20.46,2.62,6.45,16.51,7.96,0.0,77.44,71.97,51.96,40.47,0.95,15.53,25.67,1.91,9.1,57.65,77.29,89.7,1413.67,62.74,5.94,42.78,77.15,69.62,85.48,3.04,9.39,14.67,5.59,2.52,2.6,0.33,60.48,4.81,9.83,97.84,98.89,11.0,99.66,99.86,0.35,2.2,20.78,21.11,2.15,17.86,4.22,25.36,0.57,6.12,11.92,4.41,0.06,0.61,0.14,2822,3614,3836,4275,4401,3991,3467,3415,3253,2789,2265,2962,1741,1205,903,654,46224,631,2716,3540,3931,4384,4470,4112,3733,3655,3653,3110,2558,2950,2009,1525,1289,1009,1219,49863,53055,425,2010,50620,1164,5589,4171,4195,3154,76599,4476,16275,4526,72123,4949,11799,5031,60324,1162,1180,1085,6169,14734,8261,3496,2224,40172,31933,5535,96087,90552,84560,7154,4699,72707,95232,95196,0.629,0.764,0.776,0.716,0.833,0.782,-27.6350143,-52.2737288
2010,430930,43,4309308,GUAÍBA,74.99,1.64,12.8,14.89,42.32,94.21,83.59,7.24,10.02,1.3,0.84,3.83,0.88,4.05,0.98,4.66,64.65,68.57,72.66,18.51,18.57,18.9,16.84,12.86,8.43,97.99,107.94,69.63,42.81,36.4,88.76,93.02,45.16,33.77,14.89,15.37,97.73,85.02,29.17,16.57,44.78,59.48,70.49,88.98,97.31,94.12,25.14,2.0,3.92,5.35,2.22,2.12,91.45,89.98,59.77,71.94,81.9,59.96,55.72,42.06,51.2,39.51,49.86,37.25,6.54,262.0,433.0,636.67,1000.0,1412.5,0.47,1.49,3.03,6.44,13.12,19.29,34.14,36.25,4.5,51.5,13.58,27.47,48.5,74.03,10.68,7.68,758.83,170.59,2750.74,344.72,526.84,798.0,1978.97,758.91,38.24,94.16,167.41,0.39,17.67,1.18,3.02,17.3,8.96,0.26,71.29,69.29,48.36,49.78,1.07,7.58,16.84,1.24,14.08,67.3,83.46,92.83,1182.55,59.02,2.78,27.24,78.26,68.07,82.86,7.43,33.77,30.28,13.85,6.65,6.62,0.33,60.82,3.99,15.35,98.95,97.74,18.32,99.62,99.83,0.33,2.87,22.69,55.22,2.69,19.67,7.23,29.11,0.34,4.01,16.4,5.83,1.35,0.82,0.17,3106,4275,4021,4035,3999,3576,3273,3076,3131,2966,2335,3671,1821,1208,766,483,46153,411,2912,4041,3970,4049,4180,3774,3497,3365,3622,3372,2755,3413,2078,1403,1074,705,841,49051,48518,231,1340,46947,1193,6476,4866,4891,3540,73786,4879,16075,4704,68907,4800,11196,4900,57711,1285,1333,1361,7591,17387,6891,4041,2409,38685,30666,2140,95204,93064,82203,8316,4917,68970,95003,94992,0.6,0.659,0.73,0.639,0.833,0.732,-30.1130731,-51.329442
2010,330220,33,3302205,ITAPERUNA,75.24,1.41,12.66,14.24,42.09,92.44,82.01,9.51,9.14,1.54,1.26,7.62,1.28,8.01,1.5,9.2,54.03,57.55,69.74,24.64,24.72,23.93,21.33,17.73,6.33,101.39,113.8,66.93,99.58,32.57,88.94,92.16,44.62,68.8,16.82,26.16,95.19,91.49,31.92,10.83,95.78,95.75,95.91,95.68,96.06,94.85,32.28,2.28,25.69,5.68,1.12,1.32,82.52,84.59,55.81,70.99,79.74,53.64,49.04,51.16,55.65,37.1,57.43,33.83,10.69,251.67,377.5,515.71,877.5,1358.33,0.47,1.35,2.62,6.57,12.93,23.19,37.59,37.35,4.82,53.03,13.86,27.2,46.97,74.4,10.78,7.66,688.83,165.84,2572.74,311.58,459.39,680.75,1828.31,689.11,35.1,99.83,178.1,0.39,20.26,1.74,7.3,17.55,10.09,0.64,62.59,61.36,44.1,45.08,0.64,13.01,12.97,1.6,13.59,71.58,83.99,93.03,1098.7,56.67,5.87,27.68,68.62,63.68,77.78,7.51,26.02,26.61,14.88,6.82,8.2,0.35,50.51,4.28,21.82,96.62,98.69,18.88,98.85,100.0,0.45,0.13,26.91,4.22,3.94,25.7,9.81,34.22,0.95,1.99,10.81,7.44,0.36,1.95,0.0,2796,3790,3800,3906,3882,3922,3390,3403,3272,2773,2370,3308,1918,1405,1075,701,46553,842,2745,3593,3580,3972,4161,4120,3711,3672,3667,3089,2742,3039,2102,1646,1268,984,1197,49288,47520,433,1236,45850,1062,5919,4399,4468,3324,76570,4443,15258,4379,72127,4529,10815,4601,61312,1155,1262,1205,6549,15454,9118,3593,2133,39911,32359,7473,95841,88368,83853,7383,4465,72005,94954,94916,0.536,0.714,0.73,0.649,0.837,0.716,-21.2048,-41.88801
2010,521523,52,5215231,NOVO GAMA,76.06,2.14,10.8,12.82,50.4,94.04,84.35,3.13,9.05,2.34,1.59,6.8,1.31,7.3,2.53,8.87,55.99,60.25,69.19,21.52,21.64,24.19,22.48,18.11,6.62,98.78,112.09,58.76,51.88,14.02,85.94,91.24,33.72,41.35,5.32,12.68,95.11,82.77,26.15,11.77,58.92,69.02,79.22,89.25,95.67,92.45,32.08,4.84,13.53,7.95,1.4,0.33,82.63,83.78,48.74,56.71,65.49,50.23,46.28,30.41,36.4,30.73,33.94,29.26,3.23,170.0,274.29,414.0,682.0,1006.67,0.46,3.99,6.1,13.41,20.51,37.24,50.41,34.84,4.5,51.41,13.43,27.12,48.59,84.88,10.38,7.66,498.44,112.23,1736.47,222.41,341.25,535.19,1281.5,499.5,34.47,89.94,159.89,0.39,14.75,0.53,2.57,13.81,13.43,0.06,66.09,55.98,36.22,52.61,0.88,3.91,5.39,2.16,13.18,74.07,87.6,94.82,968.19,58.57,4.64,27.17,68.54,70.86,74.36,11.71,31.11,32.82,18.88,10.7,11.35,0.25,58.77,4.58,19.7,95.64,90.75,33.88,95.82,99.81,5.33,0.66,33.85,41.08,4.33,28.31,15.56,34.21,0.92,10.02,32.56,12.59,6.96,1.03,0.19,4654,5057,4458,4502,4347,4316,3886,3253,2300,1638,1143,4831,862,614,428,227,46672,156,4407,5177,4728,4621,4777,4597,4116,3286,2456,1705,1228,4743,956,635,429,245,240,48346,44678,474,1614,42589,1770,7993,6048,5985,5429,66122,5781,18301,5509,60341,5263,12520,5398,47821,1858,1942,1877,9865,21770,2973,5173,2953,34008,24662,1047,95018,93971,76276,10234,5941,60101,94781,94580,0.502,0.603,0.684,0.567,0.851,0.664,-16.0496528,-48.0304615
2010,330030,33,3300308,BARRA DO PIRAÍ,74.14,1.73,15.3,17.21,43.48,91.91,80.92,9.09,9.15,1.76,0.64,4.48,0.92,4.72,1.51,5.38,52.6,56.26,71.77,22.92,24.34,19.17,24.48,19.4,9.06,105.83,117.05,75.37,101.92,23.99,92.76,95.3,45.88,76.5,11.21,26.03,98.26,92.15,29.72,11.53,95.67,96.66,98.8,98.52,98.65,96.9,37.22,3.13,15.94,9.18,1.02,0.6,82.29,85.48,52.98,65.59,80.12,60.6,57.36,44.38,50.16,39.73,50.97,37.99,9.85,233.33,369.0,528.33,892.5,1337.67,0.51,2.25,4.63,8.48,17.54,24.18,41.66,41.0,4.06,55.95,12.35,25.04,44.05,63.56,13.28,9.06,719.16,146.16,2948.9,297.93,456.17,683.53,2010.81,719.24,34.96,90.15,163.66,0.47,18.97,1.61,3.76,17.62,8.68,0.64,68.4,68.63,47.4,46.82,1.38,12.54,16.45,2.17,16.12,73.0,85.92,93.76,1058.89,55.13,5.7,18.93,67.95,62.81,78.14,10.52,20.36,31.02,24.88,10.01,9.91,0.35,55.63,4.59,17.23,94.55,96.72,24.64,98.9,99.74,1.75,0.33,21.42,4.33,1.35,19.08,7.53,29.68,0.59,6.66,12.92,8.46,0.69,1.91,0.26,2938,3869,3699,3686,3678,3640,3093,3242,3273,2996,2467,3294,1770,1246,946,661,45154,656,2913,3751,3570,3752,3978,3928,3508,3568,3733,3414,2861,3212,2206,1684,1308,978,1260,49624,45400,426,889,44085,1099,5975,4395,4499,3455,73727,4355,14498,4271,69372,4311,10143,4329,59229,1225,1268,1246,6671,15625,8616,3699,2107,39187,31974,2821,94778,91957,82354,7474,4696,70183,94474,94463,0.606,0.696,0.733,0.665,0.819,0.723,-22.4703403,-43.8263256
2010,280350,28,2803500,LAGARTO,71.5,2.04,28.13,30.32,51.87,94.8,84.85,7.34,9.24,4.34,4.15,25.32,6.66,27.33,14.68,32.29,49.32,54.92,57.77,22.97,23.9,28.73,27.71,21.18,13.5,109.37,122.86,71.6,72.69,21.6,91.0,95.79,36.33,62.13,10.74,17.51,97.71,85.83,35.53,15.3,86.39,90.65,95.79,97.85,97.96,94.77,38.99,5.98,11.02,12.03,0.81,0.66,82.28,85.36,41.66,50.33,61.42,35.97,29.87,26.65,32.94,21.57,33.01,18.84,4.38,105.0,186.67,293.33,506.67,730.0,0.5,10.57,16.81,28.14,44.09,54.34,72.66,38.05,3.58,54.15,11.66,24.8,45.85,68.59,13.05,9.07,362.8,64.86,1380.58,146.74,238.34,381.87,959.12,364.59,44.15,81.43,136.81,0.45,30.64,1.07,36.01,14.86,5.74,0.37,31.87,40.82,26.11,29.59,1.11,5.77,10.79,10.05,53.97,88.69,93.93,97.14,584.71,56.48,6.85,33.44,71.02,66.4,77.58,7.04,15.41,16.52,14.18,6.45,8.29,0.47,23.63,3.94,31.94,81.83,77.47,25.49,96.85,99.03,15.15,3.5,50.27,13.61,2.04,42.05,29.22,57.68,0.32,5.71,27.55,12.56,1.23,3.42,0.97,3723,5003,4754,4299,3957,3477,3200,3050,2541,1949,1770,4242,1366,1128,800,551,46489,679,3543,4871,4802,4453,4033,3668,3548,3220,2749,2187,1912,4057,1528,1273,961,695,872,48372,44838,676,2023,42139,1325,7883,5860,5956,4324,69422,6030,18308,5788,63392,5229,12278,5213,51114,1617,1548,1537,8742,20705,6959,4871,3002,35901,26646,45994,94861,48867,79387,9874,6049,63464,94431,93967,0.36,0.616,0.625,0.515,0.775,0.613,-10.9141791,-37.6715308
2010,260005,26,2600054,ABREU E LIMA,72.46,1.67,20.1,21.65,43.11,95.31,85.9,6.35,10.01,3.53,2.35,10.15,2.52,10.7,3.38,12.38,61.05,66.05,65.1,19.97,19.01,26.07,18.98,14.93,8.83,103.34,112.34,75.97,100.6,21.68,89.65,92.59,43.87,65.77,8.38,26.17,96.89,88.21,26.62,13.72,89.19,92.03,94.96,97.42,97.17,94.96,30.23,4.1,22.9,7.08,2.17,0.62,84.8,85.32,54.53,65.86,73.37,53.73,49.71,39.86,49.97,35.6,49.19,32.65,3.28,138.8,223.33,338.5,540.0,765.5,0.45,6.99,10.91,20.2,31.93,46.99,64.69,33.9,4.27,50.24,13.48,27.73,49.76,71.69,10.06,7.45,390.4,83.36,1323.45,179.87,278.15,429.86,980.32,391.66,35.45,83.98,148.56,0.38,19.91,0.77,3.97,18.74,8.19,0.03,58.59,63.85,46.63,45.05,1.33,4.91,16.21,3.25,25.46,83.42,92.57,97.19,738.37,53.57,5.65,19.69,68.12,61.99,77.93,18.63,38.08,52.11,32.42,17.65,20.41,0.27,51.86,3.89,20.68,96.57,92.62,26.74,97.38,99.99,4.4,1.85,29.04,10.81,2.83,23.6,15.29,38.07,0.31,7.55,17.43,17.47,5.41,4.08,0.01,3254,4279,3973,4014,4141,3947,3618,3277,2754,2362,1779,3850,1380,956,692,413,45125,436,3289,4118,3956,4255,4553,4287,3979,3640,3321,2801,2212,3656,1736,1206,923,601,771,49304,43002,475,944,41583,1262,6657,5068,4870,3941,71983,4772,16198,4738,67211,4750,11426,4849,55785,1340,1394,1431,7852,17665,5998,4118,2329,38241,30030,7804,94429,86625,80277,8397,4797,67083,93828,93526,0.537,0.685,0.679,0.632,0.791,0.625,-7.900719,-34.898389
